107,135,136,143,cadence,cycle_length16,distance,enhanced_altitude,enhanced_speed,fractional_cadence,heart_rate,position_lat,position_long,timestamp
0,2,91,89,57,653.36,1.44,88.79999999999995,1.185,0.5,91,543622443,222663070,2025-07-12 05:27:44+00:00
1,2,91,89,57,653.36,11.78,89.0,2.51,0.5,91,543623366,222662192,2025-07-12 05:27:48+00:00
1,2,91,89,85,0.0,22.91,90.79999999999995,2.911,0.5,91,543624264,222661122,2025-07-12 05:27:52+00:00
1,8,92,89,86,0.0,33.42,91.0,2.678,0.5,92,543625101,222660009,2025-07-12 05:27:56+00:00
1,19,94,88,87,0.0,44.77,92.20000000000005,2.734,0.0,94,543626026,222658823,2025-07-12 05:28:00+00:00
1,18,101,88,87,0.0,50.27,92.60000000000002,2.762,0.0,101,543626441,222658206,2025-07-12 05:28:02+00:00
1,13,107,88,87,0.0,52.52,92.39999999999998,2.799,0.0,107,543626606,222658073,2025-07-12 05:28:03+00:00
1,6,113,88,86,0.0,55.15,92.20000000000005,2.743,0.0,113,543626853,222657814,2025-07-12 05:28:04+00:00
1,3,116,88,86,0.0,57.72,92.0,2.734,0.0,116,543627088,222657600,2025-07-12 05:28:05+00:00
1,2,118,88,86,0.0,63.55,92.20000000000005,2.706,0.0,118,543627563,222657013,2025-07-12 05:28:07+00:00
1,3,121,88,87,0.0,69.15,92.60000000000002,2.715,0.0,121,543628017,222656441,2025-07-12 05:28:09+00:00
1,5,124,88,88,0.0,74.98,92.60000000000002,2.725,0.0,124,543628406,222655759,2025-07-12 05:28:11+00:00
1,5,128,88,88,0.0,82.58,92.0,2.697,0.0,128,543628979,222655040,2025-07-12 05:28:14+00:00
1,1,131,88,86,0.0,90.37,92.0,2.641,0.5,131,543629667,222654244,2025-07-12 05:28:17+00:00
1,2,132,88,87,0.0,95.61,91.79999999999995,2.678,0.5,132,543630085,222653754,2025-07-12 05:28:19+00:00
1,2,135,88,88,0.0,104.0,92.0,2.697,0.0,135,543630758,222652868,2025-07-12 05:28:22+00:00
1,2,135,88,87,0.0,106.34,92.0,2.706,0.0,135,543630856,222652624,2025-07-12 05:28:23+00:00
1,2,135,88,87,0.0,115.22,92.0,2.697,0.0,135,543631568,222651574,2025-07-12 05:28:26+00:00
1,2,135,88,88,0.0,122.56,90.79999999999995,2.725,0.5,135,543632142,222650903,2025-07-12 05:28:29+00:00
1,2,135,88,87,0.0,136.56,90.60000000000002,2.715,0.0,135,543633293,222649548,2025-07-12 05:28:34+00:00
1,2,135,88,88,0.0,147.72,90.39999999999998,2.725,0.5,135,543634226,222648520,2025-07-12 05:28:38+00:00
1,1,136,88,87,0.0,156.18,90.0,2.734,0.0,136,543635001,222647740,2025-07-12 05:28:41+00:00
1,2,137,88,87,0.0,166.46,89.79999999999995,2.734,0.5,137,543635771,222646664,2025-07-12 05:28:45+00:00
1,1,139,88,88,0.0,177.72,89.60000000000002,2.725,0.5,139,543636673,222645534,2025-07-12 05:28:49+00:00
1,1,142,88,88,0.0,186.97,89.79999999999995,2.753,0.0,142,543637462,222644641,2025-07-12 05:28:52+00:00
1,0,143,88,88,0.0,194.25,89.20000000000005,2.753,0.0,143,543637969,222643851,2025-07-12 05:28:55+00:00
1,0,143,88,87,0.0,204.6,89.20000000000005,2.734,0.5,143,543638884,222642875,2025-07-12 05:28:59+00:00
1,1,144,88,87,0.0,212.58,89.60000000000002,2.725,0.0,144,543639430,222642028,2025-07-12 05:29:02+00:00
1,1,144,88,87,0.0,220.07,89.60000000000002,2.715,0.0,144,543640094,222641277,2025-07-12 05:29:05+00:00
1,1,145,88,88,0.0,231.09,89.60000000000002,2.697,0.0,145,543641036,222640239,2025-07-12 05:29:09+00:00
1,2,146,88,88,0.0,244.68,89.39999999999998,2.706,0.0,146,543642157,222638943,2025-07-12 05:29:14+00:00
1,2,146,88,89,0.0,255.44,89.39999999999998,2.697,0.5,146,543643033,222637861,2025-07-12 05:29:18+00:00
1,2,147,88,89,0.0,263.5,89.79999999999995,2.697,0.0,147,543643548,222636936,2025-07-12 05:29:21+00:00
1,1,149,88,89,0.0,271.42,89.39999999999998,2.697,0.0,149,543644150,222636049,2025-07-12 05:29:24+00:00
1,1,150,88,88,0.0,280.98,89.79999999999995,2.678,0.0,150,543644853,222634973,2025-07-12 05:29:28+00:00
1,1,150,88,87,0.0,294.1,91.20000000000005,2.659,0.0,150,543645815,222633495,2025-07-12 05:29:33+00:00
1,1,151,88,87,0.0,301.93,91.79999999999995,2.641,0.5,151,543646142,222632407,2025-07-12 05:29:36+00:00
1,1,152,88,89,0.0,313.26,92.20000000000005,2.65,0.0,152,543646625,222630893,2025-07-12 05:29:40+00:00
1,1,151,88,89,0.0,321.37,92.0,2.65,0.0,151,543646969,222629681,2025-07-12 05:29:43+00:00
1,1,151,88,87,0.0,331.68,91.60000000000002,2.659,0.5,151,543647399,222628296,2025-07-12 05:29:47+00:00
1,1,151,88,88,0.0,340.2,91.60000000000002,2.65,0.0,151,543647827,222627069,2025-07-12 05:29:50+00:00
1,1,152,88,88,0.0,348.46,91.39999999999998,2.659,0.0,152,543648099,222625975,2025-07-12 05:29:53+00:00
1,1,152,88,87,0.0,356.84,91.0,2.669,0.5,152,543648473,222624736,2025-07-12 05:29:56+00:00
1,2,153,87,88,0.0,367.66,91.20000000000005,2.678,0.0,153,543648917,222623236,2025-07-12 05:30:00+00:00
1,1,154,87,87,0.0,376.19,92.0,2.687,0.0,154,543649348,222622030,2025-07-12 05:30:03+00:00
1,1,155,87,87,0.0,384.21,92.20000000000005,2.697,0.5,155,543649694,222621001,2025-07-12 05:30:06+00:00
1,1,155,87,85,0.0,394.36,92.39999999999998,2.669,0.0,155,543650014,222619455,2025-07-12 05:30:10+00:00
1,1,154,87,86,0.0,402.55,92.20000000000005,2.687,0.0,154,543650301,222618347,2025-07-12 05:30:13+00:00
1,1,154,87,87,0.0,410.51,91.60000000000002,2.697,0.0,154,543650684,222617211,2025-07-12 05:30:16+00:00
1,1,154,87,88,0.0,421.14,92.0,2.659,0.5,154,543651033,222615728,2025-07-12 05:30:20+00:00
1,1,154,87,88,0.0,424.26,92.39999999999998,2.669,0.0,154,543651371,222615440,2025-07-12 05:30:21+00:00
1,1,153,87,87,0.0,429.59,92.39999999999998,2.687,0.0,153,543651701,222614749,2025-07-12 05:30:23+00:00
1,1,154,87,87,0.0,437.12,92.20000000000005,2.678,0.0,154,543651986,222613728,2025-07-12 05:30:26+00:00
1,1,154,87,88,0.0,445.45,92.79999999999995,2.669,0.5,154,543652421,222612562,2025-07-12 05:30:29+00:00
1,1,154,87,88,0.0,458.51,94.60000000000002,2.678,0.0,154,543653077,222610783,2025-07-12 05:30:34+00:00
1,1,154,87,88,0.0,469.62,94.79999999999995,2.669,0.0,154,543653582,222609257,2025-07-12 05:30:38+00:00
1,1,155,87,88,0.0,477.89,95.0,2.678,0.5,155,543653958,222608149,2025-07-12 05:30:41+00:00
1,1,155,87,89,0.0,488.54,94.60000000000002,2.678,0.0,155,543654373,222606641,2025-07-12 05:30:45+00:00
1,1,155,87,87,0.0,500.53,94.0,2.687,0.5,155,543654866,222604925,2025-07-12 05:30:49+00:00
1,1,155,87,88,0.0,511.49,94.39999999999998,2.706,0.0,155,543655379,222603434,2025-07-12 05:30:53+00:00
1,1,156,87,88,0.0,519.64,94.60000000000002,2.715,0.0,156,543655614,222602285,2025-07-12 05:30:56+00:00
1,1,156,87,88,0.0,528.38,94.20000000000005,2.715,0.5,156,543656008,222601005,2025-07-12 05:30:59+00:00
1,1,157,87,88,0.0,537.09,93.79999999999995,2.734,0.5,157,543656291,222599807,2025-07-12 05:31:02+00:00
1,1,156,87,88,0.0,550.45,94.39999999999998,2.743,0.0,156,543656708,222597880,2025-07-12 05:31:07+00:00
1,1,157,87,87,0.0,558.46,95.0,2.743,0.5,157,543657171,222596764,2025-07-12 05:31:10+00:00
1,1,157,87,88,0.0,566.65,95.0,2.734,0.5,157,543657488,222595670,2025-07-12 05:31:13+00:00
1,1,158,87,88,0.0,577.52,94.20000000000005,2.734,0.0,158,543658059,222594181,2025-07-12 05:31:17+00:00
1,1,158,87,88,0.0,591.49,94.79999999999995,2.743,0.5,158,543658602,222592247,2025-07-12 05:31:22+00:00
1,1,158,87,88,0.0,594.79,95.0,2.743,0.5,158,543658864,222591828,2025-07-12 05:31:23+00:00
1,1,158,87,88,0.0,600.38,95.0,2.753,0.0,158,543659157,222591064,2025-07-12 05:31:25+00:00
1,1,158,87,88,0.0,608.38,94.60000000000002,2.762,0.0,158,543659448,222589944,2025-07-12 05:31:28+00:00
1,1,158,87,88,0.0,620.12,95.0,2.771,0.5,158,543659896,222588285,2025-07-12 05:31:32+00:00
1,1,158,87,88,0.0,633.61,94.79999999999995,2.781,0.0,158,543660542,222586479,2025-07-12 05:31:37+00:00
1,1,158,87,87,0.0,641.48,95.0,2.771,0.0,158,543660923,222585342,2025-07-12 05:31:40+00:00
1,1,158,87,88,0.0,649.47,94.79999999999995,2.762,0.5,158,543661211,222584234,2025-07-12 05:31:43+00:00
1,1,158,87,88,0.0,661.18,94.60000000000002,2.771,0.0,158,543661731,222582619,2025-07-12 05:31:47+00:00
1,1,158,87,87,0.0,674.52,94.79999999999995,2.771,0.5,158,543662209,222580729,2025-07-12 05:31:52+00:00
1,1,158,87,88,0.0,683.12,94.79999999999995,2.762,0.5,158,543662580,222579478,2025-07-12 05:31:55+00:00
1,2,158,87,87,0.0,690.09,94.60000000000002,2.762,0.0,158,543662876,222578561,2025-07-12 05:31:58+00:00
1,2,159,86,89,0.0,698.07,94.39999999999998,2.743,0.0,159,543663233,222577403,2025-07-12 05:32:01+00:00
1,1,159,86,89,0.0,713.1,94.39999999999998,2.743,0.5,159,543663989,222575404,2025-07-12 05:32:06+00:00
1,1,160,86,89,0.0,723.73,95.20000000000005,2.762,0.0,160,543664394,222573863,2025-07-12 05:32:10+00:00
1,1,160,86,88,0.0,734.57,95.39999999999998,2.753,0.0,160,543664879,222572345,2025-07-12 05:32:14+00:00
1,1,160,86,89,0.0,742.91,94.79999999999995,2.753,0.5,160,543665146,222571180,2025-07-12 05:32:17+00:00
1,1,160,86,89,0.0,752.21,93.60000000000002,2.762,0.0,160,543665564,222569848,2025-07-12 05:32:20+00:00
1,1,160,86,89,0.0,763.56,93.39999999999998,2.781,0.0,160,543665956,222568236,2025-07-12 05:32:24+00:00
1,1,161,86,88,0.0,777.85,94.39999999999998,2.79,0.5,161,543666661,222566317,2025-07-12 05:32:29+00:00
1,1,161,86,89,0.0,785.73,94.60000000000002,2.799,0.0,161,543667005,222565270,2025-07-12 05:32:32+00:00
1,1,161,86,88,0.0,794.77,94.60000000000002,2.79,0.0,161,543667508,222563991,2025-07-12 05:32:35+00:00
1,1,161,86,87,0.0,803.36,94.0,2.799,0.5,161,543667980,222562924,2025-07-12 05:32:38+00:00
1,1,160,86,88,0.0,812.5,93.20000000000005,2.818,0.5,160,543668534,222561745,2025-07-12 05:32:41+00:00
1,1,161,86,88,0.0,823.2,93.0,2.827,0.5,161,543669297,222560538,2025-07-12 05:32:45+00:00
1,1,160,86,89,0.0,834.1,93.39999999999998,2.809,0.0,160,543669998,222559201,2025-07-12 05:32:49+00:00
1,1,161,86,89,0.0,850.61,94.20000000000005,2.809,0.0,161,543671022,222557191,2025-07-12 05:32:55+00:00
1,1,162,86,89,0.0,862.03,94.60000000000002,2.809,0.0,162,543671744,222555792,2025-07-12 05:32:59+00:00
1,1,161,86,88,0.0,870.92,94.20000000000005,2.809,0.5,161,543672350,222554644,2025-07-12 05:33:02+00:00
1,1,161,86,88,0.0,879.27,93.39999999999998,2.818,0.5,161,543672873,222553714,2025-07-12 05:33:05+00:00
1,1,162,86,89,0.0,891.42,93.39999999999998,2.827,0.0,162,543673742,222552312,2025-07-12 05:33:09+00:00
1,2,163,86,89,0.0,907.93,93.39999999999998,2.837,0.5,163,543674914,222550386,2025-07-12 05:33:15+00:00
1,1,163,86,89,0.0,922.16,93.60000000000002,2.837,0.0,163,543675745,222548608,2025-07-12 05:33:20+00:00
1,2,162,86,88,0.0,932.98,93.39999999999998,2.837,0.5,162,543676477,222547357,2025-07-12 05:33:24+00:00
1,2,163,86,88,0.0,941.03,93.20000000000005,2.827,0.5,163,543677060,222546375,2025-07-12 05:33:27+00:00
1,2,163,86,88,0.0,952.55,93.0,2.809,0.0,163,543677882,222545030,2025-07-12 05:33:31+00:00
1,1,162,86,87,0.0,966.92,93.0,2.827,0.5,162,543678860,222543375,2025-07-12 05:33:36+00:00
1,1,163,86,88,0.0,978.28,93.60000000000002,2.818,0.5,163,543679512,222541909,2025-07-12 05:33:40+00:00
1,2,163,86,89,0.0,986.28,93.79999999999995,2.827,0.0,163,543679951,222540933,2025-07-12 05:33:43+00:00
1,2,162,86,89,0.0,995.07,94.0,2.818,0.0,162,543680580,222539863,2025-07-12 05:33:46+00:00
1,2,162,86,89,0.0,1003.46,94.0,2.818,0.5,162,543681133,222538900,2025-07-12 05:33:49+00:00
1,2,163,86,89,0.0,1015.34,93.20000000000005,2.837,0.0,163,543682019,222537583,2025-07-12 05:33:53+00:00
1,2,163,86,89,0.0,1030.2,93.0,2.846,0.0,163,543683107,222535948,2025-07-12 05:33:58+00:00
1,2,163,86,88,0.0,1041.24,93.0,2.855,0.5,163,543683748,222534565,2025-07-12 05:34:02+00:00
1,2,163,86,89,0.0,1052.61,92.79999999999995,2.855,0.0,163,543684201,222533000,2025-07-12 05:34:06+00:00
1,2,163,86,89,0.0,1061.27,92.79999999999995,2.855,0.0,163,543684554,222531695,2025-07-12 05:34:09+00:00
1,2,163,86,89,0.0,1069.72,93.0,2.855,0.5,163,543684819,222530554,2025-07-12 05:34:12+00:00
1,1,163,86,89,0.0,1078.18,93.20000000000005,2.855,0.5,163,543685038,222529220,2025-07-12 05:34:15+00:00
1,2,162,86,88,0.0,1089.51,94.20000000000005,2.855,0.0,162,543685348,222527558,2025-07-12 05:34:19+00:00
1,2,162,86,88,0.0,1100.66,94.39999999999998,2.855,0.5,162,543685687,222525893,2025-07-12 05:34:23+00:00
1,2,163,86,90,0.0,1112.11,94.60000000000002,2.837,0.5,163,543685965,222524209,2025-07-12 05:34:27+00:00
1,1,163,86,89,0.0,1125.16,95.39999999999998,2.818,0.0,163,543686373,222522310,2025-07-12 05:34:32+00:00
1,1,163,86,88,0.0,1127.66,95.79999999999995,2.799,0.0,163,543686352,222521939,2025-07-12 05:34:33+00:00
1,1,163,86,87,0.0,1133.62,96.0,2.799,0.5,163,543686483,222521056,2025-07-12 05:34:35+00:00
1,1,164,86,88,0.0,1142.5,95.60000000000002,2.799,0.5,164,543686753,222519692,2025-07-12 05:34:38+00:00
1,1,163,86,88,0.0,1151.11,95.60000000000002,2.818,0.0,163,543686908,222518450,2025-07-12 05:34:41+00:00
1,1,164,86,88,0.0,1165.59,95.20000000000005,2.837,0.0,164,543687311,222516333,2025-07-12 05:34:46+00:00
1,1,165,86,89,0.0,1180.38,95.39999999999998,2.846,0.5,165,543687780,222514225,2025-07-12 05:34:51+00:00
1,1,164,86,89,0.0,1187.82,95.39999999999998,2.837,0.0,164,543687810,222513060,2025-07-12 05:34:54+00:00
1,1,164,86,88,0.0,1196.37,95.60000000000002,2.827,0.5,164,543688112,222511787,2025-07-12 05:34:57+00:00
1,1,164,86,89,0.0,1205.15,95.79999999999995,2.827,0.5,164,543688158,222510504,2025-07-12 05:35:00+00:00
1,1,164,86,89,0.0,1208.17,95.79999999999995,2.837,0.5,164,543688356,222510041,2025-07-12 05:35:01+00:00
1,1,165,86,88,0.0,1214.27,95.60000000000002,2.837,0.0,165,543688516,222509120,2025-07-12 05:35:03+00:00
1,2,164,86,89,0.0,1222.67,95.39999999999998,2.846,0.0,164,543688672,222507908,2025-07-12 05:35:06+00:00
1,2,164,86,87,0.0,1234.33,95.39999999999998,2.855,0.5,164,543689053,222506182,2025-07-12 05:35:10+00:00
1,2,164,86,88,0.0,1245.58,96.20000000000005,2.855,0.5,164,543689247,222504493,2025-07-12 05:35:14+00:00
1,1,165,86,88,0.0,1253.5,97.0,2.846,0.0,165,543689311,222503339,2025-07-12 05:35:17+00:00
1,1,164,86,88,0.0,1262.45,97.20000000000005,2.837,0.0,164,543689577,222501960,2025-07-12 05:35:20+00:00
1,2,164,86,88,0.0,1270.91,96.79999999999995,2.846,0.5,164,543689714,222500694,2025-07-12 05:35:23+00:00
1,2,165,86,88,0.0,1283.74,96.60000000000002,2.874,0.5,165,543689985,222498806,2025-07-12 05:35:27+00:00
1,2,165,86,89,0.0,1297.98,96.39999999999998,2.883,0.0,165,543690258,222496688,2025-07-12 05:35:32+00:00
1,1,166,86,88,0.0,1308.66,96.39999999999998,2.883,0.5,166,543690507,222495121,2025-07-12 05:35:36+00:00
1,1,166,86,88,0.0,1317.38,96.39999999999998,2.874,0.5,166,543690692,222493759,2025-07-12 05:35:39+00:00
1,1,166,86,88,0.0,1325.83,95.79999999999995,2.865,0.0,166,543690792,222492502,2025-07-12 05:35:42+00:00
1,1,167,86,88,0.0,1337.8,95.60000000000002,2.874,0.5,167,543690938,222490704,2025-07-12 05:35:46+00:00
1,1,166,86,88,0.0,1348.98,95.39999999999998,2.874,0.5,166,543691249,222489049,2025-07-12 05:35:50+00:00
1,1,166,86,88,0.0,1356.65,95.60000000000002,2.874,0.0,166,543691407,222487902,2025-07-12 05:35:53+00:00
1,1,166,86,88,0.0,1367.71,95.60000000000002,2.846,0.0,166,543691586,222486264,2025-07-12 05:35:57+00:00
1,1,166,86,88,0.0,1376.42,95.79999999999995,2.846,0.5,166,543691895,222484925,2025-07-12 05:36:00+00:00
1,1,165,86,88,0.0,1384.67,95.79999999999995,2.846,0.5,165,543692086,222483744,2025-07-12 05:36:03+00:00
1,1,164,86,89,0.0,1398.98,95.39999999999998,2.827,0.0,164,543692576,222481668,2025-07-12 05:36:08+00:00
1,1,165,86,87,0.0,1408.66,95.20000000000005,2.846,0.5,165,543692956,222480260,2025-07-12 05:36:11+00:00
1,1,165,86,88,0.0,1417.22,95.20000000000005,2.865,0.5,165,543693163,222479059,2025-07-12 05:36:14+00:00
1,1,166,86,87,0.0,1425.2,95.20000000000005,2.855,0.0,166,543693493,222477861,2025-07-12 05:36:17+00:00
1,1,166,86,88,0.0,1439.93,95.39999999999998,2.855,0.0,166,543694000,222475778,2025-07-12 05:36:22+00:00
1,1,166,86,88,0.0,1450.13,96.0,2.846,0.5,166,543694341,222474260,2025-07-12 05:36:26+00:00
1,1,166,86,87,0.0,1458.3,96.39999999999998,2.818,0.0,166,543694630,222473136,2025-07-12 05:36:29+00:00
1,1,167,86,88,0.0,1468.84,96.60000000000002,2.799,0.0,167,543695036,222471601,2025-07-12 05:36:33+00:00
1,2,165,86,87,0.0,1486.44,97.0,2.799,0.0,165,543695899,222469223,2025-07-12 05:36:39+00:00
1,2,165,86,89,0.0,1497.81,96.60000000000002,2.799,0.0,165,543696368,222467645,2025-07-12 05:36:43+00:00
1,2,165,86,88,0.0,1505.24,96.0,2.799,0.5,165,543696561,222466607,2025-07-12 05:36:46+00:00
1,1,166,86,88,0.0,1514.01,95.39999999999998,2.79,0.5,166,543697008,222465365,2025-07-12 05:36:49+00:00
1,1,166,86,87,0.0,1528.08,95.0,2.79,0.0,166,543697558,222463366,2025-07-12 05:36:54+00:00
1,1,167,86,87,0.0,1539.55,94.60000000000002,2.79,0.5,167,543697995,222461714,2025-07-12 05:36:58+00:00
1,1,167,86,88,0.0,1547.75,94.20000000000005,2.799,0.5,167,543698244,222460581,2025-07-12 05:37:01+00:00
1,1,167,86,89,0.0,1556.54,94.0,2.799,0.0,167,543698662,222459349,2025-07-12 05:37:04+00:00
1,1,167,86,89,0.0,1567.34,94.0,2.799,0.0,167,543699047,222457832,2025-07-12 05:37:08+00:00
1,1,167,86,88,0.0,1580.76,94.20000000000005,2.781,0.5,167,543699646,222455950,2025-07-12 05:37:13+00:00
1,1,167,86,88,0.0,1588.9,93.79999999999995,2.771,0.0,167,543699905,222454798,2025-07-12 05:37:16+00:00
1,1,167,86,88,0.0,1597.57,94.0,2.771,0.0,167,543700217,222453491,2025-07-12 05:37:19+00:00
1,1,167,86,88,0.0,1605.85,93.79999999999995,2.771,0.5,167,543700513,222452362,2025-07-12 05:37:22+00:00
1,1,167,86,88,0.0,1623.2,94.0,2.781,0.0,167,543701312,222449917,2025-07-12 05:37:28+00:00
1,1,167,86,88,0.0,1634.7,94.60000000000002,2.79,0.0,167,543701677,222448215,2025-07-12 05:37:32+00:00
1,1,167,86,87,0.0,1643.83,94.79999999999995,2.799,0.5,167,543702009,222446976,2025-07-12 05:37:35+00:00
1,1,167,86,88,0.0,1652.66,95.0,2.827,0.5,167,543702365,222445702,2025-07-12 05:37:38+00:00
1,1,168,86,89,0.0,1664.02,95.39999999999998,2.837,0.0,168,543702885,222444155,2025-07-12 05:37:42+00:00
1,1,167,86,87,0.0,1677.58,95.39999999999998,2.827,0.5,167,543703489,222442254,2025-07-12 05:37:47+00:00
1,1,168,86,88,0.0,1685.54,95.20000000000005,2.818,0.0,168,543703796,222441158,2025-07-12 05:37:50+00:00
1,1,168,86,88,0.0,1694.46,94.79999999999995,2.818,0.0,168,543704171,222439853,2025-07-12 05:37:53+00:00
1,1,168,86,88,0.0,1705.21,94.79999999999995,2.818,0.0,168,543704627,222438343,2025-07-12 05:37:57+00:00
1,2,167,85,88,0.0,1722.14,95.20000000000005,2.809,0.0,167,543705215,222435966,2025-07-12 05:38:03+00:00
1,2,167,85,88,0.0,1730.73,95.20000000000005,2.809,0.0,167,543705586,222434662,2025-07-12 05:38:06+00:00
1,2,167,85,88,0.0,1739.46,94.60000000000002,2.818,0.0,167,543705945,222433500,2025-07-12 05:38:09+00:00
1,2,168,85,87,0.0,1751.35,94.20000000000005,2.827,0.5,168,543706432,222431812,2025-07-12 05:38:13+00:00
1,2,167,85,88,0.0,1765.04,94.60000000000002,2.837,0.0,167,543706940,222429886,2025-07-12 05:38:18+00:00
1,2,168,85,87,0.0,1773.35,94.20000000000005,2.827,0.0,168,543707280,222428638,2025-07-12 05:38:21+00:00
1,2,167,85,87,0.0,1782.11,93.79999999999995,2.818,0.5,167,543707592,222427446,2025-07-12 05:38:24+00:00
1,1,168,85,88,0.0,1792.85,94.0,2.818,0.0,168,543707978,222425882,2025-07-12 05:38:28+00:00
1,2,168,85,88,0.0,1807.38,94.20000000000005,2.818,0.0,168,543708496,222423822,2025-07-12 05:38:33+00:00
1,2,168,85,89,0.0,1816.26,94.60000000000002,2.827,0.5,168,543708866,222422538,2025-07-12 05:38:36+00:00
1,1,168,85,88,0.0,1824.15,94.0,2.818,0.5,168,543709110,222421431,2025-07-12 05:38:39+00:00
1,1,168,85,88,0.0,1833.08,94.0,2.827,0.0,168,543709542,222420188,2025-07-12 05:38:42+00:00
1,1,167,85,87,0.0,1846.66,94.20000000000005,2.809,0.5,167,543710119,222418190,2025-07-12 05:38:47+00:00
1,2,167,85,87,0.0,1855.61,94.0,2.818,0.5,167,543710343,222416999,2025-07-12 05:38:50+00:00
1,2,167,85,87,0.0,1866.75,94.39999999999998,2.827,0.0,167,543710832,222415388,2025-07-12 05:38:54+00:00
1,3,167,85,87,0.0,1884.07,94.39999999999998,2.827,0.0,167,543711496,222412905,2025-07-12 05:39:00+00:00
1,2,167,85,87,0.0,1892.24,94.0,2.818,0.0,167,543711775,222411780,2025-07-12 05:39:03+00:00
1,2,167,85,88,0.0,1900.93,94.0,2.827,0.0,167,543712171,222410541,2025-07-12 05:39:06+00:00
1,2,167,85,88,0.0,1911.77,93.79999999999995,2.818,0.5,167,543712647,222408989,2025-07-12 05:39:10+00:00
1,2,167,85,89,655.33,1926.49,94.0,2.827,0.0,167,543713282,222406988,2025-07-12 05:39:15+00:00
1,2,167,85,89,655.33,1939.74,94.39999999999998,2.818,0.0,167,543713762,222405091,2025-07-12 05:39:20+00:00
1,2,168,85,88,655.33,1950.49,94.39999999999998,2.809,0.5,168,543714235,222403600,2025-07-12 05:39:24+00:00
1,1,169,85,88,655.33,1959.21,94.39999999999998,2.799,0.5,169,543714487,222402275,2025-07-12 05:39:27+00:00
1,1,169,85,89,655.33,1967.76,94.0,2.809,0.0,169,543714601,222401043,2025-07-12 05:39:30+00:00
1,1,169,85,89,655.33,1976.24,94.39999999999998,2.809,0.0,169,543714802,222399704,2025-07-12 05:39:33+00:00
1,2,169,85,89,655.33,1984.94,94.79999999999995,2.809,0.5,169,543714976,222398445,2025-07-12 05:39:36+00:00
1,1,169,85,89,655.33,1995.7,95.0,2.809,0.0,169,543715102,222396759,2025-07-12 05:39:40+00:00
1,1,169,85,89,655.33,2005.55,94.79999999999995,2.827,0.0,169,543715157,222395253,2025-07-12 05:39:43+00:00
1,1,169,85,89,655.33,2008.29,95.0,2.827,0.0,169,543715167,222394870,2025-07-12 05:39:44+00:00
1,1,169,85,89,655.33,2021.93,95.39999999999998,2.846,0.5,169,543715132,222392798,2025-07-12 05:39:49+00:00
1,2,169,85,88,655.33,2035.78,95.0,2.837,0.0,169,543715196,222390622,2025-07-12 05:39:54+00:00
1,2,168,85,89,655.33,2044.7,94.79999999999995,2.809,0.5,168,543715088,222389331,2025-07-12 05:39:57+00:00
1,2,169,84,89,655.33,2053.62,95.0,2.855,0.5,169,543714977,222387958,2025-07-12 05:40:00+00:00
1,2,169,84,88,655.33,2062.05,95.0,2.818,0.0,169,543714955,222386716,2025-07-12 05:40:04+00:00
1,2,169,84,86,655.33,2071.92,95.20000000000005,2.753,0.0,169,543714922,222385163,2025-07-12 05:40:07+00:00
1,2,168,84,86,655.33,2081.04,95.20000000000005,3.014,0.0,168,543714840,222383842,2025-07-12 05:40:10+00:00
1,2,169,84,88,655.33,2090.72,95.20000000000005,2.958,0.5,169,543714882,222382358,2025-07-12 05:40:13+00:00
1,2,169,84,88,655.33,2097.91,95.39999999999998,2.771,0.0,169,543714815,222381261,2025-07-12 05:40:16+00:00
1,1,168,84,89,655.33,2115.28,96.20000000000005,2.837,0.5,168,543714993,222378584,2025-07-12 05:40:22+00:00
1,1,168,84,88,655.33,2126.55,96.20000000000005,2.79,0.0,168,543715063,222376844,2025-07-12 05:40:26+00:00
1,1,168,84,88,655.33,2135.08,96.0,2.818,0.0,168,543715102,222375634,2025-07-12 05:40:29+00:00
1,1,169,84,88,655.33,2143.94,95.79999999999995,2.837,0.5,169,543715249,222374260,2025-07-12 05:40:32+00:00
1,1,169,84,88,655.33,2158.34,95.60000000000002,2.837,0.0,169,543715504,222372088,2025-07-12 05:40:37+00:00
1,1,168,84,88,655.33,2170.04,96.0,2.846,0.0,168,543715739,222370338,2025-07-12 05:40:41+00:00
1,1,169,84,88,655.33,2181.71,95.39999999999998,2.846,0.5,169,543715734,222368555,2025-07-12 05:40:45+00:00
1,1,169,84,89,655.33,2190.06,95.20000000000005,2.865,0.0,169,543715663,222367348,2025-07-12 05:40:48+00:00
1,2,170,84,89,655.33,2199.36,94.79999999999995,2.874,0.0,170,543715838,222365907,2025-07-12 05:40:51+00:00
1,2,170,84,87,655.33,2208.18,94.60000000000002,2.883,0.5,170,543716145,222364678,2025-07-12 05:40:54+00:00
1,1,170,84,88,655.33,2222.21,95.20000000000005,2.893,0.5,170,543716521,222362611,2025-07-12 05:40:59+00:00
1,1,170,84,88,655.33,2236.01,96.0,2.883,0.0,170,543717035,222360596,2025-07-12 05:41:04+00:00
1,1,171,84,88,655.33,2247.44,96.39999999999998,2.865,0.5,171,543717383,222358926,2025-07-12 05:41:08+00:00
1,1,169,84,87,655.33,2261.8,96.0,2.865,0.0,169,543717805,222356779,2025-07-12 05:41:13+00:00
1,1,170,84,87,655.33,2270.29,96.0,2.865,0.5,170,543717950,222355553,2025-07-12 05:41:16+00:00
1,1,170,84,88,655.33,2278.23,96.0,2.855,0.5,170,543718357,222354313,2025-07-12 05:41:19+00:00
1,1,170,84,88,655.33,2292.66,94.60000000000002,2.846,0.0,170,543719010,222352467,2025-07-12 05:41:24+00:00
1,1,170,84,88,655.33,2306.77,95.20000000000005,2.846,0.5,170,543719309,222350454,2025-07-12 05:41:29+00:00
1,1,170,84,87,655.33,2314.75,95.60000000000002,2.837,0.0,170,543719474,222349178,2025-07-12 05:41:32+00:00
1,1,170,84,88,655.33,2323.06,95.39999999999998,2.827,0.0,170,543719630,222347972,2025-07-12 05:41:35+00:00
1,1,170,84,88,655.33,2336.96,95.39999999999998,2.809,0.5,170,543719786,222345791,2025-07-12 05:41:40+00:00
1,1,170,84,88,655.33,2352.05,95.0,2.818,0.0,170,543719987,222343558,2025-07-12 05:41:45+00:00
1,2,170,84,88,655.33,2360.17,95.20000000000005,2.827,0.0,170,543720107,222342402,2025-07-12 05:41:48+00:00
1,2,170,84,88,655.33,2370.67,95.39999999999998,2.818,0.5,170,543720131,222340798,2025-07-12 05:41:52+00:00
1,2,170,84,89,655.33,2379.24,95.60000000000002,2.809,0.0,170,543720167,222339429,2025-07-12 05:41:55+00:00
1,2,170,84,87,655.33,2390.61,95.39999999999998,2.799,0.0,170,543720150,222337680,2025-07-12 05:41:59+00:00
1,2,170,84,89,655.33,2402.41,95.79999999999995,2.809,0.5,170,543720189,222335916,2025-07-12 05:42:03+00:00
1,2,170,84,88,655.33,2411.91,95.79999999999995,2.827,0.0,170,543720224,222334404,2025-07-12 05:42:06+00:00
1,2,170,84,87,655.33,2420.19,95.20000000000005,2.846,0.0,170,543720175,222333229,2025-07-12 05:42:09+00:00
1,2,171,84,87,655.33,2429.22,95.20000000000005,2.846,0.5,171,543720223,222331820,2025-07-12 05:42:12+00:00
1,2,171,84,89,655.33,2440.43,95.39999999999998,2.855,0.0,171,543720257,222330130,2025-07-12 05:42:16+00:00
1,2,171,84,88,655.33,2451.44,95.39999999999998,2.846,0.0,171,543720376,222328488,2025-07-12 05:42:20+00:00
1,2,172,84,88,655.33,2462.98,95.39999999999998,2.837,0.5,172,543720459,222326748,2025-07-12 05:42:24+00:00
1,2,172,84,88,655.33,2471.74,94.60000000000002,2.846,0.5,172,543720400,222325348,2025-07-12 05:42:27+00:00
1,2,172,84,89,655.33,2479.98,94.39999999999998,2.846,0.0,172,543720380,222324127,2025-07-12 05:42:30+00:00
1,2,172,84,89,655.33,2491.49,94.60000000000002,2.846,0.5,172,543720548,222322393,2025-07-12 05:42:34+00:00
1,2,171,84,88,655.33,2505.19,95.0,2.846,0.0,171,543720622,222320304,2025-07-12 05:42:39+00:00
1,1,170,84,88,655.33,2517.33,95.60000000000002,2.837,0.0,170,543720617,222318500,2025-07-12 05:42:43+00:00
1,1,170,84,88,655.33,2525.43,96.20000000000005,2.846,0.5,170,543720703,222317164,2025-07-12 05:42:46+00:00
1,1,170,84,88,655.33,2533.74,95.39999999999998,2.837,0.0,170,543720709,222315954,2025-07-12 05:42:49+00:00
1,1,170,84,88,655.33,2545.16,95.0,2.837,0.0,170,543720813,222314199,2025-07-12 05:42:53+00:00
1,1,169,84,88,655.33,2559.11,94.60000000000002,2.827,0.0,169,543720771,222312105,2025-07-12 05:42:58+00:00
1,1,169,83,88,655.33,2568.01,94.20000000000005,2.827,0.0,169,543720853,222310688,2025-07-12 05:43:01+00:00
1,1,169,83,87,655.33,2575.96,94.39999999999998,2.837,0.5,169,543720867,222309523,2025-07-12 05:43:04+00:00
1,1,169,83,88,655.33,2589.45,94.60000000000002,2.818,0.0,169,543720906,222307491,2025-07-12 05:43:09+00:00
1,1,170,83,87,655.33,2601.15,94.79999999999995,2.799,0.0,170,543720918,222305689,2025-07-12 05:43:13+00:00
1,2,170,83,87,655.33,2610.58,94.60000000000002,2.827,0.5,170,543721063,222304249,2025-07-12 05:43:16+00:00
1,2,170,83,89,655.33,2618.24,95.0,2.818,0.5,170,543721077,222303087,2025-07-12 05:43:19+00:00
1,2,170,83,88,655.33,2629.38,95.39999999999998,2.809,0.0,170,543721235,222301364,2025-07-12 05:43:23+00:00
1,2,170,83,87,655.33,2641.32,96.20000000000005,2.827,0.5,170,543721285,222299522,2025-07-12 05:43:27+00:00
1,2,170,83,88,655.33,2650.17,96.39999999999998,2.827,0.0,170,543721205,222298238,2025-07-12 05:43:30+00:00
1,3,170,83,88,655.33,2659.5,96.60000000000002,2.855,0.0,170,543721224,222296759,2025-07-12 05:43:33+00:00
1,4,170,83,88,655.33,2668.08,96.20000000000005,2.865,0.0,170,543721255,222295501,2025-07-12 05:43:36+00:00
1,3,171,83,89,655.33,2679.56,95.79999999999995,2.865,0.5,171,543721320,222293753,2025-07-12 05:43:40+00:00
1,2,170,83,88,655.33,2690.05,96.0,2.855,0.0,170,543721315,222292113,2025-07-12 05:43:44+00:00
1,2,170,83,87,655.33,2701.73,95.60000000000002,2.846,0.5,170,543721411,222290383,2025-07-12 05:43:48+00:00
1,2,170,83,88,655.33,2712.91,95.60000000000002,2.837,0.0,170,543721548,222288685,2025-07-12 05:43:52+00:00
1,2,170,83,88,655.33,2723.97,95.39999999999998,2.827,0.0,170,543721661,222287006,2025-07-12 05:43:56+00:00
1,2,171,83,88,655.33,2735.27,95.79999999999995,2.837,0.5,171,543721669,222285314,2025-07-12 05:44:00+00:00
1,2,171,83,88,655.33,2743.57,95.79999999999995,2.827,0.5,171,543721714,222284010,2025-07-12 05:44:03+00:00
1,2,171,83,88,655.33,2751.37,95.39999999999998,2.818,0.0,171,543721756,222282816,2025-07-12 05:44:06+00:00
1,1,172,83,87,655.33,2765.83,96.20000000000005,2.818,0.5,172,543721857,222280668,2025-07-12 05:44:11+00:00
1,2,171,83,88,655.33,2774.31,96.39999999999998,2.818,0.0,171,543722023,222279309,2025-07-12 05:44:14+00:00
1,2,171,83,88,655.33,2782.93,96.20000000000005,2.818,0.0,171,543721957,222278091,2025-07-12 05:44:17+00:00
1,2,171,83,88,655.33,2791.6,95.79999999999995,2.827,0.5,171,543722045,222276711,2025-07-12 05:44:20+00:00
1,2,172,83,89,655.33,2799.74,96.20000000000005,2.827,0.0,172,543722078,222275493,2025-07-12 05:44:23+00:00
1,2,172,83,88,655.33,2816.46,96.60000000000002,2.809,0.0,172,543722198,222272919,2025-07-12 05:44:29+00:00
1,2,171,83,87,655.33,2824.64,97.0,2.809,0.5,171,543722170,222271702,2025-07-12 05:44:32+00:00
1,2,172,83,88,655.33,2834.14,97.0,2.827,0.5,172,543722285,222270227,2025-07-12 05:44:35+00:00
1,4,171,83,87,655.33,2847.75,96.79999999999995,2.837,0.0,171,543722451,222268160,2025-07-12 05:44:40+00:00
1,4,171,83,88,655.33,2856.5,97.0,2.818,0.0,171,543722385,222266899,2025-07-12 05:44:43+00:00
1,2,171,83,88,655.33,2865.47,96.79999999999995,2.827,0.0,171,543722552,222265496,2025-07-12 05:44:46+00:00
1,2,171,83,88,655.33,2873.74,96.60000000000002,2.837,0.0,171,543722615,222264273,2025-07-12 05:44:49+00:00
1,2,172,83,88,655.33,2885.31,96.39999999999998,2.827,0.5,172,543722843,222262537,2025-07-12 05:44:53+00:00
1,2,171,83,88,655.33,2895.91,96.0,2.827,0.5,171,543723008,222260941,2025-07-12 05:44:57+00:00
1,2,170,83,88,655.33,2903.39,95.60000000000002,2.809,0.0,170,543722993,222259821,2025-07-12 05:45:00+00:00
1,2,170,83,87,655.33,2912.53,95.60000000000002,2.799,0.0,170,543723219,222258419,2025-07-12 05:45:03+00:00
1,2,170,83,88,655.33,2926.1,95.39999999999998,2.799,0.0,170,543723648,222256413,2025-07-12 05:45:08+00:00
1,2,170,83,88,655.33,2936.95,96.0,2.79,0.0,170,543723844,222254798,2025-07-12 05:45:12+00:00
1,2,169,83,88,655.33,2945.03,95.79999999999995,2.781,0.0,169,543724009,222253627,2025-07-12 05:45:15+00:00
1,2,169,83,87,655.33,2959.67,96.20000000000005,2.781,0.0,169,543724316,222251442,2025-07-12 05:45:20+00:00
1,2,170,83,87,655.33,2968.78,96.39999999999998,2.799,0.5,170,543724616,222250056,2025-07-12 05:45:23+00:00
1,2,170,83,88,655.33,2976.86,95.79999999999995,2.809,0.5,170,543724737,222248925,2025-07-12 05:45:26+00:00
1,2,170,83,86,655.33,2990.13,96.0,2.79,0.0,170,543725073,222246950,2025-07-12 05:45:31+00:00
1,2,170,83,86,655.33,2998.69,96.39999999999998,2.781,0.5,170,543725316,222245641,2025-07-12 05:45:34+00:00
1,3,171,83,88,655.33,3004.61,96.0,2.781,0.5,171,543725451,222244779,2025-07-12 05:45:36+00:00
1,3,170,83,88,655.33,3007.07,96.0,2.781,0.0,170,543725480,222244446,2025-07-12 05:45:37+00:00
1,3,170,83,87,655.33,3015.75,95.79999999999995,2.79,0.0,170,543725704,222243096,2025-07-12 05:45:40+00:00
1,3,170,83,87,655.33,3030.3,96.0,2.799,0.5,170,543726116,222240974,2025-07-12 05:45:45+00:00
1,2,171,83,88,655.33,3038.3,95.79999999999995,2.809,0.5,171,543726273,222239856,2025-07-12 05:45:48+00:00
1,2,171,83,88,655.33,3047.21,95.60000000000002,2.799,0.0,171,543726496,222238460,2025-07-12 05:45:51+00:00
1,2,171,83,88,655.33,3055.61,95.39999999999998,2.809,0.0,171,543726748,222237272,2025-07-12 05:45:54+00:00
1,2,172,83,88,655.33,3070.09,95.20000000000005,2.818,0.5,172,543727026,222235128,2025-07-12 05:45:59+00:00
1,2,172,82,88,655.33,3078.36,95.39999999999998,2.818,0.0,172,543727302,222233917,2025-07-12 05:46:02+00:00
1,2,171,82,86,655.33,3086.76,95.20000000000005,2.818,0.5,171,543727433,222232699,2025-07-12 05:46:05+00:00
1,2,172,82,88,655.33,3095.24,94.79999999999995,2.818,0.0,172,543727652,222231377,2025-07-12 05:46:08+00:00
1,2,172,82,88,655.33,3109.83,95.39999999999998,2.818,0.0,172,543728076,222229256,2025-07-12 05:46:13+00:00
1,2,171,82,89,655.33,3121.09,96.20000000000005,2.818,0.5,171,543728364,222227584,2025-07-12 05:46:17+00:00
1,2,172,82,89,655.33,3129.6,96.60000000000002,2.818,0.0,172,543728512,222226355,2025-07-12 05:46:20+00:00
1,2,172,82,88,655.33,3138.61,96.39999999999998,2.827,0.0,172,543728824,222225023,2025-07-12 05:46:23+00:00
1,2,171,82,87,655.33,3149.87,96.20000000000005,2.837,0.5,171,543729027,222223359,2025-07-12 05:46:27+00:00
1,2,172,82,88,655.33,3161.39,97.20000000000005,2.837,0.0,172,543729336,222221642,2025-07-12 05:46:31+00:00
1,3,171,82,88,655.33,3170.38,97.39999999999998,2.846,0.0,171,543729537,222220250,2025-07-12 05:46:34+00:00
1,2,170,82,87,655.33,3179.39,97.39999999999998,2.855,0.5,170,543729715,222219024,2025-07-12 05:46:37+00:00
1,2,171,82,88,655.33,3188.26,96.79999999999995,2.874,0.5,171,543729967,222217643,2025-07-12 05:46:40+00:00
1,2,171,82,88,655.33,3196.81,96.39999999999998,2.883,0.0,171,543730107,222216388,2025-07-12 05:46:43+00:00
1,2,171,82,88,655.33,3208.61,96.39999999999998,2.883,0.5,171,543730466,222214622,2025-07-12 05:46:47+00:00
1,2,172,82,88,655.33,3217.6,96.39999999999998,2.883,0.0,172,543730657,222213329,2025-07-12 05:46:50+00:00
1,2,172,82,88,655.33,3226.68,96.20000000000005,2.902,0.0,172,543730974,222211992,2025-07-12 05:46:53+00:00
1,2,172,82,88,655.33,3235.1,95.20000000000005,2.911,0.0,172,543731209,222210799,2025-07-12 05:46:56+00:00
1,2,172,82,88,655.33,3247.1,95.0,2.911,0.5,172,543731494,222209014,2025-07-12 05:47:00+00:00
1,2,173,82,89,655.33,3262.03,95.0,2.911,0.0,173,543731794,222206770,2025-07-12 05:47:05+00:00
1,2,173,82,89,655.33,3265.39,95.0,2.921,0.0,173,543732005,222206339,2025-07-12 05:47:06+00:00
1,2,173,82,89,655.33,3271.1,95.20000000000005,2.93,0.0,173,543732193,222205489,2025-07-12 05:47:08+00:00
1,2,173,82,87,655.33,3273.95,95.20000000000005,2.939,0.5,173,543732160,222205076,2025-07-12 05:47:09+00:00
1,2,173,82,89,655.33,3279.89,95.20000000000005,2.939,0.5,173,543732281,222204207,2025-07-12 05:47:11+00:00
1,1,173,82,89,655.33,3288.64,95.0,2.939,0.0,173,543732582,222202886,2025-07-12 05:47:14+00:00
1,1,173,82,89,655.33,3297.0,94.60000000000002,2.939,0.0,173,543732763,222201659,2025-07-12 05:47:17+00:00
1,2,173,82,88,655.33,3308.41,94.60000000000002,2.93,0.5,173,543733000,222199919,2025-07-12 05:47:21+00:00
1,2,173,82,88,655.33,3323.3,95.0,2.939,0.0,173,543733395,222197787,2025-07-12 05:47:26+00:00
1,2,173,82,88,655.33,3331.57,95.20000000000005,2.93,0.0,173,543733621,222196557,2025-07-12 05:47:29+00:00
1,2,173,82,87,655.33,3343.27,95.0,2.921,0.5,173,543733939,222194792,2025-07-12 05:47:33+00:00
1,2,173,82,89,655.33,3352.01,94.60000000000002,2.921,0.0,173,543734066,222193516,2025-07-12 05:47:36+00:00
1,2,173,82,88,0.74,3366.5,94.60000000000002,2.921,0.5,173,543734402,222191321,2025-07-12 05:47:41+00:00
1,2,174,82,89,0.74,3381.23,95.20000000000005,2.93,0.0,174,543734859,222189173,2025-07-12 05:47:46+00:00
1,2,174,82,89,0.74,3389.64,95.20000000000005,2.921,0.0,174,543734970,222187962,2025-07-12 05:47:49+00:00
1,2,174,82,88,0.74,3398.2,95.20000000000005,2.921,0.5,174,543735229,222186632,2025-07-12 05:47:52+00:00
1,2,175,82,88,0.74,3406.37,94.79999999999995,2.911,0.5,175,543735429,222185451,2025-07-12 05:47:55+00:00
1,2,175,82,88,,3418.09,95.0,2.911,0.0,175,543735702,222183702,2025-07-12 05:47:59+00:00
1,3,174,81,88,,3435.83,95.60000000000002,2.902,0.5,174,543736288,222181121,2025-07-12 05:48:05+00:00
1,3,175,81,89,,3444.57,95.79999999999995,2.902,0.0,175,543736449,222179873,2025-07-12 05:48:08+00:00
1,2,174,81,89,,3452.83,96.20000000000005,2.902,0.0,174,543736707,222178608,2025-07-12 05:48:11+00:00
1,2,174,81,88,,3461.08,95.79999999999995,2.893,0.5,174,543736960,222177456,2025-07-12 05:48:14+00:00
1,2,174,81,89,,3470.04,95.60000000000002,2.883,0.0,174,543737249,222176087,2025-07-12 05:48:17+00:00
1,3,175,81,89,,3481.56,95.79999999999995,2.893,0.0,175,543737536,222174409,2025-07-12 05:48:21+00:00
1,2,174,81,89,,3493.11,95.79999999999995,2.893,0.5,174,543737733,222172718,2025-07-12 05:48:25+00:00
1,2,174,81,88,,3502.09,95.60000000000002,2.883,0.0,174,543738057,222171391,2025-07-12 05:48:28+00:00
1,2,173,81,89,,3510.49,95.20000000000005,2.893,0.0,173,543738231,222170188,2025-07-12 05:48:31+00:00
1,2,174,81,88,,3520.03,95.20000000000005,2.893,0.5,174,543738457,222168689,2025-07-12 05:48:34+00:00
1,2,175,81,89,,3529.06,95.20000000000005,2.911,0.5,175,543738646,222167396,2025-07-12 05:48:37+00:00
1,2,175,81,89,,3540.64,95.39999999999998,2.921,0.0,175,543738938,222165677,2025-07-12 05:48:41+00:00
1,2,175,81,89,,3555.53,95.39999999999998,2.93,0.5,175,543739368,222163549,2025-07-12 05:48:46+00:00
1,2,175,81,88,,3566.39,95.60000000000002,2.921,0.0,175,543739690,222161955,2025-07-12 05:48:50+00:00
1,2,174,81,89,,3575.5,95.0,2.911,0.0,174,543740011,222160589,2025-07-12 05:48:53+00:00
1,2,175,81,87,,3583.54,94.60000000000002,2.902,0.5,175,543740227,222159409,2025-07-12 05:48:56+00:00
1,2,175,81,87,,3596.76,95.0,2.893,0.0,175,543740558,222157463,2025-07-12 05:49:01+00:00
1,2,175,81,86,,3604.95,95.39999999999998,2.874,0.5,175,543740868,222156252,2025-07-12 05:49:04+00:00
1,2,175,81,87,,3607.73,95.39999999999998,2.855,0.5,175,543740836,222155851,2025-07-12 05:49:05+00:00
1,2,175,81,89,,3613.46,95.79999999999995,2.855,0.5,175,543740990,222155016,2025-07-12 05:49:07+00:00
1,2,175,81,89,,3623.27,95.79999999999995,2.874,0.0,175,543741311,222153503,2025-07-12 05:49:10+00:00
1,2,176,81,89,,3631.96,95.79999999999995,2.902,0.0,176,543741435,222152208,2025-07-12 05:49:13+00:00
1,2,175,81,88,,3646.35,95.60000000000002,2.893,0.5,175,543741690,222150070,2025-07-12 05:49:18+00:00
1,2,174,81,88,,3658.43,95.39999999999998,2.902,0.5,174,543742098,222148337,2025-07-12 05:49:22+00:00
1,2,175,81,87,,3666.5,95.20000000000005,2.893,0.5,175,543742373,222147129,2025-07-12 05:49:25+00:00
1,2,175,81,88,,3669.06,95.39999999999998,2.883,0.5,175,543742411,222146806,2025-07-12 05:49:26+00:00
1,4,174,81,90,,3677.65,95.79999999999995,2.874,0.0,174,543742710,222145500,2025-07-12 05:49:29+00:00
1,4,174,81,89,,3686.24,95.60000000000002,2.874,0.0,174,543742826,222144304,2025-07-12 05:49:32+00:00
1,3,173,81,88,,3696.29,95.0,2.883,0.5,173,543743121,222142805,2025-07-12 05:49:35+00:00
1,2,174,81,89,,3707.38,94.79999999999995,2.902,0.0,174,543743417,222141150,2025-07-12 05:49:39+00:00
1,2,174,81,89,,3722.14,95.20000000000005,2.893,0.0,174,543743793,222138966,2025-07-12 05:49:44+00:00
1,2,174,81,87,,3730.84,95.39999999999998,2.902,0.5,174,543743877,222137688,2025-07-12 05:49:47+00:00
1,2,174,81,88,,3740.12,95.60000000000002,2.902,0.0,174,543744180,222136257,2025-07-12 05:49:50+00:00
1,2,174,81,88,,3749.02,95.39999999999998,2.921,0.0,174,543744321,222135016,2025-07-12 05:49:53+00:00
1,2,175,81,89,,3757.56,95.20000000000005,2.911,0.5,175,543744594,222133707,2025-07-12 05:49:56+00:00
1,2,175,81,89,,3768.92,95.60000000000002,2.911,0.0,175,543744892,222132058,2025-07-12 05:50:00+00:00
1,3,175,81,89,,3786.9,96.39999999999998,2.911,0.5,175,543745370,222129433,2025-07-12 05:50:06+00:00
1,3,176,81,89,,3795.75,96.60000000000002,2.921,0.0,176,543745644,222128086,2025-07-12 05:50:09+00:00
1,3,176,81,89,,3803.16,96.39999999999998,2.911,0.0,176,543745698,222127003,2025-07-12 05:50:12+00:00
1,3,176,81,88,,3811.78,96.39999999999998,2.902,0.0,176,543745868,222125620,2025-07-12 05:50:15+00:00
1,2,175,81,89,,3820.44,96.20000000000005,2.893,0.5,175,543745791,222124358,2025-07-12 05:50:18+00:00
1,2,174,81,88,,3829.41,96.60000000000002,2.883,0.0,174,543745698,222122949,2025-07-12 05:50:21+00:00
1,2,175,81,88,,3843.71,97.0,2.893,0.5,175,543745483,222120778,2025-07-12 05:50:26+00:00
1,2,174,81,87,,3855.95,96.79999999999995,2.902,0.0,174,543745241,222118957,2025-07-12 05:50:30+00:00
1,2,174,81,88,,3863.84,96.60000000000002,2.902,0.0,174,543744950,222117906,2025-07-12 05:50:33+00:00
1,2,174,81,88,,3871.74,96.60000000000002,2.883,0.5,174,543744522,222116763,2025-07-12 05:50:36+00:00
1,2,175,81,88,,3879.1,96.79999999999995,2.855,0.5,175,543744106,222115838,2025-07-12 05:50:39+00:00
1,1,175,81,87,,3893.6,97.20000000000005,2.818,0.5,175,543743339,222113907,2025-07-12 05:50:44+00:00
1,1,175,81,89,,3904.75,96.60000000000002,2.818,0.5,175,543742757,222112440,2025-07-12 05:50:48+00:00
1,2,176,81,89,,3913.83,96.39999999999998,2.818,0.0,176,543742252,222111234,2025-07-12 05:50:51+00:00
1,2,176,81,88,,3922.25,95.79999999999995,2.827,0.0,176,543741721,222110262,2025-07-12 05:50:54+00:00
1,2,176,81,89,,3931.75,95.79999999999995,2.837,0.5,176,543741194,222108947,2025-07-12 05:50:57+00:00
1,2,176,81,89,,3940.85,95.20000000000005,2.855,0.0,176,543740631,222107882,2025-07-12 05:51:00+00:00
1,2,176,81,89,,3949.38,94.79999999999995,2.874,0.5,176,543740187,222106661,2025-07-12 05:51:03+00:00
1,2,176,81,88,,3957.86,95.0,2.874,0.5,176,543739694,222105607,2025-07-12 05:51:06+00:00
1,2,176,81,88,,3969.28,95.0,2.865,0.0,176,543739087,222104055,2025-07-12 05:51:10+00:00
1,2,175,81,89,,3977.42,95.20000000000005,2.865,0.0,175,543738584,222103108,2025-07-12 05:51:13+00:00
1,2,175,81,87,,3986.7,95.0,2.865,0.5,175,543738048,222101835,2025-07-12 05:51:16+00:00
1,3,175,81,88,,3995.28,95.20000000000005,2.874,0.0,175,543737493,222100838,2025-07-12 05:51:19+00:00
1,3,175,81,88,,4004.01,94.60000000000002,2.874,0.0,175,543736987,222099728,2025-07-12 05:51:22+00:00
1,2,174,81,88,,4006.71,94.60000000000002,2.874,0.0,174,543736837,222099367,2025-07-12 05:51:23+00:00
1,2,175,81,88,,4017.73,94.0,2.855,0.5,175,543736178,222097930,2025-07-12 05:51:27+00:00
1,2,175,81,89,,4023.62,93.79999999999995,2.855,0.0,175,543735856,222097179,2025-07-12 05:51:29+00:00
1,2,175,81,89,,4026.12,94.0,2.855,0.0,175,543735682,222096973,2025-07-12 05:51:30+00:00
1,2,175,81,87,,4034.8,94.20000000000005,2.855,0.5,175,543735102,222095850,2025-07-12 05:51:33+00:00
1,2,175,81,88,,4043.38,94.60000000000002,2.855,0.5,175,543734572,222094856,2025-07-12 05:51:36+00:00
1,2,176,81,89,,4054.47,95.0,2.846,0.0,176,543733808,222093513,2025-07-12 05:51:40+00:00
1,2,176,81,89,,4065.79,95.20000000000005,2.846,0.5,176,543733015,222092173,2025-07-12 05:51:44+00:00
1,2,176,81,89,,4080.71,95.79999999999995,2.874,0.0,176,543731995,222090435,2025-07-12 05:51:49+00:00
1,2,177,81,88,,4092.68,96.79999999999995,2.883,0.5,177,543731304,222088991,2025-07-12 05:51:53+00:00
1,1,176,81,88,,4101.04,96.20000000000005,2.883,0.5,176,543730714,222087944,2025-07-12 05:51:56+00:00
1,1,176,81,88,,4109.51,96.0,2.874,0.0,176,543730118,222087065,2025-07-12 05:51:59+00:00
1,2,177,80,88,102.22,4118.62,95.20000000000005,2.874,0.0,177,543729410,222086001,2025-07-12 05:52:02+00:00
1,2,176,80,90,102.22,4127.19,95.0,2.883,0.5,176,543728740,222085111,2025-07-12 05:52:05+00:00
1,1,176,80,88,102.22,4141.51,94.39999999999998,2.883,0.0,176,543727689,222083508,2025-07-12 05:52:10+00:00
1,1,176,80,87,102.22,4146.97,94.20000000000005,2.883,0.5,176,543727307,222082908,2025-07-12 05:52:12+00:00
1,1,176,80,88,102.22,4152.8,94.20000000000005,2.874,0.5,176,543726848,222082289,2025-07-12 05:52:14+00:00
1,3,176,80,89,102.22,4161.3,94.60000000000002,2.865,0.0,176,543726162,222081356,2025-07-12 05:52:17+00:00
1,3,176,80,89,102.22,4169.82,94.60000000000002,2.865,0.0,176,543725383,222080809,2025-07-12 05:52:20+00:00
1,2,177,80,88,102.22,4178.54,94.0,2.865,0.5,177,543724488,222080281,2025-07-12 05:52:23+00:00
1,2,176,80,88,102.22,4189.64,93.60000000000002,2.855,0.0,176,543723317,222079769,2025-07-12 05:52:27+00:00
1,2,176,80,88,102.22,4204.3,94.20000000000005,2.855,0.5,176,543721801,222079235,2025-07-12 05:52:32+00:00
1,2,176,80,89,102.22,4215.75,95.60000000000002,2.865,0.0,176,543720603,222078984,2025-07-12 05:52:36+00:00
1,1,176,80,88,102.22,4224.2,95.60000000000002,2.865,0.5,176,543719748,222078821,2025-07-12 05:52:39+00:00
1,1,176,80,89,102.22,4229.88,95.79999999999995,2.874,0.5,176,543719150,222078717,2025-07-12 05:52:41+00:00
1,1,176,80,89,102.22,4233.09,95.60000000000002,2.865,0.5,176,543718771,222078532,2025-07-12 05:52:42+00:00
1,2,177,80,89,102.22,4241.52,95.20000000000005,2.874,0.0,177,543717935,222078465,2025-07-12 05:52:45+00:00
1,2,176,80,88,102.22,4249.89,94.0,2.865,0.5,176,543716999,222078160,2025-07-12 05:52:48+00:00
1,2,176,80,88,102.22,4258.47,93.60000000000002,2.855,0.5,176,543716112,222078025,2025-07-12 05:52:51+00:00
1,4,176,80,89,102.22,4271.66,94.0,2.846,0.0,176,543714690,222077703,2025-07-12 05:52:56+00:00
1,4,176,80,88,102.22,4280.4,94.0,2.818,0.5,176,543713758,222077505,2025-07-12 05:52:59+00:00
1,4,176,80,88,102.22,4283.31,94.0,2.818,0.5,176,543713459,222077485,2025-07-12 05:53:00+00:00
1,5,175,80,89,102.22,4292.55,94.39999999999998,2.837,0.0,175,543712499,222077097,2025-07-12 05:53:03+00:00
1,5,175,80,89,102.22,4300.78,94.79999999999995,2.846,0.0,175,543711682,222076893,2025-07-12 05:53:06+00:00
1,3,176,80,89,102.22,4309.65,94.39999999999998,2.846,0.0,176,543710696,222077107,2025-07-12 05:53:09+00:00
1,3,176,80,88,102.22,4320.86,93.20000000000005,2.846,0.0,176,543709737,222078176,2025-07-12 05:53:13+00:00
1,4,176,80,87,102.22,4329.33,93.20000000000005,2.846,0.5,176,543708867,222078544,2025-07-12 05:53:16+00:00
1,4,176,80,88,102.22,4331.8,93.20000000000005,2.846,0.5,176,543708628,222078613,2025-07-12 05:53:17+00:00
1,5,175,80,88,102.22,4334.89,93.0,2.837,0.5,175,543708289,222078368,2025-07-12 05:53:18+00:00
1,5,176,80,88,102.22,4340.73,92.79999999999995,2.837,0.0,176,543707686,222078119,2025-07-12 05:53:20+00:00
1,5,176,80,86,102.22,4349.58,92.39999999999998,2.846,0.5,176,543706814,222077785,2025-07-12 05:53:23+00:00
1,4,177,80,88,102.22,4361.84,92.79999999999995,2.865,0.0,177,543705638,222076934,2025-07-12 05:53:27+00:00
1,8,178,80,88,102.22,4373.76,93.39999999999998,2.883,0.0,178,543704463,222076235,2025-07-12 05:53:31+00:00
1,9,177,80,87,102.22,4381.7,93.79999999999995,2.883,0.5,177,543703629,222076157,2025-07-12 05:53:34+00:00
1,12,177,80,88,102.22,4391.32,93.60000000000002,2.883,0.0,177,543702657,222075597,2025-07-12 05:53:37+00:00
1,16,177,80,87,102.22,4404.84,94.20000000000005,2.883,0.5,177,543701416,222074534,2025-07-12 05:53:42+00:00
1,19,178,80,88,102.22,4416.21,94.60000000000002,2.874,0.0,178,543700309,222073676,2025-07-12 05:53:46+00:00
1,19,177,80,87,102.22,4425.02,94.60000000000002,2.865,0.5,177,543699511,222073089,2025-07-12 05:53:49+00:00
1,19,177,80,88,102.22,4436.53,95.20000000000005,2.874,0.0,177,543698428,222072234,2025-07-12 05:53:53+00:00
1,19,177,80,86,102.22,4448.8,96.0,2.883,0.5,177,543697282,222071256,2025-07-12 05:53:57+00:00
1,24,177,80,88,102.22,4458.16,95.39999999999998,2.893,0.5,177,543696476,222070568,2025-07-12 05:54:00+00:00
1,24,177,80,87,102.22,4469.58,95.0,2.902,0.0,177,543695417,222069619,2025-07-12 05:54:04+00:00
1,18,175,80,87,102.22,4480.51,94.39999999999998,2.902,0.5,175,543694435,222068707,2025-07-12 05:54:08+00:00
1,19,174,80,88,102.22,4489.0,94.39999999999998,2.893,0.0,174,543693630,222068200,2025-07-12 05:54:11+00:00
1,22,174,80,88,102.22,4497.83,93.60000000000002,2.893,0.0,174,543692781,222067456,2025-07-12 05:54:14+00:00
1,25,174,80,88,102.22,4506.42,93.0,2.883,0.0,174,543692027,222066762,2025-07-12 05:54:17+00:00
1,25,175,80,87,102.22,4522.52,93.79999999999995,2.902,0.5,175,543690520,222065589,2025-07-12 05:54:22+00:00
1,25,175,80,88,102.22,4531.68,93.79999999999995,2.939,0.0,175,543689656,222064895,2025-07-12 05:54:25+00:00
1,25,175,80,87,102.22,4541.92,94.20000000000005,2.93,0.0,175,543688705,222064124,2025-07-12 05:54:29+00:00
1,34,175,80,87,102.22,4555.8,95.20000000000005,2.902,0.5,175,543687500,222062986,2025-07-12 05:54:34+00:00
1,35,175,80,88,102.22,4567.15,95.20000000000005,2.883,0.0,175,543686453,222062001,2025-07-12 05:54:38+00:00
1,35,174,80,87,102.22,4575.89,95.20000000000005,2.883,0.5,174,543685670,222061347,2025-07-12 05:54:41+00:00
1,27,174,80,88,102.22,4588.31,96.20000000000005,2.893,0.0,174,543684559,222060276,2025-07-12 05:54:45+00:00
1,10,174,80,87,102.22,4599.73,96.79999999999995,2.902,0.5,174,543683502,222059322,2025-07-12 05:54:49+00:00
1,8,175,80,88,102.22,4607.87,96.79999999999995,2.893,0.0,175,543682780,222058726,2025-07-12 05:54:52+00:00
1,8,175,80,87,102.22,4617.23,97.0,2.893,0.0,175,543681890,222057970,2025-07-12 05:54:55+00:00
1,13,175,80,87,102.22,4628.41,96.39999999999998,2.902,0.5,175,543680900,222057113,2025-07-12 05:54:59+00:00
1,16,175,80,89,102.22,4639.82,96.79999999999995,2.893,0.0,175,543679875,222056177,2025-07-12 05:55:03+00:00
1,17,176,80,88,102.22,4651.38,97.60000000000002,2.893,0.5,176,543678849,222055223,2025-07-12 05:55:07+00:00
1,17,176,80,89,102.22,4660.67,97.0,2.902,0.0,176,543677991,222054434,2025-07-12 05:55:10+00:00
1,17,176,80,89,102.22,4669.1,97.0,2.911,0.0,176,543677240,222053824,2025-07-12 05:55:13+00:00
1,17,176,80,87,102.22,4678.03,96.79999999999995,2.911,0.5,176,543676436,222053028,2025-07-12 05:55:16+00:00
1,13,178,80,88,102.22,4694.17,97.39999999999998,2.893,0.0,178,543674991,222051735,2025-07-12 05:55:22+00:00
1,13,178,80,87,102.22,4703.5,97.60000000000002,2.883,0.5,178,543674132,222050894,2025-07-12 05:55:25+00:00
1,3,179,80,88,102.22,4712.52,97.39999999999998,2.893,0.5,179,543673308,222050313,2025-07-12 05:55:28+00:00
1,3,178,80,89,102.22,4721.15,96.39999999999998,2.902,0.0,178,543672524,222049469,2025-07-12 05:55:31+00:00
1,3,176,80,89,102.22,4729.78,96.20000000000005,2.902,0.5,176,543671792,222048835,2025-07-12 05:55:34+00:00
1,3,176,80,89,102.22,4738.19,96.20000000000005,2.902,0.0,176,543671059,222048110,2025-07-12 05:55:37+00:00
1,3,177,80,87,102.22,4748.4,96.60000000000002,2.883,0.5,177,543670064,222047257,2025-07-12 05:55:41+00:00
1,3,176,80,88,102.22,4761.89,97.0,2.893,0.5,176,543668880,222046193,2025-07-12 05:55:45+00:00
1,7,176,80,89,102.22,4771.33,96.79999999999995,2.995,0.0,176,543667937,222045438,2025-07-12 05:55:48+00:00
1,9,176,80,87,102.22,4780.07,95.60000000000002,2.939,0.0,176,543667150,222044825,2025-07-12 05:55:51+00:00
1,14,176,80,88,102.22,4789.07,96.0,2.883,0.0,176,543666204,222044298,2025-07-12 05:55:55+00:00
1,15,175,80,85,102.22,4797.01,95.39999999999998,2.762,0.5,175,543665612,222045047,2025-07-12 05:55:58+00:00
1,15,175,80,87,102.22,4810.12,95.39999999999998,2.781,0.0,175,543664708,222046652,2025-07-12 05:56:03+00:00
1,8,176,80,86,102.22,4821.67,96.20000000000005,2.762,0.0,176,543664179,222048315,2025-07-12 05:56:07+00:00
1,8,176,80,87,102.22,4833.24,96.0,2.79,0.0,176,543663585,222049870,2025-07-12 05:56:11+00:00
1,4,177,80,86,102.22,4840.65,96.79999999999995,2.771,0.5,177,543663489,222050983,2025-07-12 05:56:14+00:00
1,4,177,80,86,102.22,4842.96,97.0,2.762,0.5,177,543663631,222051298,2025-07-12 05:56:15+00:00
1,4,177,80,85,102.22,4853.28,96.39999999999998,2.799,0.0,177,543664501,222052276,2025-07-12 05:56:18+00:00
1,4,177,80,87,102.22,4870.49,96.39999999999998,2.958,0.0,177,543666041,222053507,2025-07-12 05:56:23+00:00
1,2,178,80,88,102.22,4881.66,95.79999999999995,3.014,0.5,178,543667109,222054334,2025-07-12 05:56:27+00:00
1,2,178,80,87,102.22,4889.89,95.39999999999998,2.958,0.0,178,543667918,222054849,2025-07-12 05:56:30+00:00
1,2,178,80,86,102.22,4901.7,95.20000000000005,2.967,0.0,178,543668936,222055913,2025-07-12 05:56:34+00:00
1,2,177,80,87,102.22,4910.07,95.39999999999998,2.93,0.0,177,543669706,222056513,2025-07-12 05:56:37+00:00
1,2,177,80,86,102.22,4919.21,95.20000000000005,2.93,0.0,177,543670559,222057255,2025-07-12 05:56:40+00:00
1,2,176,80,87,102.22,4929.62,95.60000000000002,2.902,0.0,176,543671488,222058042,2025-07-12 05:56:44+00:00
1,2,177,80,86,102.22,4937.94,95.79999999999995,2.893,0.5,177,543672229,222058782,2025-07-12 05:56:47+00:00
1,2,177,80,86,102.22,4943.55,96.0,2.883,0.5,177,543672764,222059183,2025-07-12 05:56:49+00:00
1,2,176,80,85,102.22,4949.32,95.79999999999995,2.874,0.5,176,543673324,222059638,2025-07-12 05:56:51+00:00
1,2,176,80,87,102.22,4960.11,96.0,2.874,0.5,176,543674272,222060585,2025-07-12 05:56:54+00:00
1,2,176,80,88,102.22,4968.51,95.39999999999998,2.911,0.0,176,543675022,222061217,2025-07-12 05:56:57+00:00
1,3,177,79,86,102.22,4979.68,95.60000000000002,2.874,0.5,177,543676027,222062193,2025-07-12 05:57:01+00:00
1,3,177,79,88,102.22,4987.87,95.60000000000002,2.874,0.0,177,543676780,222062771,2025-07-12 05:57:04+00:00
1,3,178,79,87,102.22,5000.1,95.0,2.883,0.0,178,543677936,222063782,2025-07-12 05:57:08+00:00
1,3,178,79,87,102.22,5002.66,95.0,2.883,0.0,178,543678189,222063906,2025-07-12 05:57:09+00:00
1,2,177,79,86,102.22,5007.69,94.60000000000002,2.865,0.0,177,543678649,222064276,2025-07-12 05:57:12+00:00
1,2,176,79,0,102.22,5008.47,95.0,2.818,0.0,176,543678567,222064177,2025-07-12 05:57:15+00:00
1,2,177,79,53,102.22,5012.77,95.39999999999998,1.344,0.5,177,543678157,222064181,2025-07-12 05:57:18+00:00
1,2,175,79,0,102.22,5018.91,95.60000000000002,1.092,0.0,175,543677571,222063778,2025-07-12 05:57:24+00:00
1,1,175,79,0,102.22,5020.7,95.60000000000002,0.998,0.0,175,543677407,222063708,2025-07-12 05:57:26+00:00
1,0,173,79,0,102.22,5023.12,95.0,0.942,0.0,173,543677099,222063697,2025-07-12 05:57:29+00:00
1,0,173,79,0,102.22,5024.33,95.39999999999998,0.896,0.0,173,543676946,222063442,2025-07-12 05:57:31+00:00
1,1,174,79,0,102.22,5026.91,95.79999999999995,0.886,0.0,174,543676668,222063246,2025-07-12 05:57:33+00:00
1,1,172,79,0,102.22,5033.55,95.60000000000002,0.97,0.0,172,543676123,222062814,2025-07-12 05:57:39+00:00
1,1,169,79,52,102.22,5038.73,95.60000000000002,1.353,0.5,169,543675639,222062379,2025-07-12 05:57:43+00:00
1,1,168,79,53,102.22,5039.78,95.79999999999995,1.222,0.5,168,543675542,222062264,2025-07-12 05:57:44+00:00
1,1,166,79,53,102.22,5040.64,95.79999999999995,1.036,0.5,166,543675429,222062227,2025-07-12 05:57:45+00:00
1,1,164,79,0,102.22,5041.96,95.60000000000002,0.952,0.0,164,543675341,222061986,2025-07-12 05:57:47+00:00
1,1,164,79,0,102.22,5044.95,95.20000000000005,0.802,0.0,164,543675099,222061769,2025-07-12 05:57:49+00:00
1,5,160,79,0,102.22,5048.31,95.39999999999998,1.194,0.0,160,543674740,222061569,2025-07-12 05:57:53+00:00
1,3,159,79,0,102.22,5048.31,95.39999999999998,0.998,0.0,159,543674740,222061565,2025-07-12 05:57:55+00:00
1,2,158,79,54,102.22,5056.15,96.60000000000002,1.474,0.5,158,543674043,222060861,2025-07-12 05:58:00+00:00
1,1,156,79,55,102.22,5060.94,97.20000000000005,0.793,0.5,156,543673580,222060613,2025-07-12 05:58:05+00:00
1,1,154,79,57,102.22,5069.51,97.20000000000005,1.148,0.0,154,543672980,222059653,2025-07-12 05:58:09+00:00
1,1,154,79,86,102.22,5081.82,96.60000000000002,2.893,0.0,154,543671830,222058675,2025-07-12 05:58:13+00:00
1,6,155,79,88,102.22,5090.8,96.20000000000005,3.107,0.0,155,543671026,222058216,2025-07-12 05:58:16+00:00
1,8,156,79,87,102.22,5098.96,96.60000000000002,2.855,0.0,156,543670250,222057474,2025-07-12 05:58:19+00:00
1,6,155,79,86,102.22,5106.99,97.20000000000005,2.734,0.5,155,543669537,222056840,2025-07-12 05:58:22+00:00
1,0,156,79,88,102.22,5121.4,98.20000000000005,2.837,0.0,156,543668226,222055764,2025-07-12 05:58:27+00:00
1,0,158,79,87,102.22,5130.03,98.39999999999998,2.827,0.5,158,543667425,222054987,2025-07-12 05:58:30+00:00
1,1,160,79,88,102.22,5138.48,98.20000000000005,2.827,0.5,160,543666706,222054290,2025-07-12 05:58:33+00:00
1,1,162,79,88,102.22,5149.11,97.0,2.771,0.0,162,543665711,222053506,2025-07-12 05:58:37+00:00
1,1,162,79,89,102.22,5162.19,95.60000000000002,2.678,0.5,162,543664502,222052511,2025-07-12 05:58:42+00:00
1,1,163,79,89,102.22,5170.08,95.39999999999998,2.678,0.0,163,543663623,222051856,2025-07-12 05:58:45+00:00
1,1,163,79,89,102.22,5172.68,95.39999999999998,2.678,0.0,163,543663483,222051501,2025-07-12 05:58:46+00:00
1,1,163,79,87,102.22,5177.99,95.60000000000002,2.678,0.5,163,543663556,222050581,2025-07-12 05:58:48+00:00
1,1,165,79,86,102.22,5193.36,95.39999999999998,2.706,0.0,165,543664348,222048550,2025-07-12 05:58:53+00:00
1,1,166,79,86,102.22,5202.79,95.39999999999998,2.771,0.0,166,543664848,222047252,2025-07-12 05:58:56+00:00
1,1,168,79,87,102.22,5214.78,95.79999999999995,2.818,0.5,168,543665520,222045748,2025-07-12 05:59:00+00:00
1,1,167,79,86,102.22,5226.16,95.39999999999998,2.837,0.0,167,543666017,222044138,2025-07-12 05:59:04+00:00
1,1,167,79,86,102.22,5231.29,95.79999999999995,2.837,0.5,167,543666447,222043702,2025-07-12 05:59:06+00:00
1,1,168,79,87,102.22,5236.43,96.0,2.818,0.0,168,543666997,222044001,2025-07-12 05:59:08+00:00
1,1,169,79,85,102.22,5245.08,96.39999999999998,2.809,0.0,169,543667778,222044617,2025-07-12 05:59:11+00:00
1,1,170,79,86,102.22,5254.92,96.20000000000005,2.809,0.0,170,543668715,222045349,2025-07-12 05:59:14+00:00
1,1,170,79,87,102.22,5269.93,96.39999999999998,2.846,0.0,170,543670083,222046512,2025-07-12 05:59:19+00:00
1,1,171,79,87,102.22,5278.34,96.20000000000005,2.874,0.0,171,543670809,222047106,2025-07-12 05:59:22+00:00
1,1,172,79,88,102.22,5289.21,96.39999999999998,2.855,0.5,172,543671843,222047965,2025-07-12 05:59:26+00:00
1,2,173,79,87,102.22,5303.57,96.20000000000005,2.855,0.0,173,543673139,222049035,2025-07-12 05:59:31+00:00
1,2,171,79,88,102.22,5311.74,96.0,2.855,0.0,171,543673936,222049733,2025-07-12 05:59:34+00:00
1,1,172,79,88,102.22,5318.85,96.39999999999998,2.837,0.0,172,543674544,222050230,2025-07-12 05:59:37+00:00
1,2,171,79,87,102.22,5329.34,96.0,2.79,0.5,171,543675560,222051136,2025-07-12 05:59:41+00:00
1,2,172,79,89,0.0,5344.03,96.60000000000002,2.809,0.0,172,543676842,222052257,2025-07-12 05:59:46+00:00
1,2,173,79,88,0.0,5352.29,96.60000000000002,2.799,0.0,173,543677567,222053091,2025-07-12 05:59:49+00:00
1,2,173,79,87,0.0,5354.74,96.79999999999995,2.799,0.5,173,543677792,222053159,2025-07-12 05:59:50+00:00
1,2,173,79,88,0.0,5361.02,96.39999999999998,2.799,0.0,173,543678335,222053729,2025-07-12 05:59:52+00:00
1,2,172,79,88,0.0,5372.57,96.0,2.809,0.0,172,543679330,222054763,2025-07-12 05:59:56+00:00
1,1,173,78,88,0.0,5385.72,95.20000000000005,2.799,0.0,173,543680507,222055890,2025-07-12 06:00:01+00:00
1,1,173,78,89,0.0,5393.88,95.60000000000002,2.79,0.0,173,543681294,222056556,2025-07-12 06:00:04+00:00
1,2,173,78,88,0.0,5402.2,96.0,2.781,0.0,173,543682043,222057048,2025-07-12 06:00:07+00:00
1,2,173,78,89,0.0,5410.26,96.0,2.781,0.5,173,543682809,222057730,2025-07-12 06:00:10+00:00
1,2,174,78,89,0.0,5422.2,96.0,2.781,0.0,174,543683847,222058710,2025-07-12 06:00:14+00:00
1,2,174,78,88,0.0,5436.22,95.79999999999995,2.79,0.5,174,543685140,222059935,2025-07-12 06:00:19+00:00
1,3,174,78,87,0.0,5443.95,95.60000000000002,2.79,0.0,174,543685828,222060437,2025-07-12 06:00:22+00:00
1,3,173,78,87,0.0,5453.47,95.20000000000005,2.79,0.5,173,543686702,222061255,2025-07-12 06:00:25+00:00
1,2,173,78,88,0.0,5464.37,95.0,2.799,0.5,173,543687665,222062145,2025-07-12 06:00:29+00:00
1,2,173,78,88,0.0,5474.73,95.20000000000005,2.781,0.0,173,543688607,222063000,2025-07-12 06:00:33+00:00
1,2,174,78,87,0.0,5484.04,95.0,2.781,0.5,174,543689470,222063816,2025-07-12 06:00:36+00:00
1,2,173,78,89,0.0,5491.81,95.20000000000005,2.79,0.0,173,543690203,222064271,2025-07-12 06:00:39+00:00
1,2,173,78,88,0.0,5501.02,95.0,2.79,0.0,173,543691038,222065190,2025-07-12 06:00:42+00:00
1,2,174,78,88,0.0,5508.96,94.60000000000002,2.799,0.5,174,543691763,222065751,2025-07-12 06:00:45+00:00
1,2,173,78,88,0.0,5523.32,95.39999999999998,2.799,0.0,173,543693078,222066698,2025-07-12 06:00:50+00:00
1,2,174,78,86,0.0,5531.77,95.60000000000002,2.799,0.5,174,543693858,222067445,2025-07-12 06:00:53+00:00
1,4,173,78,86,0.0,5545.37,95.60000000000002,2.799,0.0,173,543695117,222068440,2025-07-12 06:00:58+00:00
1,5,172,78,86,0.0,5556.54,95.0,2.781,0.0,172,543696123,222069425,2025-07-12 06:01:02+00:00
1,8,173,78,88,0.0,5564.07,94.60000000000002,2.771,0.0,173,543696821,222069954,2025-07-12 06:01:05+00:00
1,9,172,78,87,0.0,5577.96,94.0,2.762,0.0,172,543698063,222071085,2025-07-12 06:01:10+00:00
1,2,174,78,87,0.0,5586.6,94.0,2.762,0.5,174,543698908,222071818,2025-07-12 06:01:13+00:00
1,2,174,78,88,0.0,5594.41,94.20000000000005,2.762,0.0,174,543699589,222072323,2025-07-12 06:01:16+00:00
1,2,175,78,88,0.0,5602.31,93.79999999999995,2.762,0.0,175,543700347,222072983,2025-07-12 06:01:19+00:00
1,2,175,78,88,0.0,5616.29,94.20000000000005,2.743,0.0,175,543701646,222074044,2025-07-12 06:01:24+00:00
1,3,174,78,88,0.0,5624.35,94.39999999999998,2.743,0.0,174,543702378,222074510,2025-07-12 06:01:27+00:00
1,2,175,78,87,0.0,5632.52,94.20000000000005,2.743,0.5,175,543703131,222075268,2025-07-12 06:01:30+00:00
1,2,175,78,87,0.0,5646.68,94.0,2.743,0.0,175,543704470,222076328,2025-07-12 06:01:35+00:00
1,2,175,78,86,0.0,5654.87,94.20000000000005,2.743,0.5,175,543705258,222076733,2025-07-12 06:01:38+00:00
1,1,174,78,89,0.0,5663.42,94.20000000000005,2.743,0.0,174,543706116,222077322,2025-07-12 06:01:41+00:00
1,1,174,78,87,0.0,5675.47,94.60000000000002,2.762,0.0,174,543707289,222078056,2025-07-12 06:01:45+00:00
1,1,176,78,87,0.0,5686.52,95.0,2.799,0.5,176,543708405,222078493,2025-07-12 06:01:49+00:00
1,1,175,78,88,0.0,5693.74,94.60000000000002,2.79,0.5,175,543709216,222078367,2025-07-12 06:01:52+00:00
1,1,175,78,88,0.0,5701.05,93.79999999999995,2.734,0.0,175,543709858,222077771,2025-07-12 06:01:55+00:00
1,1,174,78,88,0.0,5712.01,94.0,2.725,0.5,174,543710791,222076745,2025-07-12 06:01:59+00:00
1,1,175,77,88,0.0,5717.26,94.39999999999998,2.715,0.5,175,543711359,222076646,2025-07-12 06:02:01+00:00
1,1,175,77,88,0.0,5722.89,94.60000000000002,2.715,0.0,175,543711935,222076759,2025-07-12 06:02:03+00:00
1,1,175,77,87,0.0,5734.37,94.60000000000002,2.715,0.0,175,543713148,222077164,2025-07-12 06:02:07+00:00
1,1,174,77,88,0.0,5741.87,94.79999999999995,2.725,0.0,174,543713907,222077307,2025-07-12 06:02:10+00:00
1,1,174,77,88,0.0,5752.93,95.79999999999995,2.706,0.0,174,543715119,222077539,2025-07-12 06:02:14+00:00
1,3,175,77,88,0.0,5764.66,95.79999999999995,2.715,0.0,175,543716351,222077797,2025-07-12 06:02:18+00:00
1,3,175,77,88,0.0,5772.49,95.20000000000005,2.725,0.0,175,543717167,222077857,2025-07-12 06:02:21+00:00
1,3,175,77,86,0.0,5780.93,94.39999999999998,2.725,0.5,175,543718092,222078121,2025-07-12 06:02:24+00:00
1,3,175,77,88,0.0,5792.51,94.0,2.743,0.5,175,543719272,222078344,2025-07-12 06:02:28+00:00
1,1,175,77,88,0.0,5803.32,95.39999999999998,2.743,0.0,175,543720448,222078570,2025-07-12 06:02:32+00:00
1,1,176,77,88,0.0,5814.57,95.39999999999998,2.753,0.0,176,543721548,222078892,2025-07-12 06:02:36+00:00
1,2,175,77,88,0.0,5822.23,95.0,2.743,0.0,175,543722422,222079279,2025-07-12 06:02:39+00:00
1,2,176,77,88,0.0,5833.88,95.0,2.734,0.5,176,543723652,222079664,2025-07-12 06:02:43+00:00
1,2,175,77,88,0.0,5848.85,96.20000000000005,2.762,0.0,175,543725119,222080358,2025-07-12 06:02:48+00:00
1,2,175,77,87,0.0,5860.29,97.20000000000005,2.771,0.5,175,543726160,222081286,2025-07-12 06:02:52+00:00
1,2,174,77,88,0.0,5869.37,97.0,2.79,0.5,174,543726937,222082013,2025-07-12 06:02:55+00:00
1,2,175,77,88,0.0,5878.38,96.39999999999998,2.818,0.0,175,543727712,222082900,2025-07-12 06:02:58+00:00
1,3,175,77,88,0.0,5892.51,95.39999999999998,2.837,0.5,175,543728757,222084436,2025-07-12 06:03:03+00:00
1,3,175,77,89,0.0,5903.8,95.20000000000005,2.827,0.0,175,543729567,222085717,2025-07-12 06:03:07+00:00
1,3,175,77,88,0.0,5912.44,94.79999999999995,2.837,0.5,175,543730200,222086595,2025-07-12 06:03:10+00:00
1,3,175,77,88,0.0,5918.19,94.60000000000002,2.846,0.5,175,543730584,222087271,2025-07-12 06:03:12+00:00
1,2,176,77,89,0.0,5921.35,94.60000000000002,2.846,0.0,176,543730813,222087678,2025-07-12 06:03:13+00:00
1,2,176,77,88,0.0,5929.58,94.60000000000002,2.855,0.0,176,543731412,222088596,2025-07-12 06:03:16+00:00
1,2,175,77,88,0.0,5940.9,94.20000000000005,2.855,0.5,175,543732145,222089958,2025-07-12 06:03:20+00:00
1,2,176,77,89,0.0,5951.76,94.39999999999998,2.837,0.0,176,543732819,222091351,2025-07-12 06:03:24+00:00
1,2,176,77,88,0.0,5959.66,94.60000000000002,2.837,0.0,176,543733361,222092237,2025-07-12 06:03:27+00:00
1,2,176,77,88,0.0,5967.84,94.20000000000005,2.827,0.5,176,543733945,222093264,2025-07-12 06:03:30+00:00
1,4,176,77,88,0.0,5976.24,93.60000000000002,2.809,0.0,176,543734532,222094186,2025-07-12 06:03:33+00:00
1,2,176,77,87,0.0,5987.39,93.79999999999995,2.818,0.5,176,543735291,222095483,2025-07-12 06:03:37+00:00
1,2,176,77,89,0.0,6004.44,94.39999999999998,2.799,0.0,176,543736285,222097664,2025-07-12 06:03:43+00:00
1,2,176,77,88,0.0,6012.23,94.79999999999995,2.799,0.5,176,543736832,222098558,2025-07-12 06:03:46+00:00
1,2,176,77,88,0.0,6020.79,95.0,2.79,0.5,176,543737335,222099697,2025-07-12 06:03:49+00:00
1,2,176,77,89,0.0,6029.19,94.39999999999998,2.799,0.0,176,543737876,222100669,2025-07-12 06:03:52+00:00
1,2,175,77,87,0.0,6038.18,94.0,2.799,0.5,175,543738437,222101818,2025-07-12 06:03:55+00:00
1,2,174,77,88,0.0,6049.22,94.0,2.809,0.5,174,543739046,222103208,2025-07-12 06:03:59+00:00
1,2,174,77,87,0.0,6060.08,94.0,2.809,0.5,174,543739591,222104664,2025-07-12 06:04:03+00:00
1,2,174,77,87,0.0,6062.92,94.20000000000005,2.799,0.5,174,543739739,222105097,2025-07-12 06:04:04+00:00
1,2,175,77,89,0.0,6071.36,93.79999999999995,2.799,0.5,175,543740299,222106050,2025-07-12 06:04:07+00:00
1,2,175,77,89,0.0,6080.53,94.0,2.809,0.0,175,543740819,222107305,2025-07-12 06:04:10+00:00
1,1,175,77,88,0.0,6089.17,94.0,2.818,0.5,175,543741426,222108205,2025-07-12 06:04:13+00:00
1,1,175,77,89,0.0,6098.24,93.79999999999995,2.827,0.0,175,543741959,222109401,2025-07-12 06:04:16+00:00
1,1,175,77,88,0.0,6109.3,94.20000000000005,2.837,0.0,175,543742524,222110911,2025-07-12 06:04:20+00:00
1,3,175,77,88,0.0,6122.74,94.60000000000002,2.818,0.5,175,543743213,222112729,2025-07-12 06:04:25+00:00
1,3,175,77,88,0.0,6130.73,94.79999999999995,2.818,0.0,175,543743704,222113662,2025-07-12 06:04:28+00:00
1,5,176,77,87,0.0,6139.5,94.60000000000002,2.809,0.5,176,543744260,222114832,2025-07-12 06:04:31+00:00
1,5,176,77,88,0.0,6148.18,94.20000000000005,2.809,0.5,176,543744813,222115876,2025-07-12 06:04:34+00:00
1,5,177,77,88,0.0,6160.3,94.0,2.827,0.0,177,543745365,222117553,2025-07-12 06:04:38+00:00
1,7,176,77,89,0.0,6177.35,94.60000000000002,2.837,0.0,176,543745761,222120072,2025-07-12 06:04:44+00:00
1,3,175,77,89,0.0,6192.0,95.39999999999998,2.846,0.5,175,543746085,222122209,2025-07-12 06:04:49+00:00
1,2,176,77,89,0.0,6200.61,96.0,2.855,0.0,176,543746124,222123575,2025-07-12 06:04:52+00:00
1,2,176,77,88,0.0,6209.19,96.0,2.865,0.0,176,543746271,222124807,2025-07-12 06:04:55+00:00
1,2,176,77,89,0.0,6218.55,95.79999999999995,2.865,0.5,176,543746104,222126280,2025-07-12 06:04:58+00:00
1,2,175,76,89,0.0,6226.75,95.39999999999998,2.883,0.0,175,543745974,222127487,2025-07-12 06:05:01+00:00
1,1,176,76,89,0.0,6236.24,95.20000000000005,2.883,0.0,176,543745747,222128928,2025-07-12 06:05:04+00:00
1,1,176,76,89,0.0,6244.62,94.79999999999995,2.893,0.5,176,543745574,222130151,2025-07-12 06:05:07+00:00
1,1,176,76,89,0.0,6256.48,94.60000000000002,2.893,0.5,176,543745204,222131898,2025-07-12 06:05:11+00:00
1,1,176,76,88,0.0,6270.09,95.0,2.893,0.5,176,543744905,222133927,2025-07-12 06:05:16+00:00
1,2,175,76,89,0.0,6281.13,95.39999999999998,2.874,0.0,175,543744647,222135557,2025-07-12 06:05:20+00:00
1,2,175,76,89,0.0,6292.95,95.39999999999998,2.874,0.5,175,543744345,222137297,2025-07-12 06:05:24+00:00
1,4,176,76,89,0.0,6304.52,95.79999999999995,2.883,0.0,176,543744064,222138999,2025-07-12 06:05:28+00:00
1,4,176,76,89,0.0,6313.42,96.20000000000005,2.883,0.0,176,543743800,222140336,2025-07-12 06:05:31+00:00
1,4,176,76,90,0.0,6321.43,96.20000000000005,2.874,0.5,176,543743652,222141480,2025-07-12 06:05:34+00:00
1,4,176,76,89,0.0,6330.43,95.79999999999995,2.874,0.0,176,543743332,222142853,2025-07-12 06:05:37+00:00
1,3,177,76,88,0.0,6338.88,96.39999999999998,2.883,0.5,177,543743102,222144063,2025-07-12 06:05:40+00:00
1,2,177,76,89,0.0,6350.77,96.20000000000005,2.893,0.0,177,543742787,222145826,2025-07-12 06:05:44+00:00
1,3,176,76,87,0.0,6368.2,96.60000000000002,2.883,0.5,176,543742354,222148395,2025-07-12 06:05:50+00:00
1,3,176,76,89,0.0,6376.11,96.39999999999998,2.883,0.5,176,543742157,222149588,2025-07-12 06:05:53+00:00
1,2,178,76,87,0.0,6386.92,96.20000000000005,2.865,0.5,178,543741879,222151164,2025-07-12 06:05:57+00:00
1,2,178,76,89,0.0,6395.54,95.79999999999995,2.855,0.5,178,543741635,222152468,2025-07-12 06:06:00+00:00
1,6,177,76,87,0.0,6406.94,96.0,2.846,0.5,177,543741402,222154187,2025-07-12 06:06:04+00:00
1,6,177,76,90,0.0,6420.98,97.0,2.846,0.5,177,543741068,222156263,2025-07-12 06:06:09+00:00
1,6,177,76,88,0.0,6438.8,98.0,2.865,0.5,177,543740630,222158906,2025-07-12 06:06:15+00:00
1,8,178,76,89,0.0,6454.06,98.60000000000002,2.874,0.5,178,543740280,222161126,2025-07-12 06:06:20+00:00
1,8,178,76,89,0.0,6465.95,98.60000000000002,2.883,0.5,178,543739891,222162830,2025-07-12 06:06:24+00:00
1,3,177,76,89,0.0,6474.63,98.79999999999995,2.893,0.0,177,543739600,222164109,2025-07-12 06:06:27+00:00
1,2,177,76,88,0.0,6486.23,98.39999999999998,2.893,0.5,177,543739300,222165830,2025-07-12 06:06:31+00:00
1,2,177,76,90,0.0,6497.58,98.60000000000002,2.893,0.5,177,543739035,222167550,2025-07-12 06:06:35+00:00
1,3,178,76,90,0.0,6505.77,98.20000000000005,2.893,0.0,178,543738862,222168717,2025-07-12 06:06:38+00:00
1,3,177,76,90,0.0,6514.73,97.60000000000002,2.883,0.5,177,543738513,222170030,2025-07-12 06:06:41+00:00
1,3,177,76,89,0.0,6523.21,97.39999999999998,2.893,0.5,177,543738282,222171242,2025-07-12 06:06:44+00:00
1,3,177,76,90,0.0,6535.11,97.20000000000005,2.893,0.5,177,543738096,222173027,2025-07-12 06:06:48+00:00
1,3,177,76,89,0.0,6544.72,97.0,2.902,0.5,177,543737674,222174432,2025-07-12 06:06:51+00:00
1,3,178,76,89,0.0,6553.34,96.60000000000002,2.921,0.0,178,543737414,222175630,2025-07-12 06:06:54+00:00
1,2,178,76,89,0.0,6561.89,96.60000000000002,2.911,0.5,178,543737192,222176967,2025-07-12 06:06:57+00:00
1,2,177,76,89,0.0,6570.35,96.60000000000002,2.911,0.5,177,543736946,222178176,2025-07-12 06:07:00+00:00
1,3,177,76,88,0.0,6579.77,97.39999999999998,2.93,0.5,177,543736669,222179574,2025-07-12 06:07:03+00:00
1,3,177,76,89,0.0,6590.84,98.20000000000005,2.921,0.5,177,543736494,222181231,2025-07-12 06:07:07+00:00
1,3,176,76,88,0.0,6604.68,98.60000000000002,2.902,0.5,176,543736079,222183241,2025-07-12 06:07:12+00:00
1,2,176,76,89,0.0,6616.16,98.39999999999998,2.893,0.0,176,543735794,222184956,2025-07-12 06:07:16+00:00
1,2,176,76,87,0.0,6624.43,97.79999999999995,2.893,0.5,176,543735677,222186167,2025-07-12 06:07:19+00:00
1,2,177,76,89,0.0,6632.88,97.39999999999998,2.883,0.0,177,543735442,222187465,2025-07-12 06:07:22+00:00
1,1,177,76,89,0.0,6641.67,96.79999999999995,2.874,0.0,177,543735197,222188734,2025-07-12 06:07:25+00:00
1,1,176,76,89,0.0,6655.96,96.20000000000005,2.883,0.5,176,543734827,222190860,2025-07-12 06:07:30+00:00
1,2,177,76,88,0.0,6670.34,96.20000000000005,2.865,0.5,177,543734434,222192990,2025-07-12 06:07:35+00:00
1,2,177,76,88,0.0,6678.35,95.60000000000002,2.865,0.5,177,543734291,222194154,2025-07-12 06:07:38+00:00
1,2,177,76,89,0.0,6687.06,95.60000000000002,2.855,0.0,177,543734003,222195456,2025-07-12 06:07:41+00:00
1,2,177,76,88,0.0,6695.38,95.60000000000002,2.855,0.5,177,543733843,222196640,2025-07-12 06:07:44+00:00
1,3,177,76,90,0.0,6704.25,95.79999999999995,2.846,0.0,177,543733623,222198020,2025-07-12 06:07:47+00:00
1,3,177,76,89,0.0,6712.91,96.20000000000005,2.855,0.0,177,543733540,222199266,2025-07-12 06:07:50+00:00
1,3,177,76,88,0.0,6721.98,95.79999999999995,2.855,0.5,177,543733342,222200654,2025-07-12 06:07:53+00:00
1,3,177,76,89,0.0,6734.2,95.39999999999998,2.883,0.5,177,543732990,222202446,2025-07-12 06:07:57+00:00
1,2,177,75,89,0.0,6742.33,94.79999999999995,2.883,0.5,177,543732749,222203640,2025-07-12 06:08:00+00:00
1,2,176,75,90,0.0,6751.59,94.60000000000002,2.883,0.5,176,543732489,222205039,2025-07-12 06:08:03+00:00
1,2,176,75,90,0.0,6760.05,94.60000000000002,2.893,0.0,176,543732245,222206246,2025-07-12 06:08:06+00:00
1,3,177,75,89,0.0,6771.48,94.79999999999995,2.893,0.5,177,543731874,222207919,2025-07-12 06:08:10+00:00
1,2,176,75,89,0.0,6788.79,95.60000000000002,2.883,0.5,176,543731432,222210512,2025-07-12 06:08:16+00:00
1,2,177,75,90,0.0,6803.45,96.60000000000002,2.902,0.0,177,543731072,222212645,2025-07-12 06:08:21+00:00
1,2,177,75,89,0.0,6817.56,97.20000000000005,2.893,0.5,177,543730742,222214768,2025-07-12 06:08:26+00:00
1,2,176,75,88,0.0,6829.24,97.39999999999998,2.883,0.5,176,543730412,222216496,2025-07-12 06:08:30+00:00
1,1,176,75,88,0.0,6837.4,97.79999999999995,2.874,0.5,176,543730244,222217644,2025-07-12 06:08:33+00:00
1,1,176,75,90,0.0,6845.94,98.0,2.874,0.0,176,543730044,222218954,2025-07-12 06:08:36+00:00
1,2,176,75,88,0.0,6853.6,97.79999999999995,2.837,0.5,176,543729858,222220064,2025-07-12 06:08:39+00:00
1,2,177,75,89,0.0,6862.86,97.20000000000005,2.837,0.5,177,543729577,222221489,2025-07-12 06:08:42+00:00
1,2,178,75,89,0.0,6871.68,96.79999999999995,2.865,0.0,178,543729379,222222760,2025-07-12 06:08:45+00:00
1,2,177,75,89,0.0,6880.58,96.39999999999998,2.893,0.5,177,543729196,222224109,2025-07-12 06:08:48+00:00
1,2,177,75,90,0.0,6892.89,96.79999999999995,2.893,0.0,177,543728815,222225912,2025-07-12 06:08:52+00:00
1,2,178,75,89,0.0,6904.7,97.20000000000005,2.911,0.5,178,543728541,222227659,2025-07-12 06:08:56+00:00
1,3,177,75,89,0.0,6916.04,97.39999999999998,2.911,0.0,177,543728205,222229320,2025-07-12 06:09:00+00:00
1,3,178,75,90,0.0,6930.68,97.79999999999995,2.911,0.5,178,543727832,222231480,2025-07-12 06:09:05+00:00
1,2,178,75,90,0.0,6942.12,97.79999999999995,2.911,0.5,178,543727557,222233194,2025-07-12 06:09:09+00:00
1,2,178,75,89,0.0,6953.64,97.60000000000002,2.921,0.5,178,543727229,222234896,2025-07-12 06:09:13+00:00
1,2,178,75,88,0.0,6965.59,97.60000000000002,2.902,0.0,178,543726920,222236653,2025-07-12 06:09:17+00:00
1,3,177,75,89,0.0,6977.4,98.0,2.902,0.5,177,543726648,222238408,2025-07-12 06:09:21+00:00
1,5,177,75,90,0.0,6988.79,97.79999999999995,2.902,0.0,177,543726329,222240127,2025-07-12 06:09:25+00:00
1,8,177,75,89,0.0,6997.75,97.79999999999995,2.911,0.5,177,543726174,222241399,2025-07-12 06:09:28+00:00
1,8,177,75,90,0.0,7003.74,97.60000000000002,2.911,0.5,177,543725972,222242302,2025-07-12 06:09:30+00:00
1,10,177,75,90,0.0,7009.89,97.79999999999995,2.911,0.5,177,543725745,222243187,2025-07-12 06:09:32+00:00
1,3,180,75,88,0.0,7019.39,98.0,2.93,0.5,180,543725492,222244579,2025-07-12 06:09:35+00:00
1,2,179,75,88,0.0,7026.85,98.39999999999998,2.921,0.5,179,543725406,222245671,2025-07-12 06:09:38+00:00
1,1,177,75,89,0.0,7035.2,98.79999999999995,2.911,0.5,177,543725174,222246978,2025-07-12 06:09:41+00:00
1,1,177,75,89,0.0,7043.18,98.79999999999995,2.893,0.5,177,543724989,222248107,2025-07-12 06:09:44+00:00
1,2,179,75,89,0.0,7054.7,99.60000000000002,2.883,0.0,179,543724718,222249844,2025-07-12 06:09:48+00:00
1,2,179,75,89,0.0,7063.69,99.60000000000002,2.893,0.5,179,543724519,222251206,2025-07-12 06:09:51+00:00
1,2,179,75,89,0.0,7074.69,99.60000000000002,2.874,0.5,179,543724297,222252882,2025-07-12 06:09:55+00:00
1,2,179,75,89,0.0,7086.8,100.0,2.874,0.5,179,543724042,222254660,2025-07-12 06:09:59+00:00
1,3,179,75,89,0.0,7101.34,100.39999999999998,2.883,0.0,179,543723665,222256820,2025-07-12 06:10:04+00:00
1,7,179,75,89,0.0,7112.27,100.39999999999998,2.874,0.0,179,543723492,222258455,2025-07-12 06:10:08+00:00
1,9,179,75,89,0.0,7123.89,100.20000000000005,2.865,0.0,179,543723277,222260204,2025-07-12 06:10:12+00:00
1,12,179,75,89,0.0,7132.43,100.0,2.874,0.5,179,543723180,222261436,2025-07-12 06:10:15+00:00
1,15,179,75,89,0.0,7140.76,99.39999999999998,2.874,0.0,179,543723042,222262743,2025-07-12 06:10:18+00:00
1,18,179,75,89,0.0,7148.64,98.60000000000002,2.855,0.5,179,543723014,222263920,2025-07-12 06:10:21+00:00
1,21,179,75,90,0.0,7157.52,98.39999999999998,2.846,0.5,179,543722890,222265330,2025-07-12 06:10:24+00:00
1,23,179,75,89,0.0,7166.44,98.60000000000002,2.846,0.0,179,543722856,222266608,2025-07-12 06:10:27+00:00
1,25,179,75,89,0.0,7175.05,98.20000000000005,2.855,0.5,179,543722817,222267953,2025-07-12 06:10:30+00:00
1,25,179,75,90,0.0,7185.33,98.0,2.846,0.0,179,543722777,222269536,2025-07-12 06:10:34+00:00
1,25,179,75,89,0.0,7196.74,97.79999999999995,2.827,0.5,179,543722659,222271250,2025-07-12 06:10:38+00:00
1,24,179,75,88,0.0,7213.95,97.79999999999995,2.837,0.5,179,543722562,222273874,2025-07-12 06:10:44+00:00
1,24,179,75,89,0.0,7228.43,97.79999999999995,2.837,0.0,179,543722507,222276082,2025-07-12 06:10:49+00:00
1,24,179,75,87,0.0,7235.9,97.79999999999995,2.827,0.5,179,543722498,222277165,2025-07-12 06:10:52+00:00
1,28,178,75,88,0.0,7244.07,97.60000000000002,2.809,0.5,178,543722377,222278455,2025-07-12 06:10:55+00:00
1,20,177,75,88,0.0,7255.4,97.0,2.799,0.5,177,543722382,222280217,2025-07-12 06:10:59+00:00
1,11,176,75,89,0.0,7270.12,97.0,2.809,0.5,176,543722266,222282449,2025-07-12 06:11:04+00:00
1,11,176,75,88,0.0,7286.15,96.60000000000002,2.846,0.5,176,543722207,222284805,2025-07-12 06:11:09+00:00
1,12,176,75,89,0.0,7296.86,96.39999999999998,2.855,0.0,176,543722177,222286440,2025-07-12 06:11:13+00:00
1,13,176,75,88,0.0,7305.01,96.0,2.837,0.5,176,543722146,222287741,2025-07-12 06:11:16+00:00
1,14,176,75,89,0.0,7313.0,95.60000000000002,2.827,0.5,176,543722206,222288899,2025-07-12 06:11:19+00:00
1,15,176,75,88,0.0,7321.49,95.39999999999998,2.818,0.5,176,543722223,222290246,2025-07-12 06:11:22+00:00
1,18,176,75,88,0.0,7329.25,95.20000000000005,2.809,0.5,176,543722249,222291385,2025-07-12 06:11:25+00:00
1,22,175,75,90,0.0,7340.34,95.0,2.79,0.0,175,543722073,222293107,2025-07-12 06:11:29+00:00
1,26,175,75,89,0.0,7361.41,94.39999999999998,2.818,0.5,175,543721823,222296288,2025-07-12 06:11:36+00:00
1,27,176,75,88,0.0,7370.46,94.39999999999998,2.827,0.5,176,543721599,222297665,2025-07-12 06:11:39+00:00
1,29,176,75,89,0.0,7378.84,94.60000000000002,2.837,0.5,176,543721632,222298915,2025-07-12 06:11:42+00:00
1,27,176,75,87,0.0,7390.49,95.0,2.846,0.5,176,543721560,222300634,2025-07-12 06:11:46+00:00
1,20,176,75,89,0.0,7399.58,94.60000000000002,2.855,0.5,176,543721439,222302074,2025-07-12 06:11:49+00:00
1,15,176,75,89,0.0,7407.77,94.20000000000005,2.855,0.0,176,543721472,222303248,2025-07-12 06:11:52+00:00
1,15,176,75,89,0.0,7418.67,93.79999999999995,2.846,0.5,176,543721340,222304954,2025-07-12 06:11:56+00:00
1,17,176,75,90,0.0,7431.0,93.20000000000005,2.846,0.0,176,543721303,222306825,2025-07-12 06:12:00+00:00
1,17,176,75,90,0.0,7444.39,92.39999999999998,2.855,0.5,176,543721230,222308885,2025-07-12 06:12:05+00:00
1,21,176,75,89,0.0,7460.8,92.79999999999995,2.799,0.5,176,543721172,222311409,2025-07-12 06:12:11+00:00
1,27,176,75,89,0.0,7477.95,93.20000000000005,2.809,0.5,176,543721141,222313984,2025-07-12 06:12:17+00:00
1,28,177,75,90,0.0,7486.47,93.39999999999998,2.818,0.5,177,543721081,222315311,2025-07-12 06:12:20+00:00
1,30,177,75,88,0.0,7498.47,93.20000000000005,2.827,0.5,177,543720910,222317148,2025-07-12 06:12:24+00:00
1,34,177,75,90,0.0,7510.84,94.0,2.855,0.5,177,543720824,222319007,2025-07-12 06:12:28+00:00
1,37,177,75,89,0.0,7519.34,94.0,2.874,0.0,177,543720852,222320259,2025-07-12 06:12:31+00:00
1,38,176,75,89,0.0,7528.46,93.79999999999995,2.874,0.5,176,543720839,222321689,2025-07-12 06:12:34+00:00
1,40,177,75,89,0.0,7536.38,93.60000000000002,2.883,0.0,177,543720816,222322869,2025-07-12 06:12:37+00:00
1,38,176,75,88,0.0,7548.1,93.79999999999995,2.865,0.5,176,543720752,222324646,2025-07-12 06:12:41+00:00
1,38,176,75,90,0.0,7559.91,94.0,2.874,0.5,176,543720699,222326449,2025-07-12 06:12:45+00:00
1,22,177,75,89,0.0,7576.07,94.20000000000005,2.874,0.5,177,543720516,222328920,2025-07-12 06:12:51+00:00
1,24,177,75,88,0.0,7586.98,94.20000000000005,2.837,0.5,177,543720404,222330588,2025-07-12 06:12:55+00:00
1,24,177,75,89,0.0,7595.27,94.39999999999998,2.827,0.5,177,543720422,222331821,2025-07-12 06:12:58+00:00
1,24,177,75,90,0.0,7604.61,94.39999999999998,2.827,0.0,177,543720374,222333276,2025-07-12 06:13:01+00:00
1,23,178,75,89,0.0,7612.54,94.60000000000002,2.837,0.5,178,543720440,222334401,2025-07-12 06:13:04+00:00
1,20,179,75,90,0.0,7620.78,94.39999999999998,2.827,0.0,179,543720382,222335748,2025-07-12 06:13:07+00:00
1,20,179,75,90,0.0,7629.41,94.39999999999998,2.827,0.0,179,543720437,222336984,2025-07-12 06:13:10+00:00
1,12,180,75,88,0.0,7637.69,94.0,2.827,0.5,180,543720291,222338299,2025-07-12 06:13:13+00:00
1,6,181,75,90,0.0,7646.57,94.20000000000005,2.818,0.0,181,543720268,222339632,2025-07-12 06:13:16+00:00
1,8,180,75,88,0.0,7658.15,93.60000000000002,2.837,0.5,180,543720152,222341385,2025-07-12 06:13:20+00:00
1,11,181,75,90,0.0,7672.53,93.20000000000005,2.837,0.0,181,543720104,222343581,2025-07-12 06:13:25+00:00
1,12,180,75,89,0.0,7684.29,92.79999999999995,2.837,0.5,180,543719998,222345386,2025-07-12 06:13:29+00:00
1,6,178,75,89,0.0,7694.14,93.20000000000005,2.865,0.0,178,543719735,222346863,2025-07-12 06:13:32+00:00
1,6,178,75,88,0.0,7702.74,94.0,2.883,0.5,178,543719530,222348171,2025-07-12 06:13:35+00:00
1,6,178,75,88,0.0,7708.01,93.39999999999998,2.883,0.5,178,543719490,222348889,2025-07-12 06:13:39+00:00
1,6,179,75,55,0.0,7711.81,93.39999999999998,2.678,0.5,179,543719358,222349449,2025-07-12 06:13:43+00:00
1,2,177,75,51,0.0,7715.81,93.0,1.129,0.0,177,543719245,222349998,2025-07-12 06:13:48+00:00
1,9,175,75,53,0.0,7719.92,92.79999999999995,0.849,0.5,175,543719099,222350675,2025-07-12 06:13:53+00:00
1,1,173,74,59,0.0,7727.19,92.39999999999998,1.017,0.0,173,543718948,222351767,2025-07-12 06:14:00+00:00
1,2,171,74,51,0.0,7733.03,92.60000000000002,1.176,0.5,171,543718832,222352565,2025-07-12 06:14:05+00:00
1,1,168,74,51,0.0,7736.13,92.60000000000002,1.101,0.0,168,543718721,222353060,2025-07-12 06:14:09+00:00
1,2,167,74,51,0.0,7736.26,92.60000000000002,1.082,0.0,167,543718719,222353130,2025-07-12 06:14:10+00:00
1,1,165,74,0,0.0,7739.62,92.0,0.0,0.0,165,543718574,222353544,2025-07-12 06:14:18+00:00
1,1,165,74,0,0.0,7746.2,90.79999999999995,1.148,0.0,165,543718220,222354432,2025-07-12 06:14:24+00:00
1,2,164,74,0,0.0,7755.03,91.20000000000005,1.642,0.0,164,543718055,222355959,2025-07-12 06:14:30+00:00
1,2,161,74,52,0.0,7755.04,91.20000000000005,1.129,0.5,161,543718050,222356002,2025-07-12 06:14:33+00:00
1,2,161,74,52,0.0,7761.76,91.20000000000005,0.299,0.5,161,543717966,222356861,2025-07-12 06:14:34+00:00
1,2,160,74,88,0.0,7781.64,92.20000000000005,3.228,0.0,160,543717463,222359736,2025-07-12 06:14:40+00:00
1,1,161,74,88,0.0,7796.63,93.60000000000002,2.967,0.5,161,543717026,222361923,2025-07-12 06:14:45+00:00
1,1,162,74,89,0.0,7811.51,94.39999999999998,2.958,0.0,162,543716432,222364041,2025-07-12 06:14:50+00:00
1,0,164,74,90,0.0,7822.78,94.79999999999995,2.93,0.5,164,543716117,222365681,2025-07-12 06:14:54+00:00
1,0,164,74,89,0.0,7833.88,94.39999999999998,2.883,0.0,164,543715914,222367391,2025-07-12 06:14:58+00:00
1,0,166,74,90,0.0,7845.02,94.39999999999998,2.855,0.0,166,543715732,222369086,2025-07-12 06:15:02+00:00
1,1,167,74,90,0.0,7857.15,94.79999999999995,2.967,0.5,167,543715669,222370903,2025-07-12 06:15:06+00:00
1,1,169,74,90,0.0,7867.97,95.20000000000005,2.939,0.5,169,543715606,222372544,2025-07-12 06:15:10+00:00
1,1,169,74,90,0.0,7876.01,95.39999999999998,2.865,0.0,169,543715595,222373707,2025-07-12 06:15:13+00:00
1,1,170,74,89,0.0,7884.93,95.0,2.837,0.5,170,543715400,222375123,2025-07-12 06:15:16+00:00
1,1,170,74,90,0.0,7893.07,95.0,2.837,0.5,170,543715398,222376318,2025-07-12 06:15:19+00:00
1,2,171,74,88,0.0,7902.2,94.79999999999995,2.837,0.5,171,543715351,222377756,2025-07-12 06:15:22+00:00
1,2,173,74,89,0.0,7910.63,94.60000000000002,2.846,0.5,173,543715449,222378952,2025-07-12 06:15:25+00:00
1,2,173,74,89,0.0,7919.2,95.20000000000005,2.846,0.0,173,543715320,222380294,2025-07-12 06:15:28+00:00
1,2,173,74,89,0.0,7927.11,95.39999999999998,2.837,0.5,173,543715367,222381446,2025-07-12 06:15:31+00:00
1,2,174,74,88,0.0,7937.72,95.0,2.818,0.5,174,543715276,222383052,2025-07-12 06:15:35+00:00
1,2,173,74,89,0.0,7948.87,94.20000000000005,2.799,0.5,173,543715237,222384773,2025-07-12 06:15:39+00:00
1,2,173,74,89,0.0,7960.02,93.79999999999995,2.79,0.5,173,543715186,222386472,2025-07-12 06:15:43+00:00
1,1,172,74,90,0.0,7973.44,93.60000000000002,2.771,0.0,172,543715167,222388559,2025-07-12 06:15:48+00:00
1,1,174,74,88,0.0,7987.23,94.60000000000002,2.753,0.5,174,543715075,222390662,2025-07-12 06:15:53+00:00
1,1,173,74,90,0.0,7998.59,95.39999999999998,2.753,0.0,173,543715058,222392370,2025-07-12 06:15:57+00:00
1,1,173,74,88,0.0,8003.77,95.79999999999995,2.753,0.5,173,543715028,222393188,2025-07-12 06:15:59+00:00
1,1,174,74,88,0.0,8009.25,96.0,2.743,0.5,174,543715078,222394014,2025-07-12 06:16:01+00:00
1,1,175,74,88,0.0,8020.26,96.0,2.743,0.5,175,543715020,222395678,2025-07-12 06:16:05+00:00
1,2,174,74,89,0.0,8031.81,95.79999999999995,2.743,0.5,174,543714951,222397404,2025-07-12 06:16:09+00:00
1,1,174,74,90,0.0,8040.01,96.0,2.753,0.0,174,543714863,222398610,2025-07-12 06:16:12+00:00
1,1,174,74,88,0.0,8048.46,96.0,2.753,0.0,174,543714684,222399890,2025-07-12 06:16:15+00:00
1,1,174,74,90,0.0,8055.99,96.0,2.743,0.5,174,543714643,222400984,2025-07-12 06:16:18+00:00
1,1,174,74,90,0.0,8064.3,95.60000000000002,2.706,0.0,174,543714402,222402307,2025-07-12 06:16:21+00:00
1,1,174,74,90,0.0,8072.4,95.79999999999995,2.715,0.5,174,543714222,222403442,2025-07-12 06:16:24+00:00
1,1,174,74,90,0.0,8081.18,95.60000000000002,2.715,0.5,174,543713790,222404699,2025-07-12 06:16:27+00:00
1,1,175,74,89,0.0,8089.73,96.20000000000005,2.734,0.5,175,543713604,222405859,2025-07-12 06:16:30+00:00
1,1,175,74,89,0.0,8098.01,96.0,2.743,0.5,175,543713226,222407091,2025-07-12 06:16:33+00:00
1,1,176,74,89,0.0,8106.67,95.39999999999998,2.743,0.0,176,543712997,222408301,2025-07-12 06:16:36+00:00
1,1,175,74,88,0.0,8117.2,95.20000000000005,2.753,0.5,175,543712554,222409832,2025-07-12 06:16:40+00:00
1,1,175,74,89,0.0,8131.64,95.0,2.743,0.5,175,543711975,222411898,2025-07-12 06:16:45+00:00
1,1,177,74,90,0.0,8146.05,94.79999999999995,2.753,0.0,177,543711436,222413950,2025-07-12 06:16:50+00:00
1,1,177,74,90,0.0,8157.55,95.39999999999998,2.781,0.5,177,543711025,222415591,2025-07-12 06:16:54+00:00
1,1,177,74,90,0.0,8168.58,96.20000000000005,2.781,0.5,177,543710615,222417142,2025-07-12 06:16:58+00:00
1,1,177,73,89,0.0,8185.11,96.60000000000002,2.771,0.5,177,543709941,222419463,2025-07-12 06:17:04+00:00
1,2,176,73,89,0.0,8198.55,96.39999999999998,2.762,0.5,176,543709474,222421371,2025-07-12 06:17:09+00:00
1,1,175,73,89,0.0,8209.53,96.20000000000005,2.753,0.0,175,543708965,222422922,2025-07-12 06:17:13+00:00
1,1,176,73,89,0.0,8220.44,95.39999999999998,2.753,0.5,176,543708570,222424480,2025-07-12 06:17:17+00:00
1,1,175,73,90,0.0,8231.6,95.20000000000005,2.743,0.0,175,543708123,222426086,2025-07-12 06:17:21+00:00
1,1,174,73,90,0.0,8243.13,96.0,2.753,0.5,174,543707681,222427660,2025-07-12 06:17:25+00:00
1,1,175,73,90,0.0,8253.75,96.20000000000005,2.753,0.0,175,543707243,222429192,2025-07-12 06:17:29+00:00
1,1,174,73,88,0.0,8264.67,96.20000000000005,2.743,0.5,174,543706869,222430804,2025-07-12 06:17:33+00:00
1,2,175,73,89,0.0,8276.3,96.60000000000002,2.753,0.5,175,543706424,222432459,2025-07-12 06:17:37+00:00
1,2,175,73,90,0.0,8287.34,96.39999999999998,2.762,0.5,175,543706028,222433987,2025-07-12 06:17:41+00:00
1,1,175,73,90,0.0,8295.82,96.39999999999998,2.762,0.0,175,543705585,222435209,2025-07-12 06:17:44+00:00
1,1,175,73,90,0.0,8303.93,96.60000000000002,2.762,0.5,175,543705373,222436361,2025-07-12 06:17:47+00:00
1,1,175,73,90,0.0,8312.93,97.0,2.771,0.0,175,543704900,222437606,2025-07-12 06:17:50+00:00
1,1,176,73,89,0.0,8321.67,96.79999999999995,2.781,0.5,176,543704579,222438790,2025-07-12 06:17:53+00:00
1,1,176,73,91,0.0,8333.32,96.79999999999995,2.799,0.0,176,543704151,222440471,2025-07-12 06:17:57+00:00
1,1,176,73,90,0.0,8342.42,96.79999999999995,2.818,0.5,176,543703755,222441750,2025-07-12 06:18:00+00:00
1,1,176,73,90,0.0,8350.6,96.79999999999995,2.818,0.5,176,543703553,222442918,2025-07-12 06:18:03+00:00
1,1,177,73,89,0.0,8361.66,97.0,2.818,0.5,177,543703100,222444489,2025-07-12 06:18:07+00:00
1,2,177,73,90,0.0,8370.47,96.60000000000002,2.809,0.5,177,543702670,222445772,2025-07-12 06:18:10+00:00
1,2,177,73,90,0.0,8378.67,95.79999999999995,2.818,0.0,177,543702441,222446893,2025-07-12 06:18:13+00:00
1,2,177,73,89,0.0,8387.28,95.39999999999998,2.818,0.5,177,543701937,222448091,2025-07-12 06:18:16+00:00
1,1,178,73,90,0.0,8395.81,95.60000000000002,2.818,0.5,178,543701703,222449281,2025-07-12 06:18:19+00:00
1,1,178,73,90,0.0,8403.7,96.0,2.818,0.5,178,543701348,222450432,2025-07-12 06:18:22+00:00
1,1,178,73,89,0.0,8415.13,96.0,2.809,0.5,178,543700823,222452006,2025-07-12 06:18:26+00:00
1,1,177,73,89,0.0,8424.08,96.0,2.809,0.0,177,543700536,222453255,2025-07-12 06:18:29+00:00
1,2,177,73,89,0.0,8432.79,96.20000000000005,2.827,0.5,177,543700168,222454510,2025-07-12 06:18:32+00:00
1,2,177,73,89,0.0,8441.38,96.0,2.827,0.5,177,543699921,222455666,2025-07-12 06:18:35+00:00
1,2,176,73,89,0.0,8449.69,96.0,2.827,0.5,176,543699483,222456857,2025-07-12 06:18:38+00:00
1,2,177,73,90,0.0,8457.94,96.20000000000005,2.827,0.5,177,543699172,222457972,2025-07-12 06:18:41+00:00
1,1,178,73,90,0.0,8467.14,96.20000000000005,2.837,0.0,178,543698800,222459301,2025-07-12 06:18:44+00:00
1,1,177,73,89,0.0,8474.81,96.20000000000005,2.837,0.5,177,543698570,222460404,2025-07-12 06:18:47+00:00
1,2,176,73,89,0.0,8483.7,96.20000000000005,2.837,0.5,176,543698173,222461688,2025-07-12 06:18:50+00:00
1,2,177,73,91,0.0,8492.34,96.0,2.837,0.5,177,543697898,222462873,2025-07-12 06:18:53+00:00
1,1,177,73,90,0.0,8501.47,96.0,2.837,0.5,177,543697434,222464167,2025-07-12 06:18:56+00:00
1,1,177,73,90,0.0,8509.66,95.79999999999995,2.846,0.0,177,543697184,222465310,2025-07-12 06:18:59+00:00
1,2,178,73,89,0.0,8517.97,95.79999999999995,2.846,0.5,178,543696854,222466547,2025-07-12 06:19:02+00:00
1,2,177,73,90,0.0,8526.16,95.60000000000002,2.837,0.5,177,543696596,222467694,2025-07-12 06:19:05+00:00
1,2,177,73,89,0.0,8534.74,95.60000000000002,2.837,0.5,177,543696198,222468921,2025-07-12 06:19:08+00:00
1,2,177,73,90,0.0,8542.88,96.0,2.837,0.5,177,543695887,222470021,2025-07-12 06:19:11+00:00
1,2,177,73,91,0.0,8551.37,95.79999999999995,2.818,0.0,177,543695503,222471275,2025-07-12 06:19:14+00:00
1,1,177,73,90,0.0,8562.83,95.60000000000002,2.827,0.5,177,543695098,222472918,2025-07-12 06:19:18+00:00
1,1,176,73,91,0.0,8571.51,95.79999999999995,2.827,0.0,176,543694799,222474091,2025-07-12 06:19:21+00:00
1,1,177,73,90,0.0,8580.66,95.79999999999995,2.846,0.5,177,543694399,222475405,2025-07-12 06:19:24+00:00
1,1,178,73,90,0.0,8588.47,95.60000000000002,2.846,0.5,178,543694147,222476492,2025-07-12 06:19:27+00:00
1,1,178,73,89,0.0,8597.85,95.39999999999998,2.846,0.5,178,543693769,222477884,2025-07-12 06:19:30+00:00
1,1,178,73,90,0.0,8606.57,95.39999999999998,2.865,0.5,178,543693516,222479139,2025-07-12 06:19:33+00:00
1,1,178,73,90,0.0,8618.13,95.79999999999995,2.874,0.0,178,543693090,222480784,2025-07-12 06:19:37+00:00
1,1,178,73,89,0.0,8629.47,96.20000000000005,2.855,0.0,178,543692671,222482423,2025-07-12 06:19:41+00:00
1,1,178,73,91,0.0,8640.86,96.20000000000005,2.874,0.5,178,543692353,222484070,2025-07-12 06:19:45+00:00
1,3,177,73,91,0.0,8652.22,96.20000000000005,2.865,0.0,177,543692056,222485738,2025-07-12 06:19:49+00:00
1,3,178,73,90,0.0,8660.81,96.0,2.874,0.5,178,543691775,222487028,2025-07-12 06:19:52+00:00
1,2,178,73,90,0.0,8669.22,96.0,2.855,0.5,178,543691616,222488238,2025-07-12 06:19:55+00:00
1,2,177,73,91,0.0,8677.91,96.20000000000005,2.855,0.0,177,543691457,222489585,2025-07-12 06:19:58+00:00
1,2,177,72,90,0.0,8686.26,96.60000000000002,2.855,0.5,177,543691436,222490799,2025-07-12 06:20:01+00:00
1,1,178,72,90,0.0,8694.91,96.60000000000002,2.855,0.5,178,543691274,222492124,2025-07-12 06:20:04+00:00
1,1,179,72,88,0.0,8705.93,96.60000000000002,2.855,0.5,179,543691067,222493804,2025-07-12 06:20:08+00:00
1,2,178,72,89,0.0,8717.07,96.60000000000002,2.837,0.5,178,543690944,222495478,2025-07-12 06:20:12+00:00
1,2,178,72,89,0.0,8731.0,96.79999999999995,2.837,0.5,178,543690534,222497543,2025-07-12 06:20:17+00:00
1,2,178,72,91,0.0,8742.88,97.0,2.846,0.0,178,543690254,222499310,2025-07-12 06:20:21+00:00
1,2,179,72,90,0.0,8754.53,96.60000000000002,2.874,0.5,179,543690101,222501042,2025-07-12 06:20:25+00:00
1,2,179,72,90,0.0,8763.64,96.60000000000002,2.855,0.5,179,543689895,222502470,2025-07-12 06:20:28+00:00
1,2,179,72,90,0.0,8771.87,96.60000000000002,2.865,0.5,179,543689759,222503673,2025-07-12 06:20:31+00:00
1,2,179,72,90,0.0,8781.67,97.20000000000005,2.883,0.5,179,543689573,222505145,2025-07-12 06:20:34+00:00
1,2,179,72,91,0.0,8790.68,97.60000000000002,2.902,0.0,179,543689428,222506454,2025-07-12 06:20:37+00:00
1,2,180,72,90,0.0,8802.14,97.39999999999998,2.911,0.0,180,543689103,222508130,2025-07-12 06:20:41+00:00
1,2,180,72,90,0.0,8810.61,97.39999999999998,2.911,0.0,180,543688877,222509447,2025-07-12 06:20:44+00:00
1,4,179,72,89,0.0,8819.28,97.39999999999998,2.902,0.5,179,543688703,222510699,2025-07-12 06:20:47+00:00
1,2,178,72,90,0.0,8828.2,97.0,2.911,0.5,178,543688488,222512067,2025-07-12 06:20:50+00:00
1,2,179,72,90,0.0,8836.56,97.0,2.911,0.5,179,543688341,222513266,2025-07-12 06:20:53+00:00
1,2,179,72,90,0.0,8846.28,97.39999999999998,2.911,0.5,179,543688035,222514716,2025-07-12 06:20:56+00:00
1,2,180,72,91,0.0,8854.34,97.39999999999998,2.921,0.0,180,543687862,222515893,2025-07-12 06:20:59+00:00
1,2,180,72,92,0.0,8865.63,98.0,2.911,0.0,180,543687604,222517564,2025-07-12 06:21:03+00:00
1,2,179,72,90,0.0,8877.95,98.20000000000005,2.911,0.0,179,543687244,222519379,2025-07-12 06:21:07+00:00
1,2,179,72,90,0.0,8888.96,98.20000000000005,2.921,0.5,179,543687040,222521033,2025-07-12 06:21:11+00:00
1,4,180,72,89,0.0,8898.18,98.60000000000002,2.911,0.0,180,543686770,222522437,2025-07-12 06:21:14+00:00
1,3,184,72,88,0.0,8904.37,98.39999999999998,2.921,0.5,184,543686617,222523342,2025-07-12 06:21:16+00:00
1,3,185,72,89,0.0,8907.32,98.60000000000002,2.921,0.5,185,543686585,222523734,2025-07-12 06:21:17+00:00
1,3,186,72,89,0.0,8916.64,99.0,2.976,0.0,186,543686247,222525129,2025-07-12 06:21:20+00:00
1,3,187,72,89,0.0,8925.22,98.20000000000005,2.967,0.5,187,543686055,222526326,2025-07-12 06:21:23+00:00
1,3,189,72,89,0.0,8934.44,98.39999999999998,2.967,0.5,189,543685832,222527748,2025-07-12 06:21:26+00:00
1,3,189,72,91,0.0,8946.02,98.20000000000005,2.976,0.0,189,543685386,222529436,2025-07-12 06:21:30+00:00
1,3,189,72,91,0.0,8954.3,98.0,2.958,0.5,189,543685086,222530553,2025-07-12 06:21:33+00:00
1,9,188,72,91,0.0,8964.12,98.39999999999998,2.967,0.0,188,543684704,222531973,2025-07-12 06:21:36+00:00
1,13,188,72,90,0.0,8976.27,97.79999999999995,2.986,0.5,188,543684296,222533752,2025-07-12 06:21:40+00:00
1,16,188,72,89,0.0,8984.92,98.0,2.986,0.5,188,543683966,222534924,2025-07-12 06:21:43+00:00
1,18,188,72,88,0.0,8994.27,98.39999999999998,3.004,0.5,188,543683400,222536123,2025-07-12 06:21:46+00:00
1,21,188,72,90,0.0,9005.9,98.0,2.995,0.5,188,543682599,222537522,2025-07-12 06:21:50+00:00
1,22,189,72,90,0.0,9008.59,98.0,2.995,0.5,189,543682387,222537732,2025-07-12 06:21:51+00:00
1,28,189,72,88,0.0,9017.98,98.79999999999995,2.874,0.0,189,543681672,222538588,2025-07-12 06:21:57+00:00
1,19,185,72,58,0.0,9022.04,98.79999999999995,2.725,0.5,185,543681334,222539115,2025-07-12 06:22:00+00:00
1,6,180,72,56,0.0,9023.22,99.0,2.183,0.0,180,543681256,222539274,2025-07-12 06:22:01+00:00
1,2,178,72,55,0.0,9024.9,99.0,1.278,0.0,178,543681163,222539507,2025-07-12 06:22:03+00:00
1,2,176,72,0,0.0,9030.9,97.60000000000002,1.129,0.0,176,543680761,222540235,2025-07-12 06:22:09+00:00
1,2,176,72,0,0.0,9032.68,97.20000000000005,1.325,0.0,176,543680732,222540518,2025-07-12 06:22:10+00:00
1,3,175,72,0,0.0,9035.71,96.60000000000002,1.353,0.0,175,543680530,222540851,2025-07-12 06:22:13+00:00
1,2,174,72,0,0.0,9041.71,96.39999999999998,1.064,0.0,174,543680131,222541582,2025-07-12 06:22:18+00:00
1,2,174,72,56,0.0,9050.06,96.39999999999998,1.418,0.5,174,543679612,222542660,2025-07-12 06:22:24+00:00
1,2,174,72,58,0.0,9052.21,96.60000000000002,1.353,0.5,174,543679438,222542867,2025-07-12 06:22:26+00:00
1,1,172,72,0,0.0,9055.45,96.39999999999998,1.297,0.0,172,543679316,222543297,2025-07-12 06:22:29+00:00
1,1,170,72,0,0.0,9059.89,95.79999999999995,1.138,0.0,170,543679074,222543910,2025-07-12 06:22:33+00:00
1,1,169,72,0,0.0,9069.45,95.79999999999995,1.288,0.0,169,543678437,222545026,2025-07-12 06:22:37+00:00
1,1,171,72,86,0.0,9080.17,96.60000000000002,3.275,0.5,171,543677607,222546209,2025-07-12 06:22:40+00:00
1,0,175,72,88,0.0,9085.87,96.79999999999995,3.275,0.0,175,543677216,222546870,2025-07-12 06:22:42+00:00
1,0,175,72,88,0.0,9088.55,96.60000000000002,3.051,0.0,175,543677130,222547183,2025-07-12 06:22:43+00:00
1,0,176,72,87,0.0,9096.96,96.79999999999995,2.883,0.5,176,543676573,222548274,2025-07-12 06:22:46+00:00
1,2,177,72,89,0.0,9107.69,98.20000000000005,2.743,0.0,177,543675921,222549600,2025-07-12 06:22:50+00:00
1,5,173,72,88,0.0,9118.94,98.20000000000005,2.771,0.5,173,543675112,222550880,2025-07-12 06:22:54+00:00
1,5,172,72,88,0.0,9122.61,98.39999999999998,2.781,0.5,172,543674809,222551243,2025-07-12 06:22:55+00:00
1,3,169,72,88,0.0,9130.69,98.60000000000002,2.855,0.0,169,543674355,222552196,2025-07-12 06:22:58+00:00
1,3,168,71,87,0.0,9138.92,98.39999999999998,2.827,0.5,168,543673746,222553175,2025-07-12 06:23:01+00:00
1,3,169,71,89,0.0,9146.42,98.20000000000005,2.743,0.0,169,543673317,222554108,2025-07-12 06:23:04+00:00
1,1,171,71,88,0.0,9159.06,97.39999999999998,2.669,0.5,171,543672588,222555765,2025-07-12 06:23:09+00:00
1,2,171,71,89,0.0,9173.35,97.39999999999998,2.706,0.0,171,543671589,222557396,2025-07-12 06:23:14+00:00
1,1,171,71,90,0.0,9187.02,97.39999999999998,2.715,0.5,171,543670653,222558952,2025-07-12 06:23:19+00:00
1,1,172,71,88,0.0,9197.28,96.60000000000002,2.715,0.5,172,543669977,222560219,2025-07-12 06:23:23+00:00
1,1,172,71,89,0.0,9205.45,96.0,2.706,0.5,172,543669437,222561285,2025-07-12 06:23:26+00:00
1,1,171,71,88,0.0,9213.65,95.60000000000002,2.697,0.0,171,543668944,222562312,2025-07-12 06:23:29+00:00
1,1,172,71,89,0.0,9225.33,95.79999999999995,2.725,0.5,172,543668244,222563746,2025-07-12 06:23:33+00:00
1,1,172,71,88,0.0,9239.01,97.0,2.734,0.5,172,543667497,222565544,2025-07-12 06:23:38+00:00
1,1,173,71,89,0.0,9255.68,98.39999999999998,2.725,0.0,173,543666674,222567792,2025-07-12 06:23:44+00:00
1,1,175,71,90,0.0,9269.89,98.79999999999995,2.753,0.0,175,543666016,222569718,2025-07-12 06:23:49+00:00
1,1,175,71,88,0.0,9280.7,98.60000000000002,2.753,0.5,175,543665591,222571276,2025-07-12 06:23:53+00:00
1,1,175,71,89,0.0,9292.11,98.0,2.762,0.5,175,543665038,222572825,2025-07-12 06:23:57+00:00
1,1,176,71,89,0.0,9299.97,97.79999999999995,2.762,0.5,176,543664775,222573953,2025-07-12 06:24:00+00:00
1,2,175,71,89,0.0,9309.03,98.0,2.762,0.5,175,543664337,222575220,2025-07-12 06:24:03+00:00
1,2,175,71,90,0.0,9317.77,98.20000000000005,2.771,0.0,175,543664015,222576418,2025-07-12 06:24:06+00:00
1,2,176,71,90,0.0,9326.33,98.20000000000005,2.79,0.5,176,543663622,222577647,2025-07-12 06:24:09+00:00
1,2,176,71,90,0.0,9334.24,98.20000000000005,2.79,0.0,176,543663393,222578757,2025-07-12 06:24:12+00:00
1,2,176,71,90,0.0,9343.39,98.0,2.799,0.5,176,543662949,222580001,2025-07-12 06:24:15+00:00
1,2,176,71,90,0.0,9351.27,97.60000000000002,2.799,0.5,176,543662687,222581100,2025-07-12 06:24:18+00:00
1,2,175,71,89,0.0,9361.75,97.60000000000002,2.781,0.5,175,543662191,222582563,2025-07-12 06:24:22+00:00
1,2,175,71,91,0.0,9372.75,97.39999999999998,2.781,0.0,175,543661650,222584063,2025-07-12 06:24:26+00:00
1,2,176,71,90,0.0,9381.36,97.20000000000005,2.771,0.5,176,543661220,222585293,2025-07-12 06:24:29+00:00
1,2,176,71,90,0.0,9389.35,96.60000000000002,2.781,0.0,176,543660859,222586349,2025-07-12 06:24:32+00:00
1,2,176,71,90,0.0,9398.48,96.39999999999998,2.781,0.0,176,543660379,222587625,2025-07-12 06:24:35+00:00
1,2,176,71,90,0.0,9406.64,96.20000000000005,2.79,0.5,176,543660095,222588760,2025-07-12 06:24:38+00:00
1,2,176,71,90,0.0,9417.42,96.20000000000005,2.781,0.0,176,543659663,222590332,2025-07-12 06:24:42+00:00
1,1,177,71,90,0.0,9429.22,96.39999999999998,2.799,0.5,177,543659226,222592002,2025-07-12 06:24:46+00:00
1,1,177,71,89,0.0,9440.34,96.39999999999998,2.799,0.0,177,543658723,222593566,2025-07-12 06:24:50+00:00
1,1,177,71,90,0.0,9451.61,96.60000000000002,2.809,0.5,177,543658235,222595148,2025-07-12 06:24:54+00:00
1,1,177,71,89,0.0,9465.79,97.20000000000005,2.809,0.5,177,543657598,222597113,2025-07-12 06:24:59+00:00
1,1,177,71,90,0.0,9480.0,98.0,2.809,0.0,177,543656961,222599049,2025-07-12 06:25:04+00:00
1,2,178,71,90,0.0,9495.77,97.60000000000002,2.799,0.5,178,543656278,222601272,2025-07-12 06:25:10+00:00
1,4,178,71,92,0.0,9507.12,97.39999999999998,2.79,0.0,178,543655805,222602879,2025-07-12 06:25:14+00:00
1,7,177,71,92,0.0,9515.91,97.0,2.79,0.0,177,543655457,222604129,2025-07-12 06:25:17+00:00
1,7,177,71,90,0.0,9523.97,97.20000000000005,2.799,0.5,177,543655124,222605194,2025-07-12 06:25:20+00:00
1,1,178,71,93,0.0,9532.91,97.60000000000002,2.799,0.0,178,543654757,222606476,2025-07-12 06:25:23+00:00
1,1,178,71,90,0.0,9547.12,97.60000000000002,2.837,0.5,178,543654050,222608420,2025-07-12 06:25:28+00:00
1,1,178,71,92,0.0,9561.98,98.39999999999998,2.855,0.0,178,543653370,222610452,2025-07-12 06:25:33+00:00
1,2,180,71,92,0.0,9579.36,98.60000000000002,2.855,0.0,180,543652625,222612895,2025-07-12 06:25:39+00:00
1,2,179,71,90,0.0,9590.54,98.79999999999995,2.874,0.5,179,543652137,222614441,2025-07-12 06:25:43+00:00
1,3,179,71,89,0.0,9606.45,98.60000000000002,2.846,0.5,179,543651421,222616632,2025-07-12 06:25:49+00:00
1,3,179,71,90,0.0,9622.98,97.60000000000002,2.799,0.0,179,543650675,222618963,2025-07-12 06:25:55+00:00
1,3,178,71,89,0.0,9642.79,97.39999999999998,2.799,0.0,178,543649838,222621724,2025-07-12 06:26:02+00:00
1,3,178,71,91,0.0,9656.54,98.0,2.799,0.0,178,543649178,222623605,2025-07-12 06:26:07+00:00
1,3,178,71,91,0.0,9670.94,97.79999999999995,2.818,0.5,178,543648543,222625659,2025-07-12 06:26:12+00:00
1,1,179,71,87,0.0,9686.1,98.20000000000005,2.818,0.5,179,543647858,222627624,2025-07-12 06:26:18+00:00
1,1,179,71,85,0.0,9694.79,98.0,2.379,0.5,179,543647423,222628849,2025-07-12 06:26:22+00:00
1,2,179,71,84,0.0,9706.97,97.79999999999995,2.734,0.5,179,543646866,222630567,2025-07-12 06:26:26+00:00
1,6,179,71,89,0.0,9716.05,98.0,3.004,0.5,179,543646509,222631796,2025-07-12 06:26:29+00:00
1,11,179,71,90,0.0,9728.79,97.60000000000002,2.93,0.5,179,543645925,222633547,2025-07-12 06:26:33+00:00
1,10,179,71,90,0.0,9741.07,98.0,2.967,0.5,179,543645150,222635038,2025-07-12 06:26:37+00:00
1,9,179,71,89,0.0,9750.88,98.39999999999998,2.976,0.5,179,543644365,222636062,2025-07-12 06:26:40+00:00
1,9,179,71,89,0.0,9763.8,97.20000000000005,3.004,0.5,179,543643337,222637426,2025-07-12 06:26:44+00:00
1,8,178,71,88,0.0,9773.06,96.79999999999995,3.032,0.5,178,543642679,222638382,2025-07-12 06:26:47+00:00
1,10,179,71,89,0.0,9782.18,95.79999999999995,3.032,0.5,179,543641873,222639288,2025-07-12 06:26:50+00:00
1,13,178,71,90,0.0,9791.54,95.39999999999998,3.032,0.0,178,543641227,222640364,2025-07-12 06:26:53+00:00
1,13,178,71,92,0.0,9801.82,95.20000000000005,3.06,0.0,178,543640354,222641389,2025-07-12 06:26:56+00:00
1,13,179,71,91,0.0,9814.51,94.79999999999995,3.079,0.0,179,543639353,222642694,2025-07-12 06:27:00+00:00
1,13,179,71,93,0.0,9833.72,93.79999999999995,3.107,0.0,179,543637795,222644570,2025-07-12 06:27:06+00:00
1,13,179,71,91,0.0,9846.02,92.79999999999995,3.116,0.5,179,543636872,222645880,2025-07-12 06:27:10+00:00
1,3,180,71,93,0.0,9856.06,93.20000000000005,3.126,0.0,180,543636031,222646912,2025-07-12 06:27:13+00:00
1,3,179,71,92,0.0,9869.02,94.20000000000005,3.154,0.0,179,543635005,222648228,2025-07-12 06:27:17+00:00
1,3,179,71,91,0.0,9884.65,95.0,3.172,0.0,179,543633740,222649814,2025-07-12 06:27:22+00:00
1,3,179,71,92,0.0,9899.7,94.39999999999998,3.163,0.0,179,543632543,222651323,2025-07-12 06:27:27+00:00
1,2,179,71,91,0.0,9912.51,93.0,3.163,0.5,179,543631469,222652565,2025-07-12 06:27:31+00:00
1,2,178,71,93,0.0,9923.4,92.60000000000002,3.182,0.0,178,543630533,222653582,2025-07-12 06:27:34+00:00
1,2,179,71,92,0.0,9932.83,92.60000000000002,3.2,0.0,179,543629841,222654537,2025-07-12 06:27:37+00:00
1,2,180,71,92,0.0,9945.51,92.39999999999998,3.21,0.0,180,543628788,222655813,2025-07-12 06:27:41+00:00
1,2,180,71,91,0.0,9957.85,92.60000000000002,3.21,0.5,180,543627745,222657001,2025-07-12 06:27:45+00:00
1,2,181,71,92,0.0,9972.94,92.39999999999998,3.191,0.0,181,543626584,222658547,2025-07-12 06:27:50+00:00
1,2,181,71,91,0.0,9982.66,92.20000000000005,3.182,0.5,181,543625748,222659545,2025-07-12 06:27:53+00:00
1,2,181,71,92,0.0,9991.3,92.20000000000005,3.191,0.0,181,543624760,222660768,2025-07-12 06:27:56+00:00
1,2,181,71,91,0.0,10001.85,92.20000000000005,3.191,0.0,181,543623955,222661720,2025-07-12 06:27:59+00:00
1,3,180,70,90,0.0,10005.07,92.0,3.2,0.5,180,543623706,222661979,2025-07-12 06:28:00+00:00
