107,135,136,143,cadence,cycle_length16,distance,enhanced_altitude,enhanced_speed,fractional_cadence,heart_rate,position_lat,position_long,timestamp
0,13,80,48,50,655.05,1.34,90.39999999999998,1.614,0.0,80,543622426,222664037,2025-08-16 16:34:31+00:00
1,13,80,48,50,0.0,3.82,90.0,1.148,0.0,80,543622629,222663769,2025-08-16 16:34:32+00:00
1,8,81,48,79,0.11,11.5,89.0,1.885,0.0,81,543623299,222663007,2025-08-16 16:34:36+00:00
1,10,85,48,79,0.01,20.67,88.79999999999995,2.771,0.5,85,543624033,222662134,2025-08-16 16:34:39+00:00
1,10,87,48,79,0.0,23.53,88.79999999999995,2.827,0.5,87,543624173,222661853,2025-08-16 16:34:40+00:00
1,11,91,48,83,0.0,28.91,89.20000000000005,2.827,0.5,91,543624685,222661319,2025-08-16 16:34:42+00:00
1,10,93,48,83,0.0,31.53,89.0,2.818,0.5,93,543624864,222661013,2025-08-16 16:34:43+00:00
1,11,96,48,83,655.34,36.85,89.20000000000005,2.734,0.5,96,543625280,222660467,2025-08-16 16:34:45+00:00
1,12,100,48,82,0.0,42.26,89.39999999999998,2.715,0.5,100,543625798,222660024,2025-08-16 16:34:47+00:00
1,10,104,48,83,0.0,47.97,89.39999999999998,2.715,0.5,104,543626284,222659460,2025-08-16 16:34:49+00:00
1,6,107,48,83,655.34,53.66,89.60000000000002,2.734,0.5,107,543626706,222658880,2025-08-16 16:34:51+00:00
1,2,110,48,83,655.34,62.1,89.79999999999995,2.771,0.0,110,543627338,222657981,2025-08-16 16:34:54+00:00
1,3,111,48,83,655.32,64.0,89.79999999999995,2.771,0.5,111,543627429,222657781,2025-08-16 16:34:55+00:00
1,3,114,48,84,655.34,74.93,89.79999999999995,2.725,0.5,114,543628357,222656637,2025-08-16 16:34:59+00:00
1,6,116,48,84,655.34,83.21,89.60000000000002,2.771,0.0,116,543628975,222655839,2025-08-16 16:35:02+00:00
1,4,119,48,85,0.0,91.0,89.39999999999998,2.734,0.5,119,543629536,222654955,2025-08-16 16:35:05+00:00
1,5,121,48,85,0.0,96.28,89.60000000000002,2.734,0.5,121,543629942,222654402,2025-08-16 16:35:07+00:00
1,4,123,48,86,655.34,104.67,89.39999999999998,2.725,0.0,123,543630640,222653595,2025-08-16 16:35:10+00:00
1,2,125,48,85,0.01,115.33,89.39999999999998,2.734,0.5,125,543631505,222652553,2025-08-16 16:35:14+00:00
1,1,126,48,85,655.34,125.51,89.60000000000002,2.715,0.0,126,543632379,222651520,2025-08-16 16:35:18+00:00
1,2,127,48,85,0.02,133.96,89.20000000000005,2.697,0.5,127,543633084,222650730,2025-08-16 16:35:21+00:00
1,3,129,48,85,0.03,145.51,89.39999999999998,2.715,0.5,129,543634029,222649580,2025-08-16 16:35:25+00:00
1,3,129,48,85,0.0,153.29,89.0,2.725,0.5,129,543634639,222648824,2025-08-16 16:35:28+00:00
1,3,129,48,85,0.04,163.79,89.60000000000002,2.715,0.5,129,543635491,222647746,2025-08-16 16:35:32+00:00
1,2,131,48,85,0.04,171.67,89.20000000000005,2.706,0.5,131,543636130,222646979,2025-08-16 16:35:35+00:00
1,2,133,48,86,0.04,180.72,89.0,2.706,0.0,133,543636756,222646001,2025-08-16 16:35:38+00:00
1,1,135,48,86,0.04,189.25,88.79999999999995,2.734,0.0,135,543637433,222645081,2025-08-16 16:35:41+00:00
1,1,136,48,85,0.04,195.05,88.79999999999995,2.734,0.5,136,543637829,222644465,2025-08-16 16:35:43+00:00
1,1,137,48,85,0.04,200.65,88.79999999999995,2.743,0.0,137,543638238,222643853,2025-08-16 16:35:45+00:00
1,1,138,48,86,0.04,211.82,88.20000000000005,2.753,0.5,138,543639144,222642659,2025-08-16 16:35:49+00:00
1,1,139,48,87,0.0,223.01,88.39999999999998,2.753,0.0,139,543640034,222641512,2025-08-16 16:35:53+00:00
1,1,139,48,86,0.0,231.01,88.39999999999998,2.762,0.0,139,543640658,222640804,2025-08-16 16:35:56+00:00
1,1,140,48,88,0.0,247.8,88.20000000000005,2.743,0.0,140,543642139,222639212,2025-08-16 16:36:02+00:00
1,1,141,48,88,0.0,255.61,88.79999999999995,2.762,0.0,141,543642667,222638370,2025-08-16 16:36:05+00:00
1,1,142,48,88,0.0,263.55,89.20000000000005,2.753,0.0,142,543643409,222637642,2025-08-16 16:36:08+00:00
1,1,143,48,88,0.0,274.84,89.20000000000005,2.753,0.0,143,543644268,222636478,2025-08-16 16:36:12+00:00
1,1,145,48,88,0.0,283.34,89.60000000000002,2.753,0.0,145,543644967,222635605,2025-08-16 16:36:15+00:00
1,0,146,48,88,0.0,290.98,89.0,2.753,0.0,146,543645465,222634723,2025-08-16 16:36:18+00:00
1,0,146,48,87,0.0,302.39,88.79999999999995,2.743,0.0,146,543646265,222633321,2025-08-16 16:36:22+00:00
1,2,147,48,87,0.0,310.75,89.20000000000005,2.753,0.0,147,543646559,222632186,2025-08-16 16:36:25+00:00
1,1,149,48,87,0.0,321.34,89.0,2.762,0.0,149,543647068,222630735,2025-08-16 16:36:29+00:00
1,1,149,48,87,0.0,333.92,89.20000000000005,2.753,0.0,149,543647632,222628922,2025-08-16 16:36:33+00:00
1,2,150,48,87,0.0,341.56,89.20000000000005,2.781,0.0,150,543647837,222627857,2025-08-16 16:36:36+00:00
1,2,150,48,86,0.0,352.42,89.39999999999998,2.762,0.0,150,543648356,222626293,2025-08-16 16:36:40+00:00
1,2,150,48,87,17.37,361.41,89.20000000000005,2.762,0.0,150,543648706,222625086,2025-08-16 16:36:43+00:00
1,2,149,48,86,0.0,372.26,89.20000000000005,2.79,0.5,149,543649266,222623583,2025-08-16 16:36:47+00:00
1,1,149,48,86,0.0,384.0,89.39999999999998,2.79,0.0,149,543649695,222621884,2025-08-16 16:36:51+00:00
1,1,149,48,86,0.0,394.94,89.79999999999995,2.79,0.0,149,543650181,222620455,2025-08-16 16:36:55+00:00
1,1,149,48,87,0.0,404.26,90.20000000000005,2.799,0.0,149,543650662,222619172,2025-08-16 16:36:58+00:00
1,1,149,47,86,17.28,411.46,90.20000000000005,2.799,0.0,149,543650991,222618215,2025-08-16 16:37:01+00:00
1,2,150,47,87,14.52,423.24,90.79999999999995,2.79,0.0,150,543651586,222616589,2025-08-16 16:37:05+00:00
1,2,150,47,87,18.37,431.17,91.0,2.799,0.0,150,543651896,222615518,2025-08-16 16:37:08+00:00
1,2,150,47,87,0.0,442.29,90.39999999999998,2.79,0.0,150,543652433,222613959,2025-08-16 16:37:12+00:00
1,2,150,47,86,0.0,450.5,90.79999999999995,2.79,0.0,150,543652651,222612757,2025-08-16 16:37:15+00:00
1,1,151,47,87,0.0,462.11,90.79999999999995,2.79,0.0,151,543653235,222611145,2025-08-16 16:37:19+00:00
1,1,150,47,86,0.0,474.15,91.0,2.809,0.0,150,543653744,222609448,2025-08-16 16:37:23+00:00
1,2,151,47,87,16.07,483.28,91.0,2.827,0.0,151,543654141,222608236,2025-08-16 16:37:26+00:00
1,2,151,47,88,15.97,492.34,91.20000000000005,2.855,0.0,151,543654562,222606968,2025-08-16 16:37:29+00:00
1,2,152,47,88,0.0,506.88,90.79999999999995,2.865,0.0,152,543655206,222604968,2025-08-16 16:37:34+00:00
1,2,152,47,88,0.0,515.31,90.60000000000002,2.874,0.0,152,543655485,222603775,2025-08-16 16:37:37+00:00
1,1,153,47,88,0.0,524.32,90.79999999999995,2.874,0.0,153,543655846,222602419,2025-08-16 16:37:40+00:00
1,1,153,47,86,0.0,535.84,90.60000000000002,2.883,0.0,153,543656263,222600830,2025-08-16 16:37:44+00:00
1,1,152,47,87,0.0,545.03,90.60000000000002,2.893,0.0,152,543656665,222599528,2025-08-16 16:37:47+00:00
1,1,151,47,86,653.69,555.31,90.39999999999998,2.893,0.5,151,543657031,222598100,2025-08-16 16:37:51+00:00
1,1,151,47,87,653.69,564.29,90.60000000000002,2.874,0.0,151,543657455,222596849,2025-08-16 16:37:54+00:00
1,1,150,47,87,653.69,576.24,89.60000000000002,2.893,0.0,150,543657935,222595188,2025-08-16 16:37:58+00:00
1,1,149,47,88,653.69,586.86,90.20000000000005,2.883,0.0,149,543658393,222593727,2025-08-16 16:38:02+00:00
1,1,149,47,88,653.69,595.92,91.0,2.883,0.0,149,543658878,222592505,2025-08-16 16:38:05+00:00
1,1,150,47,87,0.0,604.07,91.0,2.883,0.0,150,543659236,222591401,2025-08-16 16:38:08+00:00
1,1,149,47,88,0.0,616.43,90.60000000000002,2.883,0.0,149,543659853,222589726,2025-08-16 16:38:12+00:00
1,1,149,47,87,0.0,627.44,90.79999999999995,2.883,0.5,149,543660357,222588190,2025-08-16 16:38:16+00:00
1,1,149,47,88,0.0,635.53,90.39999999999998,2.883,0.0,149,543660681,222587098,2025-08-16 16:38:19+00:00
1,1,150,47,87,0.0,647.68,89.79999999999995,2.883,0.0,150,543661250,222585405,2025-08-16 16:38:23+00:00
1,1,151,47,87,0.0,656.47,90.20000000000005,2.893,0.0,151,543661475,222584157,2025-08-16 16:38:26+00:00
1,1,151,47,86,0.0,665.34,90.20000000000005,2.902,0.0,151,543661890,222582884,2025-08-16 16:38:29+00:00
1,1,151,47,87,0.0,680.08,90.39999999999998,2.911,0.0,151,543662562,222580834,2025-08-16 16:38:34+00:00
1,1,152,47,87,,688.79,90.0,2.911,0.0,152,543662896,222579701,2025-08-16 16:38:37+00:00
1,1,152,47,88,,697.16,89.79999999999995,2.911,0.0,152,543663311,222578536,2025-08-16 16:38:40+00:00
1,1,152,47,87,,709.89,90.20000000000005,2.883,0.5,152,543663917,222576709,2025-08-16 16:38:45+00:00
1,1,152,47,88,,723.15,89.79999999999995,2.883,0.0,152,543664501,222574944,2025-08-16 16:38:49+00:00
1,1,151,47,86,0.0,736.51,89.39999999999998,2.883,0.0,151,543665058,222573009,2025-08-16 16:38:54+00:00
1,1,151,47,86,0.0,745.34,89.60000000000002,2.883,0.0,151,543665396,222571822,2025-08-16 16:38:57+00:00
1,1,150,47,87,0.0,756.85,90.0,2.893,0.0,150,543665896,222570141,2025-08-16 16:39:01+00:00
1,1,151,47,86,0.0,765.9,90.20000000000005,2.893,0.0,151,543666135,222568884,2025-08-16 16:39:04+00:00
1,1,151,47,87,0.0,774.78,90.20000000000005,2.902,0.0,151,543666609,222567663,2025-08-16 16:39:07+00:00
1,1,152,47,86,0.0,788.33,90.39999999999998,2.893,0.0,152,543667247,222565753,2025-08-16 16:39:12+00:00
1,1,152,47,87,0.0,797.37,90.60000000000002,2.883,0.0,152,543667646,222564564,2025-08-16 16:39:15+00:00
1,1,152,47,87,,809.74,90.79999999999995,2.902,0.0,152,543668436,222563011,2025-08-16 16:39:19+00:00
1,1,152,47,88,,821.05,91.39999999999998,2.911,0.0,152,543669102,222561572,2025-08-16 16:39:23+00:00
1,2,152,47,86,0.0,829.56,91.60000000000002,2.911,0.5,152,543669595,222560553,2025-08-16 16:39:26+00:00
1,1,152,47,87,0.0,841.42,91.60000000000002,2.902,0.0,152,543670332,222559039,2025-08-16 16:39:30+00:00
1,1,152,47,87,,850.26,91.60000000000002,2.911,0.0,152,543670851,222558046,2025-08-16 16:39:33+00:00
1,1,153,47,87,0.0,858.25,91.60000000000002,2.911,0.0,153,543671468,222557077,2025-08-16 16:39:36+00:00
1,1,153,47,87,0.0,870.91,91.60000000000002,2.911,0.0,153,543672280,222555598,2025-08-16 16:39:40+00:00
1,1,152,47,88,0.0,883.0,91.39999999999998,2.93,0.0,152,543673076,222554167,2025-08-16 16:39:44+00:00
1,1,152,47,87,0.0,894.41,92.0,2.939,0.0,152,543673915,222552867,2025-08-16 16:39:48+00:00
1,1,152,47,88,0.0,907.7,91.60000000000002,2.911,0.0,152,543674720,222551252,2025-08-16 16:39:53+00:00
1,1,152,47,86,0.0,917.0,91.20000000000005,2.911,0.5,152,543675401,222550104,2025-08-16 16:39:56+00:00
1,1,151,47,88,0.0,928.99,91.20000000000005,2.921,0.0,151,543676184,222548686,2025-08-16 16:40:00+00:00
1,1,151,47,86,0.0,940.73,91.39999999999998,2.921,0.5,151,543676829,222547191,2025-08-16 16:40:04+00:00
1,1,151,47,88,0.0,949.49,91.20000000000005,2.921,0.0,151,543677436,222546132,2025-08-16 16:40:07+00:00
1,1,152,47,86,0.0,960.49,90.79999999999995,2.911,0.0,152,543678116,222544783,2025-08-16 16:40:11+00:00
1,1,152,47,88,0.0,972.48,90.79999999999995,2.911,0.0,152,543678821,222543278,2025-08-16 16:40:15+00:00
1,1,153,47,86,0.0,981.52,90.39999999999998,2.921,0.5,153,543679518,222542260,2025-08-16 16:40:18+00:00
1,1,154,47,86,0.0,993.06,90.60000000000002,2.921,0.0,154,543680268,222540954,2025-08-16 16:40:22+00:00
1,1,155,47,86,0.0,1002.0,90.39999999999998,2.921,0.0,155,543680945,222539871,2025-08-16 16:40:25+00:00
1,1,155,47,86,0.0,1004.35,90.39999999999998,2.921,0.5,155,543681067,222539638,2025-08-16 16:40:26+00:00
1,1,155,47,88,0.0,1009.81,90.0,2.921,0.0,155,543681483,222538977,2025-08-16 16:40:28+00:00
1,1,156,47,87,0.0,1021.49,90.39999999999998,2.911,0.0,156,543682269,222537565,2025-08-16 16:40:32+00:00
1,1,156,47,87,0.0,1030.04,90.60000000000002,2.911,0.0,156,543682836,222536604,2025-08-16 16:40:35+00:00
1,1,156,47,86,13.38,1044.57,90.39999999999998,2.902,0.0,156,543683775,222534811,2025-08-16 16:40:40+00:00
1,1,156,47,87,13.38,1050.66,90.39999999999998,2.902,0.0,156,543684035,222534002,2025-08-16 16:40:42+00:00
1,1,156,47,88,13.38,1054.17,90.39999999999998,2.911,0.0,156,543684216,222533472,2025-08-16 16:40:43+00:00
1,1,156,47,88,13.38,1062.62,89.60000000000002,2.93,0.0,156,543684569,222532360,2025-08-16 16:40:46+00:00
1,1,156,47,87,13.38,1076.78,89.60000000000002,2.911,0.5,156,543685049,222530343,2025-08-16 16:40:51+00:00
1,1,156,47,87,13.38,1085.09,89.60000000000002,2.911,0.0,156,543685272,222529074,2025-08-16 16:40:54+00:00
1,1,156,47,87,0.0,1095.98,89.39999999999998,2.883,0.5,156,543685506,222527450,2025-08-16 16:40:58+00:00
1,1,156,47,87,0.0,1108.03,89.20000000000005,2.883,0.0,156,543685902,222525787,2025-08-16 16:41:02+00:00
1,1,157,47,87,0.0,1116.25,88.79999999999995,2.893,0.0,157,543686252,222524573,2025-08-16 16:41:05+00:00
1,1,157,47,86,0.0,1131.12,88.60000000000002,2.883,0.0,157,543686774,222522368,2025-08-16 16:41:10+00:00
1,1,157,47,88,655.16,1139.82,88.20000000000005,2.893,0.0,157,543686941,222521149,2025-08-16 16:41:13+00:00
1,1,156,47,86,0.0,1154.6,87.60000000000002,2.893,0.5,156,543687379,222519011,2025-08-16 16:41:18+00:00
1,1,156,47,86,0.0,1165.49,87.0,2.893,0.0,156,543687593,222517360,2025-08-16 16:41:22+00:00
1,1,155,47,87,0.0,1179.25,86.79999999999995,2.874,0.0,155,543687856,222515324,2025-08-16 16:41:27+00:00
1,1,154,47,87,0.0,1186.97,86.79999999999995,2.865,0.0,154,543688049,222514142,2025-08-16 16:41:30+00:00
1,1,155,47,86,0.0,1198.66,86.79999999999995,2.846,0.0,155,543688401,222512448,2025-08-16 16:41:34+00:00
1,1,155,47,86,0.0,1207.65,86.79999999999995,2.855,0.0,155,543688649,222511064,2025-08-16 16:41:37+00:00
1,1,156,47,87,0.0,1221.78,87.0,2.846,0.0,156,543688935,222508905,2025-08-16 16:41:42+00:00
1,1,156,47,85,0.0,1233.93,87.39999999999998,2.855,0.5,156,543689115,222507144,2025-08-16 16:41:46+00:00
1,1,157,47,86,0.0,1245.74,88.39999999999998,2.865,0.5,157,543689332,222505426,2025-08-16 16:41:50+00:00
1,1,157,47,85,0.0,1254.9,88.39999999999998,2.883,0.5,157,543689603,222504064,2025-08-16 16:41:53+00:00
1,2,158,47,87,0.0,1268.4,88.39999999999998,2.865,0.0,158,543689958,222502016,2025-08-16 16:41:58+00:00
1,2,158,47,86,0.0,1279.07,88.20000000000005,2.846,0.0,158,543690075,222500428,2025-08-16 16:42:02+00:00
1,2,158,47,88,0.0,1296.75,87.79999999999995,2.837,0.0,158,543690397,222497777,2025-08-16 16:42:08+00:00
1,2,157,47,87,0.0,1305.38,88.0,2.855,0.0,157,543690525,222496486,2025-08-16 16:42:11+00:00
1,2,157,47,86,0.0,1317.06,88.39999999999998,2.855,0.5,157,543690678,222494772,2025-08-16 16:42:15+00:00
1,2,157,47,86,0.0,1320.23,88.39999999999998,2.855,0.0,157,543690841,222494289,2025-08-16 16:42:16+00:00
1,2,157,47,86,0.0,1325.53,88.39999999999998,2.855,0.0,157,543690932,222493497,2025-08-16 16:42:18+00:00
1,1,157,47,86,0.0,1339.31,88.0,2.837,0.5,157,543691168,222491354,2025-08-16 16:42:23+00:00
1,1,157,47,87,0.0,1345.78,88.0,2.846,0.0,157,543691238,222490436,2025-08-16 16:42:25+00:00
1,1,157,47,87,0.0,1348.18,88.0,2.846,0.0,157,543691231,222490116,2025-08-16 16:42:26+00:00
1,1,158,47,87,0.0,1365.83,87.60000000000002,2.855,0.0,158,543691526,222487454,2025-08-16 16:42:32+00:00
1,1,158,47,85,0.0,1376.41,87.60000000000002,2.846,0.5,158,543691828,222485849,2025-08-16 16:42:36+00:00
1,1,158,47,87,0.0,1391.08,87.39999999999998,2.837,0.0,158,543692291,222483668,2025-08-16 16:42:41+00:00
1,1,158,47,86,0.0,1399.36,87.20000000000005,2.846,0.0,158,543692473,222482440,2025-08-16 16:42:44+00:00
1,1,157,47,86,0.0,1408.6,87.39999999999998,2.846,0.0,157,543692674,222481160,2025-08-16 16:42:47+00:00
1,1,158,47,87,0.0,1411.54,87.79999999999995,2.846,0.0,158,543692856,222480697,2025-08-16 16:42:48+00:00
1,1,157,47,86,0.0,1419.31,88.39999999999998,2.855,0.0,157,543693130,222479649,2025-08-16 16:42:51+00:00
1,1,158,47,86,0.0,1430.53,89.20000000000005,2.837,0.5,158,543693573,222477979,2025-08-16 16:42:55+00:00
1,2,159,47,85,0.0,1441.43,88.60000000000002,2.837,0.0,159,543693982,222476420,2025-08-16 16:42:59+00:00
1,2,160,46,87,,1455.89,88.79999999999995,2.837,0.0,160,543694542,222474333,2025-08-16 16:43:04+00:00
1,2,159,46,87,0.0,1468.51,89.20000000000005,2.846,0.0,159,543694969,222472555,2025-08-16 16:43:08+00:00
1,2,159,46,85,0.0,1485.15,90.20000000000005,2.865,0.0,159,543695487,222470180,2025-08-16 16:43:14+00:00
1,2,158,46,85,0.0,1494.39,90.39999999999998,2.855,0.0,158,543695898,222468846,2025-08-16 16:43:17+00:00
1,2,158,46,86,13.44,1505.4,90.60000000000002,2.865,0.0,158,543696373,222467361,2025-08-16 16:43:21+00:00
1,1,158,46,87,13.69,1513.84,90.20000000000005,2.846,0.0,158,543696766,222466137,2025-08-16 16:43:24+00:00
1,1,157,46,87,0.0,1527.91,90.39999999999998,2.837,0.0,157,543697370,222464173,2025-08-16 16:43:29+00:00
1,1,157,46,87,0.0,1536.71,90.0,2.846,0.0,157,543697656,222462954,2025-08-16 16:43:32+00:00
1,1,157,46,87,0.0,1548.28,89.20000000000005,2.855,0.5,157,543698172,222461331,2025-08-16 16:43:36+00:00
1,1,157,46,86,0.0,1556.53,89.20000000000005,2.846,0.0,157,543698460,222460164,2025-08-16 16:43:39+00:00
1,1,157,46,86,0.0,1559.69,89.20000000000005,2.846,0.0,157,543698626,222459670,2025-08-16 16:43:40+00:00
1,1,156,46,87,0.0,1571.38,89.20000000000005,2.855,0.0,156,543698965,222458010,2025-08-16 16:43:44+00:00
1,2,157,46,86,19.78,1582.29,89.60000000000002,2.855,0.0,157,543699508,222456573,2025-08-16 16:43:48+00:00
1,2,156,46,87,17.7,1591.07,89.0,2.846,0.0,156,543699925,222455293,2025-08-16 16:43:51+00:00
1,2,157,46,86,11.04,1603.5,88.60000000000002,2.855,0.0,157,543700392,222453600,2025-08-16 16:43:55+00:00
1,2,157,46,86,15.88,1614.07,88.0,2.865,0.0,157,543700869,222452113,2025-08-16 16:43:59+00:00
1,2,157,45,86,16.25,1627.61,88.39999999999998,2.846,0.0,157,543701332,222450176,2025-08-16 16:44:04+00:00
1,2,157,45,86,0.0,1636.52,88.60000000000002,2.846,0.0,157,543701754,222448926,2025-08-16 16:44:07+00:00
1,1,157,45,87,0.0,1647.71,88.79999999999995,2.837,0.0,157,543702166,222447385,2025-08-16 16:44:11+00:00
1,2,158,45,87,0.0,1656.61,89.20000000000005,2.846,0.0,158,543702530,222446093,2025-08-16 16:44:14+00:00
1,1,159,45,87,0.0,1669.47,89.20000000000005,2.837,0.0,159,543703066,222444307,2025-08-16 16:44:19+00:00
1,1,160,45,85,0.0,1681.77,89.39999999999998,2.827,0.5,160,543703619,222442571,2025-08-16 16:44:23+00:00
1,1,161,45,86,0.0,1695.88,89.60000000000002,2.837,0.0,161,543704204,222440581,2025-08-16 16:44:28+00:00
1,1,162,45,86,0.0,1705.95,89.20000000000005,2.818,0.0,162,543704463,222439064,2025-08-16 16:44:32+00:00
1,2,161,45,86,0.0,1717.35,89.0,2.809,0.0,161,543704834,222437451,2025-08-16 16:44:36+00:00
1,1,160,45,87,0.0,1726.27,89.0,2.818,0.0,160,543705165,222436167,2025-08-16 16:44:39+00:00
1,1,159,45,85,0.0,1737.42,88.79999999999995,2.809,0.0,159,543705507,222434584,2025-08-16 16:44:43+00:00
1,1,159,45,85,0.24,1740.04,88.60000000000002,2.809,0.0,159,543705665,222434197,2025-08-16 16:44:44+00:00
1,1,159,45,86,0.0,1751.42,88.20000000000005,2.799,0.0,159,543706073,222432563,2025-08-16 16:44:48+00:00
1,1,158,45,86,0.0,1762.99,88.39999999999998,2.809,0.0,158,543706484,222430976,2025-08-16 16:44:52+00:00
1,1,159,45,86,0.0,1770.75,88.20000000000005,2.809,0.0,159,543706864,222429849,2025-08-16 16:44:55+00:00
1,1,159,45,87,0.0,1784.43,88.20000000000005,2.79,0.0,159,543707366,222427834,2025-08-16 16:45:00+00:00
1,1,158,45,86,0.0,1795.44,88.20000000000005,2.79,0.0,158,543707889,222426431,2025-08-16 16:45:04+00:00
1,1,158,45,87,0.0,1806.6,89.0,2.79,0.0,158,543708333,222424854,2025-08-16 16:45:08+00:00
1,1,158,45,87,0.0,1815.84,88.79999999999995,2.79,0.0,158,543708772,222423571,2025-08-16 16:45:11+00:00
1,1,157,45,87,0.0,1830.49,88.79999999999995,2.79,0.0,157,543709325,222421476,2025-08-16 16:45:16+00:00
1,1,157,45,86,0.0,1838.37,88.60000000000002,2.799,0.0,157,543709642,222420429,2025-08-16 16:45:19+00:00
1,1,158,45,87,0.0,1849.04,89.20000000000005,2.79,0.0,158,543710114,222418816,2025-08-16 16:45:23+00:00
1,1,158,45,85,0.0,1857.23,88.79999999999995,2.79,0.0,158,543710358,222417699,2025-08-16 16:45:26+00:00
1,1,158,45,85,13.38,1869.52,88.79999999999995,2.79,0.5,158,543710859,222415962,2025-08-16 16:45:30+00:00
1,1,159,45,87,13.38,1877.79,89.0,2.799,0.0,159,543711142,222414797,2025-08-16 16:45:33+00:00
1,1,160,45,86,12.77,1892.38,89.60000000000002,2.809,0.0,160,543711709,222412771,2025-08-16 16:45:38+00:00
1,1,160,45,87,0.0,1900.98,90.0,2.809,0.0,160,543712093,222411473,2025-08-16 16:45:41+00:00
1,1,160,45,86,0.0,1915.58,89.79999999999995,2.827,0.0,160,543712667,222409441,2025-08-16 16:45:46+00:00
1,1,159,45,87,13.57,1926.22,89.79999999999995,2.818,0.0,159,543713092,222407935,2025-08-16 16:45:50+00:00
1,2,159,45,87,14.06,1940.86,90.39999999999998,2.818,0.5,159,543713618,222405798,2025-08-16 16:45:55+00:00
1,2,159,45,88,0.0,1949.86,90.39999999999998,2.827,0.0,159,543713875,222404568,2025-08-16 16:45:58+00:00
1,2,159,45,87,0.0,1963.89,90.60000000000002,2.837,0.0,159,543714289,222402498,2025-08-16 16:46:03+00:00
1,2,159,45,87,0.0,1975.01,90.79999999999995,2.837,0.0,159,543714727,222400955,2025-08-16 16:46:07+00:00
1,1,160,45,87,13.69,1988.75,90.60000000000002,2.799,0.0,160,543715018,222398846,2025-08-16 16:46:12+00:00
1,1,160,45,85,0.0,2000.12,90.60000000000002,2.818,0.0,160,543715163,222397095,2025-08-16 16:46:16+00:00
1,2,159,45,85,0.0,2003.1,90.60000000000002,2.818,0.0,159,543715115,222396689,2025-08-16 16:46:17+00:00
1,1,160,45,86,0.0,2011.42,90.60000000000002,2.809,0.0,160,543715252,222395407,2025-08-16 16:46:20+00:00
1,1,160,45,88,0.0,2019.32,90.60000000000002,2.799,0.0,160,543715176,222394230,2025-08-16 16:46:23+00:00
1,1,160,45,86,15.63,2030.91,90.79999999999995,2.809,0.5,160,543715195,222392425,2025-08-16 16:46:27+00:00
1,1,161,45,86,13.05,2039.8,91.20000000000005,2.809,0.0,161,543715116,222391092,2025-08-16 16:46:30+00:00
1,1,161,45,87,0.0,2051.86,91.0,2.837,0.0,161,543715098,222389273,2025-08-16 16:46:34+00:00
1,1,162,45,88,0.0,2069.25,91.60000000000002,2.846,0.0,162,543715214,222386583,2025-08-16 16:46:40+00:00
1,1,162,45,87,0.0,2080.64,92.20000000000005,2.855,0.0,162,543715150,222384898,2025-08-16 16:46:44+00:00
1,1,162,45,87,0.0,2091.76,92.60000000000002,2.855,0.0,162,543715189,222383219,2025-08-16 16:46:48+00:00
1,2,163,45,87,0.0,2100.22,92.79999999999995,2.846,0.0,163,543715174,222381922,2025-08-16 16:46:51+00:00
1,2,162,45,87,0.0,2115.28,93.20000000000005,2.837,0.0,162,543715300,222379534,2025-08-16 16:46:56+00:00
1,2,162,45,87,0.0,2123.63,92.79999999999995,2.865,0.0,162,543715272,222378346,2025-08-16 16:46:59+00:00
1,2,163,45,85,0.0,2136.01,92.39999999999998,2.874,0.5,163,543715345,222376473,2025-08-16 16:47:03+00:00
1,2,163,45,87,0.0,2146.93,92.20000000000005,2.874,0.0,163,543715391,222374787,2025-08-16 16:47:07+00:00
1,2,163,45,86,0.0,2160.97,92.20000000000005,2.855,0.0,163,543715553,222372658,2025-08-16 16:47:12+00:00
1,1,163,45,87,0.0,2168.88,92.0,2.855,0.0,163,543715602,222371519,2025-08-16 16:47:15+00:00
1,1,163,45,86,0.0,2180.03,92.39999999999998,2.846,0.0,163,543715830,222369811,2025-08-16 16:47:19+00:00
1,1,162,45,87,0.0,2191.45,92.0,2.846,0.0,162,543715973,222368067,2025-08-16 16:47:23+00:00
1,1,161,45,87,0.0,2203.11,91.0,2.846,0.0,161,543715990,222366312,2025-08-16 16:47:27+00:00
1,1,161,45,86,0.0,2217.13,90.60000000000002,2.846,0.5,161,543716590,222364301,2025-08-16 16:47:32+00:00
1,1,161,45,88,1.0,2225.24,90.39999999999998,2.837,0.0,161,543716728,222363104,2025-08-16 16:47:35+00:00
1,1,161,45,86,0.0,2237.37,89.60000000000002,2.837,0.5,161,543717126,222361295,2025-08-16 16:47:39+00:00
1,2,162,45,88,0.0,2249.08,89.79999999999995,2.846,0.0,162,543717454,222359639,2025-08-16 16:47:43+00:00
1,2,162,45,86,11.88,2260.1,89.39999999999998,2.846,0.5,162,543717714,222357952,2025-08-16 16:47:47+00:00
1,1,164,45,86,0.0,2277.61,90.0,2.855,0.5,164,543718271,222355343,2025-08-16 16:47:53+00:00
1,1,165,45,88,0.0,2289.49,90.0,2.865,0.0,165,543718670,222353512,2025-08-16 16:47:57+00:00
1,0,164,45,86,0.0,2302.81,88.39999999999998,2.874,0.0,164,543718955,222351751,2025-08-16 16:48:01+00:00
1,0,165,45,86,0.0,2316.55,88.60000000000002,2.874,0.5,165,543719364,222349790,2025-08-16 16:48:06+00:00
1,0,166,45,86,0.0,2326.74,90.0,2.855,0.0,166,543719682,222348277,2025-08-16 16:48:10+00:00
1,1,165,45,86,0.0,2340.26,89.60000000000002,2.818,0.0,165,543719891,222346164,2025-08-16 16:48:15+00:00
1,1,165,45,87,0.0,2352.41,89.20000000000005,2.818,0.0,165,543720106,222344337,2025-08-16 16:48:19+00:00
1,1,164,45,87,0.0,2361.12,88.79999999999995,2.837,0.0,164,543720106,222343110,2025-08-16 16:48:22+00:00
1,1,164,45,88,0.0,2372.64,89.20000000000005,2.837,0.0,164,543720271,222341298,2025-08-16 16:48:26+00:00
1,1,163,45,87,0.0,2384.16,89.39999999999998,2.855,0.0,163,543720310,222339507,2025-08-16 16:48:30+00:00
1,1,164,45,87,0.0,2392.51,89.20000000000005,2.855,0.0,164,543720319,222338287,2025-08-16 16:48:33+00:00
1,1,164,45,87,0.0,2407.15,90.0,2.855,0.0,164,543720355,222336056,2025-08-16 16:48:38+00:00
1,1,164,45,87,0.0,2416.6,90.39999999999998,2.865,0.0,164,543720443,222334568,2025-08-16 16:48:41+00:00
1,1,164,45,87,0.0,2428.02,90.79999999999995,2.883,0.5,164,543720429,222332899,2025-08-16 16:48:45+00:00
1,1,163,45,88,0.0,2440.03,91.39999999999998,2.883,0.0,163,543720477,222331085,2025-08-16 16:48:49+00:00
1,1,163,45,87,0.0,2450.48,91.20000000000005,2.883,0.0,163,543720524,222329450,2025-08-16 16:48:53+00:00
1,1,162,45,88,0.0,2461.74,91.39999999999998,2.874,0.5,162,543720729,222327731,2025-08-16 16:48:57+00:00
1,1,163,45,88,0.0,2476.68,91.39999999999998,2.865,0.0,163,543720684,222325463,2025-08-16 16:49:02+00:00
1,1,163,45,88,0.0,2491.55,92.0,2.893,0.0,163,543720735,222323234,2025-08-16 16:49:07+00:00
1,2,162,45,86,0.0,2505.52,92.79999999999995,2.883,0.5,162,543720713,222321060,2025-08-16 16:49:12+00:00
1,2,163,45,86,653.57,2520.35,93.60000000000002,2.893,0.0,163,543720795,222318895,2025-08-16 16:49:17+00:00
1,2,164,45,86,655.11,2531.09,93.0,2.883,0.5,164,543720976,222317207,2025-08-16 16:49:21+00:00
1,2,164,45,86,0.0,2545.98,93.0,2.883,0.0,164,543721098,222314896,2025-08-16 16:49:26+00:00
1,2,163,45,87,0.0,2554.99,93.20000000000005,2.883,0.0,163,543721138,222313600,2025-08-16 16:49:29+00:00
1,1,163,45,87,0.0,2572.47,93.39999999999998,2.893,0.0,163,543721232,222310911,2025-08-16 16:49:35+00:00
1,2,163,45,87,15.58,2590.32,93.20000000000005,2.902,0.0,163,543721257,222308251,2025-08-16 16:49:41+00:00
1,2,164,45,89,0.0,2605.05,93.0,2.911,0.0,164,543721381,222305880,2025-08-16 16:49:46+00:00
1,2,164,45,88,18.08,2617.04,92.20000000000005,2.921,0.5,164,543721376,222304077,2025-08-16 16:49:50+00:00
1,1,165,45,89,16.62,2624.81,92.0,2.921,0.0,165,543721382,222302980,2025-08-16 16:49:53+00:00
1,1,165,45,86,17.45,2639.29,92.39999999999998,2.902,0.0,165,543721432,222300759,2025-08-16 16:49:58+00:00
1,1,166,44,86,18.23,2650.93,92.60000000000002,2.911,0.0,166,543721475,222298945,2025-08-16 16:50:02+00:00
1,1,165,44,86,17.29,2668.16,92.0,2.893,0.0,165,543721489,222296363,2025-08-16 16:50:08+00:00
1,2,164,44,86,0.0,2684.57,92.79999999999995,2.893,0.0,164,543721549,222293871,2025-08-16 16:50:14+00:00
1,1,164,44,87,0.0,2695.43,92.79999999999995,2.874,0.0,164,543721625,222292198,2025-08-16 16:50:18+00:00
1,1,164,44,87,17.78,2710.28,92.79999999999995,2.865,0.0,164,543721652,222289911,2025-08-16 16:50:23+00:00
1,1,164,44,87,16.87,2719.76,92.79999999999995,2.883,0.0,164,543721825,222288445,2025-08-16 16:50:26+00:00
1,1,164,44,87,18.52,2732.16,92.39999999999998,2.902,0.0,164,543721765,222286624,2025-08-16 16:50:30+00:00
1,1,166,44,88,0.0,2746.34,92.20000000000005,2.902,0.0,166,543721970,222284435,2025-08-16 16:50:35+00:00
1,1,166,44,86,0.0,2755.03,91.79999999999995,2.911,0.5,166,543721973,222283178,2025-08-16 16:50:38+00:00
1,1,166,44,87,0.0,2766.46,91.60000000000002,2.902,0.0,166,543721991,222281346,2025-08-16 16:50:42+00:00
1,1,165,44,86,0.0,2778.15,91.0,2.911,0.5,165,543722012,222279576,2025-08-16 16:50:46+00:00
1,1,165,44,87,0.0,2786.66,91.20000000000005,2.902,0.0,165,543721998,222278308,2025-08-16 16:50:49+00:00
1,1,165,44,86,0.0,2798.88,91.39999999999998,2.911,0.5,165,543722207,222276420,2025-08-16 16:50:53+00:00
1,1,166,44,88,0.0,2807.53,90.79999999999995,2.911,0.0,166,543722253,222275183,2025-08-16 16:50:56+00:00
1,1,165,44,86,0.0,2819.61,90.39999999999998,2.921,0.5,165,543722284,222273311,2025-08-16 16:51:00+00:00
1,1,165,44,87,0.0,2831.36,90.0,2.93,0.0,165,543722448,222271495,2025-08-16 16:51:04+00:00
1,1,166,44,86,0.0,2840.28,89.60000000000002,2.93,0.0,166,543722363,222270240,2025-08-16 16:51:07+00:00
1,2,166,44,88,13.12,2849.02,89.39999999999998,2.939,0.0,166,543722441,222268843,2025-08-16 16:51:10+00:00
1,2,166,44,87,12.21,2860.29,90.20000000000005,2.93,0.5,166,543722547,222267165,2025-08-16 16:51:14+00:00
1,1,165,44,88,0.0,2873.46,89.79999999999995,2.939,0.0,165,543722775,222265204,2025-08-16 16:51:18+00:00
1,1,165,44,86,0.0,2884.51,89.20000000000005,2.958,0.0,165,543722933,222263465,2025-08-16 16:51:22+00:00
1,1,165,44,86,0.0,2896.55,89.20000000000005,2.958,0.0,165,543723107,222261661,2025-08-16 16:51:26+00:00
1,1,166,44,86,0.0,2905.23,89.0,2.958,0.5,166,543723203,222260396,2025-08-16 16:51:29+00:00
1,1,165,44,87,13.69,2916.53,89.60000000000002,2.948,0.0,165,543723458,222258678,2025-08-16 16:51:33+00:00
1,1,166,44,87,12.5,2928.45,89.39999999999998,2.939,0.5,166,543723683,222256876,2025-08-16 16:51:37+00:00
1,1,166,44,87,13.18,2936.55,89.39999999999998,2.939,0.0,166,543723786,222255677,2025-08-16 16:51:40+00:00
1,1,166,44,86,12.06,2948.97,89.20000000000005,2.939,0.5,166,543724122,222253850,2025-08-16 16:51:44+00:00
1,1,166,44,87,12.5,2957.02,89.60000000000002,2.939,0.0,166,543724244,222252704,2025-08-16 16:51:47+00:00
1,1,165,44,87,11.6,2966.06,89.60000000000002,2.93,0.0,165,543724493,222251273,2025-08-16 16:51:50+00:00
1,1,164,44,88,0.0,2981.08,90.0,2.93,0.0,164,543724847,222249033,2025-08-16 16:51:55+00:00
1,1,163,44,87,0.0,2986.73,89.79999999999995,2.939,0.5,163,543725037,222248222,2025-08-16 16:51:57+00:00
1,1,163,44,87,0.0,2989.52,89.60000000000002,2.939,0.0,163,543725029,222247862,2025-08-16 16:51:58+00:00
1,1,163,44,88,0.0,3001.58,89.0,2.948,0.0,163,543725381,222246094,2025-08-16 16:52:02+00:00
1,1,163,44,87,0.0,3004.24,89.0,2.948,0.0,163,543725400,222245684,2025-08-16 16:52:03+00:00
1,1,163,44,86,0.0,3012.81,89.60000000000002,2.939,0.5,163,543725655,222244333,2025-08-16 16:52:06+00:00
1,1,163,44,86,0.0,3021.3,89.39999999999998,2.93,0.5,163,543725758,222243137,2025-08-16 16:52:09+00:00
1,1,164,44,87,0.0,3034.24,89.79999999999995,2.939,0.0,164,543726077,222241166,2025-08-16 16:52:13+00:00
1,1,164,44,87,0.0,3042.85,90.20000000000005,2.948,0.0,164,543726263,222239933,2025-08-16 16:52:16+00:00
1,1,166,44,87,0.0,3056.69,90.20000000000005,2.93,0.0,166,543726690,222237909,2025-08-16 16:52:21+00:00
1,1,166,44,87,0.0,3068.79,90.20000000000005,2.939,0.0,166,543726958,222236132,2025-08-16 16:52:25+00:00
1,1,167,44,88,0.0,3077.69,90.0,2.939,0.0,167,543727238,222234782,2025-08-16 16:52:28+00:00
1,1,167,44,86,0.0,3091.85,89.79999999999995,2.93,0.0,167,543727667,222232729,2025-08-16 16:52:33+00:00
1,1,168,44,87,0.0,3100.43,89.39999999999998,2.921,0.0,168,543727872,222231514,2025-08-16 16:52:36+00:00
1,1,168,44,86,0.0,3114.82,88.60000000000002,2.902,0.5,168,543728136,222229315,2025-08-16 16:52:41+00:00
1,1,168,44,86,0.0,3126.8,89.20000000000005,2.921,0.5,168,543728563,222227575,2025-08-16 16:52:45+00:00
1,1,169,44,87,0.0,3138.81,88.60000000000002,2.93,0.0,169,543728933,222225791,2025-08-16 16:52:49+00:00
1,1,168,44,87,0.0,3149.83,88.60000000000002,2.921,0.0,168,543729101,222224105,2025-08-16 16:52:53+00:00
1,1,167,44,87,0.0,3160.91,89.0,2.911,0.0,167,543729353,222222485,2025-08-16 16:52:57+00:00
1,1,168,44,86,0.0,3172.98,89.39999999999998,2.902,0.5,168,543729648,222220722,2025-08-16 16:53:01+00:00
1,0,167,44,87,0.0,3182.05,89.39999999999998,2.911,0.0,167,543729851,222219314,2025-08-16 16:53:04+00:00
1,1,167,44,87,0.0,3197.32,89.39999999999998,2.93,0.0,167,543730359,222217186,2025-08-16 16:53:09+00:00
1,1,167,44,87,0.0,3208.91,90.20000000000005,2.921,0.0,167,543730665,222215417,2025-08-16 16:53:13+00:00
1,1,166,44,87,0.0,3221.01,90.0,2.93,0.5,166,543730937,222213643,2025-08-16 16:53:17+00:00
1,1,166,44,87,0.0,3230.46,90.0,2.939,0.0,166,543731180,222212222,2025-08-16 16:53:20+00:00
1,1,166,44,87,0.0,3233.14,90.0,2.948,0.0,166,543731146,222211856,2025-08-16 16:53:21+00:00
1,1,167,44,87,0.0,3242.06,89.60000000000002,2.948,0.0,167,543731419,222210525,2025-08-16 16:53:24+00:00
1,1,167,44,87,0.0,3256.57,90.0,2.948,0.0,167,543731811,222208414,2025-08-16 16:53:29+00:00
1,1,167,44,87,0.0,3265.06,89.39999999999998,2.948,0.5,167,543731937,222207178,2025-08-16 16:53:32+00:00
1,1,167,44,87,0.0,3276.84,89.39999999999998,2.948,0.0,167,543732293,222205403,2025-08-16 16:53:36+00:00
1,1,167,44,88,0.0,3292.07,90.20000000000005,2.948,0.5,167,543732667,222203144,2025-08-16 16:53:41+00:00
1,1,167,44,87,0.0,3304.21,89.39999999999998,2.967,0.5,167,543732965,222201361,2025-08-16 16:53:45+00:00
1,2,167,44,88,0.0,3315.93,89.20000000000005,2.967,0.0,167,543733219,222199593,2025-08-16 16:53:49+00:00
1,2,167,44,88,0.0,3330.71,89.39999999999998,2.967,0.0,167,543733666,222197477,2025-08-16 16:53:54+00:00
1,2,167,44,89,0.0,3339.23,89.60000000000002,2.967,0.0,167,543733948,222196188,2025-08-16 16:53:57+00:00
1,2,167,44,87,0.0,3347.35,89.60000000000002,2.958,0.5,167,543734031,222194979,2025-08-16 16:54:00+00:00
1,1,167,44,89,0.0,3359.91,89.79999999999995,2.958,0.0,167,543734340,222193101,2025-08-16 16:54:04+00:00
1,1,168,44,86,0.0,3374.87,90.39999999999998,2.967,0.5,168,543734621,222190900,2025-08-16 16:54:09+00:00
1,1,168,44,86,0.0,3384.16,90.0,2.967,0.5,168,543734962,222189482,2025-08-16 16:54:12+00:00
1,1,167,44,87,0.0,3393.15,89.60000000000002,2.976,0.5,167,543735109,222188200,2025-08-16 16:54:15+00:00
1,1,169,44,88,0.0,3408.01,90.0,2.995,0.0,169,543735522,222186093,2025-08-16 16:54:20+00:00
1,1,169,44,88,0.0,3419.31,89.79999999999995,2.976,0.0,169,543735907,222184444,2025-08-16 16:54:24+00:00
1,1,170,44,87,0.0,3428.49,90.0,2.976,0.0,170,543736192,222183051,2025-08-16 16:54:27+00:00
1,1,170,44,87,0.0,3442.72,90.0,2.958,0.0,170,543736556,222180924,2025-08-16 16:54:32+00:00
1,1,170,44,87,0.0,3455.53,90.79999999999995,2.967,0.0,170,543736870,222179050,2025-08-16 16:54:36+00:00
1,1,170,44,88,0.0,3466.94,90.79999999999995,2.976,0.0,170,543737117,222177353,2025-08-16 16:54:40+00:00
1,1,170,44,86,0.0,3475.68,90.39999999999998,2.967,0.5,170,543737404,222176056,2025-08-16 16:54:43+00:00
1,1,170,44,87,0.0,3478.37,90.60000000000002,2.967,0.5,170,543737425,222175686,2025-08-16 16:54:44+00:00
1,1,170,44,88,0.0,3487.69,90.0,2.967,0.0,170,543737747,222174285,2025-08-16 16:54:47+00:00
1,2,169,44,87,0.0,3499.4,89.79999999999995,2.967,0.5,169,543737995,222172607,2025-08-16 16:54:51+00:00
1,2,169,44,88,11.44,3511.36,90.60000000000002,2.967,0.0,169,543738314,222170851,2025-08-16 16:54:55+00:00
1,2,169,44,87,12.06,3520.71,90.79999999999995,2.976,0.0,169,543738561,222169450,2025-08-16 16:54:58+00:00
1,2,169,44,88,12.5,3528.69,90.39999999999998,2.976,0.0,169,543738722,222168281,2025-08-16 16:55:01+00:00
1,2,168,44,87,0.0,3542.63,90.60000000000002,2.948,0.5,168,543739194,222166236,2025-08-16 16:55:06+00:00
1,2,168,44,88,13.94,3554.53,91.20000000000005,2.939,0.0,168,543739530,222164510,2025-08-16 16:55:10+00:00
1,2,169,44,88,12.21,3566.83,91.20000000000005,2.948,0.5,169,543739842,222162606,2025-08-16 16:55:14+00:00
1,1,169,44,86,13.44,3578.4,90.79999999999995,2.967,0.5,169,543740114,222160927,2025-08-16 16:55:18+00:00
1,1,169,44,88,0.0,3589.88,90.39999999999998,2.948,0.0,169,543740397,222159235,2025-08-16 16:55:22+00:00
1,1,169,44,88,0.0,3604.59,90.0,2.939,0.0,169,543740795,222157101,2025-08-16 16:55:27+00:00
1,1,170,44,88,0.0,3619.27,89.79999999999995,2.939,0.0,170,543741165,222154908,2025-08-16 16:55:32+00:00
1,1,169,44,88,0.0,3628.7,89.0,2.939,0.0,169,543741469,222153497,2025-08-16 16:55:35+00:00
1,1,169,44,88,0.0,3631.43,89.0,2.939,0.0,169,543741513,222153146,2025-08-16 16:55:36+00:00
1,1,170,44,86,13.82,3643.93,88.79999999999995,2.958,0.5,170,543741891,222151295,2025-08-16 16:55:40+00:00
1,1,170,44,88,13.31,3655.95,89.39999999999998,2.967,0.0,170,543742347,222149570,2025-08-16 16:55:44+00:00
1,1,171,44,88,13.05,3658.79,89.39999999999998,2.967,0.0,171,543742316,222149145,2025-08-16 16:55:45+00:00
1,2,170,44,86,11.76,3668.38,89.0,2.967,0.5,170,543742582,222147694,2025-08-16 16:55:48+00:00
1,1,171,44,86,0.0,3683.02,89.39999999999998,2.976,0.5,171,543742982,222145511,2025-08-16 16:55:53+00:00
1,1,171,44,87,0.0,3691.44,89.20000000000005,2.967,0.0,171,543743165,222144314,2025-08-16 16:55:56+00:00
1,1,170,44,87,13.57,3700.65,89.20000000000005,2.967,0.0,170,543743403,222142918,2025-08-16 16:55:59+00:00
1,1,170,43,87,13.18,3712.04,89.20000000000005,2.967,0.5,170,543743679,222141224,2025-08-16 16:56:03+00:00
1,1,170,43,88,13.94,3723.56,89.60000000000002,2.958,0.0,170,543743975,222139544,2025-08-16 16:56:07+00:00
1,1,169,43,88,12.64,3735.12,89.60000000000002,2.948,0.0,169,543744282,222137857,2025-08-16 16:56:11+00:00
1,1,169,43,88,12.35,3747.32,89.39999999999998,2.948,0.0,169,543744531,222136007,2025-08-16 16:56:15+00:00
1,2,169,43,87,0.0,3761.81,89.60000000000002,2.948,0.0,169,543744874,222133901,2025-08-16 16:56:20+00:00
1,5,168,43,87,0.0,3773.23,90.60000000000002,2.948,0.0,168,543745085,222132217,2025-08-16 16:56:24+00:00
1,3,169,43,88,14.06,3782.16,90.79999999999995,2.939,0.0,169,543745351,222130828,2025-08-16 16:56:27+00:00
1,2,169,43,88,12.21,3799.2,90.79999999999995,2.93,0.5,169,543745670,222128330,2025-08-16 16:56:33+00:00
1,2,169,43,88,13.44,3808.03,90.79999999999995,2.93,0.0,169,543745930,222126959,2025-08-16 16:56:36+00:00
1,2,168,43,87,11.6,3816.75,90.60000000000002,2.93,0.5,168,543745899,222125637,2025-08-16 16:56:39+00:00
1,1,168,43,86,15.07,3832.32,91.60000000000002,2.948,0.5,168,543745880,222123331,2025-08-16 16:56:44+00:00
1,1,169,43,87,0.0,3843.75,91.0,2.939,0.0,169,543745768,222121573,2025-08-16 16:56:48+00:00
1,1,168,43,87,14.61,3858.26,90.79999999999995,2.948,0.0,168,543745425,222119450,2025-08-16 16:56:53+00:00
1,1,169,43,87,0.0,3873.0,91.79999999999995,2.939,0.0,169,543744887,222117275,2025-08-16 16:56:58+00:00
1,1,168,43,87,0.0,3883.63,92.39999999999998,2.911,0.0,168,543744287,222115903,2025-08-16 16:57:02+00:00
1,1,169,43,86,0.0,3896.54,93.39999999999998,2.902,0.5,169,543743576,222114270,2025-08-16 16:57:06+00:00
1,1,169,43,88,0.0,3906.3,93.60000000000002,2.93,0.5,169,543743025,222112935,2025-08-16 16:57:09+00:00
1,1,169,43,88,0.0,3914.85,93.60000000000002,2.948,0.0,169,543742458,222112017,2025-08-16 16:57:12+00:00
1,1,169,43,88,0.0,3925.85,94.60000000000002,2.93,0.5,169,543741826,222110530,2025-08-16 16:57:16+00:00
1,1,169,43,88,0.0,3938.16,96.20000000000005,2.93,0.5,169,543741107,222108980,2025-08-16 16:57:20+00:00
1,1,169,43,87,0.0,3946.33,95.79999999999995,2.93,0.0,169,543740560,222108002,2025-08-16 16:57:23+00:00
1,1,168,43,87,0.0,3955.69,95.39999999999998,2.93,0.0,168,543740008,222106797,2025-08-16 16:57:26+00:00
1,1,169,43,88,0.0,3971.31,95.60000000000002,2.948,0.0,169,543739144,222104825,2025-08-16 16:57:31+00:00
1,1,169,43,88,0.0,3979.08,95.39999999999998,2.948,0.0,169,543738689,222103858,2025-08-16 16:57:34+00:00
1,1,169,43,88,10.1,3987.7,96.20000000000005,2.939,0.0,169,543738096,222102777,2025-08-16 16:57:37+00:00
1,1,170,43,87,0.0,4003.41,96.79999999999995,2.939,0.0,170,543737298,222100660,2025-08-16 16:57:42+00:00
1,1,169,43,87,0.0,4006.65,96.79999999999995,2.939,0.0,169,543737054,222100326,2025-08-16 16:57:43+00:00
1,1,170,43,88,0.0,4015.29,96.60000000000002,2.967,0.0,170,543736492,222099233,2025-08-16 16:57:46+00:00
1,1,170,43,88,13.01,4027.22,96.0,2.967,0.0,170,543735752,222097802,2025-08-16 16:57:50+00:00
1,1,171,43,89,12.65,4041.71,97.0,2.948,0.0,171,543734963,222095838,2025-08-16 16:57:55+00:00
1,2,170,43,87,13.9,4050.68,97.39999999999998,2.958,0.5,170,543734335,222094893,2025-08-16 16:57:58+00:00
1,2,170,43,88,13.46,4059.52,97.20000000000005,2.958,0.0,170,543733720,222093761,2025-08-16 16:58:01+00:00
1,1,171,43,88,14.21,4067.98,96.60000000000002,2.958,0.0,171,543733166,222092772,2025-08-16 16:58:04+00:00
1,2,171,43,88,11.33,4082.2,95.79999999999995,2.939,0.0,171,543732252,222091077,2025-08-16 16:58:09+00:00
1,2,171,43,87,13.9,4091.62,96.0,2.93,0.0,171,543731603,222089893,2025-08-16 16:58:12+00:00
1,2,170,43,89,13.12,4099.83,96.0,2.939,0.0,170,543731012,222089047,2025-08-16 16:58:15+00:00
1,2,170,43,88,12.89,4108.84,95.60000000000002,2.93,0.0,170,543730374,222087935,2025-08-16 16:58:18+00:00
1,1,170,43,89,11.19,4124.29,95.0,2.948,0.0,170,543729403,222086074,2025-08-16 16:58:23+00:00
1,1,170,43,87,13.12,4135.9,96.0,2.958,0.5,170,543728580,222084818,2025-08-16 16:58:27+00:00
1,1,170,43,89,12.65,4143.6,96.20000000000005,2.948,0.0,170,543727924,222084064,2025-08-16 16:58:30+00:00
1,2,169,43,87,15.88,4152.26,96.20000000000005,2.948,0.5,169,543727219,222083141,2025-08-16 16:58:33+00:00
1,2,170,43,88,15.88,4169.97,96.0,2.939,0.0,170,543725809,222081398,2025-08-16 16:58:39+00:00
1,2,170,43,88,16.61,4179.24,96.0,2.939,0.5,170,543725072,222080434,2025-08-16 16:58:42+00:00
1,2,170,43,88,13.9,4186.61,96.0,2.939,0.5,170,543724284,222080135,2025-08-16 16:58:45+00:00
1,2,170,43,87,14.41,4198.35,95.79999999999995,2.911,0.5,170,543723043,222079728,2025-08-16 16:58:49+00:00
1,1,171,43,87,15.62,4215.62,96.39999999999998,2.902,0.5,171,543721256,222079150,2025-08-16 16:58:55+00:00
1,1,171,43,89,16.12,4226.85,96.20000000000005,2.902,0.0,171,543720033,222078869,2025-08-16 16:58:59+00:00
1,1,170,42,88,17.06,4236.11,95.79999999999995,2.893,0.0,170,543719076,222078795,2025-08-16 16:59:02+00:00
1,1,170,42,89,17.35,4251.35,94.39999999999998,2.911,0.0,170,543717480,222078384,2025-08-16 16:59:07+00:00
1,2,171,42,87,14.21,4262.74,95.0,2.921,0.0,171,543716329,222078087,2025-08-16 16:59:11+00:00
1,2,170,42,88,13.12,4271.29,94.60000000000002,2.893,0.0,170,543715352,222077799,2025-08-16 16:59:14+00:00
1,1,171,42,86,19.03,4285.99,94.39999999999998,2.902,0.0,171,543713832,222077433,2025-08-16 16:59:19+00:00
1,2,170,42,88,18.54,4297.68,95.0,2.893,0.0,170,543712590,222076982,2025-08-16 16:59:23+00:00
1,1,171,42,88,18.1,4306.86,95.20000000000005,2.921,0.5,171,543711552,222076828,2025-08-16 16:59:26+00:00
1,1,171,42,88,21.06,4310.98,94.39999999999998,2.939,0.5,171,543711034,222077060,2025-08-16 16:59:28+00:00
1,1,171,42,86,18.66,4313.66,93.79999999999995,2.921,0.0,171,543711438,222077216,2025-08-16 16:59:30+00:00
1,1,171,42,84,0.0,4328.14,93.39999999999998,2.893,0.5,171,543712995,222077323,2025-08-16 16:59:35+00:00
1,1,171,42,86,13.35,4343.14,92.60000000000002,2.958,0.0,171,543714573,222077783,2025-08-16 16:59:40+00:00
1,1,171,42,87,18.87,4355.55,93.20000000000005,2.939,0.0,171,543715850,222078041,2025-08-16 16:59:44+00:00
1,1,171,42,87,21.95,4366.67,92.79999999999995,2.893,0.5,171,543717009,222078269,2025-08-16 16:59:48+00:00
1,1,171,42,88,19.0,4379.44,92.60000000000002,2.706,0.0,171,543718425,222078603,2025-08-16 16:59:53+00:00
1,1,172,42,88,0.42,4390.57,92.20000000000005,2.818,0.0,172,543719599,222078751,2025-08-16 16:59:57+00:00
1,1,170,42,88,20.49,4408.42,91.79999999999995,2.865,0.0,170,543721421,222079308,2025-08-16 17:00:03+00:00
1,1,171,42,87,19.33,4420.41,92.0,2.855,0.0,171,543722652,222079718,2025-08-16 17:00:07+00:00
1,1,171,42,88,20.54,4434.2,92.0,2.865,0.0,171,543724111,222080212,2025-08-16 17:00:12+00:00
1,1,171,42,87,18.08,4448.31,93.79999999999995,2.855,0.0,171,543725534,222081125,2025-08-16 17:00:17+00:00
1,2,171,42,87,20.49,4460.44,93.60000000000002,2.855,0.5,171,543726545,222082144,2025-08-16 17:00:21+00:00
1,2,170,42,87,19.4,4473.9,93.60000000000002,2.855,0.0,170,543727603,222083578,2025-08-16 17:00:26+00:00
1,2,170,42,87,0.0,4485.82,93.60000000000002,2.837,0.5,170,543728563,222084849,2025-08-16 17:00:30+00:00
1,2,170,42,88,0.0,4498.97,93.39999999999998,2.865,0.0,170,543729534,222086209,2025-08-16 17:00:34+00:00
1,1,170,42,87,0.0,4512.87,95.0,2.893,0.0,170,543730480,222087854,2025-08-16 17:00:39+00:00
1,1,171,42,87,0.0,4521.65,94.60000000000002,2.883,0.0,171,543731135,222088797,2025-08-16 17:00:42+00:00
1,1,170,42,87,17.54,4535.5,95.0,2.883,0.0,170,543732121,222090406,2025-08-16 17:00:47+00:00
1,1,170,42,87,0.0,4545.03,95.39999999999998,2.893,0.0,170,543732826,222091503,2025-08-16 17:00:50+00:00
1,1,169,42,88,0.0,4556.09,95.0,2.893,0.0,169,543733584,222092809,2025-08-16 17:00:54+00:00
1,1,169,42,87,17.93,4571.18,95.79999999999995,2.902,0.5,169,543734490,222094664,2025-08-16 17:00:59+00:00
1,1,169,42,88,18.87,4581.74,96.0,2.902,0.0,169,543735264,222095889,2025-08-16 17:01:03+00:00
1,2,169,42,87,0.0,4597.15,96.79999999999995,2.893,0.0,169,543736178,222097857,2025-08-16 17:01:08+00:00
1,1,170,42,87,20.71,4609.08,96.79999999999995,2.902,0.0,170,543736924,222099240,2025-08-16 17:01:12+00:00
1,1,172,42,88,0.0,4620.86,96.60000000000002,2.911,0.0,172,543737615,222100752,2025-08-16 17:01:16+00:00
1,1,171,42,87,18.23,4635.99,96.79999999999995,2.911,0.0,171,543738568,222102663,2025-08-16 17:01:21+00:00
1,1,172,42,88,0.0,4645.25,96.39999999999998,2.93,0.0,172,543739112,222103775,2025-08-16 17:01:24+00:00
1,2,172,42,87,0.0,4659.38,95.60000000000002,2.948,0.0,172,543739794,222105681,2025-08-16 17:01:29+00:00
1,2,171,42,89,0.0,4670.04,96.0,2.893,0.5,171,543740505,222106984,2025-08-16 17:01:33+00:00
1,2,171,42,88,0.0,4678.4,95.39999999999998,2.893,0.0,171,543741130,222107982,2025-08-16 17:01:36+00:00
1,5,170,42,88,0.0,4690.14,94.39999999999998,2.883,0.0,170,543741734,222109565,2025-08-16 17:01:40+00:00
1,3,171,42,88,25.22,4704.23,94.60000000000002,2.883,0.0,171,543742530,222111388,2025-08-16 17:01:45+00:00
1,2,170,42,87,0.0,4713.39,94.60000000000002,2.883,0.0,170,543743028,222112533,2025-08-16 17:01:48+00:00
1,2,170,42,88,16.25,4725.24,94.60000000000002,2.902,0.5,170,543743699,222114174,2025-08-16 17:01:52+00:00
1,1,170,42,86,0.0,4737.87,94.39999999999998,2.911,0.5,170,543744476,222115716,2025-08-16 17:01:56+00:00
1,1,169,42,88,17.29,4749.57,93.79999999999995,2.93,0.0,169,543745147,222117229,2025-08-16 17:02:00+00:00
1,1,171,42,87,0.0,4763.46,95.0,2.921,0.5,171,543745749,222119177,2025-08-16 17:02:05+00:00
1,1,171,42,88,0.0,4772.93,95.79999999999995,2.921,0.0,171,543746038,222120508,2025-08-16 17:02:08+00:00
1,1,170,42,86,0.0,4781.75,95.79999999999995,2.93,0.5,170,543746166,222121856,2025-08-16 17:02:11+00:00
1,1,170,42,88,0.0,4793.07,95.79999999999995,2.93,0.0,170,543746374,222123524,2025-08-16 17:02:15+00:00
1,1,170,42,88,19.4,4808.05,96.79999999999995,2.939,0.0,170,543746355,222125808,2025-08-16 17:02:20+00:00
1,1,170,42,88,0.0,4819.17,96.79999999999995,2.93,0.0,170,543746214,222127447,2025-08-16 17:02:24+00:00
1,1,170,42,86,20.54,4833.97,97.0,2.93,0.0,170,543745890,222129681,2025-08-16 17:02:29+00:00
1,1,170,42,87,20.08,4845.17,97.0,2.921,0.0,170,543745560,222131360,2025-08-16 17:02:33+00:00
1,1,171,42,88,19.65,4859.53,96.79999999999995,2.911,0.0,171,543745160,222133496,2025-08-16 17:02:38+00:00
1,1,172,42,87,19.53,4874.71,95.79999999999995,2.93,0.0,172,543744673,222135660,2025-08-16 17:02:43+00:00
1,1,173,42,87,21.04,4887.11,95.20000000000005,2.939,0.5,173,543744351,222137495,2025-08-16 17:02:47+00:00
1,1,173,42,88,15.48,4898.98,94.79999999999995,2.948,0.0,173,543744161,222139240,2025-08-16 17:02:51+00:00
1,1,172,42,87,19.07,4910.1,95.0,2.939,0.0,172,543743770,222140853,2025-08-16 17:02:55+00:00
1,1,172,41,88,17.93,4927.21,95.0,2.939,0.0,172,543743366,222143382,2025-08-16 17:03:01+00:00
1,1,172,41,87,0.0,4944.21,95.20000000000005,2.921,0.0,172,543742856,222145901,2025-08-16 17:03:07+00:00
1,1,172,41,87,16.7,4954.98,95.79999999999995,2.911,0.5,172,543742603,222147553,2025-08-16 17:03:11+00:00
1,1,172,41,88,18.45,4972.89,95.79999999999995,2.902,0.0,172,543742106,222150192,2025-08-16 17:03:17+00:00
1,2,172,41,88,17.37,4984.36,94.79999999999995,2.902,0.0,172,543741802,222151814,2025-08-16 17:03:21+00:00
1,1,172,41,87,17.54,4997.88,94.60000000000002,2.893,0.5,172,543741474,222153867,2025-08-16 17:03:26+00:00
1,2,171,41,88,0.0,5003.51,94.20000000000005,2.883,0.0,171,543741330,222154673,2025-08-16 17:03:28+00:00
1,1,172,41,88,0.0,5012.47,94.39999999999998,2.874,0.0,172,543741049,222156039,2025-08-16 17:03:31+00:00
1,2,172,41,89,0.0,5027.7,94.20000000000005,2.893,0.0,172,543740755,222158210,2025-08-16 17:03:36+00:00
1,2,170,41,87,0.0,5037.78,94.60000000000002,2.827,0.5,170,543740467,222159759,2025-08-16 17:03:40+00:00
1,1,171,41,87,0.0,5054.97,94.39999999999998,2.818,0.5,171,543739950,222162274,2025-08-16 17:03:46+00:00
1,1,170,41,87,0.0,5066.36,94.0,2.79,0.0,170,543739624,222164001,2025-08-16 17:03:50+00:00
1,1,170,41,87,0.0,5078.07,93.20000000000005,2.827,0.5,170,543739316,222165724,2025-08-16 17:03:54+00:00
1,1,170,41,87,0.0,5093.54,93.60000000000002,2.865,0.0,170,543739034,222168038,2025-08-16 17:03:59+00:00
1,1,170,41,87,0.0,5105.6,94.20000000000005,2.874,0.0,170,543738763,222169831,2025-08-16 17:04:03+00:00
1,1,171,41,87,0.22,5121.18,94.0,2.902,0.5,171,543738270,222172026,2025-08-16 17:04:08+00:00
1,1,172,41,87,0.0,5134.91,93.39999999999998,2.902,0.0,172,543737884,222174048,2025-08-16 17:04:13+00:00
1,1,171,41,88,0.0,5149.38,92.79999999999995,2.893,0.0,171,543737470,222176183,2025-08-16 17:04:18+00:00
1,1,170,41,86,0.0,5160.68,93.20000000000005,2.902,0.5,170,543737183,222177878,2025-08-16 17:04:22+00:00
1,0,172,41,88,0.0,5172.27,93.20000000000005,2.902,0.0,172,543736827,222179576,2025-08-16 17:04:26+00:00
1,1,171,41,88,0.0,5187.0,92.39999999999998,2.893,0.0,171,543736546,222181802,2025-08-16 17:04:31+00:00
1,1,171,41,87,0.0,5201.15,93.20000000000005,2.902,0.0,171,543736183,222183912,2025-08-16 17:04:36+00:00
1,1,171,41,87,0.0,5215.93,94.20000000000005,2.902,0.0,171,543735764,222186107,2025-08-16 17:04:41+00:00
1,1,171,41,86,13.94,5227.62,94.39999999999998,2.893,0.0,171,543735490,222187801,2025-08-16 17:04:45+00:00
1,1,170,41,87,0.0,5241.65,94.60000000000002,2.893,0.0,170,543735130,222189970,2025-08-16 17:04:50+00:00
1,1,172,41,88,0.0,5255.73,95.60000000000002,2.883,0.0,172,543734709,222191973,2025-08-16 17:04:55+00:00
1,1,171,41,87,0.0,5269.6,95.20000000000005,2.874,0.0,171,543734380,222194010,2025-08-16 17:05:00+00:00
1,0,173,41,87,0.0,5281.94,95.60000000000002,2.874,0.0,173,543734070,222195871,2025-08-16 17:05:04+00:00
1,1,172,41,87,0.0,5299.04,95.79999999999995,2.874,0.0,172,543733672,222198398,2025-08-16 17:05:10+00:00
1,2,170,41,87,0.0,5306.29,95.39999999999998,2.865,0.0,170,543733559,222199501,2025-08-16 17:05:13+00:00
1,2,169,41,87,0.0,5323.44,95.39999999999998,2.846,0.0,169,543733108,222202076,2025-08-16 17:05:19+00:00
1,2,169,41,87,0.0,5335.42,95.39999999999998,2.855,0.0,169,543732809,222203834,2025-08-16 17:05:23+00:00
1,2,170,41,87,0.0,5353.0,95.79999999999995,2.855,0.0,170,543732325,222206354,2025-08-16 17:05:29+00:00
1,2,170,41,86,0.0,5366.54,95.39999999999998,2.846,0.5,170,543731968,222208396,2025-08-16 17:05:34+00:00
1,2,171,41,88,0.0,5380.99,94.79999999999995,2.846,0.0,171,543731596,222210594,2025-08-16 17:05:39+00:00
1,2,172,41,88,0.0,5392.54,94.39999999999998,2.846,0.0,172,543731278,222212264,2025-08-16 17:05:43+00:00
1,2,171,41,87,0.0,5410.06,94.60000000000002,2.855,0.0,171,543730859,222214849,2025-08-16 17:05:49+00:00
1,4,172,41,87,0.0,5421.33,94.60000000000002,2.865,0.0,172,543730562,222216553,2025-08-16 17:05:53+00:00
1,2,172,41,88,0.0,5438.98,94.60000000000002,2.855,0.0,172,543730177,222219179,2025-08-16 17:05:59+00:00
1,2,172,41,87,0.0,5452.98,94.79999999999995,2.865,0.0,172,543729707,222221205,2025-08-16 17:06:04+00:00
1,4,173,41,86,0.0,5470.48,95.20000000000005,2.865,0.0,173,543729341,222223840,2025-08-16 17:06:10+00:00
1,1,171,41,87,0.0,5484.9,95.20000000000005,2.865,0.5,171,543729063,222226030,2025-08-16 17:06:15+00:00
1,1,172,41,86,0.0,5497.12,95.39999999999998,2.874,0.0,172,543728758,222227810,2025-08-16 17:06:19+00:00
1,2,173,41,86,20.98,5511.85,95.60000000000002,2.893,0.0,173,543728371,222229967,2025-08-16 17:06:24+00:00
1,2,173,41,87,0.0,5523.03,95.60000000000002,2.893,0.0,173,543728049,222231642,2025-08-16 17:06:28+00:00
1,2,173,41,87,0.0,5538.95,94.60000000000002,2.911,0.0,173,543727518,222233875,2025-08-16 17:06:33+00:00
1,2,173,41,87,0.0,5549.9,94.39999999999998,2.921,0.5,173,543727213,222235555,2025-08-16 17:06:37+00:00
1,2,173,41,86,0.0,5564.01,94.60000000000002,2.911,0.0,173,543726916,222237667,2025-08-16 17:06:42+00:00
1,17,172,41,85,0.0,5575.61,94.79999999999995,2.902,0.0,172,543726765,222239396,2025-08-16 17:06:46+00:00
1,19,172,41,88,0.0,5590.06,94.79999999999995,2.902,0.0,172,543726421,222241568,2025-08-16 17:06:51+00:00
1,20,171,41,87,0.0,5601.54,94.20000000000005,2.911,0.5,171,543726119,222243265,2025-08-16 17:06:55+00:00
1,12,172,41,88,0.0,5612.3,94.39999999999998,2.883,0.0,172,543725869,222244899,2025-08-16 17:06:59+00:00
1,7,173,41,88,0.0,5626.97,94.39999999999998,2.874,0.5,173,543725491,222247078,2025-08-16 17:07:04+00:00
1,9,172,41,86,0.0,5639.05,94.39999999999998,2.874,0.5,172,543725168,222248878,2025-08-16 17:07:08+00:00
1,9,173,41,87,0.0,5650.95,95.0,2.902,0.0,173,543724833,222250630,2025-08-16 17:07:12+00:00
1,3,174,41,86,0.0,5663.17,94.60000000000002,2.911,0.5,174,543724529,222252374,2025-08-16 17:07:16+00:00
1,3,174,41,87,0.0,5676.49,95.39999999999998,2.893,0.0,174,543724290,222254463,2025-08-16 17:07:21+00:00
1,4,175,41,88,0.0,5688.8,95.60000000000002,2.911,0.0,175,543724010,222256215,2025-08-16 17:07:25+00:00
1,8,174,41,87,0.0,5699.85,96.60000000000002,2.902,0.0,174,543723746,222257860,2025-08-16 17:07:29+00:00
1,9,175,41,87,0.0,5711.53,97.39999999999998,2.902,0.0,175,543723451,222259628,2025-08-16 17:07:33+00:00
1,16,175,41,87,0.0,5728.11,97.0,2.893,0.0,175,543723245,222262192,2025-08-16 17:07:39+00:00
1,16,175,41,87,0.0,5740.44,96.79999999999995,2.883,0.0,175,543723146,222264042,2025-08-16 17:07:43+00:00
1,16,175,41,88,18.87,5757.6,97.0,2.893,0.0,175,543722979,222266591,2025-08-16 17:07:49+00:00
1,16,175,41,87,20.14,5771.68,97.0,2.893,0.0,175,543722923,222268718,2025-08-16 17:07:54+00:00
1,16,175,41,87,19.7,5783.07,97.39999999999998,2.855,0.0,175,543722858,222270504,2025-08-16 17:07:58+00:00
1,14,175,41,88,20.26,5795.29,97.39999999999998,2.893,0.0,175,543722783,222272351,2025-08-16 17:08:02+00:00
1,2,176,41,87,23.07,5810.18,96.39999999999998,2.911,0.0,176,543722599,222274595,2025-08-16 17:08:07+00:00
1,1,174,41,87,20.14,5824.76,96.60000000000002,2.902,0.0,174,543722492,222276881,2025-08-16 17:08:12+00:00
1,1,173,41,87,21.55,5836.34,96.60000000000002,2.911,0.5,173,543722420,222278586,2025-08-16 17:08:16+00:00
1,1,172,41,87,20.08,5853.87,97.0,2.911,0.5,172,543722383,222281298,2025-08-16 17:08:22+00:00
1,1,173,41,87,23.68,5869.41,96.39999999999998,2.921,0.0,173,543722375,222283679,2025-08-16 17:08:27+00:00
1,1,173,41,88,22.41,5883.45,96.39999999999998,2.939,0.0,173,543722249,222285796,2025-08-16 17:08:32+00:00
1,1,173,41,87,0.0,5900.55,96.20000000000005,2.921,0.0,173,543722229,222288349,2025-08-16 17:08:38+00:00
1,1,172,41,87,21.19,5911.52,97.0,2.911,0.0,172,543722131,222290035,2025-08-16 17:08:42+00:00
1,1,172,41,88,23.87,5925.61,97.20000000000005,2.893,0.0,172,543722028,222292213,2025-08-16 17:08:47+00:00
1,1,172,41,87,21.19,5941.05,97.79999999999995,2.902,0.5,172,543721905,222294573,2025-08-16 17:08:52+00:00
1,10,173,41,87,0.0,5956.76,97.0,2.921,0.0,173,543721869,222296945,2025-08-16 17:08:57+00:00
1,15,172,40,87,0.0,5967.8,96.60000000000002,2.921,0.0,172,543721853,222298613,2025-08-16 17:09:01+00:00
1,17,172,40,86,0.0,5979.58,96.60000000000002,2.911,0.0,172,543721745,222300448,2025-08-16 17:09:05+00:00
1,9,173,40,86,0.0,5994.7,96.20000000000005,2.93,0.0,173,543721585,222302734,2025-08-16 17:09:10+00:00
1,9,173,40,86,0.0,6003.46,96.39999999999998,2.93,0.0,173,543721646,222304052,2025-08-16 17:09:13+00:00
1,5,174,40,86,14.18,6006.52,96.39999999999998,2.93,0.0,174,543721637,222304503,2025-08-16 17:09:14+00:00
1,5,174,40,87,0.0,6014.68,96.79999999999995,2.911,0.0,174,543721490,222305690,2025-08-16 17:09:19+00:00
1,3,171,40,66,14.06,6020.96,95.79999999999995,1.969,0.5,171,543721387,222306684,2025-08-16 17:09:24+00:00
1,1,169,40,0,0.0,6027.96,96.39999999999998,0.961,0.0,169,543721291,222307787,2025-08-16 17:09:31+00:00
1,1,167,40,58,0.0,6040.95,95.79999999999995,1.241,0.5,167,543721192,222309742,2025-08-16 17:09:41+00:00
1,2,165,40,56,0.0,6049.34,95.39999999999998,1.278,0.5,165,543721176,222311040,2025-08-16 17:09:48+00:00
1,1,162,40,57,1.8,6052.71,95.39999999999998,1.269,0.0,162,543721139,222311566,2025-08-16 17:09:51+00:00
1,5,160,40,57,0.12,6057.55,94.60000000000002,1.222,0.0,160,543721156,222312262,2025-08-16 17:09:55+00:00
1,1,156,40,56,33.12,6061.99,93.79999999999995,1.25,0.5,156,543721228,222312969,2025-08-16 17:09:59+00:00
1,1,154,40,55,30.45,6064.06,93.79999999999995,1.241,0.5,154,543721202,222313262,2025-08-16 17:10:01+00:00
1,1,151,40,55,33.39,6073.83,94.39999999999998,1.213,0.5,151,543721038,222314734,2025-08-16 17:10:09+00:00
1,1,151,40,55,32.43,6075.33,94.39999999999998,1.213,0.5,151,543721027,222314998,2025-08-16 17:10:10+00:00
1,1,149,40,55,13.18,6088.92,94.39999999999998,1.306,0.5,149,543721032,222317080,2025-08-16 17:10:16+00:00
1,1,149,40,84,14.74,6105.16,93.60000000000002,2.631,0.5,149,543720906,222319551,2025-08-16 17:10:22+00:00
1,0,150,40,85,13.94,6113.37,93.20000000000005,2.547,0.0,150,543720902,222320791,2025-08-16 17:10:25+00:00
1,1,151,40,85,12.21,6126.6,93.79999999999995,2.622,0.0,151,543720888,222322808,2025-08-16 17:10:30+00:00
1,1,151,40,86,10.42,6137.79,93.39999999999998,2.65,0.5,151,543720782,222324546,2025-08-16 17:10:34+00:00
1,1,153,40,85,0.0,6148.9,94.0,2.659,0.0,153,543720771,222326230,2025-08-16 17:10:38+00:00
1,1,156,40,87,0.0,6163.8,94.0,2.697,0.0,156,543720736,222328507,2025-08-16 17:10:43+00:00
1,1,156,40,86,0.0,6171.98,93.39999999999998,2.771,0.0,156,543720772,222329687,2025-08-16 17:10:46+00:00
1,1,159,40,85,0.0,6185.15,93.20000000000005,2.715,0.5,159,543720633,222331703,2025-08-16 17:10:51+00:00
1,1,159,40,86,0.0,6188.12,93.39999999999998,2.706,0.0,159,543720570,222332188,2025-08-16 17:10:52+00:00
1,1,160,40,87,0.0,6198.55,93.0,2.715,0.0,160,543720598,222333771,2025-08-16 17:10:56+00:00
1,2,161,40,86,0.0,6212.28,92.79999999999995,2.697,0.0,161,543720566,222335926,2025-08-16 17:11:01+00:00
1,3,162,40,87,0.0,6223.85,92.60000000000002,2.734,0.0,162,543720644,222337649,2025-08-16 17:11:05+00:00
1,5,163,40,87,0.0,6237.55,93.60000000000002,2.753,0.0,163,543720541,222339685,2025-08-16 17:11:10+00:00
1,3,165,40,87,0.0,6254.67,93.79999999999995,2.753,0.0,165,543720301,222342247,2025-08-16 17:11:16+00:00
1,2,166,40,86,0.0,6265.84,93.20000000000005,2.771,0.5,166,543720163,222344009,2025-08-16 17:11:20+00:00
1,3,168,40,86,0.0,6283.4,93.60000000000002,2.809,0.0,168,543719852,222346639,2025-08-16 17:11:26+00:00
1,2,169,40,87,0.0,6294.5,93.60000000000002,2.818,0.0,169,543719701,222348319,2025-08-16 17:11:30+00:00
1,2,169,40,88,0.0,6306.18,93.39999999999998,2.818,0.0,169,543719552,222350085,2025-08-16 17:11:34+00:00
1,2,169,40,88,0.0,6317.58,93.79999999999995,2.837,0.0,169,543719138,222351731,2025-08-16 17:11:38+00:00
1,2,169,40,87,0.0,6329.26,93.20000000000005,2.846,0.0,169,543718829,222353507,2025-08-16 17:11:42+00:00
1,4,170,40,86,0.0,6347.12,93.79999999999995,2.846,0.0,170,543718291,222356063,2025-08-16 17:11:49+00:00
1,4,170,40,87,0.0,6362.32,93.39999999999998,2.846,0.0,170,543717880,222358239,2025-08-16 17:11:54+00:00
1,4,170,40,87,0.0,6377.03,93.60000000000002,2.874,0.0,170,543717419,222360457,2025-08-16 17:11:59+00:00
1,3,170,40,88,15.36,6391.57,93.20000000000005,2.883,0.0,170,543717020,222362611,2025-08-16 17:12:04+00:00
1,3,170,40,88,14.99,6406.78,92.20000000000005,2.902,0.0,170,543716397,222364685,2025-08-16 17:12:09+00:00
1,3,170,40,87,0.0,6420.2,91.60000000000002,2.893,0.0,170,543716160,222366690,2025-08-16 17:12:14+00:00
1,3,170,40,87,0.0,6437.07,91.60000000000002,2.893,0.0,170,543715948,222369294,2025-08-16 17:12:20+00:00
1,3,170,40,87,0.0,6448.44,91.60000000000002,2.883,0.0,170,543715835,222371052,2025-08-16 17:12:24+00:00
1,2,171,40,87,0.0,6464.97,93.0,2.883,0.0,171,543715772,222373498,2025-08-16 17:12:30+00:00
1,2,172,40,86,0.0,6475.86,93.60000000000002,2.874,0.0,172,543715684,222375219,2025-08-16 17:12:34+00:00
1,2,171,40,86,0.0,6490.1,94.39999999999998,2.874,0.0,171,543715644,222377309,2025-08-16 17:12:39+00:00
1,2,170,40,87,0.0,6500.54,94.60000000000002,2.855,0.0,170,543715536,222378963,2025-08-16 17:12:43+00:00
1,2,170,40,86,,6517.33,94.79999999999995,2.846,0.5,170,543715446,222381539,2025-08-16 17:12:49+00:00
1,2,170,40,86,13.46,6528.87,94.60000000000002,2.837,0.0,170,543715390,222383261,2025-08-16 17:12:53+00:00
1,2,170,40,87,0.0,6542.54,94.20000000000005,2.837,0.0,170,543715437,222385354,2025-08-16 17:12:58+00:00
1,2,170,39,86,0.0,6555.71,93.20000000000005,2.818,0.0,170,543715486,222387421,2025-08-16 17:13:03+00:00
1,2,170,39,87,0.0,6567.28,93.79999999999995,2.809,0.0,170,543715618,222389138,2025-08-16 17:13:07+00:00
1,1,169,39,87,0.0,6583.53,94.39999999999998,2.809,0.0,169,543715635,222391579,2025-08-16 17:13:13+00:00
1,1,170,39,87,0.0,6593.85,94.79999999999995,2.79,0.5,170,543715701,222393120,2025-08-16 17:13:17+00:00
1,2,169,39,87,0.0,6605.04,94.39999999999998,2.771,0.0,169,543715581,222394902,2025-08-16 17:13:21+00:00
1,2,170,39,88,0.0,6622.64,94.60000000000002,2.799,0.5,170,543715484,222397585,2025-08-16 17:13:27+00:00
1,2,171,39,87,0.0,6634.68,94.60000000000002,2.809,0.0,171,543715386,222399414,2025-08-16 17:13:31+00:00
1,4,170,39,87,0.0,6648.32,94.60000000000002,2.818,0.0,170,543715111,222401401,2025-08-16 17:13:36+00:00
1,4,171,39,87,0.09,6662.28,95.20000000000005,2.799,0.0,171,543714663,222403488,2025-08-16 17:13:41+00:00
1,2,172,39,87,0.0,6676.99,95.60000000000002,2.818,0.0,172,543714073,222405552,2025-08-16 17:13:46+00:00
1,3,171,39,87,0.0,6688.18,95.39999999999998,2.837,0.0,171,543713612,222407097,2025-08-16 17:13:50+00:00
1,8,171,39,89,0.0,6708.84,94.20000000000005,2.846,0.0,171,543712799,222410010,2025-08-16 17:13:57+00:00
1,1,170,39,87,0.0,6720.02,94.60000000000002,2.865,0.5,170,543712376,222411562,2025-08-16 17:14:01+00:00
1,1,170,39,87,0.0,6733.69,94.39999999999998,2.827,0.0,170,543711775,222413515,2025-08-16 17:14:06+00:00
1,1,169,39,87,0.0,6744.5,94.60000000000002,2.827,0.5,169,543711326,222415045,2025-08-16 17:14:10+00:00
1,1,170,39,87,0.0,6756.12,93.79999999999995,2.827,0.0,170,543710793,222416694,2025-08-16 17:14:14+00:00
1,1,170,39,87,0.0,6769.8,94.39999999999998,2.818,0.0,170,543710362,222418657,2025-08-16 17:14:19+00:00
1,1,171,39,87,0.0,6783.96,93.79999999999995,2.818,0.0,171,543709762,222420659,2025-08-16 17:14:24+00:00
1,1,171,39,87,0.0,6798.36,93.39999999999998,2.818,0.0,171,543709131,222422652,2025-08-16 17:14:29+00:00
1,1,171,39,87,0.0,6812.31,93.20000000000005,2.818,0.0,171,543708572,222424620,2025-08-16 17:14:34+00:00
1,1,171,39,86,0.0,6823.2,92.60000000000002,2.809,0.0,171,543708161,222426176,2025-08-16 17:14:38+00:00
1,2,172,39,87,0.0,6837.34,93.0,2.809,0.0,172,543707625,222428226,2025-08-16 17:14:43+00:00
1,2,172,39,88,0.0,6851.74,93.79999999999995,2.818,0.0,172,543707001,222430181,2025-08-16 17:14:48+00:00
1,1,170,39,86,0.0,6862.94,94.20000000000005,2.818,0.0,170,543706542,222431775,2025-08-16 17:14:52+00:00
1,1,169,39,87,0.0,6880.03,94.60000000000002,2.827,0.0,169,543705906,222434215,2025-08-16 17:14:58+00:00
1,1,170,39,88,0.0,6895.69,93.39999999999998,2.809,0.0,170,543705346,222436470,2025-08-16 17:15:04+00:00
1,1,170,39,87,0.0,6907.64,93.60000000000002,2.799,0.5,170,543704851,222438098,2025-08-16 17:15:08+00:00
1,4,170,39,86,0.0,6921.18,93.20000000000005,2.799,0.5,170,543704324,222440018,2025-08-16 17:15:13+00:00
1,5,171,39,87,0.0,6932.54,93.20000000000005,2.799,0.0,171,543703894,222441634,2025-08-16 17:15:17+00:00
1,5,171,39,86,0.0,6943.43,92.79999999999995,2.79,0.5,171,543703461,222443219,2025-08-16 17:15:21+00:00
1,5,171,39,88,0.0,6954.44,93.0,2.781,0.0,171,543702972,222444794,2025-08-16 17:15:25+00:00
1,5,171,39,87,0.0,6965.95,92.60000000000002,2.79,0.0,171,543702702,222446489,2025-08-16 17:15:29+00:00
1,2,171,39,88,0.0,6979.74,93.60000000000002,2.781,0.0,171,543702086,222448407,2025-08-16 17:15:34+00:00
1,2,172,39,87,0.0,6991.74,93.60000000000002,2.799,0.0,172,543701737,222450104,2025-08-16 17:15:38+00:00
1,2,172,39,85,655.31,7002.85,94.60000000000002,2.799,0.5,172,543701291,222451690,2025-08-16 17:15:42+00:00
1,4,171,39,86,0.0,7014.09,94.0,2.809,0.0,171,543700764,222453236,2025-08-16 17:15:46+00:00
1,3,172,39,88,0.0,7028.0,93.60000000000002,2.799,0.0,172,543700177,222455158,2025-08-16 17:15:51+00:00
1,3,172,39,87,0.0,7039.32,94.0,2.799,0.0,172,543699688,222456751,2025-08-16 17:15:55+00:00
1,3,172,39,87,0.0,7056.02,93.79999999999995,2.79,0.0,172,543698937,222459130,2025-08-16 17:16:01+00:00
1,2,171,39,87,0.0,7067.67,93.79999999999995,2.799,0.5,171,543698497,222460747,2025-08-16 17:16:05+00:00
1,5,171,39,87,0.0,7081.8,94.39999999999998,2.809,0.0,171,543697949,222462728,2025-08-16 17:16:10+00:00
1,6,171,39,88,0.0,7093.15,94.79999999999995,2.809,0.0,171,543697479,222464325,2025-08-16 17:16:14+00:00
1,8,171,39,88,14.41,7104.52,94.79999999999995,2.818,0.5,171,543697139,222466024,2025-08-16 17:16:18+00:00
1,8,171,39,88,15.08,7118.35,93.60000000000002,2.809,0.0,171,543696546,222467960,2025-08-16 17:16:23+00:00
1,8,170,39,87,15.62,7129.45,93.39999999999998,2.809,0.0,170,543696046,222469519,2025-08-16 17:16:27+00:00
1,8,170,39,88,8.0,7143.34,93.39999999999998,2.809,0.0,170,543695668,222471075,2025-08-16 17:16:31+00:00
1,6,171,39,87,16.84,7155.07,93.60000000000002,2.799,0.0,171,543695064,222473129,2025-08-16 17:16:36+00:00
1,7,170,39,87,17.42,7166.19,93.60000000000002,2.809,0.0,170,543694664,222474734,2025-08-16 17:16:40+00:00
1,10,170,39,89,18.61,7177.01,93.39999999999998,2.799,0.0,170,543694243,222476264,2025-08-16 17:16:44+00:00
1,14,170,39,88,20.2,7191.83,93.20000000000005,2.809,0.5,170,543693598,222478336,2025-08-16 17:16:49+00:00
1,14,170,39,88,20.2,7203.04,93.20000000000005,2.818,0.0,170,543693253,222479975,2025-08-16 17:16:53+00:00
1,16,170,39,86,20.2,7217.38,94.0,2.818,0.0,170,543692732,222482031,2025-08-16 17:16:58+00:00
1,16,170,38,86,20.2,7227.45,93.60000000000002,2.809,0.0,170,543692493,222483550,2025-08-16 17:17:02+00:00
1,16,170,38,88,18.52,7241.46,94.20000000000005,2.799,0.0,170,543692004,222485577,2025-08-16 17:17:07+00:00
1,18,170,38,87,18.23,7250.59,93.79999999999995,2.799,0.0,170,543691914,222486883,2025-08-16 17:17:10+00:00
1,16,170,38,87,18.29,7261.96,93.20000000000005,2.809,0.0,170,543691665,222488611,2025-08-16 17:17:14+00:00
1,16,170,38,87,0.0,7275.95,93.0,2.809,0.0,170,543691433,222490687,2025-08-16 17:17:19+00:00
1,3,171,38,86,0.0,7287.57,92.20000000000005,2.818,0.0,171,543691263,222492477,2025-08-16 17:17:23+00:00
1,1,171,38,85,0.0,7301.79,92.20000000000005,2.818,0.5,171,543691046,222494626,2025-08-16 17:17:28+00:00
1,2,170,38,86,0.0,7315.53,92.39999999999998,2.818,0.5,170,543690773,222496685,2025-08-16 17:17:33+00:00
1,2,170,38,87,0.0,7332.37,92.20000000000005,2.809,0.0,170,543690319,222499175,2025-08-16 17:17:39+00:00
1,3,171,38,88,0.0,7344.32,92.0,2.818,0.0,171,543690107,222501052,2025-08-16 17:17:43+00:00
1,1,173,38,86,0.0,7359.37,91.79999999999995,2.837,0.0,173,543689887,222503231,2025-08-16 17:17:48+00:00
1,1,173,38,88,0.0,7370.3,92.79999999999995,2.846,0.0,173,543689666,222504898,2025-08-16 17:17:52+00:00
1,2,173,38,87,0.0,7385.45,93.39999999999998,2.837,0.0,173,543689309,222507171,2025-08-16 17:17:57+00:00
1,1,174,38,88,0.0,7399.68,94.20000000000005,2.855,0.0,174,543688995,222509304,2025-08-16 17:18:02+00:00
1,3,173,38,87,0.0,7416.7,94.60000000000002,2.865,0.5,173,543688675,222511848,2025-08-16 17:18:08+00:00
1,5,174,38,87,0.0,7431.42,94.60000000000002,2.865,0.0,174,543688306,222514041,2025-08-16 17:18:13+00:00
1,2,175,38,88,0.0,7446.43,94.0,2.874,0.0,175,543687898,222516180,2025-08-16 17:18:18+00:00
1,2,175,38,87,0.0,7457.59,93.0,2.883,0.5,175,543687559,222517854,2025-08-16 17:18:22+00:00
1,4,174,38,87,0.0,7471.26,92.79999999999995,2.865,0.0,174,543687271,222519906,2025-08-16 17:18:27+00:00
1,4,174,38,87,0.0,7488.9,92.79999999999995,2.865,0.0,174,543686821,222522530,2025-08-16 17:18:33+00:00
1,4,174,38,86,0.0,7499.32,93.0,2.855,0.0,174,543686526,222524121,2025-08-16 17:18:37+00:00
1,6,173,38,86,0.0,7514.49,93.20000000000005,2.855,0.0,173,543686067,222526273,2025-08-16 17:18:42+00:00
1,4,174,38,88,0.0,7531.17,93.60000000000002,2.855,0.0,174,543685594,222528741,2025-08-16 17:18:48+00:00
1,3,173,38,88,0.0,7541.92,93.39999999999998,2.846,0.0,173,543685227,222530306,2025-08-16 17:18:52+00:00
1,3,173,38,87,0.0,7553.72,93.39999999999998,2.837,0.0,173,543684875,222532055,2025-08-16 17:18:56+00:00
1,2,172,38,89,0.0,7568.37,93.39999999999998,2.865,0.0,172,543684310,222534117,2025-08-16 17:19:01+00:00
1,2,172,38,87,0.0,7582.6,93.60000000000002,2.855,0.0,172,543683442,222535943,2025-08-16 17:19:06+00:00
1,2,173,38,86,0.0,7594.08,93.20000000000005,2.846,0.5,173,543682649,222537266,2025-08-16 17:19:10+00:00
1,4,174,38,88,0.0,7608.33,93.20000000000005,2.855,0.0,174,543681666,222538918,2025-08-16 17:19:15+00:00
1,4,174,38,87,0.0,7625.78,94.20000000000005,2.865,0.0,174,543680455,222540881,2025-08-16 17:19:21+00:00
1,4,174,38,88,0.0,7634.28,94.0,2.865,0.0,174,543679907,222541918,2025-08-16 17:19:24+00:00
1,4,174,38,88,0.0,7649.29,93.79999999999995,2.883,0.0,174,543678981,222543754,2025-08-16 17:19:29+00:00
1,3,174,38,86,0.0,7661.48,93.39999999999998,2.883,0.5,174,543678166,222545181,2025-08-16 17:19:33+00:00
1,4,174,38,88,0.0,7675.82,92.39999999999998,2.902,0.0,174,543677254,222546977,2025-08-16 17:19:38+00:00
1,1,173,38,87,0.0,7690.05,92.20000000000005,2.893,0.5,173,543676197,222548542,2025-08-16 17:19:43+00:00
1,2,174,38,88,0.0,7701.13,93.0,2.883,0.0,174,543675465,222549941,2025-08-16 17:19:47+00:00
1,2,174,38,89,0.0,7713.01,93.60000000000002,2.893,0.5,174,543674751,222551367,2025-08-16 17:19:51+00:00
1,1,173,38,86,0.0,7727.3,93.60000000000002,2.883,0.0,173,543673788,222553112,2025-08-16 17:19:56+00:00
1,2,172,38,87,0.0,7737.3,94.20000000000005,2.865,0.0,172,543673151,222554307,2025-08-16 17:20:00+00:00
1,2,172,38,87,0.0,7748.88,95.20000000000005,2.827,0.0,172,543672451,222555718,2025-08-16 17:20:04+00:00
1,3,173,38,88,0.0,7762.92,94.79999999999995,2.837,0.0,173,543671493,222557370,2025-08-16 17:20:09+00:00
1,2,173,38,88,0.0,7776.42,94.0,2.809,0.0,173,543670600,222559025,2025-08-16 17:20:14+00:00
1,2,173,38,87,0.0,7787.9,94.60000000000002,2.799,0.0,173,543669816,222560479,2025-08-16 17:20:18+00:00
1,7,174,38,87,0.0,7803.02,93.79999999999995,2.827,0.0,174,543668827,222562254,2025-08-16 17:20:23+00:00
1,3,173,38,88,0.0,7814.42,93.39999999999998,2.837,0.0,173,543668088,222563602,2025-08-16 17:20:27+00:00
1,3,174,38,87,0.0,7825.52,93.60000000000002,2.827,0.5,174,543667478,222565093,2025-08-16 17:20:31+00:00
1,3,174,38,89,0.0,7834.0,93.79999999999995,2.837,0.0,174,543667156,222566278,2025-08-16 17:20:34+00:00
1,1,174,38,87,0.0,7849.32,93.39999999999998,2.865,0.5,174,543666431,222568363,2025-08-16 17:20:39+00:00
1,1,173,38,87,0.0,7867.18,94.0,2.893,0.5,173,543665664,222570787,2025-08-16 17:20:45+00:00
1,1,173,38,89,0.0,7878.71,93.60000000000002,2.893,0.5,173,543665200,222572388,2025-08-16 17:20:49+00:00
1,1,173,38,88,0.0,7887.45,93.0,2.902,0.0,173,543664800,222573690,2025-08-16 17:20:52+00:00
1,1,173,38,89,0.0,7899.81,92.79999999999995,2.902,0.0,173,543664219,222575355,2025-08-16 17:20:56+00:00
1,1,173,38,87,0.0,7913.99,93.0,2.921,0.5,173,543663530,222577301,2025-08-16 17:21:01+00:00
1,3,173,38,88,0.0,7925.91,92.60000000000002,2.911,0.0,173,543663032,222579024,2025-08-16 17:21:05+00:00
1,2,173,38,87,0.0,7937.29,92.20000000000005,2.921,0.5,173,543662678,222580638,2025-08-16 17:21:09+00:00
1,3,173,38,87,0.0,7953.98,92.39999999999998,2.893,0.5,173,543661942,222582938,2025-08-16 17:21:15+00:00
1,3,173,38,89,0.0,7965.13,93.60000000000002,2.893,0.0,173,543661454,222584522,2025-08-16 17:21:19+00:00
1,3,174,38,88,0.0,7979.61,94.20000000000005,2.883,0.0,174,543660816,222586540,2025-08-16 17:21:24+00:00
1,5,173,38,86,0.0,7991.81,93.39999999999998,2.883,0.5,173,543660219,222588190,2025-08-16 17:21:28+00:00
1,5,174,38,88,0.0,8003.73,93.39999999999998,2.911,0.0,174,543659723,222589853,2025-08-16 17:21:32+00:00
1,7,175,38,88,0.0,8011.85,92.79999999999995,2.902,0.0,175,543659366,222591002,2025-08-16 17:21:35+00:00
1,6,175,38,89,0.0,8026.16,92.79999999999995,2.902,0.0,175,543658661,222592973,2025-08-16 17:21:40+00:00
1,6,175,38,87,0.0,8038.55,92.79999999999995,2.911,0.5,175,543658118,222594645,2025-08-16 17:21:44+00:00
1,11,175,38,88,18.01,8048.78,92.60000000000002,2.893,0.0,175,543657748,222596141,2025-08-16 17:21:48+00:00
1,11,175,38,88,0.0,8063.39,93.0,2.883,0.0,175,543657033,222598174,2025-08-16 17:21:53+00:00
1,11,175,38,87,0.0,8072.55,92.60000000000002,2.883,0.0,175,543656742,222599441,2025-08-16 17:21:56+00:00
1,13,174,38,88,0.0,8083.51,92.79999999999995,2.893,0.0,174,543656358,222601011,2025-08-16 17:22:00+00:00
1,3,174,38,88,0.0,8094.78,92.79999999999995,2.883,0.5,174,543655779,222602559,2025-08-16 17:22:04+00:00
1,1,173,38,88,0.0,8108.45,92.79999999999995,2.846,0.0,173,543655279,222604493,2025-08-16 17:22:09+00:00
1,1,173,38,87,0.0,8120.38,93.20000000000005,2.865,0.5,173,543654756,222606151,2025-08-16 17:22:13+00:00
1,1,173,38,86,0.0,8137.43,94.0,2.855,0.0,173,543653905,222608512,2025-08-16 17:22:19+00:00
1,1,173,38,84,0.0,8146.06,93.60000000000002,2.855,0.5,173,543653633,222609673,2025-08-16 17:22:22+00:00
1,1,173,38,87,0.0,8157.52,93.60000000000002,2.855,0.5,173,543653041,222611247,2025-08-16 17:22:26+00:00
1,1,174,38,88,0.0,8174.64,93.39999999999998,2.837,0.0,174,543652285,222613639,2025-08-16 17:22:32+00:00
1,1,175,38,88,0.0,8186.15,93.20000000000005,2.865,0.0,175,543651737,222615200,2025-08-16 17:22:36+00:00
1,1,175,38,88,0.0,8197.86,92.60000000000002,2.865,0.5,175,543651221,222616812,2025-08-16 17:22:40+00:00
1,6,174,38,86,0.0,8214.32,93.20000000000005,2.855,0.0,174,543650460,222619071,2025-08-16 17:22:46+00:00
1,5,175,38,88,0.0,8225.96,93.39999999999998,2.837,0.5,175,543649980,222620714,2025-08-16 17:22:50+00:00
1,1,174,38,87,0.0,8242.94,93.20000000000005,2.827,0.0,174,543649226,222623146,2025-08-16 17:22:56+00:00
1,2,174,38,88,0.0,8254.65,93.39999999999998,2.855,0.0,174,543648680,222624732,2025-08-16 17:23:00+00:00
1,2,174,38,88,0.0,8266.26,93.20000000000005,2.855,0.5,174,543648236,222626353,2025-08-16 17:23:04+00:00
1,1,176,38,87,0.0,8277.48,92.79999999999995,2.865,0.0,176,543647765,222627902,2025-08-16 17:23:08+00:00
1,2,175,38,88,0.0,8294.96,93.39999999999998,2.865,0.0,175,543647093,222630389,2025-08-16 17:23:14+00:00
1,2,175,38,88,0.0,8306.52,94.0,2.865,0.5,175,543646600,222632026,2025-08-16 17:23:18+00:00
1,2,175,38,88,0.0,8318.67,93.79999999999995,2.865,0.0,175,543645985,222633652,2025-08-16 17:23:22+00:00
1,1,174,38,88,0.0,8333.2,93.0,2.883,0.0,174,543645065,222635481,2025-08-16 17:23:27+00:00
1,4,175,38,86,0.0,8347.84,92.60000000000002,2.893,0.0,175,543644023,222637118,2025-08-16 17:23:32+00:00
1,4,175,38,84,0.0,8359.12,92.79999999999995,2.883,0.5,175,543643161,222638339,2025-08-16 17:23:36+00:00
1,1,173,38,86,15.3,8374.49,92.0,2.921,0.0,173,543641931,222639774,2025-08-16 17:23:41+00:00
1,1,172,38,87,15.3,8385.83,91.79999999999995,2.911,0.5,172,543641051,222641001,2025-08-16 17:23:45+00:00
1,1,171,38,88,0.0,8399.44,91.79999999999995,2.893,0.0,171,543639937,222642407,2025-08-16 17:23:50+00:00
1,1,173,38,87,0.0,8414.12,92.0,2.883,0.0,173,543638750,222643942,2025-08-16 17:23:55+00:00
1,2,172,37,88,12.35,8430.89,91.60000000000002,2.883,0.0,172,543637443,222645665,2025-08-16 17:24:01+00:00
1,2,172,37,87,0.0,8444.64,90.60000000000002,2.865,0.5,172,543636322,222647070,2025-08-16 17:24:06+00:00
1,4,172,37,87,0.0,8463.73,90.0,2.883,0.0,172,543634721,222648798,2025-08-16 17:24:12+00:00
1,6,171,37,88,0.0,8481.04,89.79999999999995,2.902,0.0,171,543633406,222650548,2025-08-16 17:24:18+00:00
1,5,171,37,86,0.0,8496.64,89.60000000000002,2.874,0.0,171,543632104,222652200,2025-08-16 17:24:24+00:00
1,5,171,37,88,0.0,8508.29,89.60000000000002,2.865,0.0,171,543631176,222653317,2025-08-16 17:24:28+00:00
1,8,173,37,87,0.0,8522.03,90.60000000000002,2.855,0.5,173,543630065,222654748,2025-08-16 17:24:33+00:00
1,4,173,37,86,0.0,8541.53,91.60000000000002,2.846,0.5,173,543628475,222656613,2025-08-16 17:24:40+00:00
1,4,173,37,88,0.0,8553.71,90.39999999999998,2.846,0.5,173,543627540,222657951,2025-08-16 17:24:44+00:00
1,4,173,37,88,18.27,8568.4,89.60000000000002,2.865,0.0,173,543626386,222659533,2025-08-16 17:24:49+00:00
1,4,173,37,87,25.19,8579.88,89.39999999999998,2.865,0.0,173,543625473,222660586,2025-08-16 17:24:53+00:00
1,5,171,37,88,0.0,8591.68,88.60000000000002,2.865,0.5,171,543624438,222661715,2025-08-16 17:24:57+00:00
1,2,171,37,86,0.0,8608.76,89.0,2.874,0.0,171,543622867,222663232,2025-08-16 17:25:03+00:00
1,2,171,37,88,19.65,8617.91,89.39999999999998,2.865,0.0,171,543622196,222664274,2025-08-16 17:25:06+00:00
1,2,172,37,87,26.39,8625.18,89.0,2.865,0.5,172,543622339,222665399,2025-08-16 17:25:09+00:00
1,2,172,37,87,32.02,8627.78,89.0,2.846,0.0,172,543622503,222665729,2025-08-16 17:25:10+00:00
1,2,173,37,86,32.79,8640.74,89.39999999999998,2.809,0.0,173,543623611,222666941,2025-08-16 17:25:15+00:00
1,2,173,37,88,25.45,8654.97,89.20000000000005,2.799,0.0,173,543624808,222668236,2025-08-16 17:25:20+00:00
1,5,174,37,88,25.45,8666.75,89.0,2.799,0.0,174,543625738,222669382,2025-08-16 17:25:24+00:00
1,5,173,37,87,25.45,8675.38,89.39999999999998,2.818,0.0,173,543626474,222670258,2025-08-16 17:25:27+00:00
1,8,173,37,89,12.89,8685.73,89.39999999999998,2.809,0.0,173,543627341,222671259,2025-08-16 17:25:31+00:00
1,10,173,37,87,12.89,8700.31,88.79999999999995,2.799,0.5,173,543628509,222672702,2025-08-16 17:25:36+00:00
1,9,174,37,88,30.81,8708.67,89.20000000000005,2.79,0.0,174,543629236,222673401,2025-08-16 17:25:39+00:00
1,9,174,37,87,30.81,8718.29,89.39999999999998,2.809,0.0,174,543629999,222674447,2025-08-16 17:25:42+00:00
1,7,174,37,88,30.81,8730.24,89.39999999999998,2.855,0.0,174,543630923,222675490,2025-08-16 17:25:46+00:00
1,9,174,37,85,0.0,8739.96,90.0,2.837,0.0,174,543631690,222676558,2025-08-16 17:25:50+00:00
1,14,173,37,84,25.64,8752.91,90.79999999999995,2.762,0.5,173,543632707,222678028,2025-08-16 17:25:55+00:00
1,14,174,37,84,16.25,8767.12,91.0,2.753,0.5,174,543633826,222679422,2025-08-16 17:26:00+00:00
1,14,174,37,86,0.0,8778.7,90.39999999999998,2.771,0.0,174,543634721,222680770,2025-08-16 17:26:04+00:00
1,14,175,37,86,0.0,8784.43,90.79999999999995,2.771,0.0,175,543634775,222681639,2025-08-16 17:26:06+00:00
1,8,176,37,86,0.0,8790.78,90.79999999999995,2.781,0.0,176,543634653,222682644,2025-08-16 17:26:08+00:00
1,5,175,37,87,30.07,8802.08,91.0,2.799,0.0,175,543634195,222684149,2025-08-16 17:26:12+00:00
1,5,175,37,85,12.14,8815.98,91.60000000000002,2.799,0.0,175,543633550,222686042,2025-08-16 17:26:17+00:00
1,5,175,37,85,0.0,8827.43,91.39999999999998,2.79,0.0,175,543633152,222687733,2025-08-16 17:26:21+00:00
1,5,175,37,88,0.0,8842.56,91.20000000000005,2.846,0.5,175,543632414,222689746,2025-08-16 17:26:26+00:00
1,18,175,37,87,32.9,8854.1,91.0,2.837,0.0,175,543631995,222691404,2025-08-16 17:26:30+00:00
1,21,176,37,89,0.0,8868.2,91.0,2.846,0.0,176,543631413,222693376,2025-08-16 17:26:35+00:00
1,9,175,37,89,0.0,8885.44,92.60000000000002,2.837,0.5,175,543630645,222695782,2025-08-16 17:26:41+00:00
1,9,175,37,87,33.93,8896.33,92.60000000000002,2.846,0.5,175,543630328,222697403,2025-08-16 17:26:45+00:00
1,3,175,37,88,32.3,8908.29,92.20000000000005,2.837,0.0,175,543629832,222699103,2025-08-16 17:26:49+00:00
1,3,176,37,87,0.0,8922.99,91.0,2.893,0.5,176,543629255,222701148,2025-08-16 17:26:54+00:00
1,3,176,37,88,0.0,8937.34,90.79999999999995,2.874,0.5,176,543628748,222703183,2025-08-16 17:26:59+00:00
1,4,175,36,87,0.0,8949.69,90.79999999999995,2.893,0.0,175,543628187,222704898,2025-08-16 17:27:03+00:00
1,4,175,36,89,0.0,8967.71,91.20000000000005,2.921,0.0,175,543627581,222707478,2025-08-16 17:27:09+00:00
1,9,175,36,88,0.0,8978.36,92.39999999999998,2.893,0.0,175,543627263,222709068,2025-08-16 17:27:13+00:00
1,9,175,36,86,0.0,8992.06,92.20000000000005,2.855,0.0,175,543626774,222711068,2025-08-16 17:27:18+00:00
1,9,175,36,87,0.0,9004.17,92.20000000000005,2.865,0.0,175,543626325,222712837,2025-08-16 17:27:22+00:00
1,9,175,36,70,27.57,9010.29,92.0,2.865,0.5,175,543626247,222713772,2025-08-16 17:27:26+00:00
1,9,175,36,70,0.0,9014.7,91.20000000000005,2.09,0.5,175,543625985,222714421,2025-08-16 17:27:30+00:00
1,9,175,36,70,0.0,9015.68,91.60000000000002,1.922,0.5,175,543625998,222714580,2025-08-16 17:27:31+00:00
1,5,173,36,51,0.0,9018.01,91.79999999999995,1.829,0.5,173,543625852,222714870,2025-08-16 17:27:33+00:00
1,2,172,36,51,0.0,9021.57,91.79999999999995,1.885,0.5,172,543625644,222715295,2025-08-16 17:27:35+00:00
1,1,171,36,56,32.13,9029.82,90.60000000000002,1.549,0.5,171,543625240,222716481,2025-08-16 17:27:42+00:00
1,1,170,36,56,0.0,9038.74,90.20000000000005,1.614,0.5,170,543624775,222717690,2025-08-16 17:27:49+00:00
1,1,166,36,56,0.0,9045.91,90.39999999999998,1.605,0.5,166,543624525,222718705,2025-08-16 17:27:54+00:00
1,1,164,36,0,0.0,9047.82,90.20000000000005,1.577,0.0,164,543624473,222718987,2025-08-16 17:27:56+00:00
1,2,162,36,0,0.0,9058.49,89.60000000000002,1.437,0.0,162,543624023,222720426,2025-08-16 17:28:05+00:00
1,2,159,36,57,32.82,9070.36,90.20000000000005,1.596,0.5,159,543623491,222722068,2025-08-16 17:28:12+00:00
1,1,158,36,57,25.67,9071.55,90.60000000000002,1.577,0.5,158,543623483,222722235,2025-08-16 17:28:13+00:00
1,1,157,36,57,0.0,9081.99,91.39999999999998,1.512,0.5,157,543623213,222723845,2025-08-16 17:28:20+00:00
1,3,157,36,87,0.0,9095.76,90.79999999999995,1.558,0.0,157,543622925,222725927,2025-08-16 17:28:25+00:00
1,3,157,36,88,0.0,9110.63,92.0,2.351,0.0,157,543622876,222728223,2025-08-16 17:28:30+00:00
1,1,156,36,87,0.0,9118.96,91.79999999999995,2.519,0.0,156,543622932,222729442,2025-08-16 17:28:33+00:00
1,1,157,36,88,0.0,9130.68,91.39999999999998,2.51,0.0,157,543622782,222731226,2025-08-16 17:28:37+00:00
1,1,157,36,88,0.0,9149.5,91.60000000000002,2.734,0.0,157,543622221,222733998,2025-08-16 17:28:43+00:00
1,1,158,36,88,0.0,9157.6,91.79999999999995,2.706,0.5,158,543622019,222735147,2025-08-16 17:28:46+00:00
1,1,160,36,88,0.0,9169.3,91.0,2.65,0.5,160,543621818,222736887,2025-08-16 17:28:50+00:00
1,1,160,36,88,13.12,9180.49,90.60000000000002,2.687,0.0,160,543621655,222738608,2025-08-16 17:28:54+00:00
1,3,162,36,87,0.0,9194.28,91.20000000000005,2.678,0.0,162,543621394,222740656,2025-08-16 17:28:59+00:00
1,2,164,36,88,0.0,9204.65,91.39999999999998,2.678,0.0,164,543620647,222741960,2025-08-16 17:29:03+00:00
1,2,166,36,87,0.0,9219.3,92.20000000000005,2.715,0.0,166,543619548,222743420,2025-08-16 17:29:08+00:00
1,3,167,36,88,33.04,9230.38,93.0,2.725,0.0,167,543618890,222744827,2025-08-16 17:29:12+00:00
1,3,167,36,89,0.0,9238.05,93.79999999999995,2.734,0.0,167,543618507,222745909,2025-08-16 17:29:15+00:00
1,2,169,36,87,0.0,9254.24,94.39999999999998,2.697,0.5,169,543617766,222748160,2025-08-16 17:29:21+00:00
1,2,170,36,88,0.0,9263.55,94.79999999999995,2.753,0.0,170,543617351,222749434,2025-08-16 17:29:24+00:00
1,2,171,36,89,0.0,9277.2,93.79999999999995,2.781,0.0,171,543616744,222751292,2025-08-16 17:29:29+00:00
1,2,170,36,87,0.0,9293.15,93.20000000000005,2.753,0.0,170,543616035,222753558,2025-08-16 17:29:35+00:00
1,1,171,36,87,0.0,9308.48,93.39999999999998,2.762,0.5,171,543615364,222755652,2025-08-16 17:29:40+00:00
1,1,171,36,88,0.0,9319.57,93.79999999999995,2.799,0.0,171,543614835,222757151,2025-08-16 17:29:44+00:00
1,3,172,36,86,0.0,9330.92,93.60000000000002,2.809,0.5,172,543614355,222758759,2025-08-16 17:29:48+00:00
1,2,171,36,87,0.0,9344.85,93.0,2.799,0.5,171,543613769,222760750,2025-08-16 17:29:53+00:00
1,2,171,36,89,0.0,9360.08,93.60000000000002,2.846,0.0,171,543613094,222762881,2025-08-16 17:29:58+00:00
1,2,171,36,88,11.76,9371.18,93.79999999999995,2.883,0.0,171,543612753,222764465,2025-08-16 17:30:02+00:00
1,3,172,36,87,0.0,9384.91,94.39999999999998,2.846,0.5,172,543612213,222766450,2025-08-16 17:30:07+00:00
1,3,173,36,88,0.0,9400.07,95.20000000000005,2.874,0.0,173,543611739,222768565,2025-08-16 17:30:12+00:00
1,6,173,36,88,0.0,9410.83,94.39999999999998,2.874,0.5,173,543611316,222770121,2025-08-16 17:30:16+00:00
1,6,173,36,87,17.78,9422.77,93.79999999999995,2.874,0.5,173,543610756,222771841,2025-08-16 17:30:20+00:00
1,4,174,36,87,29.95,9443.55,93.79999999999995,2.883,0.5,174,543609979,222774764,2025-08-16 17:30:27+00:00
1,3,173,36,90,0.0,9458.78,94.20000000000005,2.939,0.0,173,543609375,222776945,2025-08-16 17:30:32+00:00
1,3,174,36,87,0.0,9473.29,93.20000000000005,2.976,0.0,174,543608791,222778973,2025-08-16 17:30:37+00:00
1,3,174,36,88,0.0,9490.57,93.60000000000002,2.93,0.0,174,543608036,222781423,2025-08-16 17:30:43+00:00
1,7,173,36,87,0.0,9504.63,93.79999999999995,2.93,0.0,173,543607591,222783438,2025-08-16 17:30:48+00:00
1,7,174,36,88,0.0,9518.83,93.60000000000002,2.93,0.5,174,543607006,222785455,2025-08-16 17:30:53+00:00
1,6,175,36,88,25.19,9533.32,94.39999999999998,2.93,0.0,175,543606347,222787466,2025-08-16 17:30:58+00:00
1,6,175,36,88,27.82,9545.82,94.20000000000005,2.939,0.0,175,543605809,222789193,2025-08-16 17:31:02+00:00
1,6,175,36,87,0.0,9560.15,93.79999999999995,2.958,0.0,175,543605185,222791152,2025-08-16 17:31:07+00:00
1,9,175,36,87,0.0,9575.78,93.60000000000002,2.911,0.0,175,543604570,222793406,2025-08-16 17:31:13+00:00
1,4,174,36,88,0.0,9586.77,93.39999999999998,2.893,0.5,174,543604171,222794988,2025-08-16 17:31:17+00:00
1,1,173,36,86,0.0,9598.56,93.0,2.893,0.5,173,543603695,222796635,2025-08-16 17:31:21+00:00
1,1,174,36,88,0.0,9612.25,93.20000000000005,2.865,0.0,174,543603167,222798612,2025-08-16 17:31:26+00:00
1,2,174,36,87,30.82,9624.05,93.60000000000002,2.865,0.5,174,543602598,222800199,2025-08-16 17:31:30+00:00
1,6,174,36,87,31.1,9637.61,94.39999999999998,2.883,0.0,174,543601909,222801893,2025-08-16 17:31:35+00:00
1,7,173,36,87,28.16,9639.39,94.60000000000002,2.874,0.0,173,543601704,222801833,2025-08-16 17:31:36+00:00
1,7,173,36,87,32.09,9641.05,94.79999999999995,2.846,0.0,173,543601584,222802040,2025-08-16 17:31:37+00:00
1,10,173,36,87,0.0,9645.98,94.60000000000002,2.809,0.0,173,543601328,222802693,2025-08-16 17:31:39+00:00
1,13,173,36,86,0.0,9657.52,94.39999999999998,2.781,0.0,173,543600811,222804368,2025-08-16 17:31:43+00:00
1,17,174,36,88,0.0,9669.59,94.20000000000005,2.799,0.0,174,543600328,222806045,2025-08-16 17:31:47+00:00
1,19,174,36,87,0.01,9678.85,93.79999999999995,2.809,0.0,174,543600058,222807373,2025-08-16 17:31:50+00:00
1,23,174,36,87,0.0,9692.87,93.0,2.827,0.5,174,543599633,222809434,2025-08-16 17:31:55+00:00
1,27,173,36,87,0.0,9706.96,93.39999999999998,2.827,0.0,173,543599193,222811480,2025-08-16 17:32:00+00:00
1,29,174,36,88,0.0,9721.3,93.39999999999998,2.818,0.0,174,543598655,222813496,2025-08-16 17:32:05+00:00
1,29,174,36,87,0.0,9731.48,93.39999999999998,2.818,0.5,174,543598275,222815013,2025-08-16 17:32:09+00:00
1,22,174,36,87,0.0,9743.18,93.79999999999995,2.809,0.0,174,543597898,222816710,2025-08-16 17:32:13+00:00
1,24,174,36,88,0.0,9754.79,93.0,2.827,0.0,174,543597498,222818384,2025-08-16 17:32:17+00:00
1,27,175,36,87,0.0,9768.93,93.79999999999995,2.818,0.5,175,543596908,222820410,2025-08-16 17:32:22+00:00
1,27,174,36,87,0.0,9779.54,93.60000000000002,2.818,0.0,174,543596784,222821964,2025-08-16 17:32:26+00:00
1,28,174,36,84,0.0,9788.77,93.60000000000002,2.827,0.0,174,543596805,222823463,2025-08-16 17:32:29+00:00
1,28,175,36,85,0.0,9796.86,93.20000000000005,2.837,0.5,175,543596268,222824305,2025-08-16 17:32:32+00:00
1,19,175,36,83,0.0,9808.28,93.20000000000005,2.846,0.5,175,543595055,222824072,2025-08-16 17:32:36+00:00
1,14,174,36,84,31.52,9818.98,93.39999999999998,2.827,0.5,174,543593960,222823765,2025-08-16 17:32:40+00:00
1,13,173,36,86,26.81,9830.74,92.60000000000002,2.818,0.0,173,543592710,222823325,2025-08-16 17:32:44+00:00
1,15,173,36,86,30.75,9843.26,93.0,2.846,0.0,173,543591384,222822984,2025-08-16 17:32:48+00:00
1,18,174,36,87,30.47,9851.66,93.20000000000005,2.855,0.0,174,543590490,222822801,2025-08-16 17:32:51+00:00
1,18,173,36,86,21.65,9865.69,93.0,2.865,0.0,173,543589028,222822437,2025-08-16 17:32:56+00:00
1,19,173,36,87,21.6,9871.52,93.0,2.855,0.0,173,543588469,222822875,2025-08-16 17:32:58+00:00
1,9,175,36,86,26.79,9877.48,93.20000000000005,2.855,0.5,175,543588075,222823608,2025-08-16 17:33:00+00:00
1,6,176,36,83,30.18,9882.77,93.39999999999998,2.865,0.5,176,543587503,222824083,2025-08-16 17:33:02+00:00
1,6,176,36,86,30.51,9888.39,93.39999999999998,2.846,0.0,176,543586877,222824158,2025-08-16 17:33:04+00:00
1,6,175,36,86,36.59,9900.36,93.0,2.874,0.5,175,543585592,222824119,2025-08-16 17:33:08+00:00
1,10,176,36,87,38.5,9909.09,93.20000000000005,2.883,0.0,176,543584647,222823812,2025-08-16 17:33:11+00:00
1,12,176,36,86,15.17,9917.65,93.20000000000005,2.883,0.0,176,543583753,222823514,2025-08-16 17:33:14+00:00
1,12,176,36,87,18.87,9932.71,93.79999999999995,2.893,0.0,176,543582135,222823655,2025-08-16 17:33:19+00:00
1,9,176,36,86,21.04,9948.6,95.79999999999995,2.893,0.5,176,543580434,222823636,2025-08-16 17:33:25+00:00
1,10,176,36,82,19.53,9958.94,96.39999999999998,2.837,0.5,176,543579394,222823303,2025-08-16 17:33:29+00:00
1,10,176,36,82,15.58,9972.1,98.20000000000005,2.771,0.5,176,543578060,222822826,2025-08-16 17:33:34+00:00
1,10,175,36,84,15.58,9987.73,100.60000000000002,2.762,0.5,175,543576629,222821906,2025-08-16 17:33:39+00:00
1,13,174,36,85,15.58,9996.37,101.39999999999998,2.809,0.0,174,543575814,222822010,2025-08-16 17:33:43+00:00
1,16,175,36,85,0.11,10001.74,103.20000000000005,2.734,0.5,175,543575282,222822529,2025-08-16 17:33:47+00:00
1,16,174,36,84,0.0,10006.19,103.20000000000005,2.463,0.5,174,543574862,222822953,2025-08-16 17:33:49+00:00
1,15,175,36,86,15.88,10017.35,102.39999999999998,2.585,0.5,175,543573929,222823944,2025-08-16 17:33:53+00:00
1,12,176,36,87,6.99,10032.34,100.79999999999995,2.529,0.0,176,543572681,222825593,2025-08-16 17:33:59+00:00
1,6,177,36,86,6.99,10045.44,100.0,2.603,0.0,177,543571620,222826962,2025-08-16 17:34:04+00:00
1,7,176,36,86,0.0,10053.84,99.79999999999995,2.622,0.5,176,543570949,222827878,2025-08-16 17:34:07+00:00
1,1,140,35,0,11.89,10053.84,98.20000000000005,0.0,0.0,140,543570903,222827974,2025-08-16 17:36:55+00:00
1,1,140,35,0,0.0,10055.88,98.20000000000005,0.0,0.0,140,543570627,222828098,2025-08-16 17:36:56+00:00
1,9,139,35,83,0.0,10062.51,97.39999999999998,2.034,0.5,139,543570019,222828783,2025-08-16 17:36:59+00:00
1,22,138,35,83,0.0,10071.79,97.20000000000005,2.501,0.5,138,543569318,222829642,2025-08-16 17:37:03+00:00
1,3,140,35,83,0.0,10083.84,96.39999999999998,2.771,0.5,140,543568303,222830707,2025-08-16 17:37:07+00:00
1,2,140,35,85,0.0,10096.15,97.60000000000002,2.566,0.5,140,543567224,222831877,2025-08-16 17:37:12+00:00
1,1,143,35,85,0.0,10107.11,99.39999999999998,2.463,0.5,143,543566716,222833402,2025-08-16 17:37:17+00:00
1,2,146,35,85,0.0,10116.44,99.0,2.398,0.0,146,543566758,222834926,2025-08-16 17:37:21+00:00
1,2,147,35,85,0.0,10118.98,99.20000000000005,2.398,0.0,147,543566745,222835229,2025-08-16 17:37:22+00:00
1,1,150,35,86,0.0,10126.75,100.20000000000005,2.445,0.5,150,543566688,222836413,2025-08-16 17:37:25+00:00
1,1,150,35,86,0.0,10129.37,99.60000000000002,2.463,0.5,150,543566636,222836855,2025-08-16 17:37:26+00:00
1,4,151,35,86,0.0,10140.84,99.0,2.473,0.0,151,543566542,222838622,2025-08-16 17:37:30+00:00
1,6,154,35,87,0.0,10149.24,99.0,2.585,0.0,154,543566514,222839836,2025-08-16 17:37:33+00:00
1,6,156,35,86,0.0,10154.33,99.20000000000005,2.585,0.0,156,543566479,222840627,2025-08-16 17:37:35+00:00
1,4,159,35,86,0.0,10159.32,99.39999999999998,2.575,0.0,159,543566366,222841325,2025-08-16 17:37:37+00:00
1,3,161,35,87,0.0,10163.05,99.60000000000002,2.575,0.0,161,543566289,222841937,2025-08-16 17:37:39+00:00
1,2,162,35,87,0.0,10177.79,100.79999999999995,2.51,0.0,162,543566171,222844315,2025-08-16 17:37:45+00:00
1,8,164,35,86,0.0,10193.97,103.20000000000005,2.519,0.5,164,543566338,222846833,2025-08-16 17:37:51+00:00
1,4,166,35,87,0.0,10210.59,105.79999999999995,2.547,0.0,166,543566466,222849276,2025-08-16 17:37:57+00:00
1,5,168,35,86,0.0,10223.68,107.0,2.566,0.0,168,543566497,222851385,2025-08-16 17:38:02+00:00
1,8,170,35,86,0.0,10241.88,107.39999999999998,2.622,0.5,170,543566556,222853970,2025-08-16 17:38:08+00:00
1,4,168,35,87,0.0,10251.43,106.60000000000002,2.641,0.0,168,543566498,222855463,2025-08-16 17:38:12+00:00
1,4,167,35,87,0.0,10267.34,104.79999999999995,2.641,0.0,167,543566515,222857946,2025-08-16 17:38:18+00:00
1,6,168,35,87,0.0,10286.35,103.79999999999995,2.669,0.0,168,543566488,222860827,2025-08-16 17:38:25+00:00
1,12,169,35,87,0.0,10297.79,101.79999999999995,2.678,0.0,169,543566825,222862462,2025-08-16 17:38:29+00:00
1,6,167,35,87,0.0,10309.84,100.60000000000002,2.678,0.0,167,543567032,222864321,2025-08-16 17:38:34+00:00
1,6,168,35,87,0.0,10323.56,100.0,2.641,0.0,168,543567050,222866361,2025-08-16 17:38:40+00:00
1,12,169,35,85,0.0,10335.69,100.0,2.613,0.5,169,543566982,222868260,2025-08-16 17:38:45+00:00
1,12,169,35,87,0.0,10353.88,99.39999999999998,2.631,0.0,169,543567182,222871010,2025-08-16 17:38:51+00:00
1,18,170,35,86,0.0,10368.87,98.0,2.687,0.0,170,543567365,222873231,2025-08-16 17:38:56+00:00
1,9,168,35,88,0.0,10379.91,97.60000000000002,2.715,0.0,168,543567416,222874929,2025-08-16 17:39:00+00:00
1,7,169,35,87,0.0,10391.47,97.0,2.725,0.0,169,543567366,222876672,2025-08-16 17:39:04+00:00
1,3,168,35,88,0.0,10405.09,96.79999999999995,2.753,0.0,168,543567189,222878796,2025-08-16 17:39:09+00:00
1,3,170,35,86,0.0,10417.83,96.20000000000005,2.753,0.0,170,543566913,222880694,2025-08-16 17:39:14+00:00
1,2,171,35,87,0.0,10431.62,96.39999999999998,2.753,0.0,171,543566620,222882735,2025-08-16 17:39:19+00:00
1,5,170,35,87,0.0,10446.63,97.60000000000002,2.725,0.0,170,543566064,222884918,2025-08-16 17:39:25+00:00
1,3,171,35,87,0.0,10458.08,98.0,2.725,0.0,171,543565732,222886604,2025-08-16 17:39:29+00:00
1,3,171,35,87,0.0,10467.35,96.60000000000002,2.734,0.0,171,543565888,222888013,2025-08-16 17:39:33+00:00
1,10,171,35,85,0.0,10476.19,95.60000000000002,2.678,0.5,171,543566918,222887856,2025-08-16 17:39:37+00:00
1,14,171,35,86,0.0,10485.79,94.79999999999995,2.557,0.0,171,543567896,222887565,2025-08-16 17:39:41+00:00
1,15,172,35,87,0.0,10494.25,94.79999999999995,2.547,0.0,172,543568828,222887307,2025-08-16 17:39:44+00:00
1,15,172,35,87,0.0,10497.02,94.60000000000002,2.566,0.0,172,543569098,222887301,2025-08-16 17:39:45+00:00
1,19,172,35,88,0.0,10510.57,94.79999999999995,2.706,0.0,172,543570497,222887245,2025-08-16 17:39:50+00:00
1,19,171,35,88,0.0,10521.78,95.20000000000005,2.678,0.0,171,543571637,222887710,2025-08-16 17:39:54+00:00
1,8,169,35,85,0.0,10531.66,95.39999999999998,2.687,0.5,169,543572625,222888317,2025-08-16 17:39:58+00:00
1,6,168,34,86,0.0,10542.4,95.39999999999998,2.659,0.0,168,543573822,222888021,2025-08-16 17:40:02+00:00
1,3,169,34,86,0.0,10556.97,96.60000000000002,2.678,0.5,169,543575331,222888394,2025-08-16 17:40:07+00:00
1,3,168,34,88,0.0,10567.13,97.20000000000005,2.697,0.0,168,543576383,222888759,2025-08-16 17:40:11+00:00
1,2,168,34,85,0.0,10580.2,96.0,2.669,0.5,168,543577642,222889745,2025-08-16 17:40:16+00:00
1,2,168,34,86,0.0,10586.82,96.39999999999998,2.678,0.5,168,543577801,222890728,2025-08-16 17:40:18+00:00
1,2,168,34,86,0.0,10589.88,96.39999999999998,2.706,0.5,168,543577888,222891088,2025-08-16 17:40:19+00:00
1,2,168,34,87,0.0,10601.86,96.20000000000005,2.762,0.0,168,543577983,222892920,2025-08-16 17:40:23+00:00
1,2,168,34,87,33.25,10610.75,96.20000000000005,2.79,0.0,168,543578048,222894214,2025-08-16 17:40:26+00:00
1,2,169,34,86,33.25,10619.69,95.60000000000002,2.818,0.0,169,543578196,222895609,2025-08-16 17:40:29+00:00
1,2,168,34,87,33.25,10629.83,94.60000000000002,2.818,0.0,168,543578139,222897111,2025-08-16 17:40:33+00:00
1,2,169,34,85,33.25,10640.3,94.60000000000002,2.79,0.5,169,543578172,222898747,2025-08-16 17:40:37+00:00
1,3,170,34,86,0.0,10654.12,94.39999999999998,2.781,0.0,170,543578157,222900785,2025-08-16 17:40:42+00:00
1,4,169,34,87,0.0,10662.06,94.0,2.781,0.0,169,543578235,222902041,2025-08-16 17:40:45+00:00
1,2,170,34,88,0.0,10678.51,94.0,2.771,0.0,170,543578388,222904484,2025-08-16 17:40:51+00:00
1,1,170,34,86,0.0,10688.74,94.0,2.762,0.5,170,543578461,222906080,2025-08-16 17:40:55+00:00
1,2,172,34,87,0.0,10698.85,94.0,2.743,0.0,172,543578563,222907656,2025-08-16 17:40:59+00:00
1,2,173,34,87,0.0,10712.17,93.39999999999998,2.725,0.0,173,543578753,222909679,2025-08-16 17:41:04+00:00
1,2,173,34,87,0.0,10723.21,93.79999999999995,2.715,0.0,173,543578916,222911352,2025-08-16 17:41:08+00:00
1,6,172,34,87,0.0,10731.11,93.79999999999995,2.725,0.0,172,543579173,222912436,2025-08-16 17:41:11+00:00
1,2,170,34,87,0.0,10742.53,93.79999999999995,2.715,0.5,170,543579528,222914156,2025-08-16 17:41:15+00:00
1,2,170,34,88,0.0,10754.64,95.20000000000005,2.743,0.0,170,543579758,222915964,2025-08-16 17:41:19+00:00
1,2,170,34,87,24.25,10765.86,95.20000000000005,2.753,0.5,170,543579979,222917670,2025-08-16 17:41:23+00:00
1,2,171,34,88,0.0,10774.07,95.20000000000005,2.762,0.5,171,543580219,222918828,2025-08-16 17:41:26+00:00
1,3,170,34,87,0.0,10787.3,96.0,2.762,0.5,170,543580430,222920806,2025-08-16 17:41:31+00:00
1,3,170,34,88,0.0,10798.22,96.79999999999995,2.753,0.0,170,543580600,222922420,2025-08-16 17:41:35+00:00
1,3,170,34,87,0.0,10806.68,96.79999999999995,2.753,0.5,170,543580765,222923723,2025-08-16 17:41:38+00:00
1,2,170,34,88,0.0,10817.25,96.20000000000005,2.753,0.0,170,543580803,222925357,2025-08-16 17:41:42+00:00
1,4,170,34,87,0.0,10833.45,95.60000000000002,2.743,0.0,170,543581021,222927747,2025-08-16 17:41:48+00:00
1,2,170,34,87,35.95,10840.94,95.60000000000002,2.743,0.0,170,543581213,222928945,2025-08-16 17:41:51+00:00
1,2,170,34,88,28.76,10852.13,96.39999999999998,2.725,0.0,170,543581326,222930589,2025-08-16 17:41:55+00:00
1,1,169,34,88,0.0,10864.73,97.0,2.715,0.0,169,543581387,222932538,2025-08-16 17:42:00+00:00
1,1,169,34,88,0.0,10875.11,97.20000000000005,2.697,0.0,169,543581567,222934119,2025-08-16 17:42:04+00:00
1,1,169,34,88,0.0,10883.14,97.39999999999998,2.687,0.0,169,543581709,222935310,2025-08-16 17:42:07+00:00
1,1,169,34,87,0.0,10897.32,97.20000000000005,2.687,0.5,169,543581925,222937398,2025-08-16 17:42:12+00:00
1,1,169,34,88,32.73,10908.37,96.60000000000002,2.697,0.0,169,543582025,222939076,2025-08-16 17:42:16+00:00
1,1,169,34,87,32.73,10916.26,96.60000000000002,2.706,0.0,169,543582174,222940286,2025-08-16 17:42:19+00:00
1,1,169,34,88,0.0,10931.49,95.20000000000005,2.687,0.0,169,543582318,222942604,2025-08-16 17:42:25+00:00
1,1,169,34,88,0.0,10942.76,94.60000000000002,2.687,0.0,169,543582466,222944277,2025-08-16 17:42:29+00:00
1,18,169,34,87,17.29,10955.26,94.39999999999998,2.678,0.0,169,543582708,222946186,2025-08-16 17:42:34+00:00
1,19,170,34,88,0.0,10969.38,95.0,2.669,0.0,170,543582838,222948320,2025-08-16 17:42:39+00:00
1,19,170,34,89,0.0,10979.34,94.60000000000002,2.669,0.0,170,543583009,222949880,2025-08-16 17:42:43+00:00
1,14,170,34,87,0.0,10990.76,93.60000000000002,2.659,0.5,170,543583052,222951624,2025-08-16 17:42:47+00:00
1,14,170,34,89,0.0,11001.76,93.60000000000002,2.678,0.0,170,543583314,222953196,2025-08-16 17:42:51+00:00
1,7,171,34,89,0.0,11004.22,93.60000000000002,2.678,0.0,171,543583337,222953584,2025-08-16 17:42:52+00:00
1,5,171,34,86,0.0,11015.2,93.0,2.678,0.0,171,543583565,222955256,2025-08-16 17:42:56+00:00
1,4,172,34,86,0.0,11026.0,93.39999999999998,2.678,0.0,172,543583822,222956858,2025-08-16 17:43:00+00:00
1,6,171,34,88,0.0,11039.75,93.60000000000002,2.678,0.0,171,543584042,222958948,2025-08-16 17:43:05+00:00
1,6,171,34,87,0.0,11050.21,93.79999999999995,2.687,0.5,171,543584156,222960519,2025-08-16 17:43:09+00:00
1,6,171,34,88,0.0,11058.18,94.60000000000002,2.678,0.0,171,543584346,222961665,2025-08-16 17:43:12+00:00
1,6,171,34,87,0.0,11068.77,94.60000000000002,2.678,0.5,171,543584567,222963267,2025-08-16 17:43:16+00:00
1,6,171,34,88,0.0,11083.29,95.0,2.687,0.0,171,543584846,222965392,2025-08-16 17:43:21+00:00
1,3,169,34,89,0.0,11094.44,95.60000000000002,2.697,0.0,169,543585091,222967056,2025-08-16 17:43:25+00:00
1,3,169,34,88,0.0,11102.46,96.0,2.706,0.0,169,543585281,222968330,2025-08-16 17:43:28+00:00
1,3,170,34,89,0.0,11113.67,96.39999999999998,2.715,0.0,170,543585575,222969951,2025-08-16 17:43:32+00:00
1,5,171,34,88,0.0,11127.64,97.39999999999998,2.734,0.5,171,543585796,222972055,2025-08-16 17:43:37+00:00
1,7,171,34,89,0.0,11139.28,97.79999999999995,2.743,0.0,171,543585960,222973802,2025-08-16 17:43:41+00:00
1,6,170,34,87,0.0,11147.12,97.39999999999998,2.762,0.5,170,543586111,222974922,2025-08-16 17:43:44+00:00
1,2,172,34,88,0.0,11154.59,97.20000000000005,2.743,0.0,172,543586222,222976116,2025-08-16 17:43:47+00:00
1,2,172,34,87,0.0,11168.16,96.79999999999995,2.725,0.0,172,543586249,222978157,2025-08-16 17:43:52+00:00
1,2,171,34,88,0.0,11178.77,96.60000000000002,2.715,0.0,171,543586514,222979768,2025-08-16 17:43:56+00:00
1,2,170,34,88,0.0,11187.27,96.79999999999995,2.715,0.0,170,543586771,222980944,2025-08-16 17:43:59+00:00
1,2,170,33,89,0.0,11198.87,96.79999999999995,2.725,0.0,170,543586982,222982702,2025-08-16 17:44:03+00:00
1,2,171,33,89,0.0,11213.14,96.60000000000002,2.753,0.5,171,543587168,222984846,2025-08-16 17:44:08+00:00
1,1,170,33,88,0.0,11227.24,96.39999999999998,2.762,0.5,170,543587234,222986995,2025-08-16 17:44:13+00:00
1,2,171,33,88,0.0,11238.43,96.20000000000005,2.771,0.0,171,543587368,222988721,2025-08-16 17:44:17+00:00
1,3,170,33,89,0.0,11249.26,95.79999999999995,2.762,0.0,170,543587561,222990395,2025-08-16 17:44:21+00:00
1,3,171,33,89,0.0,11257.39,95.39999999999998,2.771,0.0,171,543587777,222991554,2025-08-16 17:44:24+00:00
1,1,171,33,88,0.0,11269.12,95.20000000000005,2.771,0.5,171,543588044,222993307,2025-08-16 17:44:28+00:00
1,1,171,33,86,0.0,11282.35,96.20000000000005,2.771,0.5,171,543588239,222995257,2025-08-16 17:44:33+00:00
1,1,171,33,89,0.0,11293.57,96.39999999999998,2.771,0.0,171,543588270,222996948,2025-08-16 17:44:37+00:00
1,1,171,33,88,0.0,11302.25,96.20000000000005,2.762,0.5,171,543587884,222998249,2025-08-16 17:44:40+00:00
1,2,172,33,89,0.0,11310.17,96.20000000000005,2.771,0.5,172,543587686,222999425,2025-08-16 17:44:43+00:00
1,2,171,33,88,0.0,11323.93,95.0,2.762,0.5,171,543587774,223001530,2025-08-16 17:44:48+00:00
1,2,172,33,89,0.0,11337.84,93.79999999999995,2.771,0.0,172,543588037,223003656,2025-08-16 17:44:53+00:00
1,3,172,33,90,0.0,11354.14,94.0,2.771,0.0,172,543588329,223006077,2025-08-16 17:44:59+00:00
1,3,171,33,89,0.0,11370.14,93.20000000000005,2.753,0.0,171,543588544,223008509,2025-08-16 17:45:05+00:00
1,5,172,33,89,0.0,11381.11,93.39999999999998,2.753,0.5,172,543588684,223010107,2025-08-16 17:45:09+00:00
1,7,172,33,89,0.0,11391.51,93.60000000000002,2.734,0.5,172,543588951,223011692,2025-08-16 17:45:13+00:00
1,4,172,33,88,0.0,11402.45,93.60000000000002,2.734,0.5,172,543589060,223013353,2025-08-16 17:45:17+00:00
1,6,172,33,89,0.0,11421.61,93.20000000000005,2.725,0.5,172,543589399,223016264,2025-08-16 17:45:24+00:00
1,9,171,33,90,0.0,11433.37,93.60000000000002,2.734,0.0,171,543589578,223018039,2025-08-16 17:45:28+00:00
1,12,171,33,88,0.0,11444.41,94.20000000000005,2.743,0.5,171,543589669,223019702,2025-08-16 17:45:32+00:00
1,13,172,33,89,0.0,11451.39,94.79999999999995,2.734,0.5,172,543589793,223020700,2025-08-16 17:45:35+00:00
1,15,172,33,88,0.0,11459.33,94.39999999999998,2.725,0.5,172,543589853,223021988,2025-08-16 17:45:38+00:00
1,17,172,33,89,0.0,11467.12,94.79999999999995,2.715,0.5,172,543589989,223023087,2025-08-16 17:45:41+00:00
1,17,172,33,89,0.0,11470.2,94.79999999999995,2.715,0.5,172,543589842,223023593,2025-08-16 17:45:42+00:00
1,19,171,33,88,0.0,11475.77,95.20000000000005,2.706,0.5,171,543589736,223024372,2025-08-16 17:45:44+00:00
1,17,171,33,90,0.0,11489.55,94.60000000000002,2.725,0.5,171,543589474,223026407,2025-08-16 17:45:49+00:00
1,16,172,33,88,0.0,11499.19,93.60000000000002,2.697,0.5,172,543589542,223027953,2025-08-16 17:45:53+00:00
1,13,173,33,88,0.0,11512.75,93.79999999999995,2.687,0.0,173,543589618,223029973,2025-08-16 17:45:58+00:00
1,14,172,33,87,0.0,11521.07,94.0,2.678,0.0,172,543589619,223031290,2025-08-16 17:46:01+00:00
1,13,173,33,88,0.0,11534.5,94.60000000000002,2.697,0.5,173,543589590,223033286,2025-08-16 17:46:06+00:00
1,13,172,33,89,0.0,11552.54,95.60000000000002,2.659,0.0,172,543589448,223035992,2025-08-16 17:46:13+00:00
1,9,172,33,89,0.0,11563.82,95.60000000000002,2.65,0.0,172,543589340,223037685,2025-08-16 17:46:17+00:00
1,9,172,33,89,0.0,11574.1,94.79999999999995,2.659,0.5,172,543589213,223039247,2025-08-16 17:46:21+00:00
1,9,172,33,90,0.0,11582.99,94.79999999999995,2.65,0.0,172,543588998,223040627,2025-08-16 17:46:24+00:00
1,9,172,33,89,0.0,11591.03,94.60000000000002,2.669,0.0,172,543588858,223041789,2025-08-16 17:46:27+00:00
1,20,172,33,90,0.0,11601.98,94.60000000000002,2.669,0.5,172,543588569,223043427,2025-08-16 17:46:31+00:00
1,14,172,33,89,0.0,11613.27,94.20000000000005,2.687,0.5,172,543588355,223045133,2025-08-16 17:46:35+00:00
1,9,172,33,89,0.0,11624.69,93.79999999999995,2.697,0.5,172,543588081,223046811,2025-08-16 17:46:39+00:00
1,9,172,33,89,0.0,11632.97,94.0,2.715,0.5,172,543587852,223048069,2025-08-16 17:46:42+00:00
1,5,172,33,89,0.0,11641.05,94.39999999999998,2.715,0.5,172,543587764,223049262,2025-08-16 17:46:45+00:00
1,5,172,33,90,0.0,11650.19,94.39999999999998,2.725,0.0,172,543587541,223050650,2025-08-16 17:46:48+00:00
1,5,172,33,89,0.0,11658.45,94.60000000000002,2.734,0.5,172,543587424,223051846,2025-08-16 17:46:51+00:00
1,5,172,33,90,0.0,11666.77,94.79999999999995,2.743,0.0,172,543587149,223053095,2025-08-16 17:46:54+00:00
1,8,171,33,89,0.0,11675.17,94.60000000000002,2.743,0.5,171,543586891,223054248,2025-08-16 17:46:57+00:00
1,9,172,33,88,0.0,11686.64,94.39999999999998,2.753,0.0,172,543586451,223055926,2025-08-16 17:47:01+00:00
1,13,172,33,89,0.0,11697.81,94.39999999999998,2.771,0.5,172,543586084,223057544,2025-08-16 17:47:05+00:00
1,13,172,33,90,0.0,11708.81,94.60000000000002,2.771,0.0,172,543585637,223059095,2025-08-16 17:47:09+00:00
1,13,172,33,90,0.0,11719.53,94.60000000000002,2.771,0.5,172,543585239,223060649,2025-08-16 17:47:13+00:00
1,5,172,33,89,0.0,11738.48,93.60000000000002,2.762,0.0,172,543584985,223063507,2025-08-16 17:47:20+00:00
1,7,172,33,89,0.0,11751.96,93.60000000000002,2.734,0.5,172,543584632,223065546,2025-08-16 17:47:25+00:00
1,6,173,33,90,0.0,11765.28,93.39999999999998,2.734,0.5,173,543583956,223067336,2025-08-16 17:47:30+00:00
1,6,172,33,90,0.0,11784.87,94.0,2.734,0.0,172,543582851,223069896,2025-08-16 17:47:37+00:00
1,6,172,33,89,0.0,11796.49,94.60000000000002,2.743,0.5,172,543582272,223071433,2025-08-16 17:47:41+00:00
1,1,173,33,91,0.0,11814.22,94.60000000000002,2.762,0.5,173,543581267,223073687,2025-08-16 17:47:47+00:00
1,1,172,33,90,0.0,11827.92,94.39999999999998,2.781,0.0,172,543580498,223075479,2025-08-16 17:47:52+00:00
1,1,172,33,89,0.0,11842.02,94.0,2.79,0.5,172,543579699,223077291,2025-08-16 17:47:57+00:00
1,2,172,33,92,0.0,11861.16,94.39999999999998,2.79,0.0,172,543578586,223079779,2025-08-16 17:48:04+00:00
1,2,172,33,91,0.0,11872.82,94.39999999999998,2.79,0.5,172,543577991,223081315,2025-08-16 17:48:08+00:00
1,2,172,33,92,0.0,11883.71,94.20000000000005,2.799,0.0,172,543577382,223082763,2025-08-16 17:48:12+00:00
1,2,172,33,90,0.0,11895.81,94.39999999999998,2.809,0.5,172,543576694,223084292,2025-08-16 17:48:16+00:00
1,5,172,33,92,0.0,11903.83,94.60000000000002,2.818,0.0,172,543576342,223085347,2025-08-16 17:48:19+00:00
1,5,172,33,90,0.0,11912.12,94.79999999999995,2.818,0.5,172,543575848,223086476,2025-08-16 17:48:22+00:00
1,4,172,33,91,0.0,11920.4,95.20000000000005,2.818,0.5,172,543575373,223087469,2025-08-16 17:48:25+00:00
1,4,172,33,91,0.0,11928.68,95.39999999999998,2.818,0.5,172,543574827,223088598,2025-08-16 17:48:28+00:00
1,6,173,33,92,0.0,11939.57,95.60000000000002,2.809,0.0,173,543574263,223089992,2025-08-16 17:48:32+00:00
1,4,174,33,91,0.0,11955.72,95.0,2.79,0.5,174,543573348,223092115,2025-08-16 17:48:38+00:00
1,4,174,33,90,0.0,11969.16,94.79999999999995,2.771,0.0,174,543572605,223093856,2025-08-16 17:48:43+00:00
1,2,173,33,90,0.0,11985.65,94.60000000000002,2.771,0.0,173,543571716,223095970,2025-08-16 17:48:49+00:00
1,2,172,33,90,0.0,12001.46,94.60000000000002,2.743,0.5,172,543570877,223098089,2025-08-16 17:48:55+00:00
1,2,172,33,91,0.0,12004.2,94.39999999999998,2.743,0.0,172,543570750,223098428,2025-08-16 17:48:56+00:00
1,2,172,33,89,0.0,12012.97,94.0,2.734,0.5,172,543570156,223099455,2025-08-16 17:49:00+00:00
1,1,171,33,59,32.15,12025.99,93.60000000000002,1.847,0.5,171,543569338,223101119,2025-08-16 17:49:09+00:00
1,1,168,33,59,0.0,12037.43,93.79999999999995,1.642,0.5,168,543568666,223102626,2025-08-16 17:49:18+00:00
1,1,168,33,59,0.0,12040.45,93.60000000000002,1.642,0.0,168,543568519,223103000,2025-08-16 17:49:20+00:00
1,0,165,33,59,0.0,12051.11,92.60000000000002,1.586,0.5,165,543568062,223104484,2025-08-16 17:49:28+00:00
1,0,163,33,58,0.0,12054.71,92.0,1.577,0.5,163,543568354,223104927,2025-08-16 17:49:31+00:00
1,1,161,33,61,0.0,12064.14,92.0,1.596,0.0,161,543568425,223106294,2025-08-16 17:49:37+00:00
1,1,159,33,87,0.0,12076.42,92.79999999999995,1.847,0.0,159,543567607,223107960,2025-08-16 17:49:43+00:00
1,1,158,33,87,0.0,12089.66,93.0,2.239,0.5,158,543566803,223109606,2025-08-16 17:49:48+00:00
1,0,161,33,89,0.0,12107.49,93.79999999999995,2.463,0.0,161,543565784,223111885,2025-08-16 17:49:54+00:00
1,0,161,33,90,0.0,12121.98,94.60000000000002,2.463,0.5,161,543565018,223113789,2025-08-16 17:49:59+00:00
1,7,160,33,88,0.0,12132.44,95.39999999999998,2.473,0.5,160,543564539,223115182,2025-08-16 17:50:03+00:00
1,1,162,33,89,0.0,12143.04,95.0,2.435,0.0,162,543563861,223116506,2025-08-16 17:50:07+00:00
1,4,164,33,90,0.0,12153.86,94.39999999999998,2.463,0.5,164,543563326,223118001,2025-08-16 17:50:11+00:00
1,4,164,33,90,0.0,12164.71,94.60000000000002,2.519,0.0,164,543562788,223119411,2025-08-16 17:50:15+00:00
1,1,163,33,89,0.0,12172.59,94.79999999999995,2.519,0.5,163,543562261,223120391,2025-08-16 17:50:18+00:00
1,1,165,33,90,0.0,12182.63,95.0,2.491,0.0,165,543561692,223121736,2025-08-16 17:50:22+00:00
1,0,166,33,89,0.0,12190.52,94.79999999999995,2.51,0.5,166,543561379,223122794,2025-08-16 17:50:25+00:00
1,1,167,33,89,0.0,12201.15,94.60000000000002,2.529,0.0,167,543560829,223124185,2025-08-16 17:50:29+00:00
1,1,166,33,90,655.34,12211.76,94.79999999999995,2.557,0.5,166,543560305,223125624,2025-08-16 17:50:33+00:00
1,1,167,33,90,655.34,12220.36,94.60000000000002,2.585,0.0,167,543559811,223126792,2025-08-16 17:50:36+00:00
1,1,166,33,89,655.34,12228.2,94.39999999999998,2.603,0.5,166,543559493,223127857,2025-08-16 17:50:39+00:00
1,1,167,33,89,655.34,12237.37,94.20000000000005,2.622,0.5,167,543558884,223129013,2025-08-16 17:50:42+00:00
1,1,167,33,89,655.34,12245.12,94.20000000000005,2.65,0.5,167,543558417,223129908,2025-08-16 17:50:45+00:00
1,1,167,33,90,655.34,12253.79,94.20000000000005,2.659,0.5,167,543557731,223130830,2025-08-16 17:50:48+00:00
1,1,168,33,89,655.34,12260.71,94.0,2.669,0.5,168,543557324,223131701,2025-08-16 17:50:51+00:00
1,1,168,33,89,655.34,12268.37,93.79999999999995,2.659,0.5,168,543556881,223132772,2025-08-16 17:50:54+00:00
1,1,169,33,89,655.34,12278.51,94.0,2.65,0.0,169,543556312,223134048,2025-08-16 17:50:58+00:00
1,1,169,33,89,655.34,12289.58,93.60000000000002,2.641,0.5,169,543555678,223135493,2025-08-16 17:51:02+00:00
1,1,169,33,89,655.34,12300.1,93.20000000000005,2.65,0.5,169,543555092,223136874,2025-08-16 17:51:06+00:00
1,1,169,33,89,655.34,12313.63,93.0,2.669,0.5,169,543554276,223138537,2025-08-16 17:51:11+00:00
1,2,169,33,91,655.34,12332.15,92.60000000000002,2.659,0.0,169,543553229,223140996,2025-08-16 17:51:18+00:00
1,2,170,33,90,655.34,12351.38,93.0,2.687,0.0,170,543552282,223143606,2025-08-16 17:51:25+00:00
1,1,169,33,89,655.34,12370.98,93.20000000000005,2.706,0.0,169,543551439,223146320,2025-08-16 17:51:32+00:00
1,1,170,33,90,655.34,12383.27,93.79999999999995,2.706,0.0,170,543551006,223148125,2025-08-16 17:51:37+00:00
1,1,170,33,88,655.34,12394.69,94.0,2.697,0.5,170,543550406,223149623,2025-08-16 17:51:41+00:00
1,1,170,33,90,655.34,12402.14,94.60000000000002,2.706,0.5,170,543550045,223150560,2025-08-16 17:51:44+00:00
1,2,170,33,89,655.34,12411.04,94.79999999999995,2.697,0.5,170,543549643,223151859,2025-08-16 17:51:47+00:00
1,2,171,33,89,655.34,12421.35,94.60000000000002,2.706,0.5,171,543549280,223153354,2025-08-16 17:51:51+00:00
1,2,171,33,90,655.34,12429.34,95.39999999999998,2.706,0.0,171,543549137,223154489,2025-08-16 17:51:54+00:00
1,2,172,33,90,655.34,12440.26,95.60000000000002,2.715,0.5,172,543548767,223156054,2025-08-16 17:51:58+00:00
1,2,173,32,91,655.34,12450.76,95.39999999999998,2.715,0.0,173,543548421,223157570,2025-08-16 17:52:02+00:00
1,5,172,32,90,655.34,12458.96,95.20000000000005,2.706,0.5,172,543548098,223158780,2025-08-16 17:52:05+00:00
1,6,172,32,90,655.34,12469.44,95.39999999999998,2.706,0.5,172,543547831,223160344,2025-08-16 17:52:09+00:00
1,3,170,32,90,655.34,12479.76,95.0,2.697,0.0,170,543547476,223161809,2025-08-16 17:52:13+00:00
1,2,171,32,90,655.34,12492.61,94.39999999999998,2.678,0.5,171,543547192,223163685,2025-08-16 17:52:18+00:00
1,1,170,32,90,655.34,12500.66,94.60000000000002,2.678,0.5,170,543547008,223164939,2025-08-16 17:52:21+00:00
1,1,170,32,88,655.34,12508.63,94.39999999999998,2.678,0.5,170,543546800,223166044,2025-08-16 17:52:24+00:00
1,1,171,32,90,655.34,12519.4,94.79999999999995,2.678,0.0,171,543546515,223167620,2025-08-16 17:52:28+00:00
1,1,170,32,89,655.34,12527.89,94.60000000000002,2.687,0.5,170,543546260,223168963,2025-08-16 17:52:31+00:00
1,1,170,32,89,655.34,12536.52,94.20000000000005,2.697,0.5,170,543546062,223170126,2025-08-16 17:52:34+00:00
1,1,170,32,89,655.34,12544.04,94.0,2.706,0.0,170,543545774,223171223,2025-08-16 17:52:37+00:00
1,1,170,32,89,655.34,12553.84,93.79999999999995,2.678,0.5,170,543545567,223172738,2025-08-16 17:52:41+00:00
1,1,170,32,87,0.0,12564.5,94.0,2.669,0.0,170,543545432,223174300,2025-08-16 17:52:45+00:00
1,1,170,32,87,0.0,12572.99,94.39999999999998,2.669,0.0,170,543545207,223175579,2025-08-16 17:52:48+00:00
1,2,171,32,87,0.0,12581.06,94.20000000000005,2.687,0.5,171,543545166,223176732,2025-08-16 17:52:51+00:00
1,2,170,32,89,0.0,12589.67,94.39999999999998,2.697,0.5,170,543544929,223178085,2025-08-16 17:52:54+00:00
1,2,170,32,90,0.0,12597.68,94.79999999999995,2.706,0.0,170,543544813,223179220,2025-08-16 17:52:57+00:00
1,2,171,32,90,0.0,12605.28,94.79999999999995,2.715,0.5,171,543544610,223180409,2025-08-16 17:53:00+00:00
1,4,171,32,90,0.0,12614.04,94.60000000000002,2.697,0.5,171,543544512,223181668,2025-08-16 17:53:03+00:00
1,6,171,32,88,0.0,12624.35,94.0,2.715,0.5,171,543544499,223183245,2025-08-16 17:53:07+00:00
1,6,173,32,90,0.0,12634.33,93.60000000000002,2.697,0.0,173,543544298,223184796,2025-08-16 17:53:11+00:00
1,6,173,32,89,0.0,12644.85,94.20000000000005,2.687,0.5,173,543543505,223186059,2025-08-16 17:53:15+00:00
1,7,172,32,89,0.0,12656.19,93.39999999999998,2.687,0.0,172,543542346,223186257,2025-08-16 17:53:19+00:00
1,7,172,32,88,0.0,12662.1,93.39999999999998,2.697,0.5,172,543541715,223186057,2025-08-16 17:53:21+00:00
1,7,172,32,89,0.0,12670.52,92.79999999999995,2.715,0.5,172,543540849,223185970,2025-08-16 17:53:24+00:00
1,4,172,32,89,0.0,12678.63,93.20000000000005,2.715,0.0,172,543539952,223185675,2025-08-16 17:53:27+00:00
1,4,171,32,89,0.0,12681.62,93.39999999999998,2.715,0.5,171,543539660,223185729,2025-08-16 17:53:28+00:00
1,4,171,32,90,0.0,12687.11,93.39999999999998,2.725,0.5,171,543539053,223185627,2025-08-16 17:53:30+00:00
1,4,171,32,90,0.0,12694.95,93.20000000000005,2.725,0.0,171,543538254,223186164,2025-08-16 17:53:33+00:00
1,4,171,32,87,0.0,12702.33,92.79999999999995,2.725,0.5,171,543538173,223187254,2025-08-16 17:53:36+00:00
1,3,171,32,89,0.0,12710.92,92.60000000000002,2.725,0.0,171,543538038,223188611,2025-08-16 17:53:39+00:00
1,2,173,32,88,0.0,12718.98,92.60000000000002,2.725,0.5,173,543537987,223189772,2025-08-16 17:53:42+00:00
1,2,173,32,89,0.0,12727.24,92.60000000000002,2.734,0.5,173,543537833,223191074,2025-08-16 17:53:45+00:00
1,2,172,32,88,0.0,12738.03,92.20000000000005,2.725,0.5,172,543537773,223192704,2025-08-16 17:53:49+00:00
1,2,173,32,89,0.0,12751.43,92.60000000000002,2.734,0.5,173,543537728,223194767,2025-08-16 17:53:54+00:00
1,2,172,32,88,0.0,12759.71,92.60000000000002,2.725,0.5,172,543537724,223195983,2025-08-16 17:53:57+00:00
1,2,171,32,90,0.0,12770.6,92.79999999999995,2.734,0.0,171,543537757,223197597,2025-08-16 17:54:01+00:00
1,2,172,32,88,0.0,12778.49,92.39999999999998,2.725,0.5,172,543537750,223198821,2025-08-16 17:54:04+00:00
1,2,171,32,90,0.0,12788.96,92.60000000000002,2.715,0.0,171,543537548,223200444,2025-08-16 17:54:08+00:00
1,2,171,32,88,0.0,12797.36,92.39999999999998,2.715,0.5,171,543537497,223201647,2025-08-16 17:54:11+00:00
1,1,170,32,90,0.0,12807.53,92.0,2.715,0.0,170,543537577,223203197,2025-08-16 17:54:15+00:00
1,2,169,32,88,0.0,12816.43,92.20000000000005,2.715,0.5,169,543537548,223204579,2025-08-16 17:54:18+00:00
1,4,170,32,88,0.0,12833.49,92.20000000000005,2.725,0.5,170,543537491,223207152,2025-08-16 17:54:24+00:00
1,4,170,32,88,0.0,12844.28,92.39999999999998,2.734,0.5,170,543537337,223208761,2025-08-16 17:54:28+00:00
1,9,171,32,88,0.0,12852.93,92.20000000000005,2.734,0.0,171,543537325,223210170,2025-08-16 17:54:31+00:00
1,6,172,32,89,0.0,12861.48,92.60000000000002,2.743,0.5,172,543537384,223211411,2025-08-16 17:54:34+00:00
1,6,172,32,89,0.0,12870.12,92.39999999999998,2.762,0.5,172,543537274,223212740,2025-08-16 17:54:37+00:00
1,6,172,32,89,0.0,12878.04,92.20000000000005,2.762,0.5,172,543537275,223213940,2025-08-16 17:54:40+00:00
1,4,171,32,90,0.0,12889.59,92.20000000000005,2.771,0.0,171,543537275,223215707,2025-08-16 17:54:44+00:00
1,2,172,32,89,0.0,12903.89,92.0,2.79,0.5,172,543537431,223217854,2025-08-16 17:54:49+00:00
1,2,172,32,88,0.0,12914.85,91.79999999999995,2.809,0.5,172,543537511,223219510,2025-08-16 17:54:53+00:00
1,2,172,32,89,0.0,12923.83,91.79999999999995,2.809,0.0,172,543537501,223220923,2025-08-16 17:54:56+00:00
1,2,172,32,89,0.0,12932.41,91.79999999999995,2.818,0.5,172,543537759,223222133,2025-08-16 17:54:59+00:00
1,3,171,32,89,0.0,12941.6,91.60000000000002,2.837,0.5,171,543537782,223223585,2025-08-16 17:55:02+00:00
1,3,172,32,89,0.0,12949.33,91.60000000000002,2.837,0.5,172,543537882,223224734,2025-08-16 17:55:05+00:00
1,3,172,32,88,0.0,12960.95,91.79999999999995,2.837,0.5,172,543537991,223226544,2025-08-16 17:55:09+00:00
1,9,172,32,87,0.0,12975.56,92.39999999999998,2.865,0.5,172,543538305,223228674,2025-08-16 17:55:14+00:00
1,9,172,32,89,0.0,12986.43,92.0,2.855,0.0,172,543538627,223230269,2025-08-16 17:55:18+00:00
1,14,172,32,87,0.02,12998.14,92.20000000000005,2.846,0.5,172,543539091,223231948,2025-08-16 17:55:22+00:00
1,13,173,32,88,0.0,13004.02,92.0,2.855,0.5,173,543539330,223232780,2025-08-16 17:55:24+00:00
1,7,175,32,88,0.0,13006.81,92.20000000000005,2.855,0.5,175,543539462,223233164,2025-08-16 17:55:25+00:00
1,2,142,31,0,0.0,13006.81,92.20000000000005,0.0,0.0,142,543540765,223236529,2025-08-16 17:57:44+00:00
1,2,143,31,0,0.0,13007.62,92.0,0.0,0.0,143,543540805,223236625,2025-08-16 17:57:45+00:00
1,1,146,31,0,0.0,13008.79,91.60000000000002,0.0,0.0,146,543540888,223236745,2025-08-16 17:57:46+00:00
1,1,147,31,0,0.0,13014.96,91.60000000000002,1.437,0.0,147,543541314,223237481,2025-08-16 17:57:49+00:00
1,1,148,31,82,0.0,13028.47,91.79999999999995,2.706,0.0,148,543542346,223238910,2025-08-16 17:57:54+00:00
1,1,149,31,85,0.0,13039.14,92.20000000000005,2.659,0.0,149,543543090,223240202,2025-08-16 17:57:58+00:00
1,1,149,31,85,0.0,13046.92,92.79999999999995,2.659,0.5,149,543543574,223241096,2025-08-16 17:58:01+00:00
1,1,149,31,85,0.0,13049.79,92.60000000000002,2.622,0.5,149,543543651,223241584,2025-08-16 17:58:02+00:00
1,4,150,31,88,0.0,13057.69,93.20000000000005,2.669,0.0,150,543544091,223242571,2025-08-16 17:58:05+00:00
1,5,151,31,87,0.0,13071.01,93.39999999999998,2.659,0.0,151,543544563,223244430,2025-08-16 17:58:10+00:00
1,6,151,31,88,0.0,13079.03,93.39999999999998,2.669,0.0,151,543544616,223245715,2025-08-16 17:58:13+00:00
1,1,153,31,86,0.0,13086.27,93.0,2.603,0.5,153,543544908,223246750,2025-08-16 17:58:16+00:00
1,1,153,31,87,0.0,13097.17,93.60000000000002,2.669,0.0,153,543545166,223248343,2025-08-16 17:58:20+00:00
1,0,154,31,87,0.0,13104.94,94.0,2.65,0.0,154,543545472,223249412,2025-08-16 17:58:23+00:00
1,0,156,31,88,0.0,13113.06,93.20000000000005,2.641,0.0,156,543545660,223250686,2025-08-16 17:58:26+00:00
1,1,159,31,88,0.0,13121.82,93.39999999999998,2.641,0.0,159,543545936,223251930,2025-08-16 17:58:29+00:00
1,1,159,31,87,0.0,13124.54,93.60000000000002,2.669,0.5,159,543546035,223252270,2025-08-16 17:58:30+00:00
1,1,160,31,88,0.0,13135.57,94.20000000000005,2.687,0.0,160,543546389,223253844,2025-08-16 17:58:34+00:00
1,2,161,31,87,0.0,13143.2,93.79999999999995,2.678,0.5,161,543546543,223255044,2025-08-16 17:58:37+00:00
1,2,161,31,86,0.0,13153.81,93.79999999999995,2.678,0.0,161,543546904,223256552,2025-08-16 17:58:41+00:00
1,5,162,31,86,0.0,13162.01,93.20000000000005,2.678,0.0,162,543547258,223257768,2025-08-16 17:58:44+00:00
1,8,163,31,88,0.0,13169.91,92.79999999999995,2.678,0.0,163,543547638,223258892,2025-08-16 17:58:47+00:00
1,5,165,31,87,0.0,13183.14,94.20000000000005,2.697,0.0,165,543548040,223260701,2025-08-16 17:58:52+00:00
1,5,165,31,88,0.0,13190.52,94.20000000000005,2.678,0.0,165,543548230,223261890,2025-08-16 17:58:55+00:00
1,6,166,31,87,0.0,13198.05,94.0,2.65,0.5,166,543548565,223262936,2025-08-16 17:58:58+00:00
1,9,167,31,89,0.0,13212.09,94.0,2.659,0.0,167,543549129,223264888,2025-08-16 17:59:03+00:00
1,12,168,31,87,0.0,13222.21,94.20000000000005,2.659,0.0,168,543549439,223266382,2025-08-16 17:59:07+00:00
1,12,168,31,87,0.0,13230.84,94.0,2.659,0.0,168,543549949,223267502,2025-08-16 17:59:10+00:00
1,14,169,31,87,0.0,13241.99,94.20000000000005,2.678,0.5,169,543550517,223268909,2025-08-16 17:59:14+00:00
1,12,168,31,88,0.0,13252.29,94.20000000000005,2.678,0.0,168,543550889,223270368,2025-08-16 17:59:18+00:00
1,6,169,31,88,0.0,13259.95,93.79999999999995,2.678,0.0,169,543551347,223271398,2025-08-16 17:59:21+00:00
1,6,169,31,87,0.0,13270.1,94.0,2.669,0.0,169,543551802,223272865,2025-08-16 17:59:25+00:00
1,6,169,31,88,0.0,13283.44,94.0,2.659,0.0,169,543552250,223274777,2025-08-16 17:59:30+00:00
1,6,169,31,87,0.0,13291.62,94.20000000000005,2.65,0.5,169,543552703,223275825,2025-08-16 17:59:33+00:00
1,6,169,31,87,0.0,13302.6,93.79999999999995,2.659,0.0,169,543553402,223277267,2025-08-16 17:59:37+00:00
1,6,169,31,87,0.0,13306.5,94.20000000000005,2.659,0.0,169,543553768,223277616,2025-08-16 17:59:39+00:00
1,6,169,31,87,0.0,13306.95,94.0,2.659,0.0,169,543553758,223277406,2025-08-16 17:59:40+00:00
1,6,169,31,84,0.0,13314.19,93.60000000000002,2.622,0.5,169,543553191,223276585,2025-08-16 17:59:43+00:00
1,6,169,31,86,0.0,13328.75,93.20000000000005,2.65,0.0,169,543552105,223275062,2025-08-16 17:59:48+00:00
1,2,168,31,86,0.0,13337.15,92.79999999999995,2.669,0.0,168,543551719,223273883,2025-08-16 17:59:51+00:00
1,2,169,31,84,0.0,13350.12,93.20000000000005,2.659,0.5,169,543551055,223272124,2025-08-16 17:59:56+00:00
1,4,170,31,90,0.0,13361.07,93.60000000000002,2.65,0.0,170,543550513,223270684,2025-08-16 18:00:00+00:00
1,8,171,31,87,0.0,13369.24,94.0,2.659,0.5,171,543550095,223269588,2025-08-16 18:00:03+00:00
1,9,170,31,89,0.0,13379.73,94.20000000000005,2.65,0.0,170,543549606,223268133,2025-08-16 18:00:07+00:00
1,3,170,31,88,0.0,13395.13,96.0,2.659,0.0,170,543549003,223265989,2025-08-16 18:00:13+00:00
1,3,169,31,86,0.0,13402.38,96.0,2.603,0.5,169,543548675,223265000,2025-08-16 18:00:16+00:00
1,3,168,31,88,0.0,13413.15,95.20000000000005,2.594,0.0,168,543548232,223263477,2025-08-16 18:00:20+00:00
1,3,168,31,88,0.0,13422.72,95.0,2.575,0.0,168,543548018,223262015,2025-08-16 18:00:24+00:00
1,2,169,31,88,0.0,13430.77,95.39999999999998,2.575,0.0,169,543547600,223260984,2025-08-16 18:00:27+00:00
1,2,168,31,87,0.0,13439.27,95.0,2.594,0.5,168,543547293,223259756,2025-08-16 18:00:30+00:00
1,2,168,31,88,0.0,13452.11,95.20000000000005,2.594,0.0,168,543546805,223257880,2025-08-16 18:00:35+00:00
1,2,167,31,88,0.0,13462.8,95.79999999999995,2.585,0.5,167,543546454,223256337,2025-08-16 18:00:39+00:00
1,3,168,31,87,0.0,13470.69,96.0,2.603,0.0,168,543546182,223255305,2025-08-16 18:00:42+00:00
1,4,167,31,87,0.0,13473.26,95.60000000000002,2.603,0.0,167,543546147,223254865,2025-08-16 18:00:43+00:00
1,5,168,31,89,0.0,13483.96,95.39999999999998,2.594,0.0,168,543545828,223253254,2025-08-16 18:00:47+00:00
1,9,168,31,88,0.0,13496.93,95.60000000000002,2.613,0.5,168,543545417,223251399,2025-08-16 18:00:52+00:00
1,9,168,31,87,0.0,13507.6,95.39999999999998,2.603,0.0,168,543545099,223249828,2025-08-16 18:00:56+00:00
1,9,168,31,88,0.0,13517.56,95.0,2.603,0.5,168,543544785,223248386,2025-08-16 18:01:00+00:00
1,2,167,30,88,0.0,13536.19,95.20000000000005,2.594,0.5,167,543544507,223245550,2025-08-16 18:01:07+00:00
1,2,167,30,89,0.0,13546.28,94.39999999999998,2.603,0.0,167,543544272,223244065,2025-08-16 18:01:11+00:00
1,2,167,30,89,0.0,13553.89,93.79999999999995,2.585,0.0,167,543543890,223243046,2025-08-16 18:01:14+00:00
1,2,167,30,86,0.0,13566.98,93.79999999999995,2.566,0.5,167,543543364,223241229,2025-08-16 18:01:19+00:00
1,2,167,30,88,0.0,13576.43,93.39999999999998,2.529,0.0,167,543542845,223240002,2025-08-16 18:01:23+00:00
1,2,167,30,86,0.0,13586.13,93.39999999999998,2.519,0.5,167,543542166,223238816,2025-08-16 18:01:27+00:00
1,2,167,30,87,0.0,13596.18,93.60000000000002,2.501,0.0,167,543541440,223237649,2025-08-16 18:01:31+00:00
1,2,167,30,87,0.0,13603.52,93.39999999999998,2.501,0.5,167,543540978,223236818,2025-08-16 18:01:34+00:00
1,3,167,30,88,0.0,13611.47,93.0,2.501,0.0,167,543540520,223235739,2025-08-16 18:01:37+00:00
1,3,167,30,88,0.0,13621.87,92.79999999999995,2.51,0.5,167,543539895,223234446,2025-08-16 18:01:41+00:00
1,2,167,30,89,0.0,13638.36,92.79999999999995,2.529,0.0,167,543539026,223232241,2025-08-16 18:01:47+00:00
1,1,168,30,90,0.0,13651.87,93.0,2.557,0.0,168,543538582,223230300,2025-08-16 18:01:52+00:00
1,1,168,30,89,0.0,13654.14,93.0,2.566,0.0,168,543538455,223230032,2025-08-16 18:01:53+00:00
1,1,168,30,88,0.0,13662.04,93.0,2.566,0.0,168,543538293,223228774,2025-08-16 18:01:56+00:00
1,1,169,30,88,0.0,13673.57,92.39999999999998,2.585,0.0,169,543537959,223227107,2025-08-16 18:02:00+00:00
1,1,169,30,88,0.0,13681.64,93.0,2.622,0.5,169,543537715,223225972,2025-08-16 18:02:03+00:00
1,1,169,30,88,0.0,13698.36,93.39999999999998,2.65,0.5,169,543537535,223223435,2025-08-16 18:02:09+00:00
1,2,170,30,88,0.0,13703.37,93.79999999999995,2.659,0.5,170,543537549,223222661,2025-08-16 18:02:11+00:00
1,2,170,30,88,0.0,13708.48,93.79999999999995,2.659,0.5,170,543537542,223221888,2025-08-16 18:02:13+00:00
1,1,171,30,87,0.0,13715.85,94.0,2.65,0.5,171,543537399,223220836,2025-08-16 18:02:16+00:00
1,2,170,30,88,0.0,13726.55,94.0,2.631,0.0,170,543537284,223219159,2025-08-16 18:02:20+00:00
1,2,170,30,89,0.0,13740.03,94.60000000000002,2.65,0.5,170,543537136,223217171,2025-08-16 18:02:25+00:00
1,1,171,30,89,0.0,13750.64,94.0,2.641,0.0,171,543537127,223215568,2025-08-16 18:02:29+00:00
1,1,170,30,88,0.0,13759.21,93.79999999999995,2.65,0.5,170,543537211,223214215,2025-08-16 18:02:32+00:00
1,1,171,30,89,0.0,13766.71,93.60000000000002,2.669,0.0,171,543537117,223213130,2025-08-16 18:02:35+00:00
1,1,171,30,89,0.0,13775.22,93.39999999999998,2.659,0.5,171,543537112,223211795,2025-08-16 18:02:38+00:00
1,1,170,30,89,0.0,13785.24,92.79999999999995,2.659,0.5,170,543537080,223210279,2025-08-16 18:02:42+00:00
1,1,170,30,89,0.0,13800.19,94.0,2.622,0.5,170,543537090,223207949,2025-08-16 18:02:48+00:00
1,1,169,30,87,0.0,13809.32,94.60000000000002,2.641,0.5,169,543537278,223206567,2025-08-16 18:02:51+00:00
1,1,169,30,90,0.0,13817.49,95.0,2.659,0.5,169,543537220,223205384,2025-08-16 18:02:54+00:00
1,1,169,30,90,0.0,13825.73,94.79999999999995,2.659,0.0,169,543537287,223204070,2025-08-16 18:02:57+00:00
1,1,168,30,89,0.0,13833.94,95.20000000000005,2.669,0.5,168,543537228,223202888,2025-08-16 18:03:00+00:00
1,1,169,30,91,0.0,13842.72,95.20000000000005,2.697,0.0,169,543537280,223201540,2025-08-16 18:03:03+00:00
1,1,169,30,88,0.0,13853.14,94.79999999999995,2.715,0.5,169,543537393,223199958,2025-08-16 18:03:07+00:00
1,1,170,30,89,0.0,13863.57,93.79999999999995,2.687,0.0,170,543537406,223198343,2025-08-16 18:03:11+00:00
1,1,170,30,89,0.0,13871.58,94.0,2.669,0.5,170,543537402,223197200,2025-08-16 18:03:14+00:00
1,1,169,30,90,0.0,13881.88,93.79999999999995,2.669,0.0,169,543537570,223195632,2025-08-16 18:03:18+00:00
1,1,168,30,89,0.0,13894.49,94.0,2.631,0.5,168,543537619,223193663,2025-08-16 18:03:23+00:00
1,1,168,30,88,0.0,13908.09,95.0,2.641,0.5,168,543537842,223191654,2025-08-16 18:03:28+00:00
1,1,169,30,89,0.0,13918.51,94.0,2.641,0.5,169,543538024,223190044,2025-08-16 18:03:32+00:00
1,1,169,30,88,0.0,13926.88,94.39999999999998,2.641,0.5,169,543537973,223188833,2025-08-16 18:03:35+00:00
1,2,169,30,88,0.0,13937.09,93.79999999999995,2.65,0.5,169,543538125,223187258,2025-08-16 18:03:39+00:00
1,2,169,30,88,0.0,13947.23,93.20000000000005,2.641,0.5,169,543538527,223185797,2025-08-16 18:03:43+00:00
1,2,169,30,89,0.0,13949.76,93.20000000000005,2.631,0.0,169,543538758,223185573,2025-08-16 18:03:44+00:00
1,2,168,30,88,0.0,13952.52,93.39999999999998,2.631,0.5,168,543539074,223185546,2025-08-16 18:03:45+00:00
1,2,168,30,86,0.0,13961.44,93.60000000000002,2.631,0.5,168,543539978,223185594,2025-08-16 18:03:48+00:00
1,2,168,30,89,0.0,13973.57,93.20000000000005,2.706,0.5,168,543541248,223185937,2025-08-16 18:03:52+00:00
1,2,169,30,88,0.0,13982.28,93.0,2.771,0.5,169,543542197,223186228,2025-08-16 18:03:55+00:00
1,1,171,30,89,0.0,13991.98,92.60000000000002,2.771,0.0,171,543543270,223186024,2025-08-16 18:03:59+00:00
1,1,170,30,88,0.0,14004.55,91.79999999999995,2.687,0.5,170,543544230,223184583,2025-08-16 18:04:04+00:00
1,1,170,30,89,0.0,14015.27,92.20000000000005,2.669,0.0,170,543544479,223182983,2025-08-16 18:04:08+00:00
1,1,169,30,88,0.0,14025.25,92.39999999999998,2.659,0.5,169,543544668,223181506,2025-08-16 18:04:12+00:00
1,1,169,30,89,0.0,14027.41,92.20000000000005,2.65,0.0,169,543544611,223181209,2025-08-16 18:04:13+00:00
1,1,169,30,89,0.0,14032.51,92.20000000000005,2.641,0.0,169,543544632,223180416,2025-08-16 18:04:15+00:00
1,1,169,30,88,0.0,14043.39,92.39999999999998,2.631,0.0,169,543544748,223178748,2025-08-16 18:04:19+00:00
1,1,170,30,88,0.0,14057.71,92.39999999999998,2.659,0.5,170,543544992,223176610,2025-08-16 18:04:24+00:00
1,1,170,30,88,0.0,14065.93,92.60000000000002,2.669,0.0,170,543545176,223175369,2025-08-16 18:04:27+00:00
1,2,171,30,88,0.0,14073.18,93.20000000000005,2.659,0.0,171,543545255,223174306,2025-08-16 18:04:30+00:00
1,2,171,30,87,0.0,14081.34,93.20000000000005,2.659,0.5,171,543545438,223173054,2025-08-16 18:04:33+00:00
1,2,171,30,89,0.0,14093.07,93.0,2.659,0.0,171,543545736,223171310,2025-08-16 18:04:37+00:00
1,1,172,30,89,0.0,14100.65,92.60000000000002,2.678,0.5,172,543545833,223170194,2025-08-16 18:04:40+00:00
1,4,171,30,89,0.0,14110.92,92.79999999999995,2.669,0.5,171,543546007,223168624,2025-08-16 18:04:44+00:00
1,2,171,30,90,0.0,14124.93,93.39999999999998,2.678,0.5,171,543546338,223166517,2025-08-16 18:04:49+00:00
1,2,170,30,90,0.0,14135.83,94.20000000000005,2.678,0.0,170,543546592,223164903,2025-08-16 18:04:53+00:00
1,4,171,30,90,0.0,14146.03,94.20000000000005,2.687,0.5,171,543546881,223163398,2025-08-16 18:04:57+00:00
1,5,171,30,89,0.0,14160.47,93.79999999999995,2.687,0.5,171,543547289,223161279,2025-08-16 18:05:02+00:00
1,5,171,30,89,0.0,14174.19,93.39999999999998,2.706,0.5,171,543547659,223159252,2025-08-16 18:05:07+00:00
1,3,172,30,90,0.0,14188.47,93.0,2.715,0.0,172,543548222,223157192,2025-08-16 18:05:12+00:00
1,2,171,30,88,0.0,14198.99,93.60000000000002,2.715,0.5,171,543548709,223155745,2025-08-16 18:05:16+00:00
1,3,171,30,89,0.0,14207.11,93.79999999999995,2.715,0.5,171,543548926,223154595,2025-08-16 18:05:19+00:00
1,2,171,30,88,0.0,14215.42,93.39999999999998,2.725,0.5,171,543549238,223153387,2025-08-16 18:05:22+00:00
1,2,172,30,89,0.0,14226.2,93.39999999999998,2.715,0.0,172,543549693,223151864,2025-08-16 18:05:26+00:00
1,3,171,30,87,0.0,14230.45,93.20000000000005,2.715,0.5,171,543549823,223151297,2025-08-16 18:05:29+00:00
1,3,171,30,87,0.0,14231.08,93.0,2.715,0.5,171,543549838,223151176,2025-08-16 18:05:30+00:00
1,4,170,30,59,0.0,14242.53,90.60000000000002,1.773,0.0,170,543550274,223149541,2025-08-16 18:05:37+00:00
1,1,167,30,58,0.0,14253.38,91.39999999999998,1.577,0.5,167,543550804,223148119,2025-08-16 18:05:44+00:00
1,1,167,30,58,0.0,14254.6,91.60000000000002,1.549,0.5,167,543550864,223147946,2025-08-16 18:05:45+00:00
1,1,164,30,56,0.0,14267.31,92.39999999999998,1.316,0.5,164,543551374,223146072,2025-08-16 18:05:56+00:00
1,1,161,30,55,0.0,14271.13,93.0,1.297,0.5,161,543551444,223145507,2025-08-16 18:05:59+00:00
1,2,160,30,55,0.0,14278.47,93.39999999999998,1.316,0.5,160,543551819,223144562,2025-08-16 18:06:04+00:00
1,2,159,30,58,0.0,14289.39,93.20000000000005,1.465,0.0,159,543552343,223143134,2025-08-16 18:06:11+00:00
1,1,155,30,58,0.0,14294.03,93.0,1.465,0.0,155,543552617,223142539,2025-08-16 18:06:14+00:00
1,1,153,30,57,0.0,14299.86,92.0,1.456,0.5,153,543552946,223141722,2025-08-16 18:06:18+00:00
1,1,151,30,86,0.0,14317.2,91.79999999999995,1.596,0.5,151,543553882,223139420,2025-08-16 18:06:25+00:00
1,1,151,30,88,0.0,14324.81,92.39999999999998,2.202,0.0,151,543554187,223138401,2025-08-16 18:06:28+00:00
1,1,152,30,88,0.0,14333.57,92.60000000000002,2.277,0.0,152,543554750,223137232,2025-08-16 18:06:31+00:00
1,1,152,30,88,0.0,14341.86,92.60000000000002,2.501,0.5,152,543555141,223136215,2025-08-16 18:06:34+00:00
1,1,153,30,89,0.0,14351.05,93.0,2.557,0.5,153,543555736,223135026,2025-08-16 18:06:37+00:00
1,2,155,30,89,0.0,14358.24,93.20000000000005,2.529,0.0,155,543556082,223134087,2025-08-16 18:06:40+00:00
1,1,158,30,89,0.0,14366.35,93.20000000000005,2.454,0.5,158,543556551,223132994,2025-08-16 18:06:43+00:00
1,1,161,30,89,0.0,14377.01,93.60000000000002,2.473,0.0,161,543557139,223131614,2025-08-16 18:06:47+00:00
1,1,160,30,88,0.0,14379.56,93.60000000000002,2.491,0.5,160,543557301,223131308,2025-08-16 18:06:48+00:00
1,2,162,30,90,0.0,14395.43,94.39999999999998,2.519,0.0,162,543558443,223129464,2025-08-16 18:06:54+00:00
1,2,163,30,90,0.0,14409.45,95.39999999999998,2.622,0.0,163,543559220,223127694,2025-08-16 18:06:59+00:00
1,2,163,30,89,0.0,14418.19,95.20000000000005,2.697,0.5,163,543559650,223126472,2025-08-16 18:07:02+00:00
1,3,164,30,89,0.0,14426.07,95.0,2.715,0.0,164,543560039,223125496,2025-08-16 18:07:05+00:00
1,3,165,30,89,0.0,14435.31,94.20000000000005,2.706,0.0,165,543560715,223124343,2025-08-16 18:07:08+00:00
1,3,166,30,88,0.0,14445.82,93.20000000000005,2.743,0.5,166,543561226,223122941,2025-08-16 18:07:12+00:00
1,2,166,30,89,0.0,14463.15,93.60000000000002,2.743,0.5,166,543562142,223120650,2025-08-16 18:07:18+00:00
1,3,167,30,89,0.0,14476.83,94.0,2.771,0.5,167,543562790,223118763,2025-08-16 18:07:23+00:00
1,2,168,30,90,0.0,14493.51,94.20000000000005,2.771,0.0,168,543563767,223116618,2025-08-16 18:07:29+00:00
1,2,168,30,90,0.0,14503.92,94.0,2.762,0.5,168,543564340,223115251,2025-08-16 18:07:33+00:00
1,2,169,30,88,0.0,14517.81,93.79999999999995,2.771,0.5,169,543565063,223113431,2025-08-16 18:07:38+00:00
1,2,169,30,90,0.0,14529.11,94.20000000000005,2.781,0.0,169,543565673,223111994,2025-08-16 18:07:42+00:00
1,2,169,30,87,0.0,14537.33,94.0,2.79,0.5,169,543566131,223110854,2025-08-16 18:07:45+00:00
1,6,170,30,89,0.0,14548.74,94.60000000000002,2.818,0.5,170,543566721,223109355,2025-08-16 18:07:49+00:00
1,8,170,30,88,0.0,14560.94,94.20000000000005,2.79,0.5,170,543567474,223107874,2025-08-16 18:07:54+00:00
1,9,171,30,88,0.0,14569.0,94.39999999999998,2.734,0.5,171,543567812,223106760,2025-08-16 18:07:58+00:00
1,9,171,30,80,0.0,14578.01,93.60000000000002,2.314,0.5,171,543567851,223105418,2025-08-16 18:08:03+00:00
1,11,171,30,79,0.0,14586.85,93.39999999999998,2.258,0.0,171,543567767,223104005,2025-08-16 18:08:07+00:00
1,12,170,30,87,0.0,14590.21,93.20000000000005,2.333,0.5,170,543568005,223103562,2025-08-16 18:08:08+00:00
1,12,170,30,87,0.0,14596.57,93.39999999999998,2.715,0.5,170,543568373,223102820,2025-08-16 18:08:10+00:00
1,14,168,30,88,0.0,14607.37,93.60000000000002,2.687,0.0,168,543569130,223101522,2025-08-16 18:08:14+00:00
1,15,167,30,89,0.0,14615.82,93.60000000000002,2.725,0.0,167,543569536,223100450,2025-08-16 18:08:17+00:00
1,15,167,30,90,0.0,14626.3,93.20000000000005,2.734,0.0,167,543570191,223099118,2025-08-16 18:08:21+00:00
1,13,168,30,88,0.0,14640.18,93.60000000000002,2.762,0.5,168,543571045,223097397,2025-08-16 18:08:26+00:00
1,14,169,30,89,0.0,14651.44,93.39999999999998,2.79,0.5,169,543571661,223095929,2025-08-16 18:08:30+00:00
1,14,169,30,89,0.0,14662.25,93.20000000000005,2.781,0.0,169,543572251,223094515,2025-08-16 18:08:34+00:00
1,15,170,30,87,0.0,14671.51,93.39999999999998,2.771,0.5,170,543572828,223093308,2025-08-16 18:08:37+00:00
1,15,170,30,90,0.0,14679.83,93.79999999999995,2.799,0.0,170,543573224,223092272,2025-08-16 18:08:40+00:00
1,15,170,30,88,0.0,14687.5,93.39999999999998,2.809,0.5,170,543573654,223091216,2025-08-16 18:08:43+00:00
1,22,169,30,89,0.0,14698.49,93.20000000000005,2.753,0.5,169,543574290,223089788,2025-08-16 18:08:47+00:00
1,21,170,30,89,0.0,14709.3,92.60000000000002,2.771,0.5,170,543574957,223088475,2025-08-16 18:08:51+00:00
1,21,171,30,90,0.0,14722.16,92.39999999999998,2.753,0.0,171,543575673,223086783,2025-08-16 18:08:56+00:00
1,10,172,29,91,0.0,14736.65,92.60000000000002,2.762,0.0,172,543576494,223084870,2025-08-16 18:09:01+00:00
1,4,172,29,89,0.0,14750.68,92.20000000000005,2.781,0.5,172,543577266,223083041,2025-08-16 18:09:06+00:00
1,4,173,29,90,0.0,14770.18,92.0,2.799,0.5,173,543578304,223080464,2025-08-16 18:09:13+00:00
1,8,173,29,90,0.0,14784.25,92.0,2.809,0.5,173,543579057,223078607,2025-08-16 18:09:18+00:00
1,7,172,29,91,0.0,14801.14,92.20000000000005,2.809,0.0,172,543579936,223076425,2025-08-16 18:09:24+00:00
1,6,172,29,90,0.0,14809.05,92.0,2.809,0.5,172,543580488,223075410,2025-08-16 18:09:27+00:00
1,6,173,29,92,0.0,14817.15,92.39999999999998,2.799,0.0,173,543580915,223074397,2025-08-16 18:09:30+00:00
1,6,173,29,91,0.0,14826.01,92.20000000000005,2.818,0.0,173,543581453,223073213,2025-08-16 18:09:33+00:00
1,9,174,29,89,0.0,14834.08,92.39999999999998,2.818,0.5,174,543581755,223072113,2025-08-16 18:09:36+00:00
1,9,174,29,90,0.0,14843.14,92.39999999999998,2.837,0.0,174,543582307,223070896,2025-08-16 18:09:39+00:00
1,14,175,29,89,0.0,14851.49,91.79999999999995,2.837,0.5,175,543582726,223069826,2025-08-16 18:09:42+00:00
1,14,175,29,90,0.0,14860.55,92.20000000000005,2.855,0.5,175,543583219,223068580,2025-08-16 18:09:45+00:00
1,16,174,29,89,0.0,14869.55,92.20000000000005,2.865,0.5,174,543583655,223067420,2025-08-16 18:09:48+00:00
1,16,174,29,90,0.0,14881.11,92.39999999999998,2.893,0.0,174,543584192,223065886,2025-08-16 18:09:52+00:00
1,17,174,29,90,0.0,14891.65,92.20000000000005,2.874,0.5,174,543584694,223064366,2025-08-16 18:09:56+00:00
1,17,174,29,91,0.0,14900.68,91.79999999999995,2.874,0.5,174,543585023,223063017,2025-08-16 18:09:59+00:00
1,17,174,29,92,0.0,14909.24,92.20000000000005,2.883,0.0,174,543585102,223061781,2025-08-16 18:10:02+00:00
1,17,174,29,92,0.0,14918.13,92.79999999999995,2.893,0.0,174,543585256,223060345,2025-08-16 18:10:05+00:00
1,17,174,29,92,0.0,14924.16,93.20000000000005,2.893,0.0,174,543585414,223059481,2025-08-16 18:10:07+00:00
1,17,174,29,91,0.0,14926.82,93.39999999999998,2.893,0.5,174,543585430,223059129,2025-08-16 18:10:08+00:00
1,18,174,29,92,0.0,14937.33,94.20000000000005,2.893,0.0,174,543585727,223057598,2025-08-16 18:10:12+00:00
1,18,174,29,90,0.0,14946.3,95.0,2.865,0.5,174,543586091,223056291,2025-08-16 18:10:15+00:00
1,18,174,29,87,0.0,14954.73,95.0,2.883,0.5,174,543586384,223055170,2025-08-16 18:10:18+00:00
1,4,174,29,90,0.0,14964.18,94.60000000000002,2.893,0.0,174,543586828,223053801,2025-08-16 18:10:21+00:00
1,6,174,29,88,0.0,14972.11,94.20000000000005,2.93,0.5,174,543587048,223052683,2025-08-16 18:10:24+00:00
1,6,174,29,89,0.0,14981.14,93.0,2.921,0.5,174,543587313,223051302,2025-08-16 18:10:27+00:00
1,6,174,29,87,0.0,14995.57,92.79999999999995,2.93,0.5,174,543587688,223049198,2025-08-16 18:10:32+00:00
1,6,173,29,89,0.0,15003.63,93.0,2.911,0.5,173,543587840,223047987,2025-08-16 18:10:35+00:00
1,7,174,29,90,0.0,15008.39,92.60000000000002,2.902,0.0,174,543588021,223047338,2025-08-16 18:10:37+00:00
1,10,174,29,90,,15015.31,91.79999999999995,2.725,0.0,174,543588335,223046355,2025-08-16 18:10:43+00:00
1,1,172,29,56,655.24,15019.64,91.0,2.445,0.0,172,543588277,223045592,2025-08-16 18:10:47+00:00
1,1,172,29,54,655.24,15021.14,91.20000000000005,2.333,0.5,172,543588118,223045369,2025-08-16 18:10:49+00:00
1,1,172,29,54,655.24,15021.94,91.20000000000005,2.305,0.5,172,543588121,223045219,2025-08-16 18:10:50+00:00
1,2,171,29,0,655.24,15024.47,91.20000000000005,2.006,0.0,171,543588174,223044832,2025-08-16 18:10:52+00:00
1,1,170,29,53,655.24,15027.68,91.79999999999995,1.81,0.5,170,543588283,223044374,2025-08-16 18:10:54+00:00
1,1,169,29,54,655.24,15030.2,92.39999999999998,1.325,0.0,169,543588278,223044036,2025-08-16 18:10:58+00:00
1,2,168,29,0,655.22,15034.68,92.60000000000002,0.905,0.0,168,543588526,223043424,2025-08-16 18:11:03+00:00
1,2,165,29,0,0.0,15037.94,93.0,0.98,0.0,165,543588657,223042931,2025-08-16 18:11:06+00:00
1,1,165,29,55,655.23,15045.5,92.39999999999998,1.138,0.5,165,543588763,223041831,2025-08-16 18:11:13+00:00
1,1,163,29,54,0.0,15054.95,92.79999999999995,1.316,0.5,163,543589022,223040416,2025-08-16 18:11:20+00:00
1,1,160,29,0,0.0,15059.83,92.79999999999995,1.372,0.0,160,543589034,223039679,2025-08-16 18:11:24+00:00
1,1,157,29,0,655.23,15066.8,92.39999999999998,1.26,0.0,157,543589187,223038639,2025-08-16 18:11:29+00:00
1,6,154,29,0,0.0,15076.11,93.20000000000005,1.428,0.0,154,543589412,223037299,2025-08-16 18:11:33+00:00
1,3,153,29,86,0.0,15083.26,92.79999999999995,1.885,0.0,153,543589455,223036176,2025-08-16 18:11:36+00:00
1,3,153,29,88,0.0,15098.39,93.20000000000005,2.491,0.0,153,543589471,223033855,2025-08-16 18:11:42+00:00
1,15,154,29,88,0.0,15108.09,93.39999999999998,2.594,0.0,154,543589536,223032375,2025-08-16 18:11:46+00:00
1,6,155,29,87,5.18,15118.94,93.20000000000005,2.501,0.0,155,543589507,223030668,2025-08-16 18:11:50+00:00
1,2,158,29,89,5.37,15130.12,93.39999999999998,2.659,0.5,158,543589473,223029058,2025-08-16 18:11:54+00:00
1,2,160,29,91,655.24,15137.24,93.60000000000002,2.631,0.0,160,543589502,223027908,2025-08-16 18:11:57+00:00
1,4,160,29,89,655.24,15153.55,93.39999999999998,2.706,0.5,160,543589444,223025500,2025-08-16 18:12:03+00:00
1,8,161,29,88,655.24,15162.79,93.79999999999995,2.65,0.0,161,543589652,223024102,2025-08-16 18:12:07+00:00
1,4,162,29,88,655.24,15173.12,93.79999999999995,2.613,0.0,162,543589863,223022538,2025-08-16 18:12:11+00:00
1,4,162,29,88,,15186.37,93.0,2.585,0.0,162,543589543,223020514,2025-08-16 18:12:16+00:00
1,4,163,29,87,655.24,15199.87,93.60000000000002,2.622,0.5,163,543589528,223018446,2025-08-16 18:12:21+00:00
1,5,164,29,89,,15214.04,93.79999999999995,2.65,0.0,164,543589365,223016373,2025-08-16 18:12:26+00:00
1,4,165,29,88,655.25,15221.43,94.0,2.659,0.5,165,543589215,223015203,2025-08-16 18:12:29+00:00
1,2,166,29,89,0.0,15232.63,93.39999999999998,2.65,0.0,166,543589088,223013494,2025-08-16 18:12:33+00:00
1,3,167,29,90,655.24,15243.87,93.60000000000002,2.669,0.5,167,543588880,223011856,2025-08-16 18:12:37+00:00
1,3,167,29,89,,15251.62,94.0,2.678,0.5,167,543588774,223010724,2025-08-16 18:12:40+00:00
1,3,167,29,88,5.54,15261.97,94.60000000000002,2.687,0.5,167,543588606,223009140,2025-08-16 18:12:44+00:00
1,3,167,29,89,655.23,15274.33,95.0,2.659,0.0,167,543588315,223007287,2025-08-16 18:12:49+00:00
1,2,168,29,89,5.68,15288.12,94.39999999999998,2.659,0.5,168,543588058,223005161,2025-08-16 18:12:54+00:00
1,2,169,29,89,655.22,15301.84,94.60000000000002,2.687,0.5,169,543587844,223003175,2025-08-16 18:12:59+00:00
1,2,169,29,89,5.69,15310.13,95.0,2.678,0.5,169,543587744,223001902,2025-08-16 18:13:02+00:00
1,2,169,29,88,,15319.22,95.79999999999995,2.678,0.5,169,543587589,223000541,2025-08-16 18:13:06+00:00
1,3,170,29,88,0.0,15336.47,95.39999999999998,2.659,0.5,170,543587798,222997931,2025-08-16 18:13:12+00:00
1,2,170,29,90,0.0,15350.95,95.0,2.659,0.0,170,543587750,222995693,2025-08-16 18:13:18+00:00
1,2,170,29,89,0.0,15361.48,94.79999999999995,2.65,0.0,170,543587604,222994121,2025-08-16 18:13:22+00:00
1,2,170,29,89,0.0,15370.02,94.79999999999995,2.641,0.0,170,543587515,222992779,2025-08-16 18:13:25+00:00
1,3,170,29,88,0.0,15377.65,95.0,2.659,0.5,170,543587320,222991717,2025-08-16 18:13:28+00:00
1,3,170,29,89,0.0,15384.85,94.60000000000002,2.641,0.5,170,543587235,222990527,2025-08-16 18:13:31+00:00
1,2,170,29,88,0.0,15395.0,95.20000000000005,2.631,0.5,170,543587039,222989006,2025-08-16 18:13:35+00:00
1,2,171,29,89,0.0,15402.93,95.39999999999998,2.622,0.5,171,543586862,222987821,2025-08-16 18:13:38+00:00
1,2,170,29,88,0.0,15417.3,95.0,2.641,0.5,170,543586571,222985671,2025-08-16 18:13:43+00:00
1,2,169,29,89,0.0,15433.31,95.60000000000002,2.659,0.5,169,543586236,222983304,2025-08-16 18:13:49+00:00
1,1,171,29,89,0.0,15451.35,96.20000000000005,2.65,0.5,171,543586005,222980570,2025-08-16 18:13:56+00:00
1,1,170,28,91,0.0,15467.99,95.39999999999998,2.659,0.5,170,543585752,222978062,2025-08-16 18:14:02+00:00
1,2,171,28,90,0.0,15484.11,95.79999999999995,2.678,0.0,171,543585523,222975670,2025-08-16 18:14:08+00:00
1,1,170,28,89,0.0,15497.92,95.60000000000002,2.678,0.5,170,543585311,222973623,2025-08-16 18:14:13+00:00
1,1,171,28,90,0.0,15508.27,96.20000000000005,2.687,0.0,171,543585224,222972029,2025-08-16 18:14:17+00:00
1,2,172,28,89,0.0,15521.74,96.79999999999995,2.697,0.0,172,543585003,222969967,2025-08-16 18:14:22+00:00
1,2,172,28,90,0.0,15529.43,96.60000000000002,2.687,0.0,172,543584928,222968890,2025-08-16 18:14:25+00:00
1,2,172,28,90,0.0,15536.93,96.20000000000005,2.669,0.5,172,543584801,222967657,2025-08-16 18:14:28+00:00
1,2,172,28,90,0.0,15545.23,95.79999999999995,2.669,0.0,172,543584647,222966476,2025-08-16 18:14:31+00:00
1,2,172,28,89,0.0,15553.65,95.39999999999998,2.678,0.5,172,543584559,222965121,2025-08-16 18:14:34+00:00
1,2,172,28,89,0.0,15561.66,95.39999999999998,2.687,0.5,172,543584357,222964022,2025-08-16 18:14:37+00:00
1,1,171,28,90,0.0,15569.22,94.79999999999995,2.678,0.0,171,543584264,222962800,2025-08-16 18:14:40+00:00
1,2,171,28,89,0.0,15579.23,93.79999999999995,2.669,0.5,171,543583999,222961390,2025-08-16 18:14:44+00:00
1,2,171,28,0,0.0,15590.17,93.60000000000002,2.454,0.0,171,543584035,222959706,2025-08-16 18:14:51+00:00
1,3,170,28,56,0.0,15595.66,93.79999999999995,1.661,0.5,170,543583928,222958799,2025-08-16 18:14:56+00:00
1,2,168,28,58,0.0,15606.4,94.39999999999998,1.754,0.5,168,543583725,222957097,2025-08-16 18:15:04+00:00
1,2,166,28,61,0.0,15622.19,94.39999999999998,1.642,0.0,166,543583469,222954742,2025-08-16 18:15:14+00:00
1,3,163,28,87,0.0,15637.34,95.0,1.959,0.0,163,543583191,222952403,2025-08-16 18:15:20+00:00
1,4,162,28,88,0.0,15643.02,95.0,2.043,0.5,162,543583032,222951569,2025-08-16 18:15:22+00:00
1,1,162,28,88,0.0,15656.0,95.0,2.305,0.5,162,543582832,222949705,2025-08-16 18:15:27+00:00
1,1,162,28,90,0.0,15668.43,95.60000000000002,2.295,0.0,162,543582680,222947719,2025-08-16 18:15:32+00:00
1,1,163,28,89,0.0,15685.55,95.60000000000002,2.529,0.0,163,543582426,222945137,2025-08-16 18:15:38+00:00
1,2,164,28,90,0.0,15696.78,95.20000000000005,2.594,0.0,164,543582251,222943505,2025-08-16 18:15:42+00:00
1,2,163,28,90,0.0,15706.85,95.20000000000005,2.566,0.0,163,543582031,222941988,2025-08-16 18:15:46+00:00
1,1,165,28,90,0.0,15721.94,95.0,2.501,0.5,165,543581832,222939703,2025-08-16 18:15:52+00:00
1,2,164,28,90,0.0,15737.58,95.39999999999998,2.519,0.5,164,543581591,222937307,2025-08-16 18:15:58+00:00
1,3,165,28,89,0.0,15755.21,95.60000000000002,2.585,0.0,165,543581399,222934665,2025-08-16 18:16:04+00:00
1,0,165,28,91,0.0,15768.74,95.0,2.631,0.0,165,543581143,222932625,2025-08-16 18:16:09+00:00
1,1,167,28,90,0.0,15785.81,95.20000000000005,2.669,0.0,167,543580943,222930041,2025-08-16 18:16:15+00:00
1,1,167,28,90,0.0,15801.67,95.20000000000005,2.687,0.5,167,543580570,222927717,2025-08-16 18:16:21+00:00
1,1,168,28,90,0.0,15811.8,96.20000000000005,2.678,0.0,168,543580322,222926233,2025-08-16 18:16:25+00:00
1,1,169,28,89,0.0,15821.62,96.79999999999995,2.669,0.5,169,543580213,222924710,2025-08-16 18:16:29+00:00
1,2,169,28,90,0.0,15832.25,97.20000000000005,2.659,0.0,169,543580046,222923111,2025-08-16 18:16:33+00:00
1,1,170,28,90,0.0,15848.45,96.39999999999998,2.669,0.0,170,543579766,222920695,2025-08-16 18:16:39+00:00
1,1,170,28,90,0.0,15861.42,96.0,2.669,0.5,170,543579612,222918676,2025-08-16 18:16:44+00:00
1,1,170,28,90,0.0,15873.1,96.20000000000005,2.678,0.0,170,543579412,222916932,2025-08-16 18:16:48+00:00
1,2,170,28,92,0.0,15886.73,95.79999999999995,2.706,0.0,170,543579211,222914946,2025-08-16 18:16:53+00:00
1,2,171,28,92,0.0,15900.02,95.39999999999998,2.697,0.5,171,543578927,222912955,2025-08-16 18:16:58+00:00
1,2,170,28,93,0.0,15908.66,96.20000000000005,2.725,0.0,170,543578772,222911599,2025-08-16 18:17:01+00:00
1,3,171,28,91,0.0,15919.69,96.39999999999998,2.734,0.5,171,543578635,222909944,2025-08-16 18:17:05+00:00
1,3,171,28,92,0.0,15930.29,95.20000000000005,2.743,0.0,171,543578506,222908377,2025-08-16 18:17:09+00:00
1,7,171,28,90,0.0,15940.67,94.79999999999995,2.725,0.5,171,543578417,222906734,2025-08-16 18:17:13+00:00
1,8,172,28,89,0.0,15951.48,93.79999999999995,2.725,0.5,172,543578254,222905108,2025-08-16 18:17:17+00:00
1,7,171,28,92,0.0,15966.12,93.39999999999998,2.725,0.0,171,543578114,222902882,2025-08-16 18:17:22+00:00
1,2,174,28,91,0.0,15981.26,93.60000000000002,2.827,0.5,174,543577931,222900580,2025-08-16 18:17:27+00:00
1,2,174,28,91,0.0,15984.48,93.79999999999995,2.846,0.5,174,543577883,222900079,2025-08-16 18:17:28+00:00
1,2,174,28,92,0.0,15999.99,95.20000000000005,2.874,0.0,174,543577718,222897799,2025-08-16 18:17:33+00:00
1,2,174,28,92,0.0,16005.26,95.60000000000002,2.893,0.0,174,543577666,222896972,2025-08-16 18:17:35+00:00
1,2,174,28,91,0.0,16010.59,95.79999999999995,2.893,0.5,174,543577653,222896115,2025-08-16 18:17:37+00:00
1,2,174,28,91,1.99,16022.63,95.79999999999995,2.911,0.0,174,543577647,222894352,2025-08-16 18:17:41+00:00
1,2,174,28,89,1.99,16036.73,95.79999999999995,2.902,0.5,174,543577598,222892153,2025-08-16 18:17:46+00:00
1,3,174,28,88,1.99,16048.33,95.20000000000005,2.911,0.5,174,543577670,222890368,2025-08-16 18:17:50+00:00
1,3,174,28,88,1.99,16050.87,95.79999999999995,2.911,0.5,174,543577854,222890022,2025-08-16 18:17:51+00:00
1,3,174,28,87,1.99,16056.0,96.60000000000002,2.902,0.5,174,543578244,222889475,2025-08-16 18:17:53+00:00
1,3,174,28,86,1.99,16058.38,96.79999999999995,2.902,0.5,174,543578484,222889347,2025-08-16 18:17:54+00:00
1,6,174,28,84,1.99,16062.43,96.20000000000005,2.846,0.5,174,543578702,222888891,2025-08-16 18:17:57+00:00
1,6,174,28,84,1.99,16064.3,96.20000000000005,2.837,0.5,174,543578825,222888574,2025-08-16 18:17:58+00:00
1,6,174,28,83,1.99,16066.04,96.0,2.678,0.5,174,543578766,222888351,2025-08-16 18:17:59+00:00
1,6,174,27,83,1.99,16070.63,95.79999999999995,2.557,0.5,174,543578750,222887620,2025-08-16 18:18:01+00:00
1,10,173,27,86,1.99,16078.56,95.39999999999998,2.659,0.5,173,543578781,222886353,2025-08-16 18:18:04+00:00
1,10,173,27,88,1.99,16084.51,94.60000000000002,2.585,0.0,173,543578740,222885458,2025-08-16 18:18:08+00:00
1,10,173,27,0,1.99,16094.11,94.39999999999998,2.286,0.0,173,543578857,222884042,2025-08-16 18:18:13+00:00
1,3,170,27,64,1.99,16098.61,93.79999999999995,2.165,0.0,170,543578954,222883348,2025-08-16 18:18:16+00:00
1,1,169,27,61,1.99,16104.31,93.20000000000005,1.764,0.5,169,543579026,222882467,2025-08-16 18:18:20+00:00
1,1,167,27,0,1.99,16113.04,94.0,1.708,0.0,167,543579225,222881119,2025-08-16 18:18:27+00:00
1,2,166,27,55,1.99,16124.72,93.0,1.791,0.5,166,543579412,222879407,2025-08-16 18:18:34+00:00
1,3,165,27,62,1.99,16137.43,93.39999999999998,1.764,0.5,165,543579817,222877607,2025-08-16 18:18:41+00:00
1,7,162,27,89,1.99,16146.7,94.20000000000005,2.006,0.0,162,543579901,222876194,2025-08-16 18:18:45+00:00
1,11,160,27,88,1.99,16157.3,94.60000000000002,2.305,0.5,160,543579908,222874543,2025-08-16 18:18:49+00:00
1,1,159,27,91,1.99,16170.42,95.0,2.473,0.0,159,543579938,222872582,2025-08-16 18:18:54+00:00
1,1,158,27,91,1.99,16180.17,95.39999999999998,2.389,0.5,158,543580101,222871104,2025-08-16 18:18:58+00:00
1,1,158,27,92,1.99,16189.53,95.60000000000002,2.519,0.0,158,543580286,222869713,2025-08-16 18:19:01+00:00
1,2,160,27,91,1.99,16196.64,96.20000000000005,2.603,0.0,160,543580328,222868684,2025-08-16 18:19:04+00:00
1,1,162,27,91,1.99,16204.74,96.20000000000005,2.482,0.5,162,543580420,222867385,2025-08-16 18:19:07+00:00
1,1,163,27,89,1.99,16216.73,96.79999999999995,2.463,0.5,163,543580680,222865577,2025-08-16 18:19:12+00:00
1,1,164,27,90,1.99,16231.44,98.39999999999998,2.613,0.5,164,543581025,222863379,2025-08-16 18:19:17+00:00
1,1,164,27,90,1.99,16241.39,98.0,2.613,0.5,164,543581297,222861902,2025-08-16 18:19:21+00:00
1,1,165,27,91,1.99,16251.69,98.0,2.594,0.0,165,543581290,222860274,2025-08-16 18:19:25+00:00
1,1,166,27,90,1.99,16259.85,97.79999999999995,2.603,0.5,166,543581258,222859140,2025-08-16 18:19:28+00:00
1,2,167,27,92,1.99,16270.55,98.39999999999998,2.622,0.0,167,543581217,222857474,2025-08-16 18:19:32+00:00
1,3,168,27,93,1.99,16287.76,96.79999999999995,2.715,0.0,168,543581589,222854849,2025-08-16 18:19:38+00:00
1,3,168,27,93,1.99,16297.36,97.0,2.743,0.0,168,543581810,222853516,2025-08-16 18:19:41+00:00
1,8,169,27,93,1.99,16307.06,97.39999999999998,2.967,0.0,169,543581985,222852099,2025-08-16 18:19:44+00:00
1,7,170,27,93,1.99,16313.19,97.0,2.734,0.0,170,543582070,222851115,2025-08-16 18:19:47+00:00
1,5,169,27,93,1.99,16326.23,96.79999999999995,2.715,0.0,169,543582325,222849211,2025-08-16 18:19:52+00:00
1,5,169,27,92,1.99,16335.48,96.20000000000005,2.557,0.0,169,543582541,222847828,2025-08-16 18:19:56+00:00
1,3,169,27,93,1.99,16344.4,95.0,2.669,0.0,169,543582795,222846425,2025-08-16 18:19:59+00:00
1,3,169,27,93,1.99,16352.41,94.39999999999998,2.781,0.0,169,543582996,222845343,2025-08-16 18:20:02+00:00
1,3,169,27,92,1.99,16360.88,94.20000000000005,2.79,0.5,169,543583303,222844069,2025-08-16 18:20:05+00:00
1,5,170,27,93,1.99,16371.65,94.20000000000005,2.781,0.0,170,543583401,222842480,2025-08-16 18:20:09+00:00
1,5,170,27,92,1.99,16381.12,94.20000000000005,2.734,0.0,170,543583699,222841092,2025-08-16 18:20:13+00:00
1,5,170,27,91,1.99,16391.75,93.79999999999995,2.734,0.0,170,543584139,222839625,2025-08-16 18:20:17+00:00
1,1,170,27,90,1.99,16399.94,93.79999999999995,2.725,0.5,170,543584496,222838399,2025-08-16 18:20:20+00:00
1,2,171,27,93,1.99,16407.7,94.20000000000005,2.725,0.0,171,543584800,222837418,2025-08-16 18:20:23+00:00
1,2,171,27,91,1.99,16415.1,94.60000000000002,2.725,0.0,171,543585085,222836254,2025-08-16 18:20:26+00:00
1,2,172,27,92,1.99,16425.89,94.39999999999998,2.715,0.0,172,543585458,222834699,2025-08-16 18:20:30+00:00
1,2,172,27,91,1.99,16435.98,94.60000000000002,2.678,0.5,172,543585705,222833213,2025-08-16 18:20:34+00:00
1,8,171,27,90,1.99,16449.52,94.60000000000002,2.678,0.5,171,543585904,222831189,2025-08-16 18:20:39+00:00
1,9,172,27,90,1.99,16463.18,94.79999999999995,2.697,0.5,172,543586007,222829071,2025-08-16 18:20:44+00:00
1,7,171,27,89,1.99,16474.18,94.79999999999995,2.715,0.0,171,543586831,222828015,2025-08-16 18:20:48+00:00
1,3,172,27,89,1.99,16488.67,95.60000000000002,2.715,0.5,172,543588381,222828278,2025-08-16 18:20:53+00:00
1,1,172,27,89,1.99,16501.82,95.20000000000005,2.762,0.5,172,543589718,222828567,2025-08-16 18:20:57+00:00
1,2,172,27,89,1.99,16518.98,95.0,2.799,0.0,172,543591520,222828913,2025-08-16 18:21:03+00:00
1,2,172,27,90,1.99,16530.01,95.20000000000005,2.818,0.5,172,543592621,222829406,2025-08-16 18:21:07+00:00
1,2,172,27,91,1.99,16538.95,95.39999999999998,2.837,0.0,172,543593503,222829948,2025-08-16 18:21:10+00:00
1,3,173,27,91,1.99,16546.33,95.39999999999998,2.837,0.5,173,543594253,222830139,2025-08-16 18:21:13+00:00
1,3,173,27,90,1.99,16554.79,95.0,2.837,0.0,173,543595243,222830460,2025-08-16 18:21:16+00:00
1,2,173,27,90,1.99,16558.54,94.39999999999998,2.837,0.0,173,543595563,222830034,2025-08-16 18:21:18+00:00
1,2,172,27,88,1.99,16561.02,94.20000000000005,2.809,0.5,172,543595655,222829665,2025-08-16 18:21:19+00:00
1,2,171,27,87,1.99,16567.02,93.20000000000005,2.762,0.0,171,543595792,222828789,2025-08-16 18:21:23+00:00
1,3,171,27,56,1.99,16571.15,92.79999999999995,2.491,0.0,171,543595951,222827874,2025-08-16 18:21:28+00:00
1,3,171,27,56,1.99,16571.4,92.79999999999995,2.482,0.0,171,543595962,222827680,2025-08-16 18:21:29+00:00
1,5,169,27,61,1.99,16576.7,92.39999999999998,1.736,0.0,169,543596196,222826383,2025-08-16 18:21:36+00:00
1,10,168,27,59,1.99,16587.63,92.0,1.819,0.5,168,543596563,222824840,2025-08-16 18:21:43+00:00
1,8,167,27,0,1.99,16595.74,92.0,1.708,0.0,167,543596793,222823646,2025-08-16 18:21:49+00:00
1,3,165,27,57,1.99,16607.74,93.20000000000005,1.642,0.5,165,543597320,222821947,2025-08-16 18:21:57+00:00
1,1,162,27,61,1.99,16619.12,93.0,1.521,0.5,162,543597778,222820376,2025-08-16 18:22:05+00:00
1,1,161,27,60,1.99,16621.54,92.79999999999995,1.54,0.0,161,543597891,222820016,2025-08-16 18:22:07+00:00
1,1,158,27,63,1.99,16632.89,92.60000000000002,1.521,0.5,158,543598329,222818372,2025-08-16 18:22:13+00:00
1,1,158,27,88,1.99,16635.12,93.0,1.568,0.5,158,543598409,222818059,2025-08-16 18:22:14+00:00
1,2,159,27,88,1.99,16651.26,94.0,2.193,0.5,159,543598915,222815705,2025-08-16 18:22:20+00:00
1,1,159,27,90,1.99,16662.2,94.79999999999995,2.454,0.0,159,543599373,222814180,2025-08-16 18:22:24+00:00
1,0,159,27,89,1.99,16673.39,95.39999999999998,2.398,0.5,159,543599784,222812593,2025-08-16 18:22:28+00:00
1,0,159,27,90,1.99,16680.94,95.39999999999998,2.463,0.0,159,543600031,222811544,2025-08-16 18:22:31+00:00
1,0,159,27,88,1.99,16691.34,95.20000000000005,2.463,0.5,159,543600405,222810065,2025-08-16 18:22:35+00:00
1,0,159,27,89,1.99,16699.38,94.39999999999998,2.491,0.5,159,543600702,222808861,2025-08-16 18:22:38+00:00
1,1,161,27,89,1.99,16707.17,94.39999999999998,2.501,0.5,161,543600865,222807745,2025-08-16 18:22:41+00:00
1,1,163,27,90,1.99,16715.24,94.60000000000002,2.519,0.5,163,543601236,222806583,2025-08-16 18:22:44+00:00
1,3,164,27,90,1.99,16723.01,94.60000000000002,2.538,0.5,164,543601419,222805449,2025-08-16 18:22:47+00:00
1,3,164,27,92,1.99,16731.68,95.0,2.557,0.0,164,543601769,222804179,2025-08-16 18:22:50+00:00
1,2,163,27,92,1.99,16742.57,95.0,2.594,0.0,163,543602162,222802668,2025-08-16 18:22:54+00:00
1,3,164,27,90,1.99,16756.02,94.79999999999995,2.603,0.5,164,543602636,222800743,2025-08-16 18:22:59+00:00
1,3,165,27,91,1.99,16775.79,94.79999999999995,2.65,0.5,165,543603329,222797868,2025-08-16 18:23:06+00:00
1,2,167,27,90,1.99,16791.94,94.79999999999995,2.687,0.5,167,543603812,222795529,2025-08-16 18:23:12+00:00
1,1,168,27,92,1.99,16803.48,94.0,2.697,0.0,168,543604209,222793873,2025-08-16 18:23:16+00:00
1,2,168,27,90,1.99,16812.52,94.0,2.734,0.5,168,543604629,222792574,2025-08-16 18:23:19+00:00
1,1,167,27,90,1.99,16820.35,94.60000000000002,2.753,0.5,167,543604938,222791585,2025-08-16 18:23:22+00:00
1,2,168,27,90,1.99,16831.36,94.60000000000002,2.753,0.0,168,543605493,222790051,2025-08-16 18:23:26+00:00
1,5,169,27,89,1.99,16840.22,94.20000000000005,2.781,0.5,169,543605785,222788764,2025-08-16 18:23:29+00:00
1,5,169,27,90,1.99,16847.66,94.39999999999998,2.781,0.0,169,543606080,222787768,2025-08-16 18:23:32+00:00
1,4,170,27,89,1.99,16856.43,94.39999999999998,2.771,0.5,170,543606475,222786481,2025-08-16 18:23:35+00:00
1,5,171,27,90,1.99,16864.86,94.60000000000002,2.79,0.0,171,543606662,222785268,2025-08-16 18:23:38+00:00
1,6,170,27,90,1.99,16873.88,95.0,2.818,0.0,170,543607088,222783964,2025-08-16 18:23:41+00:00
1,3,171,27,91,1.99,16881.68,94.60000000000002,2.827,0.5,171,543607280,222782873,2025-08-16 18:23:44+00:00
1,3,171,27,91,1.99,16890.12,94.79999999999995,2.837,0.0,171,543607722,222781692,2025-08-16 18:23:47+00:00
1,2,171,27,90,1.99,16899.08,94.60000000000002,2.837,0.0,171,543608014,222780467,2025-08-16 18:23:50+00:00
1,2,171,27,90,1.99,16907.45,94.60000000000002,2.855,0.0,171,543608481,222779311,2025-08-16 18:23:53+00:00
1,5,171,27,90,0.0,16918.05,94.39999999999998,2.846,0.5,171,543608975,222777827,2025-08-16 18:23:57+00:00
1,6,172,26,92,0.0,16928.74,95.20000000000005,2.846,0.0,172,543609433,222776338,2025-08-16 18:24:01+00:00
1,2,173,26,90,0.0,16942.99,95.79999999999995,2.837,0.5,173,543609951,222774301,2025-08-16 18:24:06+00:00
1,2,172,26,91,37.43,16960.74,95.0,2.883,0.5,172,543610648,222771772,2025-08-16 18:24:12+00:00
1,3,173,26,91,37.43,16972.75,95.0,2.902,0.0,173,543611110,222770048,2025-08-16 18:24:16+00:00
1,6,172,26,91,37.43,16980.51,94.60000000000002,2.911,0.0,172,543611365,222769008,2025-08-16 18:24:19+00:00
1,4,172,26,93,0.0,16989.4,94.60000000000002,2.911,0.0,172,543611841,222767763,2025-08-16 18:24:22+00:00
1,3,172,26,91,0.0,16997.47,94.60000000000002,2.911,0.0,172,543612083,222766662,2025-08-16 18:24:25+00:00
1,3,173,26,88,0.0,17002.72,94.60000000000002,2.902,0.0,173,543612305,222765907,2025-08-16 18:24:27+00:00
1,3,173,26,88,0.0,17005.65,94.39999999999998,2.893,0.0,173,543612475,222765474,2025-08-16 18:24:28+00:00
1,5,173,26,88,0.0,17013.48,94.60000000000002,2.883,0.0,173,543612699,222764370,2025-08-16 18:24:31+00:00
1,7,173,26,90,0.0,17021.83,95.39999999999998,2.855,0.5,173,543613115,222763137,2025-08-16 18:24:34+00:00
1,9,174,26,91,0.0,17030.49,95.60000000000002,2.855,0.5,174,543613357,222761926,2025-08-16 18:24:37+00:00
1,9,174,26,90,0.0,17042.57,95.39999999999998,2.911,0.5,174,543613862,222760240,2025-08-16 18:24:41+00:00
1,9,174,26,91,0.0,17057.0,95.39999999999998,2.921,0.5,174,543614440,222758208,2025-08-16 18:24:46+00:00
1,18,174,26,90,0.0,17070.87,95.39999999999998,2.893,0.5,174,543615019,222756228,2025-08-16 18:24:51+00:00
1,21,174,26,92,0.0,17082.83,94.60000000000002,2.921,0.0,174,543615509,222754547,2025-08-16 18:24:55+00:00
1,22,175,26,90,0.0,17100.07,95.0,2.939,0.5,175,543616385,222752191,2025-08-16 18:25:01+00:00
1,22,175,26,90,0.0,17110.43,94.39999999999998,2.93,0.5,175,543616844,222751003,2025-08-16 18:25:05+00:00
1,1,172,26,61,0.0,17121.58,93.0,2.155,0.0,172,543617510,222749508,2025-08-16 18:25:13+00:00
1,1,172,26,61,0.0,17122.99,93.0,2.183,0.0,172,543617601,222749322,2025-08-16 18:25:14+00:00
1,1,171,26,61,0.0,17129.36,92.60000000000002,1.68,0.0,171,543617928,222748341,2025-08-16 18:25:20+00:00
1,2,170,26,61,0.0,17143.22,93.0,1.875,0.5,170,543618559,222746486,2025-08-16 18:25:29+00:00
1,2,167,26,60,0.0,17152.77,93.20000000000005,1.754,0.0,167,543619037,222745169,2025-08-16 18:25:36+00:00
1,2,167,26,56,0.0,17153.94,93.60000000000002,1.717,0.5,167,543619100,222745003,2025-08-16 18:25:37+00:00
1,2,164,26,62,0.0,17158.77,94.0,1.652,0.5,164,543619404,222744355,2025-08-16 18:25:41+00:00
1,2,162,26,59,0.0,17167.61,93.39999999999998,1.689,0.0,162,543619977,222743327,2025-08-16 18:25:46+00:00
1,1,159,26,61,0.0,17173.06,93.20000000000005,1.661,0.0,159,543620443,222742745,2025-08-16 18:25:50+00:00
1,1,159,26,57,0.0,17179.81,93.60000000000002,1.596,0.5,159,543621042,222742059,2025-08-16 18:25:55+00:00
1,2,158,26,0,0.0,17189.21,93.60000000000002,1.54,0.0,158,543621545,222740810,2025-08-16 18:26:02+00:00
1,1,155,26,56,0.0,17196.88,93.0,1.502,0.5,155,543621607,222739633,2025-08-16 18:26:07+00:00
1,1,155,26,56,0.0,17198.77,93.20000000000005,1.502,0.5,155,543621588,222739378,2025-08-16 18:26:08+00:00
1,1,154,26,0,0.0,17211.96,93.20000000000005,1.568,0.0,154,543621693,222737370,2025-08-16 18:26:14+00:00
1,1,154,26,89,0.0,17232.31,93.39999999999998,2.407,0.5,154,543622087,222734344,2025-08-16 18:26:21+00:00
1,3,157,26,88,0.0,17245.61,93.79999999999995,2.323,0.5,157,543622438,222732348,2025-08-16 18:26:26+00:00
1,4,158,26,90,0.0,17259.7,93.60000000000002,2.473,0.0,158,543622553,222730249,2025-08-16 18:26:31+00:00
1,8,159,26,89,0.0,17270.72,93.79999999999995,2.491,0.5,159,543622701,222728571,2025-08-16 18:26:35+00:00
1,2,161,26,89,0.0,17286.56,93.79999999999995,2.519,0.5,161,543622766,222726180,2025-08-16 18:26:41+00:00
1,1,161,26,89,0.0,17297.34,93.79999999999995,2.51,0.5,161,543622971,222724548,2025-08-16 18:26:45+00:00
1,1,162,26,88,0.0,17306.56,93.39999999999998,2.687,0.5,162,543623383,222723244,2025-08-16 18:26:48+00:00
1,1,163,26,89,0.0,17314.67,93.60000000000002,2.706,0.5,163,543623624,222722112,2025-08-16 18:26:51+00:00
1,1,164,26,89,0.0,17323.68,93.60000000000002,2.725,0.5,164,543623932,222720814,2025-08-16 18:26:54+00:00
1,3,165,26,88,0.0,17333.7,94.39999999999998,2.697,0.5,165,543624408,222719413,2025-08-16 18:26:58+00:00
1,1,166,26,88,0.0,17350.35,95.0,2.697,0.5,166,543624990,222717016,2025-08-16 18:27:04+00:00
1,1,166,26,89,0.0,17363.98,95.20000000000005,2.706,0.0,166,543625509,222715065,2025-08-16 18:27:09+00:00
1,3,168,26,89,0.0,17376.01,95.39999999999998,2.725,0.5,168,543625972,222713342,2025-08-16 18:27:13+00:00
1,2,169,26,89,0.0,17384.1,95.39999999999998,2.743,0.0,169,543626244,222712246,2025-08-16 18:27:16+00:00
1,2,169,26,88,0.0,17393.52,94.39999999999998,2.753,0.5,169,543626618,222710885,2025-08-16 18:27:19+00:00
1,2,169,26,90,0.0,17401.3,94.79999999999995,2.781,0.0,169,543626791,222709758,2025-08-16 18:27:22+00:00
1,1,168,26,90,0.0,17409.86,94.79999999999995,2.781,0.0,168,543627150,222708458,2025-08-16 18:27:25+00:00
1,1,169,26,90,0.0,17418.25,94.60000000000002,2.79,0.5,169,543627366,222707294,2025-08-16 18:27:28+00:00
1,2,170,26,90,0.0,17428.59,94.79999999999995,2.818,0.5,170,543627847,222705850,2025-08-16 18:27:31+00:00
1,2,170,26,89,0.0,17436.67,94.79999999999995,2.846,0.5,170,543628097,222704733,2025-08-16 18:27:34+00:00
1,5,172,26,90,0.0,17447.73,94.0,2.855,0.0,172,543628498,222703120,2025-08-16 18:27:38+00:00
1,5,172,26,90,0.0,17456.89,93.79999999999995,2.883,0.0,172,543628970,222701836,2025-08-16 18:27:41+00:00
1,5,172,26,91,0.0,17465.14,93.60000000000002,2.893,0.5,172,543629257,222700674,2025-08-16 18:27:44+00:00
1,4,173,26,91,0.0,17474.85,93.20000000000005,2.902,0.0,173,543629630,222699291,2025-08-16 18:27:47+00:00
1,5,172,26,90,0.0,17483.29,93.39999999999998,2.921,0.5,172,543629999,222698173,2025-08-16 18:27:50+00:00
1,5,173,26,89,0.0,17492.0,94.0,2.93,0.5,173,543630368,222696867,2025-08-16 18:27:53+00:00
1,5,173,26,88,0.0,17498.83,94.39999999999998,2.93,0.5,173,543630497,222695982,2025-08-16 18:27:56+00:00
1,10,174,26,88,0.0,17505.72,94.20000000000005,2.687,0.5,174,543630766,222695010,2025-08-16 18:28:01+00:00
1,6,171,26,61,0.0,17515.51,94.60000000000002,2.09,0.5,171,543631086,222693646,2025-08-16 18:28:07+00:00
1,6,171,26,61,0.0,17518.19,94.79999999999995,1.95,0.5,171,543631215,222693155,2025-08-16 18:28:09+00:00
1,5,170,26,0,0.0,17524.25,94.39999999999998,1.838,0.0,170,543631534,222692396,2025-08-16 18:28:13+00:00
1,2,168,26,61,0.0,17532.44,93.60000000000002,1.698,0.5,168,543631945,222691139,2025-08-16 18:28:20+00:00
1,2,165,26,60,0.0,17541.46,93.60000000000002,1.754,0.0,165,543632232,222689834,2025-08-16 18:28:26+00:00
1,2,164,26,57,0.0,17546.88,93.79999999999995,1.726,0.5,164,543632444,222689048,2025-08-16 18:28:30+00:00
1,2,162,26,62,0.0,17560.44,92.20000000000005,1.661,0.0,162,543632991,222687062,2025-08-16 18:28:40+00:00
1,1,158,26,61,0.0,17564.72,92.0,1.614,0.0,158,543633122,222686453,2025-08-16 18:28:43+00:00
1,0,155,26,61,0.0,17569.28,91.79999999999995,1.614,0.0,155,543633306,222685799,2025-08-16 18:28:46+00:00
1,0,155,26,58,0.0,17573.09,92.0,1.614,0.0,155,543633464,222685321,2025-08-16 18:28:48+00:00
1,1,152,26,62,0.0,17582.92,91.79999999999995,1.558,0.5,152,543633750,222683842,2025-08-16 18:28:55+00:00
1,1,152,26,62,0.0,17586.86,91.20000000000005,1.558,0.5,152,543633889,222683331,2025-08-16 18:28:57+00:00
1,1,151,26,61,0.0,17602.13,91.60000000000002,1.633,0.5,151,543634482,222681271,2025-08-16 18:29:06+00:00
1,1,149,26,61,0.0,17608.85,91.79999999999995,1.577,0.5,149,543634133,222680197,2025-08-16 18:29:12+00:00
1,2,146,26,62,0.0,17622.13,90.79999999999995,1.577,0.5,146,543633047,222678795,2025-08-16 18:29:21+00:00
1,2,148,26,61,0.0,17634.73,91.79999999999995,1.558,0.0,148,543632064,222677603,2025-08-16 18:29:29+00:00
1,1,147,26,0,0.0,17646.73,92.20000000000005,1.53,0.0,147,543631301,222676144,2025-08-16 18:29:37+00:00
1,7,148,26,83,0.0,17659.96,92.79999999999995,1.568,0.0,148,543630164,222674881,2025-08-16 18:29:42+00:00
1,14,148,26,87,0.0,17678.11,93.0,2.538,0.0,148,543628628,222673194,2025-08-16 18:29:48+00:00
1,9,151,26,88,0.0,17686.79,93.79999999999995,2.407,0.0,151,543627925,222672433,2025-08-16 18:29:51+00:00
1,8,152,26,89,0.0,17689.57,94.0,2.473,0.0,152,543627666,222672059,2025-08-16 18:29:52+00:00
1,6,155,26,89,0.0,17698.48,94.39999999999998,2.491,0.0,155,543626943,222671313,2025-08-16 18:29:55+00:00
1,6,155,26,89,0.0,17701.32,94.39999999999998,2.501,0.0,155,543626669,222671006,2025-08-16 18:29:56+00:00
1,6,156,26,88,0.0,17711.29,94.39999999999998,2.407,0.5,156,543625791,222670061,2025-08-16 18:30:00+00:00
1,2,158,26,87,0.0,17726.5,94.39999999999998,2.613,0.5,158,543624582,222668564,2025-08-16 18:30:05+00:00
1,2,160,26,87,0.03,17745.96,94.60000000000002,2.641,0.5,160,543623032,222666669,2025-08-16 18:30:12+00:00
1,2,160,26,89,0.03,17755.95,94.79999999999995,2.594,0.0,160,543622213,222665637,2025-08-16 18:30:16+00:00
1,3,161,26,88,0.03,17763.06,94.20000000000005,2.547,0.0,161,543621451,222665255,2025-08-16 18:30:19+00:00
1,7,163,26,88,0.03,17775.53,93.39999999999998,2.501,0.0,163,543620187,222665925,2025-08-16 18:30:24+00:00
1,7,163,26,88,0.03,17788.48,92.60000000000002,2.519,0.5,163,543618885,222666573,2025-08-16 18:30:29+00:00
1,10,164,26,89,0.03,17796.91,92.0,2.557,0.0,164,543617989,222666891,2025-08-16 18:30:32+00:00
1,10,164,26,87,0.03,17804.08,91.39999999999998,2.566,0.5,164,543617335,222667247,2025-08-16 18:30:35+00:00
1,16,165,26,89,0.03,17813.14,90.60000000000002,2.538,0.0,165,543616342,222667461,2025-08-16 18:30:39+00:00
1,16,166,26,88,0.03,17823.28,90.0,2.519,0.5,166,543615260,222667821,2025-08-16 18:30:43+00:00
1,13,167,26,89,0.03,17833.82,89.79999999999995,2.538,0.5,167,543614156,222668219,2025-08-16 18:30:47+00:00
1,5,169,26,88,0.03,17844.3,89.79999999999995,2.519,0.5,169,543613286,222669071,2025-08-16 18:30:52+00:00
1,5,169,26,89,0.03,17851.24,90.60000000000002,2.501,0.0,169,543612564,222669502,2025-08-16 18:30:55+00:00
1,9,170,26,85,0.03,17867.79,92.20000000000005,2.407,0.5,170,543610776,222669959,2025-08-16 18:31:02+00:00
1,10,169,26,88,0.03,17879.81,92.39999999999998,2.454,0.0,169,543609527,222670199,2025-08-16 18:31:07+00:00
1,10,170,26,88,0.03,17890.15,92.60000000000002,2.454,0.0,170,543608462,222670297,2025-08-16 18:31:11+00:00
1,16,171,26,86,0.03,17897.81,92.20000000000005,2.445,0.0,171,543607614,222670436,2025-08-16 18:31:15+00:00
1,16,171,26,88,0.03,17918.29,92.0,2.426,0.5,171,543605361,222670816,2025-08-16 18:31:23+00:00
1,25,172,26,89,0.03,17932.79,92.39999999999998,2.491,0.5,172,543603751,222670926,2025-08-16 18:31:28+00:00
1,25,172,26,86,0.03,17938.26,93.20000000000005,2.51,0.5,172,543603249,222671144,2025-08-16 18:31:31+00:00
1,25,172,26,86,0.03,17939.58,93.20000000000005,2.491,0.5,172,543603273,222671467,2025-08-16 18:31:32+00:00
1,29,173,26,86,0.03,17946.76,93.39999999999998,2.398,0.0,173,543603207,222672662,2025-08-16 18:31:35+00:00
1,29,173,26,88,0.03,17958.4,94.20000000000005,2.491,0.0,173,543603397,222674395,2025-08-16 18:31:39+00:00
1,36,174,26,88,0.03,17976.22,95.39999999999998,2.613,0.0,174,543603741,222677132,2025-08-16 18:31:45+00:00
1,39,174,26,87,0.03,17990.64,97.0,2.659,0.5,174,543603636,222679390,2025-08-16 18:31:50+00:00
1,39,174,26,87,0.03,17993.6,97.20000000000005,2.669,0.5,174,543603402,222679781,2025-08-16 18:31:51+00:00
1,39,174,26,88,0.03,18000.16,97.20000000000005,2.687,0.0,174,543602330,222680456,2025-08-16 18:31:53+00:00
1,39,174,26,87,0.0,18004.12,97.0,2.706,0.0,174,543601832,222680560,2025-08-16 18:31:54+00:00
1,39,174,26,87,0.0,18008.45,97.0,2.725,0.0,174,543601440,222680626,2025-08-16 18:31:55+00:00
