107,135,136,143,cadence,cycle_length16,distance,enhanced_altitude,enhanced_speed,fractional_cadence,heart_rate,position_lat,position_long,timestamp
0,2,112,76,0,7.71,0.29,96.20000000000005,3.004,0.0,112,543645955,222633230,2025-02-22 08:36:01+00:00
1,1,112,76,0,655.23,1.03,95.60000000000002,0.0,0.0,112,543646074,222633169,2025-02-22 08:36:02+00:00
1,3,111,76,0,3.8,7.67,94.79999999999995,2.295,0.0,111,543646312,222632207,2025-02-22 08:36:05+00:00
1,3,111,76,81,3.11,17.38,94.60000000000002,2.314,0.0,111,543646859,222630881,2025-02-22 08:36:09+00:00
1,5,112,76,82,0.0,26.43,94.0,2.361,0.5,112,543647245,222629707,2025-02-22 08:36:13+00:00
1,0,116,76,83,655.33,31.66,93.79999999999995,2.323,0.5,116,543647494,222628953,2025-02-22 08:36:15+00:00
1,0,119,76,83,280.28,36.86,93.79999999999995,2.379,0.5,119,543647745,222628230,2025-02-22 08:36:17+00:00
1,0,121,76,82,655.34,38.93,94.0,2.389,0.5,121,543647759,222627967,2025-02-22 08:36:18+00:00
1,0,124,76,81,280.28,46.88,93.79999999999995,2.435,0.5,124,543648045,222626815,2025-02-22 08:36:21+00:00
1,0,127,76,84,280.28,54.51,93.60000000000002,2.445,0.0,127,543648394,222625730,2025-02-22 08:36:24+00:00
1,1,130,76,83,280.28,63.53,93.39999999999998,2.454,0.5,130,543648794,222624516,2025-02-22 08:36:28+00:00
1,1,133,76,82,655.33,73.08,93.79999999999995,2.361,0.5,133,543649207,222623170,2025-02-22 08:36:32+00:00
1,1,136,76,83,2.67,87.41,93.20000000000005,2.398,0.5,136,543649820,222621190,2025-02-22 08:36:38+00:00
1,1,137,76,84,655.33,96.28,93.20000000000005,2.389,0.0,137,543650183,222619935,2025-02-22 08:36:42+00:00
1,0,137,76,84,655.34,107.75,93.39999999999998,2.37,0.5,137,543650698,222618321,2025-02-22 08:36:47+00:00
1,0,137,76,84,655.34,120.14,93.60000000000002,2.37,0.0,137,543651282,222616588,2025-02-22 08:36:52+00:00
1,1,138,76,84,655.34,129.99,93.39999999999998,2.379,0.5,138,543651715,222615294,2025-02-22 08:36:56+00:00
1,1,138,76,84,655.25,137.52,93.60000000000002,2.389,0.5,138,543652069,222614198,2025-02-22 08:36:59+00:00
1,1,139,76,85,655.33,147.7,94.20000000000005,2.407,0.0,139,543652550,222612858,2025-02-22 08:37:03+00:00
1,1,140,76,85,655.33,152.26,94.0,2.417,0.5,140,543652701,222612228,2025-02-22 08:37:05+00:00
1,1,141,76,85,655.33,157.46,93.79999999999995,2.417,0.5,141,543652969,222611445,2025-02-22 08:37:07+00:00
1,1,144,76,87,655.32,170.31,94.39999999999998,2.454,0.0,144,543653539,222609734,2025-02-22 08:37:12+00:00
1,0,144,76,84,655.32,179.81,93.79999999999995,2.445,0.5,144,543654071,222608416,2025-02-22 08:37:16+00:00
1,0,145,76,86,655.33,187.55,93.60000000000002,2.426,0.0,145,543654351,222607330,2025-02-22 08:37:19+00:00
1,0,145,76,85,655.33,198.05,94.0,2.473,0.5,145,543654839,222605875,2025-02-22 08:37:23+00:00
1,0,146,76,85,655.33,205.49,93.39999999999998,2.482,0.5,146,543655099,222604851,2025-02-22 08:37:26+00:00
1,1,146,76,86,655.32,215.23,93.0,2.482,0.0,146,543655565,222603479,2025-02-22 08:37:30+00:00
1,1,148,76,85,655.33,225.78,93.20000000000005,2.491,0.5,148,543655944,222602029,2025-02-22 08:37:34+00:00
1,1,148,76,86,655.33,235.67,93.20000000000005,2.501,0.0,148,543656306,222600625,2025-02-22 08:37:38+00:00
1,1,148,76,86,655.33,246.06,93.0,2.51,0.5,148,543656809,222599147,2025-02-22 08:37:42+00:00
1,1,148,76,85,655.31,256.0,92.79999999999995,2.51,0.5,148,543657226,222597811,2025-02-22 08:37:46+00:00
1,1,149,76,86,655.33,268.13,92.60000000000002,2.519,0.0,149,543657818,222596112,2025-02-22 08:37:51+00:00
1,1,150,76,86,655.33,275.35,93.0,2.529,0.0,150,543658083,222595136,2025-02-22 08:37:54+00:00
1,1,151,76,87,655.33,286.25,93.20000000000005,2.529,0.0,151,543658603,222593579,2025-02-22 08:37:58+00:00
1,1,151,75,86,655.33,293.7,93.60000000000002,2.538,0.5,151,543658835,222592558,2025-02-22 08:38:01+00:00
1,1,152,75,86,655.33,303.92,93.79999999999995,2.547,0.0,152,543659369,222591159,2025-02-22 08:38:05+00:00
1,1,152,75,87,655.33,310.88,93.79999999999995,2.538,0.0,152,543659638,222590235,2025-02-22 08:38:08+00:00
1,1,153,75,86,655.33,318.28,93.60000000000002,2.529,0.5,153,543659947,222589150,2025-02-22 08:38:11+00:00
1,1,154,75,86,655.33,328.84,93.60000000000002,2.538,0.0,154,543660363,222587687,2025-02-22 08:38:15+00:00
1,1,153,75,85,655.33,338.88,93.39999999999998,2.538,0.5,153,543660905,222586312,2025-02-22 08:38:19+00:00
1,1,153,75,84,655.33,345.82,94.0,2.529,0.5,153,543661176,222585330,2025-02-22 08:38:22+00:00
1,1,154,75,86,655.33,358.3,94.39999999999998,2.529,0.0,154,543661674,222583622,2025-02-22 08:38:27+00:00
1,1,155,75,85,655.33,365.86,93.79999999999995,2.519,0.5,155,543661938,222582516,2025-02-22 08:38:30+00:00
1,1,155,75,85,655.32,377.9,93.79999999999995,2.51,0.0,155,543662471,222580785,2025-02-22 08:38:35+00:00
1,1,155,75,87,655.33,388.12,93.20000000000005,2.51,0.0,155,543662899,222579430,2025-02-22 08:38:39+00:00
1,1,155,75,86,655.33,397.29,93.39999999999998,2.51,0.0,155,543663299,222578132,2025-02-22 08:38:43+00:00
1,1,155,75,86,655.32,408.15,93.20000000000005,2.501,0.5,155,543663784,222576602,2025-02-22 08:38:47+00:00
1,1,156,75,85,655.32,414.84,93.60000000000002,2.501,0.5,156,543664033,222575667,2025-02-22 08:38:50+00:00
1,1,156,75,87,655.32,425.78,93.60000000000002,2.501,0.0,156,543664539,222574146,2025-02-22 08:38:54+00:00
1,1,157,75,86,655.32,433.08,93.79999999999995,2.519,0.5,157,543664725,222573080,2025-02-22 08:38:57+00:00
1,1,157,75,86,655.32,446.06,93.79999999999995,2.519,0.0,157,543665259,222571277,2025-02-22 08:39:02+00:00
1,1,157,75,86,655.32,453.8,94.39999999999998,2.519,0.0,157,543665629,222570162,2025-02-22 08:39:05+00:00
1,1,157,75,85,655.31,465.8,94.20000000000005,2.519,0.5,157,543666185,222568496,2025-02-22 08:39:10+00:00
1,1,156,75,87,655.33,473.64,94.0,2.519,0.0,156,543666505,222567443,2025-02-22 08:39:13+00:00
1,1,157,75,86,655.34,484.24,94.0,2.538,0.0,157,543667060,222566019,2025-02-22 08:39:17+00:00
1,1,156,75,86,655.34,494.93,94.20000000000005,2.538,0.0,156,543667597,222564580,2025-02-22 08:39:21+00:00
1,1,157,75,87,655.34,502.7,93.60000000000002,2.547,0.0,157,543667987,222563547,2025-02-22 08:39:24+00:00
1,1,157,75,86,655.34,517.9,93.60000000000002,2.557,0.5,157,543668950,222561639,2025-02-22 08:39:30+00:00
1,1,157,75,87,655.34,524.96,93.39999999999998,2.557,0.5,157,543669303,222560731,2025-02-22 08:39:33+00:00
1,1,157,75,87,655.34,537.35,93.79999999999995,2.547,0.0,157,543670001,222559112,2025-02-22 08:39:38+00:00
1,1,157,75,88,655.34,547.29,94.20000000000005,2.538,0.0,157,543670598,222557856,2025-02-22 08:39:42+00:00
1,1,157,75,87,655.34,555.2,93.79999999999995,2.529,0.0,157,543671109,222556840,2025-02-22 08:39:45+00:00
1,1,158,75,86,655.34,568.32,94.0,2.547,0.0,158,543672040,222555325,2025-02-22 08:39:50+00:00
1,1,158,75,88,655.34,575.55,94.39999999999998,2.547,0.0,158,543672419,222554424,2025-02-22 08:39:53+00:00
1,1,159,75,86,655.34,588.08,95.39999999999998,2.538,0.5,159,543673326,222553005,2025-02-22 08:39:58+00:00
1,1,159,75,87,39.25,595.92,95.39999999999998,2.538,0.0,159,543673961,222552055,2025-02-22 08:40:01+00:00
1,1,159,75,86,29.88,608.95,96.0,2.547,0.5,159,543674880,222550710,2025-02-22 08:40:06+00:00
1,1,158,75,86,37.03,620.79,95.39999999999998,2.538,0.0,158,543675612,222549278,2025-02-22 08:40:11+00:00
1,1,157,75,87,37.97,632.41,94.60000000000002,2.51,0.5,157,543676372,222547871,2025-02-22 08:40:16+00:00
1,1,157,75,88,37.97,643.06,94.20000000000005,2.51,0.0,157,543677115,222546631,2025-02-22 08:40:20+00:00
1,1,156,75,87,37.97,654.86,94.39999999999998,2.51,0.0,156,543677911,222545235,2025-02-22 08:40:25+00:00
1,1,158,75,87,37.97,664.42,93.79999999999995,2.491,0.0,158,543678523,222544027,2025-02-22 08:40:29+00:00
1,1,158,75,86,36.09,676.08,93.0,2.482,0.0,158,543679272,222542676,2025-02-22 08:40:34+00:00
1,1,158,75,86,36.09,683.76,92.60000000000002,2.463,0.0,158,543679733,222541656,2025-02-22 08:40:37+00:00
1,1,158,75,86,36.09,692.81,93.0,2.445,0.0,158,543680311,222540551,2025-02-22 08:40:41+00:00
1,1,158,75,85,36.09,703.2,93.20000000000005,2.445,0.5,158,543681044,222539348,2025-02-22 08:40:45+00:00
1,1,158,75,86,36.09,710.12,93.39999999999998,2.445,0.0,158,543681513,222538584,2025-02-22 08:40:48+00:00
1,1,157,75,86,36.09,720.21,93.60000000000002,2.435,0.5,157,543682303,222537470,2025-02-22 08:40:52+00:00
1,1,157,75,85,36.09,726.56,93.20000000000005,2.426,0.0,157,543682653,222536656,2025-02-22 08:40:55+00:00
1,1,157,75,86,36.09,736.91,92.60000000000002,2.426,0.0,157,543683285,222535351,2025-02-22 08:40:59+00:00
1,1,157,74,85,36.09,745.7,93.20000000000005,2.417,0.5,157,543683807,222534167,2025-02-22 08:41:03+00:00
1,1,158,74,87,36.09,755.99,92.79999999999995,2.417,0.5,158,543684190,222532765,2025-02-22 08:41:07+00:00
1,1,158,74,87,36.09,765.22,93.0,2.417,0.0,158,543684598,222531465,2025-02-22 08:41:11+00:00
1,1,158,74,86,36.09,777.26,93.20000000000005,2.407,0.0,158,543685019,222529770,2025-02-22 08:41:16+00:00
1,1,158,74,87,36.09,784.96,92.79999999999995,2.398,0.0,158,543685334,222528630,2025-02-22 08:41:19+00:00
1,1,158,74,86,36.09,796.61,92.39999999999998,2.407,0.0,158,543685717,222526948,2025-02-22 08:41:24+00:00
1,1,158,74,87,36.09,803.5,92.39999999999998,2.389,0.0,158,543685899,222525921,2025-02-22 08:41:27+00:00
1,1,157,74,85,36.09,815.72,93.39999999999998,2.398,0.5,157,543686166,222524143,2025-02-22 08:41:32+00:00
1,1,158,74,86,36.09,823.92,93.20000000000005,2.398,0.0,158,543686307,222522872,2025-02-22 08:41:35+00:00
1,1,159,74,86,36.09,836.31,93.39999999999998,2.417,0.0,159,543686633,222521051,2025-02-22 08:41:40+00:00
1,1,160,74,86,36.09,843.73,93.60000000000002,2.426,0.0,160,543686769,222520006,2025-02-22 08:41:43+00:00
1,1,160,74,88,36.09,853.16,93.39999999999998,2.426,0.0,160,543687173,222518638,2025-02-22 08:41:47+00:00
1,1,160,74,87,36.09,863.25,93.60000000000002,2.417,0.0,160,543687462,222517145,2025-02-22 08:41:51+00:00
1,1,160,74,86,36.09,870.32,93.60000000000002,2.417,0.5,160,543687619,222516104,2025-02-22 08:41:54+00:00
1,1,159,74,86,36.09,882.0,93.0,2.417,0.5,159,543687868,222514389,2025-02-22 08:41:59+00:00
1,1,159,74,86,36.09,890.2,92.79999999999995,2.417,0.0,159,543688068,222513166,2025-02-22 08:42:02+00:00
1,1,159,74,87,36.09,903.96,93.79999999999995,2.407,0.0,159,543688368,222511113,2025-02-22 08:42:08+00:00
1,1,159,74,87,36.09,911.87,94.0,2.407,0.0,159,543688558,222509898,2025-02-22 08:42:11+00:00
1,1,159,74,87,36.09,923.31,94.39999999999998,2.417,0.0,159,543688811,222508173,2025-02-22 08:42:16+00:00
1,1,159,74,86,36.09,930.59,94.39999999999998,2.407,0.0,159,543688920,222507122,2025-02-22 08:42:19+00:00
1,1,160,74,87,36.09,940.79,94.39999999999998,2.417,0.0,160,543689182,222505560,2025-02-22 08:42:23+00:00
1,1,160,74,87,36.09,951.05,95.20000000000005,2.426,0.0,160,543689386,222504027,2025-02-22 08:42:27+00:00
1,1,160,74,87,36.09,959.23,94.60000000000002,2.426,0.0,160,543689443,222502810,2025-02-22 08:42:30+00:00
1,1,161,74,87,36.09,971.44,94.0,2.454,0.0,161,543689721,222501000,2025-02-22 08:42:35+00:00
1,1,162,74,86,36.09,979.41,93.79999999999995,2.463,0.0,162,543689923,222499791,2025-02-22 08:42:38+00:00
1,1,162,74,87,36.09,992.73,92.39999999999998,2.482,0.0,162,543690259,222497819,2025-02-22 08:42:43+00:00
1,1,163,74,87,2.56,1002.66,92.60000000000002,2.501,0.0,163,543690487,222496356,2025-02-22 08:42:47+00:00
1,1,163,74,86,2.51,1012.1,92.0,2.491,0.0,163,543690715,222494940,2025-02-22 08:42:51+00:00
1,1,162,74,87,0.0,1021.85,92.39999999999998,2.491,0.0,162,543690839,222493500,2025-02-22 08:42:55+00:00
1,1,162,74,86,0.0,1029.98,92.79999999999995,2.491,0.0,162,543690987,222492249,2025-02-22 08:42:58+00:00
1,1,161,74,87,0.0,1042.15,93.0,2.501,0.5,161,543691213,222490393,2025-02-22 08:43:03+00:00
1,1,161,74,86,0.0,1049.11,93.0,2.491,0.0,161,543691240,222489370,2025-02-22 08:43:06+00:00
1,1,161,74,87,0.0,1059.32,92.60000000000002,2.491,0.0,161,543691425,222487816,2025-02-22 08:43:10+00:00
1,1,162,74,88,0.0,1068.89,93.0,2.482,0.0,162,543691608,222486405,2025-02-22 08:43:14+00:00
1,1,161,74,87,0.0,1076.05,92.60000000000002,2.473,0.0,161,543691776,222485371,2025-02-22 08:43:17+00:00
1,1,162,74,87,0.0,1086.61,92.20000000000005,2.473,0.0,162,543692208,222483849,2025-02-22 08:43:21+00:00
1,1,160,74,87,0.0,1096.08,92.39999999999998,2.482,0.0,160,543692472,222482466,2025-02-22 08:43:25+00:00
1,1,160,74,87,0.0,1103.57,92.20000000000005,2.473,0.0,160,543692706,222481385,2025-02-22 08:43:28+00:00
1,1,160,74,87,0.0,1118.34,92.0,2.473,0.0,160,543693295,222479260,2025-02-22 08:43:34+00:00
1,1,160,74,86,0.0,1124.99,92.39999999999998,2.463,0.5,160,543693467,222478301,2025-02-22 08:43:37+00:00
1,1,159,74,87,0.0,1137.26,92.39999999999998,2.454,0.0,159,543693885,222476550,2025-02-22 08:43:42+00:00
1,1,159,74,86,0.0,1145.1,92.79999999999995,2.445,0.0,159,543694168,222475371,2025-02-22 08:43:45+00:00
1,1,158,74,87,0.0,1155.47,92.60000000000002,2.463,0.0,158,543694500,222473914,2025-02-22 08:43:49+00:00
1,1,158,74,86,0.0,1164.41,93.20000000000005,2.463,0.0,158,543694857,222472671,2025-02-22 08:43:53+00:00
1,1,159,74,86,0.0,1174.49,93.20000000000005,2.454,0.5,159,543695319,222471228,2025-02-22 08:43:57+00:00
1,1,159,74,86,0.0,1184.37,93.0,2.454,0.0,159,543695793,222469849,2025-02-22 08:44:01+00:00
1,1,160,74,86,0.0,1191.42,92.79999999999995,2.454,0.0,160,543695882,222468820,2025-02-22 08:44:04+00:00
1,1,159,74,87,0.0,1204.18,92.79999999999995,2.454,0.0,159,543696458,222467048,2025-02-22 08:44:09+00:00
1,1,160,74,86,0.0,1214.39,93.0,2.463,0.0,160,543696855,222465592,2025-02-22 08:44:13+00:00
1,1,160,74,87,0.0,1226.8,92.39999999999998,2.473,0.0,160,543697339,222463866,2025-02-22 08:44:18+00:00
1,1,161,74,86,0.0,1237.39,92.20000000000005,2.482,0.0,161,543697867,222462407,2025-02-22 08:44:22+00:00
1,1,161,74,87,0.0,1247.99,91.79999999999995,2.501,0.5,161,543698292,222460873,2025-02-22 08:44:26+00:00
1,1,161,74,87,0.0,1254.88,92.0,2.501,0.0,161,543698480,222459941,2025-02-22 08:44:29+00:00
1,1,161,74,86,0.0,1262.09,91.79999999999995,2.491,0.5,161,543698778,222458848,2025-02-22 08:44:32+00:00
1,1,162,74,87,0.0,1274.41,92.0,2.482,0.0,162,543699308,222457107,2025-02-22 08:44:37+00:00
1,1,161,74,87,0.0,1281.74,92.20000000000005,2.482,0.0,161,543699499,222456060,2025-02-22 08:44:40+00:00
1,1,162,74,88,0.0,1294.26,90.60000000000002,2.491,0.0,162,543699979,222454299,2025-02-22 08:44:45+00:00
1,1,161,74,86,0.0,1303.81,90.0,2.473,0.0,161,543700305,222452918,2025-02-22 08:44:49+00:00
1,1,162,74,87,0.0,1313.76,89.0,2.473,0.5,162,543700707,222451465,2025-02-22 08:44:53+00:00
1,1,160,74,87,0.0,1326.32,89.20000000000005,2.463,0.0,160,543701074,222449661,2025-02-22 08:44:58+00:00
1,1,160,73,87,0.0,1335.92,89.39999999999998,2.473,0.0,160,543701533,222448298,2025-02-22 08:45:02+00:00
1,1,160,73,86,0.0,1345.49,90.0,2.463,0.0,160,543701954,222446926,2025-02-22 08:45:06+00:00
1,1,161,73,86,0.0,1353.14,90.0,2.463,0.5,161,543702237,222445876,2025-02-22 08:45:09+00:00
1,1,161,73,87,0.0,1368.8,91.39999999999998,2.473,0.0,161,543702986,222443735,2025-02-22 08:45:15+00:00
1,1,162,73,86,0.0,1376.03,91.0,2.482,0.0,162,543703229,222442730,2025-02-22 08:45:18+00:00
1,1,162,73,86,0.0,1391.11,91.60000000000002,2.482,0.0,162,543703913,222440603,2025-02-22 08:45:24+00:00
1,1,162,73,86,0.0,1398.56,91.60000000000002,2.482,0.5,162,543704172,222439584,2025-02-22 08:45:27+00:00
1,1,163,73,88,0.0,1410.96,91.39999999999998,2.482,0.0,163,543704699,222437824,2025-02-22 08:45:32+00:00
1,1,162,73,87,0.0,1420.87,91.0,2.491,0.0,162,543705021,222436423,2025-02-22 08:45:36+00:00
1,1,162,73,87,0.0,1431.31,90.79999999999995,2.491,0.0,162,543705433,222434891,2025-02-22 08:45:40+00:00
1,1,161,73,86,0.0,1443.5,90.60000000000002,2.491,0.5,161,543705884,222433170,2025-02-22 08:45:45+00:00
1,1,162,73,87,0.0,1453.93,89.60000000000002,2.491,0.0,162,543706274,222431670,2025-02-22 08:45:49+00:00
1,1,161,73,86,0.0,1465.1,89.79999999999995,2.482,0.0,161,543706712,222430093,2025-02-22 08:45:54+00:00
1,1,161,73,86,655.33,1472.62,89.79999999999995,2.473,0.0,161,543706982,222428921,2025-02-22 08:45:57+00:00
1,1,161,73,86,655.33,1485.27,90.0,2.482,0.0,161,543707571,222427195,2025-02-22 08:46:02+00:00
1,1,161,73,87,655.33,1492.43,89.79999999999995,2.473,0.5,161,543707798,222426182,2025-02-22 08:46:05+00:00
1,1,161,73,86,655.33,1505.41,90.0,2.473,0.0,161,543708297,222424347,2025-02-22 08:46:10+00:00
1,1,161,73,88,655.33,1515.73,90.20000000000005,2.482,0.5,161,543708737,222422930,2025-02-22 08:46:14+00:00
1,1,161,73,86,655.33,1528.58,90.0,2.501,0.5,161,543709302,222421087,2025-02-22 08:46:19+00:00
1,1,161,73,87,655.33,1540.4,90.20000000000005,2.491,0.5,161,543709774,222419370,2025-02-22 08:46:24+00:00
1,1,162,73,86,655.33,1550.84,89.79999999999995,2.501,0.5,162,543710137,222417887,2025-02-22 08:46:28+00:00
1,1,162,73,86,655.33,1565.55,91.0,2.501,0.0,162,543710620,222415804,2025-02-22 08:46:34+00:00
1,1,164,73,87,655.33,1575.9,91.0,2.501,0.0,164,543711015,222414317,2025-02-22 08:46:38+00:00
1,1,163,73,88,655.33,1591.18,91.39999999999998,2.501,0.0,163,543711768,222412179,2025-02-22 08:46:44+00:00
1,1,163,73,87,655.33,1598.55,91.39999999999998,2.51,0.5,163,543711950,222411134,2025-02-22 08:46:47+00:00
1,1,163,73,87,655.33,1611.05,91.60000000000002,2.51,0.0,163,543712555,222409429,2025-02-22 08:46:52+00:00
1,1,163,73,87,655.33,1620.6,92.0,2.501,0.0,163,543712842,222408049,2025-02-22 08:46:56+00:00
1,1,163,73,87,655.33,1630.88,91.60000000000002,2.501,0.0,163,543713283,222406582,2025-02-22 08:47:00+00:00
1,1,162,73,86,655.33,1640.57,92.0,2.491,0.0,162,543713534,222405143,2025-02-22 08:47:04+00:00
1,1,162,73,87,0.0,1647.75,92.0,2.482,0.0,162,543713799,222404123,2025-02-22 08:47:07+00:00
1,1,162,73,87,653.52,1659.97,91.79999999999995,2.491,0.0,162,543714242,222402421,2025-02-22 08:47:12+00:00
1,1,161,73,87,655.34,1667.49,91.79999999999995,2.473,0.0,161,543714575,222401307,2025-02-22 08:47:15+00:00
1,1,161,73,87,655.34,1682.37,91.79999999999995,2.473,0.5,161,543714888,222399139,2025-02-22 08:47:21+00:00
1,1,161,73,88,655.34,1689.91,92.0,2.473,0.0,161,543714960,222397919,2025-02-22 08:47:24+00:00
1,1,162,73,87,655.34,1700.62,91.0,2.491,0.0,162,543714998,222396344,2025-02-22 08:47:28+00:00
1,1,163,73,88,655.33,1712.51,91.60000000000002,2.491,0.0,163,543715094,222394461,2025-02-22 08:47:33+00:00
1,1,163,73,87,655.34,1719.73,92.0,2.482,0.0,163,543714947,222393428,2025-02-22 08:47:36+00:00
1,1,163,73,88,655.33,1729.78,91.60000000000002,2.482,0.5,163,543714981,222391858,2025-02-22 08:47:40+00:00
1,1,162,73,86,655.34,1740.04,91.79999999999995,2.482,0.5,162,543714956,222390316,2025-02-22 08:47:44+00:00
1,1,162,73,88,655.33,1749.01,91.60000000000002,2.482,0.0,162,543714993,222388899,2025-02-22 08:47:48+00:00
1,1,162,73,88,655.33,1759.18,91.20000000000005,2.463,0.0,162,543715072,222387406,2025-02-22 08:47:52+00:00
1,1,161,73,87,655.32,1769.67,91.39999999999998,2.482,0.0,161,543714979,222385857,2025-02-22 08:47:56+00:00
1,1,161,73,86,655.32,1779.28,91.20000000000005,2.482,0.0,161,543715056,222384361,2025-02-22 08:48:00+00:00
1,1,161,73,87,655.32,1786.44,91.39999999999998,2.473,0.0,161,543715024,222383336,2025-02-22 08:48:03+00:00
1,1,161,73,88,655.32,1793.33,91.0,2.463,0.0,161,543715061,222382247,2025-02-22 08:48:06+00:00
1,1,160,73,87,655.32,1805.47,90.79999999999995,2.445,0.0,160,543715297,222380353,2025-02-22 08:48:11+00:00
1,1,161,73,86,655.32,1813.1,91.39999999999998,2.445,0.0,161,543715235,222379235,2025-02-22 08:48:14+00:00
1,1,161,73,87,655.29,1824.72,92.39999999999998,2.445,0.0,161,543715204,222377539,2025-02-22 08:48:19+00:00
1,1,162,73,86,655.29,1831.67,92.20000000000005,2.435,0.0,162,543715212,222376438,2025-02-22 08:48:22+00:00
1,1,163,73,88,655.29,1847.1,90.39999999999998,2.426,0.0,163,543715408,222374129,2025-02-22 08:48:28+00:00
1,1,163,73,87,653.21,1854.71,90.0,2.435,0.0,163,543715523,222372925,2025-02-22 08:48:31+00:00
1,1,164,73,87,653.21,1864.37,89.20000000000005,2.435,0.0,164,543715529,222371454,2025-02-22 08:48:35+00:00
1,1,164,73,87,655.33,1872.85,89.60000000000002,2.454,0.0,164,543715601,222370119,2025-02-22 08:48:38+00:00
1,1,164,73,86,655.33,1883.24,89.60000000000002,2.473,0.5,164,543715567,222368629,2025-02-22 08:48:42+00:00
1,1,164,73,87,655.33,1897.28,90.39999999999998,2.454,0.0,164,543715759,222366538,2025-02-22 08:48:48+00:00
1,1,164,73,87,655.33,1910.09,90.39999999999998,2.463,0.0,164,543716089,222364633,2025-02-22 08:48:53+00:00
1,1,164,73,87,655.33,1920.36,91.60000000000002,2.473,0.0,164,543716376,222363146,2025-02-22 08:48:57+00:00
1,1,163,73,87,655.33,1928.43,90.79999999999995,2.491,0.0,163,543716572,222361926,2025-02-22 08:49:00+00:00
1,1,163,73,86,655.33,1940.71,91.0,2.501,0.0,163,543716946,222360086,2025-02-22 08:49:05+00:00
1,1,163,73,87,655.34,1947.85,90.79999999999995,2.501,0.5,163,543717172,222359134,2025-02-22 08:49:08+00:00
1,1,164,73,88,655.33,1957.98,90.79999999999995,2.491,0.0,164,543717741,222357716,2025-02-22 08:49:12+00:00
1,1,164,73,86,655.29,1965.65,90.79999999999995,2.501,0.0,164,543717961,222356665,2025-02-22 08:49:15+00:00
1,1,163,73,87,655.29,1973.9,90.39999999999998,2.519,0.0,163,543718189,222355433,2025-02-22 08:49:18+00:00
1,1,163,73,87,655.29,1986.99,89.79999999999995,2.51,0.5,163,543718526,222353399,2025-02-22 08:49:24+00:00
1,1,163,73,85,655.33,2000.88,91.0,2.501,0.5,163,543718827,222351497,2025-02-22 08:49:29+00:00
1,1,163,73,86,655.33,2003.21,91.20000000000005,2.51,0.0,163,543718929,222351091,2025-02-22 08:49:30+00:00
1,1,164,73,86,655.33,2010.83,91.39999999999998,2.51,0.0,164,543719190,222350045,2025-02-22 08:49:33+00:00
1,1,164,73,86,2.66,2023.37,91.0,2.51,0.0,164,543719462,222348185,2025-02-22 08:49:38+00:00
1,1,164,73,85,2.67,2031.54,90.79999999999995,2.519,0.0,164,543719616,222346917,2025-02-22 08:49:41+00:00
1,1,164,73,86,2.72,2038.42,90.39999999999998,2.519,0.0,164,543719641,222345904,2025-02-22 08:49:44+00:00
1,1,164,73,86,2.7,2049.05,90.39999999999998,2.519,0.0,164,543719791,222344310,2025-02-22 08:49:48+00:00
1,1,164,73,86,2.79,2055.3,91.0,2.519,0.0,164,543719796,222343344,2025-02-22 08:49:51+00:00
1,1,164,73,87,2.69,2067.52,91.79999999999995,2.501,0.0,164,543719933,222341524,2025-02-22 08:49:56+00:00
1,1,164,73,87,2.85,2075.4,91.79999999999995,2.491,0.0,164,543720059,222340299,2025-02-22 08:49:59+00:00
1,1,165,73,87,2.87,2088.1,92.20000000000005,2.501,0.0,165,543720134,222338370,2025-02-22 08:50:04+00:00
1,1,164,73,87,2.91,2095.09,91.60000000000002,2.491,0.0,164,543720203,222337364,2025-02-22 08:50:07+00:00
1,1,165,73,87,2.83,2105.2,91.79999999999995,2.482,0.0,165,543720334,222335753,2025-02-22 08:50:11+00:00
1,1,165,73,86,655.33,2112.71,91.39999999999998,2.491,0.5,165,543720315,222334683,2025-02-22 08:50:14+00:00
1,1,166,73,86,655.33,2122.5,91.20000000000005,2.491,0.0,166,543720369,222333109,2025-02-22 08:50:18+00:00
1,1,165,73,87,655.33,2133.5,92.20000000000005,2.491,0.0,165,543720441,222331442,2025-02-22 08:50:22+00:00
1,1,165,73,86,655.34,2140.93,92.0,2.51,0.0,165,543720383,222330392,2025-02-22 08:50:25+00:00
1,1,165,73,88,655.33,2155.25,92.39999999999998,2.491,0.0,165,543720483,222328122,2025-02-22 08:50:31+00:00
1,1,164,73,86,655.34,2162.76,92.39999999999998,2.491,0.0,164,543720569,222327052,2025-02-22 08:50:34+00:00
1,1,164,73,86,655.33,2175.03,92.39999999999998,2.491,0.5,164,543720618,222325148,2025-02-22 08:50:39+00:00
1,1,164,73,86,655.34,2183.92,92.39999999999998,2.501,0.0,164,543720559,222323797,2025-02-22 08:50:42+00:00
1,1,164,73,88,655.33,2193.52,92.79999999999995,2.51,0.0,164,543720557,222322342,2025-02-22 08:50:46+00:00
1,1,164,73,87,655.33,2203.93,93.39999999999998,2.51,0.0,164,543720675,222320803,2025-02-22 08:50:50+00:00
1,1,164,73,87,655.33,2213.99,93.60000000000002,2.51,0.0,164,543720752,222319211,2025-02-22 08:50:54+00:00
1,1,164,73,88,655.33,2227.49,94.20000000000005,2.519,0.0,164,543720901,222317220,2025-02-22 08:50:59+00:00
1,1,164,72,86,655.34,2239.6,94.0,2.529,0.0,164,543720937,222315381,2025-02-22 08:51:04+00:00
1,1,165,72,87,655.33,2247.63,93.79999999999995,2.529,0.0,165,543721049,222314092,2025-02-22 08:51:07+00:00
1,1,165,72,86,655.34,2255.26,93.60000000000002,2.538,0.0,165,543721047,222312997,2025-02-22 08:51:10+00:00
1,1,166,72,87,655.34,2267.43,93.39999999999998,2.529,0.0,166,543721038,222311144,2025-02-22 08:51:15+00:00
1,1,165,72,85,655.34,2275.07,92.79999999999995,2.529,0.0,165,543721049,222309928,2025-02-22 08:51:18+00:00
1,1,166,72,86,655.34,2288.84,93.20000000000005,2.538,0.0,166,543720953,222307794,2025-02-22 08:51:23+00:00
1,1,165,72,86,655.34,2297.12,93.39999999999998,2.557,0.0,165,543720929,222306585,2025-02-22 08:51:26+00:00
1,1,166,72,87,655.34,2310.02,94.0,2.575,0.0,166,543720955,222304654,2025-02-22 08:51:31+00:00
1,1,165,72,86,655.33,2321.73,94.20000000000005,2.566,0.0,165,543721066,222302871,2025-02-22 08:51:36+00:00
1,1,166,72,86,655.33,2332.3,93.79999999999995,2.557,0.0,166,543721137,222301270,2025-02-22 08:51:40+00:00
1,1,166,72,86,655.33,2344.12,94.0,2.547,0.0,166,543721180,222299436,2025-02-22 08:51:45+00:00
1,1,166,72,86,655.33,2352.77,93.79999999999995,2.557,0.0,166,543721252,222298112,2025-02-22 08:51:48+00:00
1,1,166,72,87,655.33,2361.88,94.0,2.547,0.0,166,543721197,222296732,2025-02-22 08:51:52+00:00
1,0,167,72,86,655.33,2372.51,94.0,2.547,0.0,167,543721177,222295168,2025-02-22 08:51:56+00:00
1,1,166,72,87,655.33,2382.2,93.39999999999998,2.547,0.0,166,543721270,222293605,2025-02-22 08:52:00+00:00
1,1,167,72,86,655.33,2392.6,93.60000000000002,2.538,0.5,167,543721415,222292056,2025-02-22 08:52:04+00:00
1,1,166,72,88,655.33,2400.59,93.39999999999998,2.547,0.0,166,543721452,222290864,2025-02-22 08:52:07+00:00
1,1,166,72,87,655.33,2413.8,93.60000000000002,2.557,0.0,166,543721470,222288833,2025-02-22 08:52:12+00:00
1,1,166,72,87,655.33,2422.0,93.60000000000002,2.566,0.0,166,543721620,222287600,2025-02-22 08:52:15+00:00
1,1,167,72,86,655.33,2431.55,93.20000000000005,2.566,0.0,167,543721730,222286146,2025-02-22 08:52:19+00:00
1,1,168,72,87,655.33,2441.42,93.0,2.557,0.0,168,543721855,222284668,2025-02-22 08:52:23+00:00
1,1,167,72,86,,2449.14,93.20000000000005,2.557,0.0,167,543721850,222283480,2025-02-22 08:52:26+00:00
1,1,168,72,86,655.34,2461.82,93.20000000000005,2.538,0.0,168,543722060,222281516,2025-02-22 08:52:31+00:00
1,1,167,72,86,655.34,2469.43,93.60000000000002,2.547,0.5,167,543722063,222280438,2025-02-22 08:52:34+00:00
1,1,168,72,88,,2480.65,93.60000000000002,2.557,0.0,168,543721991,222278720,2025-02-22 08:52:38+00:00
1,1,168,72,87,0.0,2490.66,93.79999999999995,2.585,0.0,168,543722066,222277133,2025-02-22 08:52:42+00:00
1,1,168,72,87,655.33,2498.1,93.39999999999998,2.575,0.0,168,543721973,222276049,2025-02-22 08:52:45+00:00
1,1,168,72,86,655.33,2510.45,93.0,2.557,0.5,168,543722106,222274214,2025-02-22 08:52:50+00:00
1,1,167,72,87,655.33,2518.65,92.0,2.557,0.0,167,543722144,222272941,2025-02-22 08:52:53+00:00
1,1,167,72,86,655.34,2527.86,92.39999999999998,2.557,0.0,167,543722315,222271576,2025-02-22 08:52:57+00:00
1,1,167,72,87,655.33,2535.91,92.20000000000005,2.547,0.0,167,543722376,222270300,2025-02-22 08:53:00+00:00
1,1,166,72,87,655.33,2548.08,92.79999999999995,2.547,0.0,166,543722427,222268460,2025-02-22 08:53:05+00:00
1,1,166,72,86,,2558.38,92.60000000000002,2.538,0.0,166,543722519,222266877,2025-02-22 08:53:09+00:00
1,1,166,72,86,,2568.51,92.60000000000002,2.538,0.0,166,543722676,222265409,2025-02-22 08:53:13+00:00
1,1,166,72,86,,2576.09,92.0,2.538,0.0,166,543722761,222264207,2025-02-22 08:53:16+00:00
1,1,166,72,86,,2589.0,91.60000000000002,2.538,0.0,166,543722949,222262248,2025-02-22 08:53:21+00:00
1,1,166,72,86,,2596.42,91.79999999999995,2.538,0.0,166,543722945,222261208,2025-02-22 08:53:24+00:00
1,1,166,72,88,0.0,2604.43,91.79999999999995,2.538,0.0,166,543723026,222259934,2025-02-22 08:53:27+00:00
1,1,167,72,86,13.93,2617.69,92.79999999999995,2.557,0.5,167,543723320,222257965,2025-02-22 08:53:32+00:00
1,1,167,72,87,14.76,2625.29,93.39999999999998,2.557,0.0,167,543723341,222256825,2025-02-22 08:53:35+00:00
1,1,167,72,86,14.76,2635.58,93.39999999999998,2.566,0.5,167,543723650,222255290,2025-02-22 08:53:39+00:00
1,1,168,72,87,14.76,2643.33,92.79999999999995,2.557,0.0,168,543723845,222254224,2025-02-22 08:53:42+00:00
1,1,167,72,85,655.33,2655.45,92.20000000000005,2.557,0.0,167,543724222,222252439,2025-02-22 08:53:47+00:00
1,1,167,72,87,655.33,2664.08,92.20000000000005,2.547,0.0,167,543724382,222251101,2025-02-22 08:53:50+00:00
1,1,167,72,86,655.31,2674.1,92.0,2.566,0.0,167,543724584,222249630,2025-02-22 08:53:54+00:00
1,1,166,72,87,655.31,2684.11,92.60000000000002,2.557,0.0,166,543724782,222248124,2025-02-22 08:53:58+00:00
1,1,167,71,85,36.97,2694.99,93.20000000000005,2.566,0.0,167,543725090,222246520,2025-02-22 08:54:02+00:00
1,1,166,71,86,0.0,2705.08,93.60000000000002,2.566,0.5,166,543725371,222245029,2025-02-22 08:54:06+00:00
1,1,166,71,86,12.2,2717.29,93.60000000000002,2.557,0.0,166,543725680,222243183,2025-02-22 08:54:11+00:00
1,1,166,71,86,13.28,2724.72,93.39999999999998,2.557,0.0,166,543725728,222242103,2025-02-22 08:54:14+00:00
1,1,166,71,87,655.29,2732.8,92.60000000000002,2.557,0.0,166,543725873,222240869,2025-02-22 08:54:17+00:00
1,1,166,71,86,655.3,2745.99,92.20000000000005,2.557,0.5,166,543726334,222238942,2025-02-22 08:54:22+00:00
1,1,167,71,87,655.33,2753.92,91.79999999999995,2.566,0.0,167,543726473,222237798,2025-02-22 08:54:25+00:00
1,1,167,71,86,655.33,2765.24,92.0,2.557,0.0,167,543726777,222236112,2025-02-22 08:54:30+00:00
1,1,167,71,87,655.33,2773.39,91.60000000000002,2.547,0.0,167,543726970,222234877,2025-02-22 08:54:33+00:00
1,1,167,71,86,13.72,2785.67,91.79999999999995,2.547,0.0,167,543727347,222233064,2025-02-22 08:54:38+00:00
1,1,167,71,87,13.42,2793.23,92.20000000000005,2.538,0.0,167,543727508,222231974,2025-02-22 08:54:41+00:00
1,1,167,71,86,13.15,2804.53,92.60000000000002,2.547,0.0,167,543727785,222230257,2025-02-22 08:54:45+00:00
1,1,166,71,87,13.55,2814.42,92.79999999999995,2.566,0.0,166,543727977,222228766,2025-02-22 08:54:49+00:00
1,1,167,71,87,655.33,2827.69,93.0,2.566,0.0,167,543728378,222226845,2025-02-22 08:54:54+00:00
1,1,168,71,87,655.33,2835.49,93.0,2.566,0.0,168,543728495,222225711,2025-02-22 08:54:57+00:00
1,1,167,71,87,655.32,2848.07,92.79999999999995,2.566,0.5,167,543728903,222223916,2025-02-22 08:55:02+00:00
1,1,167,71,87,655.33,2856.11,92.79999999999995,2.566,0.0,167,543729081,222222637,2025-02-22 08:55:05+00:00
1,1,167,71,87,655.33,2869.37,92.79999999999995,2.594,0.0,167,543729487,222220718,2025-02-22 08:55:10+00:00
1,1,167,71,87,655.33,2879.28,93.0,2.575,0.0,167,543729748,222219247,2025-02-22 08:55:14+00:00
1,1,167,71,87,655.33,2889.67,93.0,2.585,0.0,167,543729889,222217725,2025-02-22 08:55:18+00:00
1,1,167,71,87,655.33,2899.94,93.0,2.585,0.0,167,543730188,222216240,2025-02-22 08:55:22+00:00
1,1,167,71,86,655.33,2910.01,91.79999999999995,2.585,0.0,167,543730452,222214707,2025-02-22 08:55:26+00:00
1,1,167,71,87,655.33,2920.16,92.79999999999995,2.566,0.0,167,543730829,222213235,2025-02-22 08:55:30+00:00
1,1,167,71,88,655.33,2927.77,92.79999999999995,2.566,0.0,167,543730857,222212101,2025-02-22 08:55:33+00:00
1,1,168,71,87,655.33,2940.12,92.60000000000002,2.557,0.0,168,543731280,222210333,2025-02-22 08:55:38+00:00
1,1,168,71,87,,2948.58,92.39999999999998,2.557,0.0,168,543731544,222209060,2025-02-22 08:55:41+00:00
1,1,167,71,87,655.31,2958.62,91.79999999999995,2.566,0.0,167,543731756,222207596,2025-02-22 08:55:45+00:00
1,1,168,71,85,655.31,2966.67,91.79999999999995,2.566,0.0,168,543731928,222206361,2025-02-22 08:55:48+00:00
1,1,168,71,86,655.31,2979.6,92.79999999999995,2.566,0.5,168,543732274,222204451,2025-02-22 08:55:53+00:00
1,1,168,71,85,655.31,2987.36,92.79999999999995,2.575,0.0,168,543732357,222203297,2025-02-22 08:55:56+00:00
1,0,168,71,86,8.0,2999.79,93.39999999999998,2.575,0.5,168,543732752,222201565,2025-02-22 08:56:01+00:00
1,0,168,71,85,25.53,3004.65,93.39999999999998,2.566,0.0,168,543732877,222200806,2025-02-22 08:56:03+00:00
1,0,168,71,85,32.99,3006.71,93.39999999999998,2.566,0.0,168,543732948,222200455,2025-02-22 08:56:04+00:00
1,1,167,71,86,0.0,3017.61,93.39999999999998,2.557,0.5,167,543733191,222198874,2025-02-22 08:56:08+00:00
1,1,168,71,86,0.0,3028.44,93.0,2.566,0.0,168,543733418,222197245,2025-02-22 08:56:12+00:00
1,1,169,71,86,0.0,3038.58,93.39999999999998,2.575,0.0,169,543733721,222195744,2025-02-22 08:56:16+00:00
1,1,168,71,87,0.0,3046.26,92.79999999999995,2.575,0.0,168,543733856,222194598,2025-02-22 08:56:19+00:00
1,1,169,71,86,0.0,3059.25,92.79999999999995,2.585,0.5,169,543734224,222192736,2025-02-22 08:56:24+00:00
1,1,169,71,87,0.0,3066.58,93.20000000000005,2.575,0.0,169,543734473,222191593,2025-02-22 08:56:27+00:00
1,1,169,71,86,655.33,3076.83,92.39999999999998,2.566,0.0,169,543734736,222190130,2025-02-22 08:56:31+00:00
1,1,169,71,86,655.33,3084.98,93.0,2.566,0.0,169,543734954,222188878,2025-02-22 08:56:34+00:00
1,1,168,71,86,655.33,3095.26,92.79999999999995,2.575,0.0,168,543735083,222187373,2025-02-22 08:56:38+00:00
1,1,169,71,86,655.27,3102.93,93.20000000000005,2.575,0.0,169,543735413,222186247,2025-02-22 08:56:41+00:00
1,1,170,71,86,655.27,3111.0,92.79999999999995,2.575,0.0,170,543735466,222185032,2025-02-22 08:56:44+00:00
1,0,168,71,87,655.31,3124.12,93.20000000000005,2.585,0.0,168,543735826,222183150,2025-02-22 08:56:49+00:00
1,1,169,71,86,655.31,3131.44,93.39999999999998,2.585,0.0,169,543736044,222182034,2025-02-22 08:56:52+00:00
1,1,169,71,87,655.33,3144.55,93.60000000000002,2.575,0.0,169,543736518,222180137,2025-02-22 08:56:57+00:00
1,1,169,70,85,655.33,3151.78,93.0,2.566,0.0,169,543736581,222179045,2025-02-22 08:57:00+00:00
1,1,168,70,87,655.33,3164.64,93.79999999999995,2.566,0.0,168,543736945,222177172,2025-02-22 08:57:05+00:00
1,1,169,70,86,655.31,3175.8,93.39999999999998,2.575,0.0,169,543737150,222175492,2025-02-22 08:57:09+00:00
1,1,167,70,87,655.31,3186.26,93.60000000000002,2.585,0.0,167,543737484,222173936,2025-02-22 08:57:13+00:00
1,1,168,70,87,655.31,3193.74,93.60000000000002,2.594,0.0,168,543737603,222172884,2025-02-22 08:57:16+00:00
1,0,168,70,86,655.33,3204.12,92.79999999999995,2.585,0.5,168,543737961,222171321,2025-02-22 08:57:20+00:00
1,0,168,70,88,655.33,3214.22,92.39999999999998,2.585,0.0,168,543738233,222169813,2025-02-22 08:57:24+00:00
1,1,169,70,86,655.33,3221.79,92.20000000000005,2.585,0.0,169,543738346,222168691,2025-02-22 08:57:27+00:00
1,0,168,70,87,,3234.31,92.39999999999998,2.575,0.0,168,543738695,222166835,2025-02-22 08:57:32+00:00
1,0,168,70,87,,3249.13,92.0,2.566,0.0,168,543739139,222164666,2025-02-22 08:57:38+00:00
1,1,168,70,86,,3259.1,92.39999999999998,2.538,0.0,168,543739226,222163100,2025-02-22 08:57:42+00:00
1,1,169,70,88,,3272.65,94.0,2.566,0.0,169,543739582,222161128,2025-02-22 08:57:47+00:00
1,1,169,70,86,,3280.24,93.79999999999995,2.557,0.0,169,543739730,222160042,2025-02-22 08:57:50+00:00
1,0,168,70,87,655.33,3290.64,94.0,2.566,0.0,168,543740129,222158536,2025-02-22 08:57:54+00:00
1,1,168,70,88,655.33,3301.16,94.20000000000005,2.557,0.0,168,543740423,222156964,2025-02-22 08:57:58+00:00
1,1,168,70,88,655.33,3308.84,93.79999999999995,2.566,0.0,168,543740652,222155883,2025-02-22 08:58:01+00:00
1,1,168,70,88,655.33,3324.68,93.60000000000002,2.575,0.0,168,543741247,222153596,2025-02-22 08:58:07+00:00
1,1,169,70,86,655.33,3332.02,93.20000000000005,2.575,0.0,169,543741352,222152498,2025-02-22 08:58:10+00:00
1,1,170,70,87,655.33,3344.56,92.39999999999998,2.566,0.0,170,543741703,222150647,2025-02-22 08:58:15+00:00
1,1,169,70,87,,3352.22,92.79999999999995,2.566,0.0,169,543741977,222149504,2025-02-22 08:58:18+00:00
1,1,170,70,88,0.0,3363.12,93.0,2.566,0.0,170,543742146,222147892,2025-02-22 08:58:22+00:00
1,1,170,70,88,0.0,3378.93,94.0,2.585,0.0,170,543742652,222145629,2025-02-22 08:58:28+00:00
1,0,170,70,87,0.0,3386.69,94.0,2.585,0.5,170,543742842,222144406,2025-02-22 08:58:31+00:00
1,0,170,70,87,0.0,3397.21,93.20000000000005,2.585,0.0,170,543743007,222142895,2025-02-22 08:58:35+00:00
1,1,170,70,87,0.0,3407.21,93.20000000000005,2.585,0.0,170,543743419,222141476,2025-02-22 08:58:39+00:00
1,1,170,70,87,0.0,3414.91,92.79999999999995,2.585,0.0,170,543743623,222140295,2025-02-22 08:58:42+00:00
1,1,171,70,88,0.0,3427.53,92.79999999999995,2.575,0.0,171,543743971,222138435,2025-02-22 08:58:47+00:00
1,1,170,70,87,0.0,3435.33,93.0,2.575,0.0,170,543744174,222137310,2025-02-22 08:58:50+00:00
1,1,171,70,87,0.0,3448.23,93.60000000000002,2.566,0.0,171,543744542,222135410,2025-02-22 08:58:55+00:00
1,1,171,70,86,0.0,3456.44,93.20000000000005,2.585,0.5,171,543744823,222134180,2025-02-22 08:58:58+00:00
1,1,170,70,88,0.0,3464.15,92.79999999999995,2.585,0.0,170,543744820,222133002,2025-02-22 08:59:01+00:00
1,1,170,70,86,0.0,3477.13,92.0,2.594,0.0,170,543745177,222131138,2025-02-22 08:59:06+00:00
1,1,170,70,88,0.0,3484.46,91.79999999999995,2.594,0.0,170,543745315,222129994,2025-02-22 08:59:09+00:00
1,1,169,70,87,0.0,3496.63,92.39999999999998,2.566,0.0,169,543745601,222128166,2025-02-22 08:59:14+00:00
1,1,169,70,87,0.0,3504.68,93.0,2.557,0.0,169,543745794,222127046,2025-02-22 08:59:17+00:00
1,1,169,70,87,0.0,3512.66,93.0,2.566,0.0,169,543745871,222125776,2025-02-22 08:59:20+00:00
1,1,169,70,87,0.0,3524.69,93.39999999999998,2.566,0.0,169,543745731,222123965,2025-02-22 08:59:25+00:00
1,1,169,70,85,0.0,3536.86,93.0,2.538,0.5,169,543745623,222122083,2025-02-22 08:59:30+00:00
1,1,168,70,86,0.0,3547.29,92.39999999999998,2.51,0.0,168,543745375,222120551,2025-02-22 08:59:34+00:00
1,1,168,70,87,0.0,3557.44,92.20000000000005,2.529,0.0,168,543745161,222119087,2025-02-22 08:59:38+00:00
1,1,169,70,87,0.0,3568.14,92.20000000000005,2.529,0.0,169,543744691,222117556,2025-02-22 08:59:42+00:00
1,1,168,70,86,0.0,3578.12,92.60000000000002,2.538,0.0,168,543744265,222116156,2025-02-22 08:59:46+00:00
1,1,168,70,86,655.31,3585.63,92.60000000000002,2.538,0.0,168,543743783,222115251,2025-02-22 08:59:49+00:00
1,1,169,70,87,655.33,3595.42,93.0,2.529,0.0,169,543743227,222113943,2025-02-22 08:59:53+00:00
1,1,169,70,87,655.31,3607.82,93.39999999999998,2.519,0.0,169,543742520,222112325,2025-02-22 08:59:58+00:00
1,1,169,70,86,655.33,3617.57,93.79999999999995,2.51,0.0,169,543741935,222111055,2025-02-22 09:00:02+00:00
1,1,170,70,88,655.31,3625.63,93.60000000000002,2.501,0.0,170,543741423,222110130,2025-02-22 09:00:05+00:00
1,1,169,70,87,655.31,3636.44,93.60000000000002,2.529,0.5,169,543740782,222108765,2025-02-22 09:00:09+00:00
1,1,170,70,86,655.31,3648.02,93.20000000000005,2.51,0.0,170,543740069,222107332,2025-02-22 09:00:14+00:00
1,1,170,70,87,655.31,3656.42,92.79999999999995,2.519,0.0,170,543739535,222106239,2025-02-22 09:00:17+00:00
1,1,170,70,87,655.31,3669.46,93.60000000000002,2.538,0.0,170,543738818,222104540,2025-02-22 09:00:22+00:00
1,1,170,70,87,655.33,3676.98,93.79999999999995,2.538,0.0,170,543738331,222103679,2025-02-22 09:00:25+00:00
1,1,171,70,86,0.0,3688.26,94.39999999999998,2.547,0.0,171,543737771,222102160,2025-02-22 09:00:29+00:00
1,1,172,70,87,655.33,3697.76,94.79999999999995,2.547,0.0,172,543737245,222100885,2025-02-22 09:00:33+00:00
1,1,172,70,87,655.33,3700.09,94.60000000000002,2.538,0.0,172,543737030,222100711,2025-02-22 09:00:34+00:00
1,1,172,70,87,655.33,3705.73,94.39999999999998,2.538,0.0,172,543736654,222100001,2025-02-22 09:00:36+00:00
1,1,171,70,86,655.33,3718.95,95.0,2.566,0.0,171,543735893,222098378,2025-02-22 09:00:41+00:00
1,1,171,70,87,655.33,3729.6,94.79999999999995,2.566,0.0,171,543735224,222097027,2025-02-22 09:00:45+00:00
1,1,170,70,85,655.33,3738.67,94.79999999999995,2.557,0.0,170,543734685,222095836,2025-02-22 09:00:49+00:00
1,1,171,70,85,655.33,3754.04,94.20000000000005,2.547,0.0,171,543733661,222094085,2025-02-22 09:00:55+00:00
1,1,171,70,86,655.33,3763.93,93.79999999999995,2.547,0.5,171,543733022,222092874,2025-02-22 09:00:59+00:00
1,1,171,69,86,655.33,3773.94,94.20000000000005,2.529,0.0,171,543732283,222091751,2025-02-22 09:01:03+00:00
1,1,171,69,86,655.34,3789.25,94.39999999999998,2.529,0.0,171,543731264,222089997,2025-02-22 09:01:09+00:00
1,1,172,69,86,655.33,3799.05,95.39999999999998,2.529,0.5,172,543730591,222088740,2025-02-22 09:01:13+00:00
1,1,171,69,87,655.33,3810.7,95.39999999999998,2.51,0.0,171,543729814,222087399,2025-02-22 09:01:18+00:00
1,2,172,69,87,655.33,3818.21,94.79999999999995,2.51,0.0,172,543729275,222086506,2025-02-22 09:01:21+00:00
1,1,171,69,87,655.33,3829.81,94.20000000000005,2.491,0.0,171,543728483,222085122,2025-02-22 09:01:26+00:00
1,1,170,69,85,655.33,3840.42,94.20000000000005,2.482,0.0,170,543727703,222083984,2025-02-22 09:01:30+00:00
1,2,169,69,85,655.32,3850.5,94.20000000000005,2.491,0.0,169,543726866,222082997,2025-02-22 09:01:34+00:00
1,2,170,69,86,655.31,3861.93,93.39999999999998,2.473,0.0,170,543725968,222081860,2025-02-22 09:01:39+00:00
1,2,169,69,86,655.31,3869.49,93.60000000000002,2.463,0.0,169,543725286,222081166,2025-02-22 09:01:42+00:00
1,1,169,69,86,655.31,3880.54,93.20000000000005,2.445,0.5,169,543724191,222080411,2025-02-22 09:01:47+00:00
1,1,170,69,85,655.31,3894.17,92.79999999999995,2.407,0.5,170,543722817,222079784,2025-02-22 09:01:53+00:00
1,1,170,69,86,655.31,3904.16,92.60000000000002,2.398,0.0,170,543721748,222079452,2025-02-22 09:01:57+00:00
1,1,170,69,86,0.0,3915.88,92.60000000000002,2.389,0.0,170,543720533,222079085,2025-02-22 09:02:02+00:00
1,3,171,69,87,0.0,3925.75,92.20000000000005,2.389,0.0,171,543719439,222078948,2025-02-22 09:02:06+00:00
1,1,169,69,85,0.0,3936.32,92.60000000000002,2.398,0.0,169,543718359,222078659,2025-02-22 09:02:10+00:00
1,0,168,69,87,0.0,3945.06,92.20000000000005,2.407,0.0,168,543717439,222078382,2025-02-22 09:02:14+00:00
1,0,168,69,86,0.0,3955.48,91.79999999999995,2.398,0.0,168,543716339,222078154,2025-02-22 09:02:18+00:00
1,1,168,69,87,0.0,3965.71,91.39999999999998,2.426,0.0,168,543715285,222077886,2025-02-22 09:02:22+00:00
1,1,168,69,86,0.0,3974.88,91.0,2.417,0.0,168,543714275,222077684,2025-02-22 09:02:26+00:00
1,1,169,69,85,0.0,3987.92,90.60000000000002,2.417,0.0,169,543712946,222077169,2025-02-22 09:02:31+00:00
1,1,169,69,86,0.0,3994.83,90.39999999999998,2.417,0.0,169,543712218,222076999,2025-02-22 09:02:34+00:00
1,1,169,69,86,0.0,4005.47,89.20000000000005,2.426,0.0,169,543711030,222076494,2025-02-22 09:02:38+00:00
1,1,169,69,86,0.0,4007.35,89.20000000000005,2.426,0.0,169,543710834,222076535,2025-02-22 09:02:39+00:00
1,1,169,69,86,0.0,4009.23,89.20000000000005,2.426,0.0,169,543710697,222076808,2025-02-22 09:02:40+00:00
1,1,169,69,86,0.0,4011.93,89.0,2.417,0.5,169,543710885,222077058,2025-02-22 09:02:42+00:00
1,1,169,69,82,654.57,4019.73,88.20000000000005,2.155,0.5,169,543711855,222076983,2025-02-22 09:02:46+00:00
1,2,169,69,85,654.57,4033.22,89.0,2.463,0.0,169,543713236,222077164,2025-02-22 09:02:51+00:00
1,2,168,69,85,654.57,4050.16,90.0,2.519,0.0,168,543715018,222077592,2025-02-22 09:02:57+00:00
1,2,170,69,88,654.57,4059.05,91.0,2.529,0.0,170,543715974,222077725,2025-02-22 09:03:01+00:00
1,2,172,69,86,654.57,4072.75,91.20000000000005,2.51,0.0,172,543717389,222078019,2025-02-22 09:03:06+00:00
1,2,172,69,87,654.57,4082.26,91.20000000000005,2.491,0.0,172,543718392,222078195,2025-02-22 09:03:10+00:00
1,2,171,69,86,654.57,4093.77,92.0,2.463,0.0,171,543719619,222078474,2025-02-22 09:03:15+00:00
1,2,170,69,86,654.57,4106.96,92.39999999999998,2.454,0.0,170,543720995,222078962,2025-02-22 09:03:20+00:00
1,2,170,69,86,654.57,4121.97,92.20000000000005,2.473,0.0,170,543722570,222079288,2025-02-22 09:03:26+00:00
1,2,170,69,86,654.57,4134.05,92.60000000000002,2.473,0.0,170,543723863,222079644,2025-02-22 09:03:31+00:00
1,1,170,69,87,654.57,4149.97,92.20000000000005,2.473,0.0,170,543725474,222080509,2025-02-22 09:03:37+00:00
1,1,170,69,87,654.57,4161.44,91.79999999999995,2.501,0.5,170,543726557,222081342,2025-02-22 09:03:41+00:00
1,1,172,69,86,654.57,4174.05,91.79999999999995,2.529,0.5,172,543727603,222082439,2025-02-22 09:03:46+00:00
1,1,172,69,86,654.57,4186.05,91.79999999999995,2.529,0.5,172,543728540,222083715,2025-02-22 09:03:51+00:00
1,1,171,69,86,654.57,4195.84,91.60000000000002,2.519,0.0,171,543729210,222084798,2025-02-22 09:03:55+00:00
1,1,169,68,86,654.57,4207.66,91.39999999999998,2.501,0.0,169,543730027,222086181,2025-02-22 09:04:00+00:00
1,1,170,68,86,654.57,4220.16,91.20000000000005,2.491,0.0,170,543730967,222087592,2025-02-22 09:04:05+00:00
1,1,170,68,87,655.34,4232.66,91.39999999999998,2.491,0.0,170,543731815,222089129,2025-02-22 09:04:10+00:00
1,1,170,68,87,655.34,4242.09,90.60000000000002,2.482,0.0,170,543732397,222090224,2025-02-22 09:04:14+00:00
1,1,170,68,86,655.34,4255.24,90.60000000000002,2.482,0.0,170,543733330,222091776,2025-02-22 09:04:19+00:00
1,1,170,68,87,655.34,4264.61,90.39999999999998,2.482,0.0,170,543733928,222092883,2025-02-22 09:04:23+00:00
1,1,171,68,87,655.34,4277.34,90.39999999999998,2.482,0.0,171,543734810,222094449,2025-02-22 09:04:28+00:00
1,1,171,68,87,655.34,4286.98,90.79999999999995,2.482,0.5,171,543735385,222095572,2025-02-22 09:04:32+00:00
1,1,170,68,86,655.34,4303.45,91.60000000000002,2.454,0.5,170,543736314,222097761,2025-02-22 09:04:39+00:00
1,1,171,68,87,655.34,4311.05,91.39999999999998,2.454,0.0,171,543736857,222098615,2025-02-22 09:04:42+00:00
1,1,170,68,87,655.33,4326.64,91.79999999999995,2.473,0.5,170,543737865,222100536,2025-02-22 09:04:48+00:00
1,1,170,68,88,655.33,4333.88,91.79999999999995,2.473,0.0,170,543738223,222101424,2025-02-22 09:04:51+00:00
1,0,171,68,87,655.33,4343.9,91.0,2.473,0.0,171,543738859,222102699,2025-02-22 09:04:55+00:00
1,0,171,68,87,655.33,4353.72,90.79999999999995,2.473,0.0,171,543739432,222103924,2025-02-22 09:04:59+00:00
1,1,170,68,87,655.33,4362.9,90.20000000000005,2.463,0.0,170,543739967,222105098,2025-02-22 09:05:03+00:00
1,1,170,68,86,655.33,4372.98,90.20000000000005,2.463,0.0,170,543740494,222106406,2025-02-22 09:05:07+00:00
1,1,170,68,87,655.33,4384.47,90.20000000000005,2.454,0.0,170,543741233,222107857,2025-02-22 09:05:12+00:00
1,1,170,68,86,655.33,4392.41,90.39999999999998,2.445,0.0,170,543741687,222108949,2025-02-22 09:05:15+00:00
1,1,169,68,86,655.33,4399.43,90.39999999999998,2.445,0.0,169,543742102,222109818,2025-02-22 09:05:18+00:00
1,1,169,68,87,,4411.41,90.79999999999995,2.445,0.0,169,543742699,222111385,2025-02-22 09:05:23+00:00
1,1,170,68,87,,4419.04,90.20000000000005,2.435,0.0,170,543743151,222112421,2025-02-22 09:05:26+00:00
1,1,170,68,87,,4433.94,90.39999999999998,2.435,0.0,170,543744005,222114272,2025-02-22 09:05:32+00:00
1,1,170,68,87,,4443.81,90.60000000000002,2.445,0.5,170,543744538,222115594,2025-02-22 09:05:36+00:00
1,1,170,68,86,,4456.45,90.20000000000005,2.454,0.5,170,543745221,222117241,2025-02-22 09:05:41+00:00
1,1,169,68,86,,4465.76,90.0,2.445,0.0,169,543745577,222118558,2025-02-22 09:05:45+00:00
1,1,169,68,87,0.0,4478.92,89.20000000000005,2.445,0.0,169,543745999,222120439,2025-02-22 09:05:50+00:00
1,1,169,68,86,0.0,4488.62,89.39999999999998,2.445,0.0,169,543746186,222121917,2025-02-22 09:05:54+00:00
1,1,169,68,87,0.0,4503.49,89.79999999999995,2.454,0.0,169,543746337,222124198,2025-02-22 09:06:00+00:00
1,1,170,68,87,0.0,4513.22,89.79999999999995,2.454,0.0,170,543746408,222125669,2025-02-22 09:06:04+00:00
1,0,169,68,87,0.0,4528.1,90.79999999999995,2.463,0.0,169,543746239,222127901,2025-02-22 09:06:10+00:00
1,1,168,68,88,0.0,4536.11,90.79999999999995,2.463,0.0,168,543745995,222129103,2025-02-22 09:06:13+00:00
1,1,168,68,88,0.0,4545.31,90.79999999999995,2.473,0.0,168,543745890,222130457,2025-02-22 09:06:17+00:00
1,1,168,68,87,0.0,4557.52,91.39999999999998,2.445,0.0,168,543745527,222132274,2025-02-22 09:06:22+00:00
1,1,167,68,88,0.0,4564.81,91.20000000000005,2.454,0.0,167,543745392,222133313,2025-02-22 09:06:25+00:00
1,1,168,68,86,0.0,4574.27,91.20000000000005,2.454,0.5,168,543745078,222134738,2025-02-22 09:06:29+00:00
1,1,168,68,88,0.0,4583.78,90.39999999999998,2.435,0.0,168,543744856,222136154,2025-02-22 09:06:33+00:00
1,1,169,68,87,0.0,4593.93,89.39999999999998,2.435,0.0,169,543744613,222137665,2025-02-22 09:06:37+00:00
1,1,169,68,87,0.0,4608.76,90.0,2.454,0.5,169,543744287,222139818,2025-02-22 09:06:43+00:00
1,1,169,68,88,0.0,4616.22,90.60000000000002,2.445,0.0,169,543743984,222140931,2025-02-22 09:06:46+00:00
1,1,170,68,87,0.0,4625.98,90.60000000000002,2.445,0.0,170,543743817,222142358,2025-02-22 09:06:50+00:00
1,0,169,68,88,0.0,4638.35,91.0,2.445,0.0,169,543743432,222144234,2025-02-22 09:06:55+00:00
1,0,170,68,87,0.0,4646.01,90.79999999999995,2.445,0.5,170,543743262,222145301,2025-02-22 09:06:58+00:00
1,1,171,68,86,0.0,4657.17,89.79999999999995,2.435,0.0,171,543742960,222146960,2025-02-22 09:07:03+00:00
1,1,170,68,87,0.0,4664.55,89.79999999999995,2.426,0.0,170,543742699,222148080,2025-02-22 09:07:06+00:00
1,1,170,68,86,0.0,4671.36,89.60000000000002,2.426,0.0,170,543742522,222149054,2025-02-22 09:07:09+00:00
1,1,170,68,87,0.0,4683.72,90.0,2.417,0.0,170,543742137,222150813,2025-02-22 09:07:14+00:00
1,1,170,68,86,0.0,4691.4,89.79999999999995,2.426,0.0,170,543742052,222151989,2025-02-22 09:07:17+00:00
1,1,170,68,87,0.0,4703.78,90.39999999999998,2.426,0.0,170,543741714,222153838,2025-02-22 09:07:22+00:00
1,1,170,68,87,0.0,4711.48,90.20000000000005,2.435,0.0,170,543741485,222154898,2025-02-22 09:07:25+00:00
1,1,171,68,86,0.0,4722.56,90.60000000000002,2.426,0.0,171,543741180,222156525,2025-02-22 09:07:30+00:00
1,1,171,68,87,0.0,4729.66,91.0,2.417,0.0,171,543740923,222157606,2025-02-22 09:07:33+00:00
1,1,171,68,85,0.0,4739.18,91.60000000000002,2.398,0.0,171,543740636,222159013,2025-02-22 09:07:37+00:00
1,1,170,68,85,0.0,4755.84,92.60000000000002,2.407,0.0,170,543740030,222161283,2025-02-22 09:07:44+00:00
1,1,170,68,86,0.0,4764.84,91.60000000000002,2.389,0.0,170,543739753,222162659,2025-02-22 09:07:48+00:00
1,1,168,68,86,0.0,4776.27,92.39999999999998,2.379,0.5,168,543739441,222164314,2025-02-22 09:07:53+00:00
1,2,168,68,84,0.0,4787.54,92.0,2.351,0.0,168,543739272,222166016,2025-02-22 09:07:58+00:00
1,2,168,67,86,0.0,4797.62,91.60000000000002,2.351,0.5,168,543739133,222167560,2025-02-22 09:08:02+00:00
1,2,168,67,85,0.0,4806.56,91.60000000000002,2.342,0.0,168,543738804,222168846,2025-02-22 09:08:06+00:00
1,1,169,67,85,0.0,4815.41,91.20000000000005,2.314,0.5,169,543738589,222170108,2025-02-22 09:08:10+00:00
1,1,169,67,85,0.0,4825.16,90.79999999999995,2.305,0.5,169,543738360,222171589,2025-02-22 09:08:14+00:00
1,1,169,67,85,0.0,4834.77,90.79999999999995,2.295,0.0,169,543737959,222173003,2025-02-22 09:08:18+00:00
1,1,169,67,85,0.0,4844.69,90.0,2.323,0.5,169,543737816,222174435,2025-02-22 09:08:22+00:00
1,1,169,67,84,0.0,4851.66,89.79999999999995,2.333,0.0,169,543737660,222175471,2025-02-22 09:08:25+00:00
1,2,170,67,86,0.0,4866.14,90.60000000000002,2.323,0.5,170,543737288,222177632,2025-02-22 09:08:31+00:00
1,2,170,67,86,0.0,4880.55,90.60000000000002,2.37,0.5,170,543736819,222179770,2025-02-22 09:08:37+00:00
1,1,168,67,86,0.0,4888.01,90.79999999999995,2.379,0.0,168,543736712,222180837,2025-02-22 09:08:40+00:00
1,0,168,67,84,0.0,4899.38,91.79999999999995,2.379,0.5,168,543736298,222182432,2025-02-22 09:08:45+00:00
1,1,168,67,85,0.0,4911.05,91.79999999999995,2.351,0.5,168,543736068,222184182,2025-02-22 09:08:50+00:00
1,1,167,67,86,0.0,4921.14,92.20000000000005,2.361,0.0,167,543735660,222185710,2025-02-22 09:08:54+00:00
1,1,168,67,87,644.77,4941.71,91.20000000000005,2.361,0.0,168,543734987,222188681,2025-02-22 09:09:03+00:00
1,1,167,67,89,655.13,4957.3,90.20000000000005,2.333,0.0,167,543734634,222190958,2025-02-22 09:09:10+00:00
1,1,167,67,85,655.17,4971.29,91.60000000000002,2.286,0.0,167,543734280,222193019,2025-02-22 09:09:16+00:00
1,1,167,67,87,0.0,4986.82,93.20000000000005,2.267,0.0,167,543733845,222195379,2025-02-22 09:09:23+00:00
1,1,167,67,86,0.0,4996.43,93.60000000000002,2.277,0.5,167,543733770,222196779,2025-02-22 09:09:27+00:00
1,1,168,67,87,0.0,5003.3,94.20000000000005,2.286,0.0,168,543733642,222197763,2025-02-22 09:09:30+00:00
1,1,167,67,87,0.0,5013.03,94.60000000000002,2.286,0.0,167,543733313,222199186,2025-02-22 09:09:34+00:00
1,1,167,67,89,2.86,5032.43,93.0,2.314,0.0,167,543732786,222202103,2025-02-22 09:09:42+00:00
1,1,169,67,87,2.77,5042.88,92.60000000000002,2.361,0.5,169,543732526,222203628,2025-02-22 09:09:46+00:00
1,0,168,67,87,655.12,5056.48,92.0,2.407,0.0,168,543732112,222205646,2025-02-22 09:09:51+00:00
1,1,170,67,88,0.0,5070.81,93.0,2.463,0.0,170,543731780,222207815,2025-02-22 09:09:56+00:00
1,1,169,67,87,2.62,5079.18,93.20000000000005,2.519,0.0,169,543731587,222208979,2025-02-22 09:09:59+00:00
1,1,169,67,88,2.62,5087.85,93.0,2.575,0.0,169,543731396,222210320,2025-02-22 09:10:02+00:00
1,0,171,67,87,2.62,5099.09,92.79999999999995,2.603,0.0,171,543731206,222211971,2025-02-22 09:10:06+00:00
1,0,170,67,88,2.62,5110.76,93.20000000000005,2.631,0.0,170,543730956,222213659,2025-02-22 09:10:10+00:00
1,0,170,67,87,0.0,5122.12,92.79999999999995,2.669,0.0,170,543730553,222215324,2025-02-22 09:10:14+00:00
1,0,172,67,88,0.0,5136.59,92.20000000000005,2.65,0.5,172,543730225,222217562,2025-02-22 09:10:20+00:00
1,0,171,67,86,381.99,5144.94,91.60000000000002,2.678,0.5,171,543730051,222218744,2025-02-22 09:10:23+00:00
1,0,171,67,88,0.0,5155.59,91.20000000000005,2.697,0.0,171,543729847,222220349,2025-02-22 09:10:27+00:00
1,0,172,67,86,381.99,5168.12,91.60000000000002,2.678,0.5,172,543729500,222222200,2025-02-22 09:10:32+00:00
1,0,173,67,88,0.0,5181.69,92.79999999999995,2.669,0.0,173,543729062,222224243,2025-02-22 09:10:37+00:00
1,0,173,67,88,0.0,5190.3,93.0,2.678,0.0,173,543729001,222225490,2025-02-22 09:10:40+00:00
1,1,173,67,88,0.0,5203.64,93.20000000000005,2.706,0.0,173,543728768,222227506,2025-02-22 09:10:45+00:00
1,1,174,67,88,0.0,5214.41,94.0,2.706,0.0,174,543728384,222229026,2025-02-22 09:10:49+00:00
1,1,174,67,87,0.0,5223.1,94.0,2.715,0.5,174,543728138,222230340,2025-02-22 09:10:52+00:00
1,1,175,67,88,0.0,5238.72,94.0,2.715,0.0,175,543727758,222232632,2025-02-22 09:10:58+00:00
1,1,175,67,87,0.0,5246.92,94.39999999999998,2.715,0.0,175,543727469,222233892,2025-02-22 09:11:01+00:00
1,1,175,67,88,0.0,5255.29,94.60000000000002,2.725,0.0,175,543727298,222235070,2025-02-22 09:11:04+00:00
1,1,175,67,88,0.0,5267.25,94.20000000000005,2.706,0.0,175,543726947,222236816,2025-02-22 09:11:09+00:00
1,1,175,67,87,0.0,5277.64,94.0,2.697,0.5,175,543726697,222238384,2025-02-22 09:11:13+00:00
1,3,174,67,87,0.0,5291.14,94.39999999999998,2.687,0.0,174,543726348,222240378,2025-02-22 09:11:18+00:00
1,4,174,67,88,0.0,5306.9,95.0,2.687,0.5,174,543725978,222242709,2025-02-22 09:11:24+00:00
1,5,175,67,88,0.0,5315.34,94.60000000000002,2.687,0.0,175,543725837,222244019,2025-02-22 09:11:27+00:00
1,1,173,67,88,0.0,5326.19,93.79999999999995,2.697,0.0,173,543725636,222245615,2025-02-22 09:11:31+00:00
1,1,173,67,88,0.0,5338.69,93.60000000000002,2.678,0.5,173,543725213,222247514,2025-02-22 09:11:36+00:00
1,1,173,67,87,0.0,5346.66,93.39999999999998,2.678,0.0,173,543725074,222248616,2025-02-22 09:11:39+00:00
1,1,173,67,86,0.0,5359.25,93.20000000000005,2.669,0.5,173,543724773,222250483,2025-02-22 09:11:44+00:00
1,1,174,67,88,0.0,5369.65,92.79999999999995,2.65,0.5,174,543724556,222252034,2025-02-22 09:11:48+00:00
1,1,173,67,87,0.0,5377.76,92.79999999999995,2.65,0.0,173,543724368,222253270,2025-02-22 09:11:51+00:00
1,1,173,67,87,0.0,5392.67,92.60000000000002,2.641,0.5,173,543724040,222255473,2025-02-22 09:11:57+00:00
1,1,173,67,88,0.0,5400.41,92.79999999999995,2.631,0.0,173,543723880,222256651,2025-02-22 09:12:00+00:00
1,1,173,67,87,0.0,5412.72,92.39999999999998,2.613,0.0,173,543723599,222258520,2025-02-22 09:12:05+00:00
1,1,173,67,87,0.0,5424.45,92.60000000000002,2.622,0.0,173,543723319,222260256,2025-02-22 09:12:09+00:00
1,1,174,67,87,0.0,5431.66,92.20000000000005,2.631,0.0,174,543723304,222261338,2025-02-22 09:12:12+00:00
1,1,173,67,87,0.0,5447.03,93.39999999999998,2.603,0.5,173,543723065,222263680,2025-02-22 09:12:18+00:00
1,1,173,67,87,0.0,5455.25,94.0,2.603,0.5,173,543723002,222264848,2025-02-22 09:12:21+00:00
1,1,173,67,87,0.0,5463.07,93.60000000000002,2.613,0.0,173,543722922,222266065,2025-02-22 09:12:24+00:00
1,1,173,67,87,0.0,5476.83,94.0,2.622,0.0,173,543722827,222268174,2025-02-22 09:12:29+00:00
1,1,173,67,86,0.0,5484.63,93.79999999999995,2.631,0.5,173,543722740,222269330,2025-02-22 09:12:32+00:00
1,1,173,67,87,0.0,5500.29,93.60000000000002,2.622,0.0,173,543722619,222271767,2025-02-22 09:12:38+00:00
1,2,173,67,87,0.0,5510.95,93.20000000000005,2.622,0.5,173,543722531,222273396,2025-02-22 09:12:42+00:00
1,2,174,67,88,0.0,5521.34,92.39999999999998,2.631,0.5,174,543722550,222274938,2025-02-22 09:12:46+00:00
1,2,175,67,87,0.0,5537.55,93.20000000000005,2.631,0.0,175,543722291,222277333,2025-02-22 09:12:52+00:00
1,2,175,67,87,0.0,5544.92,93.0,2.631,0.0,175,543722395,222278528,2025-02-22 09:12:55+00:00
1,2,173,67,87,0.0,5558.35,92.79999999999995,2.631,0.5,173,543722375,222280623,2025-02-22 09:13:00+00:00
1,1,172,67,87,0.0,5569.04,93.79999999999995,2.631,0.0,172,543722454,222282234,2025-02-22 09:13:04+00:00
1,1,173,67,86,0.0,5579.06,93.39999999999998,2.631,0.5,173,543722492,222283727,2025-02-22 09:13:08+00:00
1,1,173,67,87,0.0,5591.95,94.60000000000002,2.622,0.0,173,543722406,222285738,2025-02-22 09:13:13+00:00
1,1,173,67,86,0.0,5602.24,95.0,2.613,0.0,173,543722387,222287266,2025-02-22 09:13:17+00:00
1,1,173,67,86,0.0,5613.45,95.60000000000002,2.622,0.5,173,543722289,222288953,2025-02-22 09:13:21+00:00
1,1,173,67,87,0.0,5623.96,96.20000000000005,2.622,0.0,173,543722306,222290602,2025-02-22 09:13:25+00:00
1,9,174,67,87,0.0,5637.96,96.79999999999995,2.641,0.0,174,543722088,222292625,2025-02-22 09:13:30+00:00
1,3,177,67,87,0.0,5645.38,96.20000000000005,2.65,0.0,177,543722074,222293812,2025-02-22 09:13:33+00:00
1,3,177,67,87,0.0,5648.32,96.0,2.641,0.0,177,543721995,222294242,2025-02-22 09:13:34+00:00
1,4,178,67,89,0.0,5666.01,96.0,2.641,0.0,178,543721690,222296898,2025-02-22 09:13:41+00:00
1,2,176,67,87,0.0,5677.09,95.0,2.641,0.5,176,543721685,222298604,2025-02-22 09:13:45+00:00
1,2,176,67,88,0.0,5689.74,94.20000000000005,2.641,0.0,176,543721649,222300541,2025-02-22 09:13:50+00:00
1,1,174,67,87,0.0,5700.78,93.60000000000002,2.641,0.0,174,543721619,222302229,2025-02-22 09:13:54+00:00
1,1,172,67,88,0.0,5714.12,93.79999999999995,2.641,0.0,172,543721606,222304257,2025-02-22 09:13:59+00:00
1,1,172,66,87,0.0,5722.72,94.0,2.65,0.0,172,543721483,222305571,2025-02-22 09:14:02+00:00
1,1,173,66,86,0.0,5732.38,93.39999999999998,2.65,0.0,173,543721553,222307047,2025-02-22 09:14:06+00:00
1,1,173,66,87,0.0,5742.67,93.60000000000002,2.641,0.0,173,543721428,222308564,2025-02-22 09:14:10+00:00
1,1,172,66,87,0.0,5751.22,93.20000000000005,2.641,0.0,172,543721403,222309917,2025-02-22 09:14:13+00:00
1,1,172,66,87,0.0,5762.07,93.20000000000005,2.65,0.0,172,543721450,222311548,2025-02-22 09:14:17+00:00
1,1,172,66,87,0.0,5773.0,93.39999999999998,2.659,0.5,172,543721184,222313141,2025-02-22 09:14:21+00:00
1,3,175,66,88,0.0,5781.24,93.20000000000005,2.669,0.0,175,543721213,222314446,2025-02-22 09:14:24+00:00
1,2,176,66,86,0.0,5794.41,94.60000000000002,2.669,0.0,176,543721001,222316437,2025-02-22 09:14:29+00:00
1,2,175,66,86,0.0,5802.41,94.79999999999995,2.669,0.5,175,543721088,222317635,2025-02-22 09:14:32+00:00
1,3,174,66,87,0.0,5818.28,94.0,2.669,0.0,174,543720960,222320078,2025-02-22 09:14:38+00:00
1,3,174,66,87,0.0,5826.85,93.79999999999995,2.669,0.0,174,543720967,222321283,2025-02-22 09:14:41+00:00
1,6,174,66,87,0.0,5837.44,93.60000000000002,2.678,0.5,174,543720953,222322932,2025-02-22 09:14:45+00:00
1,11,175,66,87,0.0,5848.24,93.60000000000002,2.678,0.0,175,543720793,222324596,2025-02-22 09:14:49+00:00
1,14,175,66,87,0.0,5855.89,93.60000000000002,2.678,0.0,175,543720846,222325694,2025-02-22 09:14:52+00:00
1,17,175,66,87,0.0,5863.87,93.20000000000005,2.678,0.5,175,543720914,222326944,2025-02-22 09:14:55+00:00
1,21,174,66,87,0.0,5877.26,93.60000000000002,2.669,0.0,174,543720683,222329031,2025-02-22 09:15:00+00:00
1,21,174,66,87,0.0,5886.27,94.0,2.669,0.0,174,543720783,222330310,2025-02-22 09:15:03+00:00
1,23,174,66,87,0.0,5899.39,94.0,2.687,0.5,174,543720666,222332298,2025-02-22 09:15:08+00:00
1,23,174,66,87,0.0,5907.43,94.20000000000005,2.687,0.0,174,543720576,222333566,2025-02-22 09:15:11+00:00
1,20,175,66,86,0.0,5917.97,93.39999999999998,2.687,0.0,175,543720652,222335145,2025-02-22 09:15:15+00:00
1,20,175,66,87,0.0,5928.43,93.79999999999995,2.687,0.0,175,543720446,222336736,2025-02-22 09:15:19+00:00
1,20,175,66,88,0.0,5937.48,93.79999999999995,2.697,0.0,175,543720363,222338131,2025-02-22 09:15:22+00:00
1,10,175,66,87,0.0,5948.86,93.39999999999998,2.725,0.0,175,543720487,222339811,2025-02-22 09:15:26+00:00
1,10,175,66,87,0.0,5959.41,93.60000000000002,2.725,0.5,175,543720288,222341365,2025-02-22 09:15:30+00:00
1,10,175,66,87,0.0,5966.71,93.60000000000002,2.715,0.5,175,543720213,222342514,2025-02-22 09:15:33+00:00
1,10,175,66,87,0.0,5980.7,93.0,2.706,0.0,175,543720065,222344670,2025-02-22 09:15:38+00:00
1,19,176,66,87,0.0,5989.36,93.0,2.715,0.0,176,543719931,222345900,2025-02-22 09:15:41+00:00
1,19,176,66,88,0.0,5997.82,92.60000000000002,2.734,0.0,176,543719670,222347195,2025-02-22 09:15:44+00:00
1,19,176,66,87,0.0,6003.21,92.60000000000002,2.734,0.0,176,543719527,222347960,2025-02-22 09:15:46+00:00
1,9,176,66,87,1.99,6015.92,92.0,2.715,0.5,176,543719264,222349919,2025-02-22 09:15:51+00:00
1,9,176,66,87,1.99,6026.37,92.0,2.706,0.0,176,543719114,222351503,2025-02-22 09:15:55+00:00
1,9,176,66,87,0.0,6033.73,92.0,2.697,0.0,176,543718841,222352587,2025-02-22 09:15:58+00:00
1,0,169,66,0,0.0,6034.61,88.20000000000005,0.0,0.0,169,543718247,222354477,2025-02-22 09:16:24+00:00
1,0,168,66,0,0.0,6035.51,88.60000000000002,0.0,0.0,168,543718211,222354780,2025-02-22 09:16:25+00:00
1,1,165,66,83,0.0,6043.99,89.0,1.549,0.5,165,543718026,222356138,2025-02-22 09:16:29+00:00
1,1,164,66,85,0.0,6056.84,90.60000000000002,3.191,0.5,164,543717706,222357983,2025-02-22 09:16:33+00:00
1,1,163,66,87,653.57,6070.78,91.39999999999998,2.846,0.0,163,543717349,222360025,2025-02-22 09:16:38+00:00
1,1,162,66,87,653.57,6081.54,92.20000000000005,2.762,0.0,162,543717007,222361580,2025-02-22 09:16:42+00:00
1,1,163,66,88,653.57,6089.79,92.20000000000005,2.734,0.0,163,543716819,222362862,2025-02-22 09:16:45+00:00
1,1,164,66,87,653.57,6104.3,92.20000000000005,2.762,0.0,164,543716372,222364920,2025-02-22 09:16:50+00:00
1,1,164,66,88,653.57,6123.63,92.20000000000005,2.762,0.5,164,543715875,222367816,2025-02-22 09:16:57+00:00
1,1,166,65,87,653.57,6136.53,92.79999999999995,2.725,0.5,166,543715740,222369779,2025-02-22 09:17:02+00:00
1,1,166,65,86,0.0,6147.39,93.20000000000005,2.706,0.0,166,543715758,222371466,2025-02-22 09:17:06+00:00
1,1,167,65,87,0.0,6163.64,93.0,2.715,0.5,167,543715721,222373953,2025-02-22 09:17:12+00:00
1,1,167,65,88,0.0,6174.37,94.20000000000005,2.715,0.0,167,543715696,222375559,2025-02-22 09:17:16+00:00
1,1,168,65,86,0.0,6186.84,94.20000000000005,2.697,0.5,168,543715634,222377485,2025-02-22 09:17:21+00:00
1,1,169,65,88,0.0,6200.1,94.20000000000005,2.687,0.0,169,543715377,222379556,2025-02-22 09:17:26+00:00
1,1,170,65,89,0.0,6221.09,94.60000000000002,2.678,0.5,170,543715256,222382666,2025-02-22 09:17:34+00:00
1,1,171,65,87,0.0,6231.13,94.79999999999995,2.659,0.0,171,543715268,222384212,2025-02-22 09:17:38+00:00
1,1,172,65,87,0.0,6241.81,95.0,2.641,0.0,172,543715347,222385831,2025-02-22 09:17:42+00:00
1,1,172,65,88,331.45,6257.96,95.0,2.641,0.0,172,543715395,222388276,2025-02-22 09:17:48+00:00
1,1,172,65,88,331.45,6268.75,94.60000000000002,2.65,0.0,172,543715424,222389921,2025-02-22 09:17:52+00:00
1,1,174,65,87,331.45,6280.18,94.0,2.659,0.0,174,543715421,222391667,2025-02-22 09:17:56+00:00
1,1,174,65,88,331.45,6295.59,93.79999999999995,2.669,0.0,174,543715317,222394046,2025-02-22 09:18:02+00:00
1,1,174,65,88,331.45,6306.13,93.20000000000005,2.65,0.0,174,543715301,222395671,2025-02-22 09:18:06+00:00
1,1,174,65,87,331.45,6314.43,93.0,2.641,0.5,174,543715341,222396903,2025-02-22 09:18:09+00:00
1,1,174,65,88,331.45,6330.85,93.79999999999995,2.669,0.0,174,543715042,222399384,2025-02-22 09:18:15+00:00
1,1,174,65,88,331.45,6341.28,93.79999999999995,2.659,0.0,174,543714871,222400937,2025-02-22 09:18:19+00:00
1,1,174,65,87,331.45,6351.95,93.39999999999998,2.65,0.0,174,543714734,222402497,2025-02-22 09:18:23+00:00
1,1,175,65,88,331.45,6365.36,93.60000000000002,2.65,0.0,175,543714155,222404452,2025-02-22 09:18:28+00:00
1,2,175,65,87,331.45,6375.54,92.79999999999995,2.65,0.0,175,543713838,222405952,2025-02-22 09:18:32+00:00
1,2,175,65,86,331.45,6386.9,93.39999999999998,2.65,0.0,175,543713382,222407468,2025-02-22 09:18:36+00:00
1,4,174,65,87,0.0,6395.06,93.39999999999998,2.669,0.5,174,543712981,222408605,2025-02-22 09:18:39+00:00
1,4,174,65,88,0.0,6404.55,92.39999999999998,2.65,0.0,174,543712687,222409976,2025-02-22 09:18:43+00:00
1,4,174,65,86,0.0,6416.94,92.79999999999995,2.622,0.5,174,543712141,222411697,2025-02-22 09:18:48+00:00
1,10,174,65,87,0.0,6423.8,92.60000000000002,2.603,0.0,174,543711842,222412626,2025-02-22 09:18:51+00:00
1,9,175,65,87,4.5,6439.29,92.39999999999998,2.575,0.0,175,543711039,222414748,2025-02-22 09:18:57+00:00
1,7,177,65,87,4.5,6446.89,92.0,2.575,0.5,177,543710858,222415848,2025-02-22 09:19:00+00:00
1,4,175,65,87,22.93,6459.22,91.0,2.557,0.0,175,543710420,222417658,2025-02-22 09:19:05+00:00
1,3,175,65,87,10.36,6470.45,91.0,2.566,0.0,175,543709951,222419240,2025-02-22 09:19:09+00:00
1,5,175,65,87,11.4,6486.93,90.60000000000002,2.585,0.5,175,543709312,222421607,2025-02-22 09:19:15+00:00
1,9,175,65,88,11.26,6497.07,91.39999999999998,2.585,0.0,175,543708929,222423090,2025-02-22 09:19:19+00:00
1,12,174,65,87,12.7,6505.02,91.60000000000002,2.585,0.0,174,543708751,222424216,2025-02-22 09:19:22+00:00
1,11,175,65,86,12.7,6518.84,92.20000000000005,2.603,0.0,175,543708205,222426153,2025-02-22 09:19:27+00:00
1,11,175,65,86,11.81,6527.15,92.20000000000005,2.622,0.5,175,543707799,222427302,2025-02-22 09:19:30+00:00
1,8,176,65,87,11.94,6537.64,92.60000000000002,2.622,0.0,176,543707401,222428787,2025-02-22 09:19:34+00:00
1,2,178,65,87,13.4,6548.32,93.0,2.631,0.0,178,543706905,222430213,2025-02-22 09:19:38+00:00
1,2,179,65,87,12.2,6557.03,93.0,2.641,0.0,179,543706595,222431487,2025-02-22 09:19:41+00:00
1,3,177,65,87,10.97,6570.04,93.0,2.641,0.5,177,543706061,222433337,2025-02-22 09:19:46+00:00
1,4,176,65,87,13.94,6578.0,93.20000000000005,2.65,0.0,176,543705760,222434403,2025-02-22 09:19:49+00:00
1,4,175,65,87,11.81,6586.19,92.60000000000002,2.65,0.0,175,543705423,222435619,2025-02-22 09:19:52+00:00
1,4,174,65,87,13.83,6599.86,92.39999999999998,2.659,0.5,174,543704832,222437520,2025-02-22 09:19:57+00:00
1,4,174,65,87,13.83,6607.55,92.79999999999995,2.669,0.5,174,543704646,222438589,2025-02-22 09:20:00+00:00
1,4,174,65,87,13.83,6616.24,92.39999999999998,2.669,0.0,174,543704301,222439875,2025-02-22 09:20:03+00:00
1,2,174,65,87,13.83,6629.73,92.20000000000005,2.687,0.0,174,543703728,222441812,2025-02-22 09:20:08+00:00
1,2,175,65,88,13.83,6640.57,92.20000000000005,2.687,0.5,175,543703294,222443340,2025-02-22 09:20:12+00:00
1,2,175,65,88,13.83,6648.74,92.0,2.687,0.0,175,543702983,222444429,2025-02-22 09:20:15+00:00
1,2,175,65,87,14.44,6659.13,91.79999999999995,2.697,0.0,175,543702537,222445898,2025-02-22 09:20:19+00:00
1,2,175,65,88,12.82,6671.88,92.39999999999998,2.678,0.5,175,543701973,222447644,2025-02-22 09:20:24+00:00
1,2,175,65,88,12.82,6680.64,92.60000000000002,2.678,0.0,175,543701618,222448897,2025-02-22 09:20:27+00:00
1,2,174,65,88,12.82,6691.51,92.60000000000002,2.687,0.0,174,543701295,222450476,2025-02-22 09:20:31+00:00
1,1,173,65,87,12.82,6702.13,93.0,2.687,0.0,173,543700827,222451963,2025-02-22 09:20:35+00:00
1,1,173,65,88,12.33,6713.23,92.60000000000002,2.697,0.5,173,543700427,222453535,2025-02-22 09:20:39+00:00
1,1,174,65,88,14.14,6722.14,93.0,2.715,0.0,174,543700082,222454846,2025-02-22 09:20:42+00:00
1,1,173,65,89,14.24,6730.37,93.20000000000005,2.734,0.0,173,543699825,222456020,2025-02-22 09:20:45+00:00
1,1,174,65,88,0.0,6746.87,93.20000000000005,2.753,0.5,174,543699054,222458262,2025-02-22 09:20:51+00:00
1,1,174,65,88,15.84,6756.8,93.60000000000002,2.725,0.0,174,543698618,222459691,2025-02-22 09:20:55+00:00
1,2,175,65,88,27.03,6764.8,93.20000000000005,2.715,0.0,175,543698372,222460798,2025-02-22 09:20:58+00:00
1,2,175,64,87,26.09,6775.92,92.20000000000005,2.715,0.5,175,543697979,222462402,2025-02-22 09:21:02+00:00
1,2,176,64,88,26.09,6789.3,92.0,2.715,0.0,176,543697471,222464295,2025-02-22 09:21:07+00:00
1,2,176,64,88,26.09,6799.75,91.39999999999998,2.706,0.0,176,543697126,222465817,2025-02-22 09:21:11+00:00
1,3,175,64,88,26.09,6808.47,91.0,2.706,0.0,175,543696693,222467053,2025-02-22 09:21:14+00:00
1,3,174,64,88,26.09,6816.29,90.79999999999995,2.715,0.5,174,543696440,222468169,2025-02-22 09:21:17+00:00
1,6,175,64,87,0.0,6834.65,91.79999999999995,2.678,0.0,175,543695649,222470750,2025-02-22 09:21:24+00:00
1,8,176,64,88,0.0,6843.42,92.39999999999998,2.725,0.0,176,543695254,222471999,2025-02-22 09:21:27+00:00
1,8,176,64,88,0.0,6855.13,92.60000000000002,2.743,0.5,176,543694827,222473657,2025-02-22 09:21:31+00:00
1,8,176,64,89,0.0,6866.39,93.0,2.771,0.0,176,543694432,222475220,2025-02-22 09:21:35+00:00
1,3,176,64,87,0.0,6885.26,93.79999999999995,2.753,0.5,176,543693595,222477871,2025-02-22 09:21:42+00:00
1,3,176,64,88,0.0,6893.47,93.79999999999995,2.753,0.5,176,543693392,222479032,2025-02-22 09:21:45+00:00
1,3,176,64,89,0.0,6899.09,93.39999999999998,2.762,0.0,176,543693248,222479837,2025-02-22 09:21:47+00:00
1,3,176,64,89,0.0,6902.05,93.20000000000005,2.753,0.0,176,543693116,222480320,2025-02-22 09:21:48+00:00
1,3,176,64,88,0.0,6913.11,93.0,2.762,0.0,176,543692793,222481920,2025-02-22 09:21:52+00:00
1,2,176,64,89,0.0,6929.47,93.0,2.762,0.5,176,543692216,222484240,2025-02-22 09:21:58+00:00
1,2,176,64,88,0.0,6940.17,93.20000000000005,2.753,0.0,176,543691846,222485803,2025-02-22 09:22:02+00:00
1,2,176,64,88,0.0,6948.91,92.79999999999995,2.753,0.0,176,543691621,222487172,2025-02-22 09:22:05+00:00
1,6,177,64,87,0.0,6957.09,92.39999999999998,2.762,0.5,177,543691572,222488348,2025-02-22 09:22:08+00:00
1,2,177,64,88,0.0,6970.04,91.79999999999995,2.753,0.0,177,543691467,222490337,2025-02-22 09:22:13+00:00
1,2,177,64,89,0.0,6985.08,92.39999999999998,2.753,0.0,177,543691149,222492625,2025-02-22 09:22:18+00:00
1,2,179,64,88,0.0,6993.12,92.60000000000002,2.771,0.5,179,543691069,222493777,2025-02-22 09:22:21+00:00
1,2,180,64,89,0.0,7001.36,92.39999999999998,2.762,0.5,180,543690884,222495122,2025-02-22 09:22:24+00:00
1,2,180,64,88,1.0,7004.64,92.39999999999998,2.762,0.5,180,543690899,222495552,2025-02-22 09:22:25+00:00
1,2,180,64,88,1.0,7013.94,92.39999999999998,2.79,0.0,180,543690718,222496948,2025-02-22 09:22:28+00:00
1,2,180,64,88,0.0,7025.12,93.0,2.799,0.0,180,543690480,222498608,2025-02-22 09:22:32+00:00
1,14,181,64,88,0.0,7040.73,94.20000000000005,2.79,0.5,181,543690136,222500953,2025-02-22 09:22:38+00:00
1,14,181,64,88,0.0,7051.93,94.20000000000005,2.79,0.0,181,543689873,222502595,2025-02-22 09:22:42+00:00
1,17,182,64,89,0.0,7060.27,94.20000000000005,2.781,0.0,182,543689748,222503889,2025-02-22 09:22:45+00:00
1,22,183,64,88,0.0,7071.7,94.39999999999998,2.79,0.5,183,543689516,222505597,2025-02-22 09:22:49+00:00
1,26,182,64,88,0.0,7084.82,94.20000000000005,2.781,0.0,182,543689178,222507539,2025-02-22 09:22:54+00:00
1,29,182,64,87,0.0,7092.84,94.60000000000002,2.771,0.0,182,543689066,222508691,2025-02-22 09:22:57+00:00
1,33,183,64,88,0.0,7103.35,94.60000000000002,2.753,0.5,183,543688919,222510285,2025-02-22 09:23:01+00:00
1,28,181,64,88,0.0,7116.96,95.0,2.753,0.0,181,543688638,222512319,2025-02-22 09:23:06+00:00
1,31,181,64,88,0.0,7128.21,95.20000000000005,2.743,0.0,181,543688298,222513951,2025-02-22 09:23:10+00:00
1,35,182,64,86,0.0,7139.1,94.20000000000005,2.743,0.5,182,543687965,222515574,2025-02-22 09:23:14+00:00
1,39,181,64,88,0.0,7150.88,93.60000000000002,2.753,0.5,181,543687669,222517313,2025-02-22 09:23:18+00:00
1,7,178,64,89,0.0,7164.62,94.60000000000002,2.762,0.0,178,543687252,222519298,2025-02-22 09:23:23+00:00
1,7,178,64,89,0.0,7167.57,94.60000000000002,2.762,0.0,178,543687125,222519769,2025-02-22 09:23:24+00:00
1,7,178,64,87,0.0,7176.13,94.0,2.771,0.5,178,543686957,222520956,2025-02-22 09:23:27+00:00
1,3,178,64,88,0.0,7189.32,92.60000000000002,2.762,0.0,178,543686606,222522952,2025-02-22 09:23:32+00:00
1,6,178,64,87,0.0,7200.48,92.20000000000005,2.762,0.0,178,543686276,222524569,2025-02-22 09:23:36+00:00
1,9,177,64,87,0.0,7211.21,91.79999999999995,2.753,0.5,177,543685929,222526169,2025-02-22 09:23:40+00:00
1,12,178,64,88,0.0,7224.71,91.0,2.753,0.0,178,543685612,222528161,2025-02-22 09:23:45+00:00
1,11,177,64,88,0.0,7236.01,90.79999999999995,2.743,0.0,177,543685287,222529825,2025-02-22 09:23:49+00:00
1,3,176,64,87,0.0,7246.75,90.39999999999998,2.753,0.5,176,543684843,222531340,2025-02-22 09:23:53+00:00
1,8,177,64,88,0.0,7261.99,91.0,2.715,0.0,177,543684275,222533574,2025-02-22 09:23:59+00:00
1,12,176,63,88,0.0,7279.66,91.20000000000005,2.734,0.0,176,543683180,222535783,2025-02-22 09:24:05+00:00
1,5,176,63,88,0.0,7287.9,91.60000000000002,2.743,0.5,176,543682754,222536763,2025-02-22 09:24:08+00:00
1,2,175,63,88,0.0,7295.78,91.60000000000002,2.743,0.0,175,543682199,222537749,2025-02-22 09:24:11+00:00
1,4,174,63,88,0.0,7310.37,92.39999999999998,2.753,0.0,174,543681213,222539422,2025-02-22 09:24:16+00:00
1,5,175,63,87,0.0,7323.85,92.79999999999995,2.753,0.5,175,543680271,222540922,2025-02-22 09:24:21+00:00
1,11,175,63,88,0.0,7332.39,92.79999999999995,2.753,0.0,175,543679610,222541927,2025-02-22 09:24:24+00:00
1,11,175,63,88,0.0,7340.08,92.79999999999995,2.762,0.0,175,543679188,222542901,2025-02-22 09:24:27+00:00
1,11,175,63,89,0.0,7348.52,92.39999999999998,2.743,0.0,175,543678723,222544034,2025-02-22 09:24:30+00:00
1,11,179,63,90,0.0,7359.08,92.20000000000005,2.753,0.5,179,543678078,222545306,2025-02-22 09:24:34+00:00
1,8,180,63,88,0.0,7375.29,92.0,2.753,0.0,180,543676964,222547154,2025-02-22 09:24:40+00:00
1,8,180,63,88,0.0,7385.49,91.60000000000002,2.715,0.0,180,543676321,222548395,2025-02-22 09:24:44+00:00
1,5,181,63,87,0.0,7393.83,91.39999999999998,2.706,0.5,181,543675779,222549453,2025-02-22 09:24:47+00:00
1,6,180,63,88,0.0,7404.05,91.79999999999995,2.706,0.0,180,543675131,222550644,2025-02-22 09:24:51+00:00
1,4,178,63,88,0.0,7414.15,92.0,2.678,0.0,178,543674421,222551809,2025-02-22 09:24:55+00:00
1,2,178,63,88,0.0,7423.02,91.79999999999995,2.678,0.0,178,543673721,222552861,2025-02-22 09:24:58+00:00
1,3,177,63,88,0.0,7431.27,91.60000000000002,2.687,0.5,177,543673254,222553835,2025-02-22 09:25:01+00:00
1,5,175,63,88,0.0,7441.76,91.79999999999995,2.697,0.0,175,543672561,222555089,2025-02-22 09:25:05+00:00
1,6,172,63,88,0.0,7452.03,91.79999999999995,2.669,0.0,172,543671836,222556318,2025-02-22 09:25:09+00:00
1,6,172,63,88,0.0,7454.74,92.0,2.669,0.0,172,543671689,222556623,2025-02-22 09:25:10+00:00
1,6,170,63,88,0.0,7465.71,92.79999999999995,2.669,0.5,170,543670919,222557854,2025-02-22 09:25:14+00:00
1,6,170,63,88,0.0,7474.29,93.39999999999998,2.678,0.5,170,543670335,222558930,2025-02-22 09:25:17+00:00
1,6,170,63,88,0.0,7485.89,93.60000000000002,2.706,0.0,170,543669673,222560399,2025-02-22 09:25:21+00:00
1,16,170,63,88,0.0,7503.0,92.60000000000002,2.715,0.0,170,543668553,222562415,2025-02-22 09:25:27+00:00
1,16,170,63,88,0.0,7510.73,92.0,2.734,0.5,170,543668029,222563402,2025-02-22 09:25:30+00:00
1,18,172,63,88,0.0,7519.43,91.60000000000002,2.725,0.0,172,543667529,222564421,2025-02-22 09:25:33+00:00
1,18,172,63,89,0.0,7527.82,90.79999999999995,2.734,0.0,172,543667048,222565588,2025-02-22 09:25:36+00:00
1,22,172,63,88,0.0,7535.87,90.79999999999995,2.734,0.0,172,543666764,222566728,2025-02-22 09:25:39+00:00
1,24,172,63,88,0.0,7549.63,91.39999999999998,2.734,0.5,172,543666129,222568647,2025-02-22 09:25:44+00:00
1,24,172,63,88,0.0,7560.51,91.60000000000002,2.743,0.0,172,543665743,222570176,2025-02-22 09:25:48+00:00
1,26,173,63,88,0.0,7569.42,91.60000000000002,2.743,0.0,173,543665351,222571462,2025-02-22 09:25:51+00:00
1,26,173,63,88,0.0,7577.75,91.79999999999995,2.753,0.0,173,543665036,222572610,2025-02-22 09:25:54+00:00
1,23,176,63,88,0.0,7589.5,91.20000000000005,2.762,0.5,176,543664530,222574260,2025-02-22 09:25:58+00:00
1,23,176,63,88,0.0,7594.87,91.60000000000002,2.771,0.5,176,543664291,222575004,2025-02-22 09:26:00+00:00
1,23,176,63,88,0.0,7606.28,91.60000000000002,2.771,0.0,176,543663732,222576547,2025-02-22 09:26:04+00:00
1,26,177,63,88,0.0,7614.02,91.39999999999998,2.781,0.0,177,543663461,222577646,2025-02-22 09:26:07+00:00
1,26,177,63,87,0.0,7628.0,90.79999999999995,2.781,0.5,177,543662883,222579593,2025-02-22 09:26:12+00:00
1,26,177,63,88,0.0,7638.93,91.39999999999998,2.781,0.0,177,543662332,222581044,2025-02-22 09:26:16+00:00
1,26,177,63,88,0.0,7648.19,91.39999999999998,2.781,0.0,177,543661884,222582357,2025-02-22 09:26:19+00:00
1,26,177,63,88,0.0,7658.76,91.0,2.79,0.0,177,543661603,222583879,2025-02-22 09:26:23+00:00
1,26,177,63,87,0.0,7671.7,91.20000000000005,2.762,0.5,177,543660870,222585623,2025-02-22 09:26:28+00:00
1,26,177,63,88,0.0,7679.18,91.39999999999998,2.762,0.0,177,543660605,222586626,2025-02-22 09:26:31+00:00
1,35,177,63,88,0.0,7688.44,91.39999999999998,2.762,0.0,177,543660104,222587930,2025-02-22 09:26:34+00:00
1,41,177,63,88,0.0,7701.56,91.60000000000002,2.753,0.0,177,543659567,222589805,2025-02-22 09:26:39+00:00
1,41,177,63,87,0.0,7710.04,91.60000000000002,2.743,0.5,177,543659223,222590942,2025-02-22 09:26:42+00:00
1,48,178,63,88,0.0,7721.56,91.60000000000002,2.753,0.0,178,543658693,222592508,2025-02-22 09:26:46+00:00
1,49,177,63,88,0.0,7734.76,91.39999999999998,2.753,0.0,177,543658137,222594409,2025-02-22 09:26:51+00:00
1,8,178,63,87,0.0,7748.31,92.0,2.743,0.5,178,543657482,222596291,2025-02-22 09:26:56+00:00
1,2,179,63,88,0.0,7756.24,92.20000000000005,2.734,0.5,179,543657216,222597388,2025-02-22 09:26:59+00:00
1,2,179,63,87,0.0,7766.91,91.79999999999995,2.725,0.0,179,543656878,222598989,2025-02-22 09:27:03+00:00
1,1,178,63,87,0.0,7781.11,92.60000000000002,2.743,0.0,178,543656341,222600915,2025-02-22 09:27:08+00:00
1,1,177,63,87,0.0,7791.32,93.39999999999998,2.725,0.5,177,543655847,222602329,2025-02-22 09:27:12+00:00
1,1,177,63,87,0.0,7800.06,93.39999999999998,2.725,0.0,177,543655447,222603598,2025-02-22 09:27:15+00:00
1,2,178,63,87,0.0,7811.36,93.20000000000005,2.743,0.0,178,543655080,222605180,2025-02-22 09:27:19+00:00
1,2,177,63,87,0.0,7821.31,93.39999999999998,2.725,0.0,177,543654585,222606539,2025-02-22 09:27:23+00:00
1,2,177,63,87,0.0,7830.44,93.60000000000002,2.715,0.5,177,543654068,222607774,2025-02-22 09:27:26+00:00
1,2,178,63,89,0.0,7838.73,93.60000000000002,2.734,0.5,178,543653791,222608902,2025-02-22 09:27:29+00:00
1,2,179,63,88,0.0,7849.7,93.60000000000002,2.743,0.0,179,543653381,222610462,2025-02-22 09:27:33+00:00
1,3,180,63,88,0.0,7862.25,93.39999999999998,2.725,0.0,180,543652841,222612219,2025-02-22 09:27:38+00:00
1,2,179,63,88,0.0,7872.7,93.60000000000002,2.706,0.5,179,543652274,222613601,2025-02-22 09:27:42+00:00
1,2,178,63,88,0.0,7881.3,93.39999999999998,2.706,0.5,178,543651813,222614775,2025-02-22 09:27:45+00:00
1,1,176,63,88,0.0,7889.33,93.20000000000005,2.706,0.0,176,543651541,222615889,2025-02-22 09:27:48+00:00
1,2,175,63,88,0.0,7902.89,92.60000000000002,2.706,0.0,175,543650859,222617769,2025-02-22 09:27:53+00:00
1,7,174,63,87,0.0,7911.47,92.20000000000005,2.706,0.5,174,543650541,222618981,2025-02-22 09:27:56+00:00
1,7,174,63,89,0.0,7917.65,92.39999999999998,2.715,0.5,174,543650214,222619824,2025-02-22 09:27:58+00:00
1,7,173,63,89,0.0,7926.21,92.60000000000002,2.734,0.5,173,543649888,222620970,2025-02-22 09:28:01+00:00
1,7,173,63,88,0.0,7935.35,92.60000000000002,2.753,0.5,173,543649397,222622233,2025-02-22 09:28:04+00:00
1,5,174,63,88,0.0,7943.63,93.0,2.762,0.0,174,543649079,222623389,2025-02-22 09:28:07+00:00
1,9,174,63,88,0.0,7957.25,92.39999999999998,2.771,0.5,174,543648623,222625316,2025-02-22 09:28:12+00:00
1,11,174,63,88,0.0,7971.72,92.60000000000002,2.771,0.5,174,543647804,222627262,2025-02-22 09:28:17+00:00
1,11,175,63,88,0.0,7983.14,92.39999999999998,2.781,0.0,175,543647240,222628807,2025-02-22 09:28:21+00:00
1,11,175,63,88,0.0,7991.59,92.39999999999998,2.799,0.0,175,543646976,222629978,2025-02-22 09:28:24+00:00
1,13,176,63,86,0.0,8003.09,92.39999999999998,2.809,0.5,176,543646460,222631485,2025-02-22 09:28:28+00:00
1,13,176,63,87,3.15,8005.84,92.79999999999995,2.809,0.5,176,543646302,222631867,2025-02-22 09:28:29+00:00
1,15,175,63,87,0.0,8008.38,92.79999999999995,2.809,0.5,175,543646147,222632204,2025-02-22 09:28:30+00:00
1,1,161,63,47,0.0,8009.28,87.20000000000005,0.224,0.0,161,543644896,222634870,2025-02-22 09:29:18+00:00
1,1,161,63,0,655.04,8009.46,87.39999999999998,0.952,0.0,161,543644933,222635005,2025-02-22 09:29:19+00:00
1,1,160,63,0,1.99,8011.78,87.20000000000005,0.625,0.0,160,543644775,222635292,2025-02-22 09:29:20+00:00
1,2,158,63,83,1.99,8023.05,88.0,2.706,0.5,158,543643886,222636512,2025-02-22 09:29:24+00:00
1,1,157,63,83,1.99,8035.02,88.20000000000005,2.921,0.5,157,543643058,222637826,2025-02-22 09:29:28+00:00
1,1,157,63,85,0.0,8047.77,88.79999999999995,2.678,0.0,157,543642128,222639253,2025-02-22 09:29:33+00:00
1,1,158,63,85,655.22,8061.86,88.0,2.659,0.5,158,543640936,222640707,2025-02-22 09:29:38+00:00
1,1,159,63,86,655.22,8073.71,87.39999999999998,2.753,0.0,159,543639996,222641927,2025-02-22 09:29:42+00:00
1,1,159,63,87,0.0,8085.6,86.60000000000002,2.809,0.5,159,543639125,222643127,2025-02-22 09:29:46+00:00
1,1,161,63,86,0.0,8096.67,86.79999999999995,2.818,0.0,161,543638227,222644226,2025-02-22 09:29:50+00:00
1,1,164,63,86,0.0,8105.37,87.0,2.827,0.0,164,543637537,222645089,2025-02-22 09:29:53+00:00
1,1,164,63,86,0.0,8107.86,87.0,2.837,0.0,164,543637322,222645362,2025-02-22 09:29:54+00:00
1,1,166,63,87,0.0,8127.97,86.39999999999998,2.799,0.5,166,543635657,222647291,2025-02-22 09:30:01+00:00
1,1,166,63,88,3.58,8138.97,85.79999999999995,2.827,0.0,166,543634778,222648422,2025-02-22 09:30:05+00:00
1,1,168,63,87,3.58,8153.3,85.20000000000005,2.827,0.5,168,543633704,222649917,2025-02-22 09:30:10+00:00
1,1,168,63,87,3.58,8164.2,86.39999999999998,2.827,0.5,168,543632860,222651087,2025-02-22 09:30:14+00:00
1,1,169,63,87,3.58,8175.48,87.0,2.827,0.5,169,543631933,222652337,2025-02-22 09:30:18+00:00
1,1,169,63,87,3.58,8189.89,87.20000000000005,2.837,0.0,169,543630826,222653760,2025-02-22 09:30:23+00:00
1,1,170,63,87,3.58,8198.44,87.60000000000002,2.837,0.0,170,543630038,222654507,2025-02-22 09:30:26+00:00
1,1,172,63,88,3.58,8213.79,87.0,2.809,0.5,172,543628827,222656026,2025-02-22 09:30:32+00:00
1,1,172,63,87,3.58,8226.96,86.20000000000005,2.799,0.0,172,543627661,222657310,2025-02-22 09:30:37+00:00
1,1,171,63,87,3.58,8238.0,85.60000000000002,2.781,0.0,171,543626889,222658534,2025-02-22 09:30:41+00:00
1,1,174,63,88,3.58,8251.47,86.0,2.781,0.5,174,543625820,222659906,2025-02-22 09:30:46+00:00
1,0,173,63,88,3.58,8261.72,85.79999999999995,2.762,0.0,173,543624998,222660965,2025-02-22 09:30:50+00:00
1,0,172,63,86,3.58,8278.09,85.79999999999995,2.743,0.5,172,543623747,222662585,2025-02-22 09:30:56+00:00
1,1,173,63,87,3.58,8285.9,86.0,2.734,0.5,173,543622974,222663288,2025-02-22 09:30:59+00:00
1,1,173,63,87,3.58,8297.12,86.20000000000005,2.706,0.0,173,543622207,222664859,2025-02-22 09:31:04+00:00
1,1,173,63,87,3.58,8298.79,86.39999999999998,2.697,0.0,173,543622305,222665064,2025-02-22 09:31:05+00:00
1,1,173,63,87,3.58,8302.37,86.79999999999995,2.659,0.0,173,543622644,222665482,2025-02-22 09:31:07+00:00
1,1,174,63,85,3.58,8311.05,87.20000000000005,2.295,0.0,174,543623400,222666356,2025-02-22 09:31:11+00:00
1,2,175,63,87,3.58,8324.17,87.60000000000002,2.585,0.0,175,543624512,222667651,2025-02-22 09:31:16+00:00
1,2,175,63,86,3.58,8337.71,87.39999999999998,2.566,0.0,175,543625588,222668941,2025-02-22 09:31:21+00:00
1,1,174,63,86,3.58,8346.22,87.20000000000005,2.575,0.5,174,543626260,222669850,2025-02-22 09:31:24+00:00
1,1,174,63,86,3.58,8356.05,86.60000000000002,2.566,0.5,174,543627072,222670831,2025-02-22 09:31:28+00:00
1,2,175,63,87,3.58,8367.18,87.0,2.594,0.0,175,543627989,222671912,2025-02-22 09:31:32+00:00
1,5,175,63,87,3.58,8376.51,87.0,2.678,0.0,175,543628778,222672867,2025-02-22 09:31:35+00:00
1,7,175,63,88,3.58,8384.66,86.60000000000002,2.734,0.0,175,543629450,222673543,2025-02-22 09:31:38+00:00
1,1,175,63,88,3.58,8401.02,87.39999999999998,2.697,0.0,175,543630782,222675207,2025-02-22 09:31:44+00:00
1,2,174,63,87,3.58,8408.41,87.60000000000002,2.678,0.0,174,543631308,222676027,2025-02-22 09:31:47+00:00
1,3,175,63,84,3.58,8418.2,88.0,2.659,0.5,175,543632028,222677108,2025-02-22 09:31:51+00:00
1,6,174,63,83,3.58,8431.63,87.79999999999995,2.613,0.0,174,543632859,222678708,2025-02-22 09:31:56+00:00
1,1,176,62,85,3.58,8442.91,88.20000000000005,2.594,0.5,176,543633903,222679886,2025-02-22 09:32:01+00:00
1,1,176,62,84,3.58,8450.64,88.20000000000005,2.575,0.5,176,543634458,222680730,2025-02-22 09:32:04+00:00
1,1,176,62,84,3.58,8453.34,88.20000000000005,2.575,0.5,176,543634587,222681029,2025-02-22 09:32:05+00:00
1,1,176,62,85,3.58,8465.14,88.20000000000005,2.585,0.0,176,543634428,222682841,2025-02-22 09:32:09+00:00
1,1,176,62,84,3.58,8476.11,88.60000000000002,2.613,0.5,176,543634084,222684377,2025-02-22 09:32:13+00:00
1,2,175,62,85,3.58,8491.65,90.20000000000005,2.603,0.5,175,543633401,222686464,2025-02-22 09:32:19+00:00
1,1,176,62,86,3.58,8499.26,89.79999999999995,2.622,0.5,176,543633133,222687582,2025-02-22 09:32:22+00:00
1,1,176,62,87,3.58,8509.04,89.79999999999995,2.603,0.0,176,543632667,222688895,2025-02-22 09:32:26+00:00
1,1,176,62,87,3.58,8517.12,89.0,2.594,0.0,176,543632374,222690087,2025-02-22 09:32:29+00:00
1,1,176,62,87,3.58,8530.33,88.60000000000002,2.594,0.0,176,543631813,222691961,2025-02-22 09:32:34+00:00
1,1,176,62,86,3.58,8538.16,88.20000000000005,2.603,0.0,176,543631540,222693053,2025-02-22 09:32:37+00:00
1,1,176,62,87,3.58,8551.11,88.60000000000002,2.613,0.5,176,543631081,222694874,2025-02-22 09:32:42+00:00
1,1,177,62,86,3.58,8558.91,88.79999999999995,2.603,0.0,177,543630807,222696050,2025-02-22 09:32:45+00:00
1,1,176,62,86,3.58,8567.12,88.39999999999998,2.603,0.0,176,543630399,222697077,2025-02-22 09:32:48+00:00
1,1,176,62,86,3.58,8572.31,88.20000000000005,2.603,0.5,176,543630088,222697743,2025-02-22 09:32:50+00:00
1,1,175,62,85,3.58,8581.85,88.20000000000005,2.594,0.0,175,543629563,222698940,2025-02-22 09:32:54+00:00
1,1,175,62,86,3.58,8592.43,88.0,2.585,0.0,175,543628974,222700350,2025-02-22 09:32:58+00:00
1,1,175,62,86,3.58,8608.14,87.79999999999995,2.594,0.0,175,543628124,222702406,2025-02-22 09:33:04+00:00
1,1,175,62,86,3.58,8616.34,87.39999999999998,2.585,0.0,175,543627745,222703484,2025-02-22 09:33:07+00:00
1,1,175,62,87,3.58,8626.96,86.60000000000002,2.613,0.5,175,543627270,222704988,2025-02-22 09:33:11+00:00
1,2,174,62,87,3.58,8640.43,87.39999999999998,2.622,0.0,174,543626485,222706713,2025-02-22 09:33:16+00:00
1,2,174,62,87,3.58,8649.08,87.20000000000005,2.631,0.0,174,543626029,222707891,2025-02-22 09:33:19+00:00
1,2,174,62,87,3.58,8659.47,87.79999999999995,2.65,0.5,174,543625667,222709382,2025-02-22 09:33:23+00:00
1,3,175,62,86,3.58,8670.2,88.20000000000005,2.641,0.0,175,543625246,222710915,2025-02-22 09:33:27+00:00
1,3,175,62,87,3.58,8681.13,88.39999999999998,2.65,0.0,175,543624993,222712540,2025-02-22 09:33:31+00:00
1,6,176,62,86,3.58,8694.17,88.20000000000005,2.65,0.0,176,543624719,222714467,2025-02-22 09:33:36+00:00
1,6,176,62,87,3.58,8702.69,87.79999999999995,2.659,0.0,176,543624621,222715791,2025-02-22 09:33:39+00:00
1,6,176,62,87,3.58,8717.01,87.0,2.678,0.0,176,543624081,222717853,2025-02-22 09:33:44+00:00
1,6,176,62,87,3.58,8728.73,86.79999999999995,2.697,0.0,176,543623782,222719594,2025-02-22 09:33:48+00:00
1,2,177,62,87,3.58,8745.03,87.60000000000002,2.725,0.5,177,543623330,222721978,2025-02-22 09:33:54+00:00
1,2,177,62,89,3.58,8756.3,88.20000000000005,2.734,0.0,177,543623001,222723637,2025-02-22 09:33:58+00:00
1,2,177,62,86,3.58,8770.09,89.0,2.743,0.5,177,543622712,222725717,2025-02-22 09:34:03+00:00
1,2,177,62,87,3.58,8781.93,90.20000000000005,2.762,0.5,177,543622718,222727520,2025-02-22 09:34:07+00:00
1,1,177,62,86,3.58,8793.38,90.20000000000005,2.809,0.0,177,543622753,222729242,2025-02-22 09:34:11+00:00
1,2,177,62,86,3.58,8807.4,91.60000000000002,2.79,0.0,177,543622525,222731342,2025-02-22 09:34:16+00:00
1,2,177,62,87,3.58,8815.92,91.60000000000002,2.809,0.0,177,543622418,222732679,2025-02-22 09:34:19+00:00
1,2,179,62,87,3.58,8829.29,91.39999999999998,2.809,0.0,179,543622210,222734661,2025-02-22 09:34:24+00:00
1,2,179,62,86,3.58,8841.01,90.60000000000002,2.799,0.0,179,543621902,222736386,2025-02-22 09:34:28+00:00
1,1,178,62,86,3.58,8855.64,91.0,2.827,0.0,178,543621600,222738519,2025-02-22 09:34:33+00:00
1,1,179,62,87,3.58,8866.19,91.0,2.818,0.5,179,543621544,222740120,2025-02-22 09:34:37+00:00
1,1,179,62,87,3.58,8874.13,91.39999999999998,2.818,0.0,179,543621079,222741059,2025-02-22 09:34:40+00:00
1,1,179,62,87,3.58,8876.61,91.20000000000005,2.809,0.0,179,543620874,222741233,2025-02-22 09:34:41+00:00
1,1,178,62,85,3.58,8884.96,90.60000000000002,2.809,0.5,178,543620087,222741992,2025-02-22 09:34:44+00:00
1,2,179,62,85,3.58,8895.76,90.20000000000005,2.79,0.5,179,543619375,222743283,2025-02-22 09:34:48+00:00
1,1,178,62,86,3.58,8907.67,89.60000000000002,2.799,0.5,178,543618767,222744822,2025-02-22 09:34:52+00:00
1,1,178,62,85,3.58,8919.65,89.79999999999995,2.809,0.0,178,543617803,222746056,2025-02-22 09:34:56+00:00
1,1,179,62,84,3.58,8926.5,90.0,2.809,0.5,179,543617197,222746571,2025-02-22 09:34:59+00:00
1,1,178,61,84,3.58,8937.31,89.79999999999995,2.79,0.5,178,543616038,222747042,2025-02-22 09:35:03+00:00
1,1,178,61,85,0.0,8948.34,89.20000000000005,2.781,0.0,178,543614960,222747594,2025-02-22 09:35:07+00:00
1,1,178,61,85,0.0,8951.15,89.20000000000005,2.781,0.0,178,543614621,222747485,2025-02-22 09:35:08+00:00
1,1,178,61,84,0.0,8959.89,88.79999999999995,2.781,0.5,178,543613854,222746828,2025-02-22 09:35:11+00:00
1,1,178,61,84,10.05,8970.83,87.79999999999995,2.79,0.5,178,543612732,222746226,2025-02-22 09:35:15+00:00
1,1,178,61,84,10.05,8983.54,86.0,2.79,0.5,178,543611592,222745477,2025-02-22 09:35:19+00:00
1,1,178,61,84,10.05,8991.59,85.60000000000002,2.818,0.5,178,543610765,222744891,2025-02-22 09:35:22+00:00
1,1,177,61,86,0.0,9003.07,85.39999999999998,2.827,0.0,177,543609660,222744400,2025-02-22 09:35:26+00:00
1,2,178,61,86,0.0,9016.43,86.0,2.818,0.0,178,543608201,222743961,2025-02-22 09:35:31+00:00
1,2,178,61,86,0.0,9018.85,86.39999999999998,2.818,0.0,178,543607932,222743912,2025-02-22 09:35:32+00:00
1,3,168,61,0,0.0,9019.54,90.0,0.0,0.0,168,543608072,222743939,2025-02-22 09:36:09+00:00
1,3,167,61,0,0.0,9021.41,89.79999999999995,0.0,0.0,167,543608346,222743926,2025-02-22 09:36:10+00:00
1,1,164,61,0,0.0,9030.33,90.79999999999995,2.342,0.0,164,543609307,222744145,2025-02-22 09:36:14+00:00
1,1,165,61,81,0.0,9033.05,90.79999999999995,2.342,0.0,165,543609581,222744185,2025-02-22 09:36:15+00:00
1,2,166,61,84,23.99,9046.67,91.39999999999998,2.622,0.5,166,543611056,222744769,2025-02-22 09:36:20+00:00
1,6,166,61,87,23.99,9061.95,92.39999999999998,2.995,0.0,166,543612481,222745576,2025-02-22 09:36:25+00:00
1,3,163,61,85,23.99,9069.96,92.39999999999998,2.939,0.5,163,543613223,222746101,2025-02-22 09:36:28+00:00
1,3,162,61,85,23.99,9074.84,92.0,2.883,0.5,162,543613699,222746527,2025-02-22 09:36:30+00:00
1,1,163,61,85,23.99,9086.5,92.0,2.781,0.5,163,543614858,222747300,2025-02-22 09:36:34+00:00
1,1,164,61,86,23.99,9098.52,92.39999999999998,2.846,0.0,164,543615914,222748191,2025-02-22 09:36:38+00:00
1,4,165,61,85,23.99,9101.34,92.39999999999998,2.846,0.0,165,543616251,222748413,2025-02-22 09:36:39+00:00
1,4,165,61,85,23.99,9103.85,92.60000000000002,2.837,0.0,165,543616510,222748361,2025-02-22 09:36:40+00:00
1,2,166,61,84,23.99,9108.51,92.20000000000005,2.799,0.5,166,543616925,222747881,2025-02-22 09:36:42+00:00
1,1,168,61,85,0.0,9115.51,91.79999999999995,2.659,0.5,168,543617247,222746952,2025-02-22 09:36:45+00:00
1,1,169,61,85,0.0,9126.04,90.0,2.631,0.0,169,543618182,222745892,2025-02-22 09:36:49+00:00
1,4,170,61,84,0.0,9136.17,89.79999999999995,2.65,0.5,170,543618919,222744804,2025-02-22 09:36:53+00:00
1,5,170,61,85,0.0,9150.16,90.20000000000005,2.669,0.5,170,543620023,222743299,2025-02-22 09:36:58+00:00
1,5,169,61,86,0.0,9164.12,90.79999999999995,2.687,0.5,169,543621109,222741830,2025-02-22 09:37:03+00:00
1,1,171,61,87,0.0,9171.38,91.39999999999998,2.697,0.0,171,543621453,222740894,2025-02-22 09:37:06+00:00
1,1,172,61,87,0.0,9183.14,92.0,2.687,0.0,172,543621644,222739079,2025-02-22 09:37:10+00:00
1,1,173,61,86,0.0,9194.92,92.39999999999998,2.715,0.0,173,543621708,222737346,2025-02-22 09:37:14+00:00
1,1,173,61,87,0.0,9203.43,93.0,2.734,0.0,173,543621782,222736157,2025-02-22 09:37:17+00:00
1,3,173,61,87,0.0,9212.48,92.20000000000005,2.715,0.0,173,543621996,222734690,2025-02-22 09:37:21+00:00
1,4,174,61,86,0.0,9226.3,92.20000000000005,2.706,0.0,174,543622310,222732640,2025-02-22 09:37:26+00:00
1,3,177,61,87,0.0,9238.11,91.39999999999998,2.715,0.0,177,543622578,222730869,2025-02-22 09:37:30+00:00
1,2,176,61,87,0.0,9249.35,91.20000000000005,2.734,0.0,176,543622636,222729175,2025-02-22 09:37:34+00:00
1,2,176,61,86,31.46,9262.81,91.39999999999998,2.734,0.5,176,543622686,222727078,2025-02-22 09:37:39+00:00
1,3,176,61,87,31.46,9271.03,90.60000000000002,2.734,0.0,176,543622634,222725893,2025-02-22 09:37:42+00:00
1,5,177,61,87,0.0,9284.91,90.39999999999998,2.734,0.0,177,543623018,222723832,2025-02-22 09:37:47+00:00
1,4,176,61,87,0.0,9293.24,90.20000000000005,2.734,0.5,176,543623336,222722609,2025-02-22 09:37:50+00:00
1,5,177,61,88,0.0,9303.91,89.79999999999995,2.734,0.0,177,543623819,222721168,2025-02-22 09:37:54+00:00
1,5,177,61,87,0.0,9317.95,89.39999999999998,2.734,0.0,177,543624361,222719139,2025-02-22 09:37:59+00:00
1,5,177,61,87,0.0,9326.34,89.60000000000002,2.734,0.5,177,543624623,222717975,2025-02-22 09:38:02+00:00
1,15,178,61,88,0.0,9335.94,89.39999999999998,2.762,0.0,178,543624980,222716626,2025-02-22 09:38:05+00:00
1,18,178,61,86,0.0,9346.8,90.0,2.771,0.5,178,543625357,222715051,2025-02-22 09:38:09+00:00
1,18,178,61,84,0.0,9355.76,89.79999999999995,2.781,0.0,178,543625677,222713769,2025-02-22 09:38:12+00:00
1,11,176,61,87,0.0,9369.37,90.39999999999998,2.79,0.0,176,543626268,222711802,2025-02-22 09:38:17+00:00
1,2,175,61,87,0.0,9377.98,90.0,2.781,0.0,175,543626505,222710584,2025-02-22 09:38:20+00:00
1,2,175,61,87,0.0,9394.72,90.39999999999998,2.799,0.5,175,543627191,222708183,2025-02-22 09:38:26+00:00
1,2,176,61,87,0.0,9402.81,90.20000000000005,2.79,0.0,176,543627540,222707119,2025-02-22 09:38:29+00:00
1,2,176,61,86,0.0,9413.97,89.79999999999995,2.799,0.0,176,543628040,222705501,2025-02-22 09:38:33+00:00
1,2,176,61,87,0.0,9425.67,89.79999999999995,2.799,0.5,176,543628598,222703895,2025-02-22 09:38:37+00:00
1,2,177,61,88,0.0,9433.63,90.0,2.799,0.0,177,543628767,222702753,2025-02-22 09:38:40+00:00
1,1,178,61,86,0.0,9446.77,90.20000000000005,2.799,0.5,178,543629249,222700889,2025-02-22 09:38:45+00:00
1,1,178,61,88,0.0,9455.11,90.39999999999998,2.781,0.0,178,543629590,222699658,2025-02-22 09:38:48+00:00
1,1,176,61,87,0.0,9466.51,90.60000000000002,2.771,0.0,176,543629845,222697978,2025-02-22 09:38:52+00:00
1,1,176,61,87,0.0,9480.87,90.79999999999995,2.79,0.5,176,543630366,222695916,2025-02-22 09:38:57+00:00
1,2,177,60,88,0.0,9488.87,90.60000000000002,2.79,0.0,177,543630528,222694752,2025-02-22 09:39:00+00:00
1,2,177,60,86,0.0,9502.8,90.20000000000005,2.79,0.5,177,543630936,222692766,2025-02-22 09:39:05+00:00
1,2,178,60,87,0.0,9511.24,91.0,2.781,0.0,178,543631245,222691536,2025-02-22 09:39:08+00:00
1,1,177,60,87,0.0,9526.94,89.79999999999995,2.762,0.0,177,543632029,222689409,2025-02-22 09:39:14+00:00
1,1,177,60,87,0.0,9537.57,89.20000000000005,2.762,0.0,177,543632539,222687936,2025-02-22 09:39:18+00:00
1,1,176,60,86,0.0,9550.88,88.79999999999995,2.734,0.0,176,543633018,222686006,2025-02-22 09:39:23+00:00
1,1,178,60,86,0.0,9562.56,89.0,2.743,0.0,178,543633528,222684343,2025-02-22 09:39:27+00:00
1,1,178,60,87,27.87,9576.18,89.39999999999998,2.753,0.0,178,543634172,222682527,2025-02-22 09:39:32+00:00
1,1,178,60,86,27.87,9584.78,89.39999999999998,2.753,0.5,178,543634321,222681283,2025-02-22 09:39:35+00:00
1,1,177,60,85,27.87,9587.1,89.39999999999998,2.753,0.0,177,543634207,222680889,2025-02-22 09:39:36+00:00
1,1,178,60,86,27.87,9600.83,89.39999999999998,2.743,0.0,178,543633332,222679218,2025-02-22 09:39:41+00:00
1,1,178,60,86,27.87,9614.08,90.0,2.743,0.0,178,543632209,222677954,2025-02-22 09:39:46+00:00
1,1,177,60,85,23.95,9626.95,90.60000000000002,2.725,0.5,177,543631333,222676490,2025-02-22 09:39:51+00:00
1,1,178,60,84,23.95,9637.01,90.60000000000002,2.697,0.5,178,543630495,222675417,2025-02-22 09:39:55+00:00
1,1,178,60,84,0.0,9648.18,90.39999999999998,2.687,0.0,178,543629538,222674447,2025-02-22 09:39:59+00:00
1,1,177,60,85,0.0,9663.25,90.39999999999998,2.706,0.5,177,543628313,222672927,2025-02-22 09:40:04+00:00
1,1,178,60,86,0.0,9674.51,89.20000000000005,2.725,0.0,178,543627383,222671899,2025-02-22 09:40:08+00:00
1,1,177,60,88,22.94,9690.43,88.20000000000005,2.725,0.0,177,543626110,222670304,2025-02-22 09:40:14+00:00
1,1,176,60,86,23.48,9701.39,88.20000000000005,2.725,0.5,176,543625178,222669187,2025-02-22 09:40:18+00:00
1,1,176,60,86,0.0,9715.35,88.60000000000002,2.734,0.0,176,543624065,222667921,2025-02-22 09:40:23+00:00
1,1,177,60,87,21.75,9725.43,88.79999999999995,2.725,0.0,177,543623207,222666842,2025-02-22 09:40:27+00:00
1,1,178,60,87,0.0,9740.02,89.20000000000005,2.715,0.0,178,543622008,222665475,2025-02-22 09:40:32+00:00
1,1,176,60,85,17.93,9751.35,88.79999999999995,2.706,0.5,176,543620778,222665209,2025-02-22 09:40:37+00:00
1,1,175,60,87,20.02,9761.35,88.0,2.65,0.0,175,543619701,222665514,2025-02-22 09:40:41+00:00
1,1,176,60,86,17.7,9773.71,87.20000000000005,2.594,0.0,176,543618420,222666103,2025-02-22 09:40:46+00:00
1,2,178,60,87,17.54,9782.51,87.20000000000005,2.613,0.0,178,543617445,222666426,2025-02-22 09:40:49+00:00
1,1,177,60,88,16.79,9790.27,86.79999999999995,2.622,0.0,177,543616702,222666685,2025-02-22 09:40:52+00:00
1,1,178,60,87,16.79,9801.83,85.79999999999995,2.631,0.0,178,543615442,222667053,2025-02-22 09:40:56+00:00
1,1,178,60,87,0.0,9813.88,86.0,2.669,0.5,178,543614207,222667684,2025-02-22 09:41:00+00:00
1,1,178,60,88,18.08,9822.22,86.39999999999998,2.706,0.0,178,543613370,222668040,2025-02-22 09:41:03+00:00
1,1,178,60,86,0.0,9838.09,87.79999999999995,2.706,0.5,178,543611627,222668544,2025-02-22 09:41:09+00:00
1,1,178,60,87,0.0,9841.91,87.79999999999995,2.697,0.5,178,543611243,222668093,2025-02-22 09:41:11+00:00
1,1,178,60,87,0.0,9844.08,87.79999999999995,2.697,0.0,178,543611116,222667739,2025-02-22 09:41:12+00:00
1,1,179,60,84,0.0,9850.11,87.60000000000002,2.687,0.5,179,543610854,222666947,2025-02-22 09:41:14+00:00
1,1,179,60,84,0.0,9855.93,87.20000000000005,2.687,0.5,179,543610589,222666091,2025-02-22 09:41:16+00:00
1,1,179,60,86,21.99,9868.05,86.39999999999998,2.725,0.0,179,543610135,222664490,2025-02-22 09:41:20+00:00
1,1,179,60,87,0.0,9881.37,86.39999999999998,2.743,0.0,179,543609647,222662603,2025-02-22 09:41:25+00:00
1,1,179,60,87,0.0,9897.43,87.39999999999998,2.715,0.5,179,543608950,222660348,2025-02-22 09:41:31+00:00
1,1,179,60,87,0.0,9908.67,87.79999999999995,2.715,0.0,179,543608576,222658686,2025-02-22 09:41:35+00:00
1,1,178,60,87,0.0,9928.77,87.60000000000002,2.734,0.5,178,543608112,222655694,2025-02-22 09:41:42+00:00
1,5,179,60,86,0.0,9940.65,87.60000000000002,2.753,0.0,179,543607618,222654074,2025-02-22 09:41:46+00:00
1,1,178,60,86,0.0,9955.62,88.39999999999998,2.79,0.0,178,543607287,222651882,2025-02-22 09:41:51+00:00
1,2,179,60,87,0.0,9963.73,88.60000000000002,2.799,0.0,179,543607294,222650559,2025-02-22 09:41:54+00:00
1,2,179,60,86,0.0,9974.53,88.60000000000002,2.79,0.5,179,543607076,222649012,2025-02-22 09:41:58+00:00
1,1,178,59,86,0.0,9984.36,89.0,2.781,0.5,178,543606863,222647517,2025-02-22 09:42:02+00:00
1,2,179,59,87,653.57,9996.53,88.79999999999995,2.771,0.0,179,543606658,222645671,2025-02-22 09:42:06+00:00
1,2,179,59,87,,10002.57,88.79999999999995,2.781,0.0,179,543606530,222644797,2025-02-22 09:42:08+00:00
1,2,179,59,87,,10012.32,89.0,2.781,0.5,179,543606174,222643329,2025-02-22 09:42:12+00:00
1,5,177,59,87,,10028.38,88.20000000000005,2.753,0.0,177,543606091,222640746,2025-02-22 09:42:18+00:00
1,4,175,59,87,0.0,10035.22,87.20000000000005,2.753,0.0,175,543605913,222639766,2025-02-22 09:42:20+00:00
1,7,175,59,0,0.0,10035.22,88.39999999999998,1.987,0.0,175,543605193,222638373,2025-02-22 09:42:28+00:00
1,7,175,59,0,0.0,10036.01,88.39999999999998,0.0,0.0,175,543605120,222638335,2025-02-22 09:42:29+00:00
