107,135,136,143,cadence,cycle_length16,distance,enhanced_altitude,enhanced_speed,fractional_cadence,heart_rate,position_lat,position_long,timestamp
0,9,102,58,0,0.0,0.0,87.79999999999995,0.0,0.0,102,543646370,222633412,2025-05-04 11:00:05+00:00
1,6,102,58,0,0.0,1.49,88.0,0.0,0.0,102,543646398,222633107,2025-05-04 11:00:06+00:00
1,1,101,58,86,0.0,12.52,89.20000000000005,2.837,0.5,101,543646848,222631581,2025-05-04 11:00:10+00:00
1,9,109,58,84,0.0,29.55,91.20000000000005,2.734,0.5,109,543647463,222629165,2025-05-04 11:00:16+00:00
1,4,115,58,84,0.0,32.68,91.39999999999998,2.893,0.0,115,543647633,222628714,2025-05-04 11:00:17+00:00
1,4,115,58,84,0.0,35.58,91.60000000000002,2.976,0.0,115,543647724,222628330,2025-05-04 11:00:18+00:00
1,13,116,58,85,0.0,41.57,92.0,2.893,0.0,116,543648025,222627510,2025-05-04 11:00:20+00:00
1,14,119,58,85,0.0,47.04,91.79999999999995,2.921,0.5,119,543648306,222626744,2025-05-04 11:00:22+00:00
1,16,123,58,85,0.0,52.85,92.0,2.883,0.0,123,543648554,222625907,2025-05-04 11:00:24+00:00
1,17,124,58,84,0.0,55.44,92.20000000000005,2.883,0.0,124,543648562,222625546,2025-05-04 11:00:25+00:00
1,19,127,58,85,0.0,61.72,92.60000000000002,2.893,0.0,127,543648869,222624702,2025-05-04 11:00:27+00:00
1,19,128,58,85,0.0,64.67,92.60000000000002,2.911,0.5,128,543648978,222624244,2025-05-04 11:00:28+00:00
1,21,131,58,85,0.0,70.34,93.0,2.921,0.5,131,543649168,222623467,2025-05-04 11:00:30+00:00
1,17,135,58,84,0.0,76.53,93.39999999999998,2.921,0.5,135,543649397,222622598,2025-05-04 11:00:32+00:00
1,12,138,58,85,0.0,79.9,93.39999999999998,2.921,0.0,138,543649559,222622100,2025-05-04 11:00:33+00:00
1,3,141,58,86,0.0,85.9,93.0,2.939,0.0,141,543649840,222621335,2025-05-04 11:00:35+00:00
1,2,143,58,85,0.0,99.73,93.39999999999998,2.921,0.0,143,543650599,222619505,2025-05-04 11:00:40+00:00
1,1,142,58,86,0.0,109.45,93.39999999999998,2.818,0.0,142,543651061,222618186,2025-05-04 11:00:44+00:00
1,3,143,58,85,0.0,120.4,92.79999999999995,2.771,0.0,143,543651625,222616724,2025-05-04 11:00:48+00:00
1,3,143,58,86,0.0,131.43,93.39999999999998,2.771,0.5,143,543652139,222615155,2025-05-04 11:00:52+00:00
1,3,143,58,86,0.0,140.0,93.60000000000002,2.781,0.0,143,543652486,222614008,2025-05-04 11:00:55+00:00
1,3,143,58,86,0.0,153.17,93.0,2.79,0.5,143,543653018,222612211,2025-05-04 11:01:00+00:00
1,2,145,57,85,0.0,161.26,92.0,2.771,0.0,145,543653382,222611012,2025-05-04 11:01:03+00:00
1,2,146,57,86,0.0,171.91,91.79999999999995,2.753,0.0,146,543653789,222609527,2025-05-04 11:01:07+00:00
1,1,148,57,86,0.0,180.68,91.20000000000005,2.753,0.0,148,543654225,222608252,2025-05-04 11:01:10+00:00
1,1,148,57,87,0.0,192.17,91.0,2.771,0.0,148,543654622,222606679,2025-05-04 11:01:14+00:00
1,1,147,57,86,0.0,202.56,90.79999999999995,2.762,0.0,147,543655082,222605258,2025-05-04 11:01:18+00:00
1,2,148,57,87,0.0,214.2,90.79999999999995,2.762,0.0,148,543655660,222603623,2025-05-04 11:01:22+00:00
1,3,149,57,87,0.0,222.22,91.20000000000005,2.762,0.0,149,543655940,222602560,2025-05-04 11:01:25+00:00
1,2,148,57,87,0.0,230.71,90.60000000000002,2.762,0.0,148,543656403,222601356,2025-05-04 11:01:28+00:00
1,1,148,57,86,0.0,240.44,90.0,2.743,0.5,148,543656795,222599991,2025-05-04 11:01:32+00:00
1,2,149,57,87,0.0,249.53,90.20000000000005,2.734,0.0,149,543657195,222598681,2025-05-04 11:01:35+00:00
1,2,149,57,86,0.0,257.55,89.79999999999995,2.743,0.0,149,543657522,222597630,2025-05-04 11:01:38+00:00
1,6,150,57,86,0.0,268.68,90.20000000000005,2.743,0.0,150,543658020,222595995,2025-05-04 11:01:42+00:00
1,6,150,57,86,0.0,276.53,90.20000000000005,2.743,0.0,150,543658300,222594948,2025-05-04 11:01:45+00:00
1,10,151,57,88,0.0,284.97,89.79999999999995,2.734,0.0,151,543658688,222593728,2025-05-04 11:01:48+00:00
1,2,152,57,86,0.0,296.35,90.39999999999998,2.743,0.5,152,543659108,222592158,2025-05-04 11:01:52+00:00
1,1,153,57,87,0.0,305.11,90.39999999999998,2.743,0.0,153,543659554,222590855,2025-05-04 11:01:55+00:00
1,1,153,57,88,0.0,314.04,90.20000000000005,2.762,0.0,153,543659933,222589722,2025-05-04 11:01:58+00:00
1,1,154,57,88,0.0,327.84,90.39999999999998,2.771,0.0,154,543660586,222587751,2025-05-04 11:02:03+00:00
1,2,155,57,87,0.0,343.22,90.0,2.753,0.0,155,543661305,222585658,2025-05-04 11:02:09+00:00
1,1,156,57,87,0.0,357.65,89.60000000000002,2.743,0.5,156,543661887,222583615,2025-05-04 11:02:14+00:00
1,1,156,57,88,0.0,369.96,90.20000000000005,2.762,0.0,156,543662431,222581931,2025-05-04 11:02:18+00:00
1,1,157,57,87,0.0,381.93,89.79999999999995,2.79,0.0,157,543662965,222580230,2025-05-04 11:02:22+00:00
1,1,157,57,87,0.0,390.48,90.20000000000005,2.799,0.0,157,543663339,222579111,2025-05-04 11:02:25+00:00
1,1,156,57,86,0.0,399.08,90.60000000000002,2.809,0.0,156,543663719,222577874,2025-05-04 11:02:28+00:00
1,1,157,57,88,0.0,406.9,90.0,2.809,0.0,157,543664080,222576841,2025-05-04 11:02:31+00:00
1,0,158,57,87,0.0,418.02,89.79999999999995,2.809,0.0,158,543664564,222575219,2025-05-04 11:02:35+00:00
1,1,159,57,88,0.0,430.02,90.20000000000005,2.799,0.5,159,543664951,222573458,2025-05-04 11:02:39+00:00
1,5,160,57,87,0.0,438.22,90.39999999999998,2.818,0.5,160,543665223,222572362,2025-05-04 11:02:42+00:00
1,5,160,57,88,0.0,446.95,90.20000000000005,2.818,0.5,160,543665509,222571043,2025-05-04 11:02:45+00:00
1,3,161,57,86,0.0,458.13,91.39999999999998,2.818,0.5,161,543665894,222569495,2025-05-04 11:02:49+00:00
1,3,161,57,87,0.0,467.2,91.79999999999995,2.827,0.0,161,543666361,222568201,2025-05-04 11:02:52+00:00
1,3,161,57,86,0.0,478.35,91.79999999999995,2.827,0.0,161,543666787,222566620,2025-05-04 11:02:56+00:00
1,1,161,57,87,0.0,488.33,92.0,2.846,0.0,161,543667287,222565228,2025-05-04 11:02:59+00:00
1,1,161,57,86,0.0,497.64,92.39999999999998,2.865,0.0,161,543667887,222564158,2025-05-04 11:03:02+00:00
1,2,162,57,87,0.0,511.3,93.79999999999995,2.874,0.0,162,543668693,222562469,2025-05-04 11:03:07+00:00
1,4,164,57,87,0.0,520.18,94.0,2.883,0.5,164,543669302,222561359,2025-05-04 11:03:10+00:00
1,3,163,57,88,0.0,531.62,93.20000000000005,2.883,0.5,163,543670009,222559933,2025-05-04 11:03:14+00:00
1,3,161,57,87,0.0,545.16,93.39999999999998,2.874,0.0,161,543670882,222558240,2025-05-04 11:03:19+00:00
1,3,161,57,88,0.0,553.85,93.60000000000002,2.865,0.0,161,543671351,222557233,2025-05-04 11:03:22+00:00
1,3,160,57,87,0.0,562.54,93.20000000000005,2.874,0.0,160,543671993,222556184,2025-05-04 11:03:25+00:00
1,4,161,57,87,0.0,577.08,93.39999999999998,2.865,0.0,161,543673006,222554388,2025-05-04 11:03:30+00:00
1,4,161,57,88,0.0,589.16,93.60000000000002,2.883,0.5,161,543673698,222552884,2025-05-04 11:03:34+00:00
1,2,160,57,87,0.0,597.67,93.39999999999998,2.883,0.5,160,543674203,222551876,2025-05-04 11:03:37+00:00
1,2,161,57,88,0.0,610.51,93.39999999999998,2.93,0.0,161,543675129,222550421,2025-05-04 11:03:41+00:00
1,2,162,57,86,0.0,620.93,94.39999999999998,2.921,0.5,162,543675794,222549090,2025-05-04 11:03:45+00:00
1,2,163,57,87,0.0,629.32,94.0,2.902,0.5,163,543676339,222548134,2025-05-04 11:03:48+00:00
1,2,162,57,86,0.0,640.02,94.20000000000005,2.883,0.0,162,543677062,222546799,2025-05-04 11:03:52+00:00
1,2,163,57,87,0.0,648.28,94.0,2.865,0.0,163,543677554,222545879,2025-05-04 11:03:55+00:00
1,2,163,57,87,0.0,656.61,93.39999999999998,2.846,0.0,163,543678124,222544823,2025-05-04 11:03:58+00:00
1,2,162,57,88,0.0,670.6,93.79999999999995,2.837,0.0,162,543679046,222543107,2025-05-04 11:04:03+00:00
1,2,163,57,86,0.0,678.87,93.60000000000002,2.827,0.5,163,543679509,222542141,2025-05-04 11:04:06+00:00
1,2,162,57,87,0.0,687.75,92.79999999999995,2.837,0.5,162,543680146,222541080,2025-05-04 11:04:09+00:00
1,2,162,57,88,0.0,695.6,92.79999999999995,2.827,0.0,162,543680712,222540188,2025-05-04 11:04:12+00:00
1,2,163,57,89,0.0,706.24,93.0,2.818,0.0,163,543681534,222539008,2025-05-04 11:04:16+00:00
1,2,163,57,87,0.0,717.68,92.39999999999998,2.799,0.5,163,543682315,222537688,2025-05-04 11:04:20+00:00
1,1,164,57,88,0.0,728.2,91.79999999999995,2.79,0.0,164,543683067,222536475,2025-05-04 11:04:24+00:00
1,1,163,57,87,0.0,742.6,91.79999999999995,2.79,0.5,163,543683944,222534644,2025-05-04 11:04:29+00:00
1,1,164,57,87,0.0,753.9,91.60000000000002,2.79,0.0,164,543684514,222533113,2025-05-04 11:04:33+00:00
1,1,164,57,88,0.0,765.11,90.60000000000002,2.79,0.0,164,543684925,222531540,2025-05-04 11:04:37+00:00
1,3,165,57,87,0.0,778.21,91.20000000000005,2.762,0.5,165,543685447,222529622,2025-05-04 11:04:42+00:00
1,3,164,57,89,0.0,786.14,91.39999999999998,2.743,0.0,164,543685572,222528511,2025-05-04 11:04:45+00:00
1,4,164,57,87,0.0,794.48,91.0,2.734,0.5,164,543685784,222527242,2025-05-04 11:04:48+00:00
1,4,164,57,88,0.0,808.19,91.39999999999998,2.734,0.0,164,543686229,222525223,2025-05-04 11:04:53+00:00
1,2,164,57,87,0.0,816.65,91.60000000000002,2.734,0.5,164,543686369,222524025,2025-05-04 11:04:56+00:00
1,2,164,57,88,0.0,825.18,91.60000000000002,2.734,0.5,164,543686620,222522749,2025-05-04 11:04:59+00:00
1,1,165,57,87,0.0,834.92,91.0,2.734,0.0,165,543686870,222521274,2025-05-04 11:05:03+00:00
1,1,165,57,89,0.0,849.56,91.79999999999995,2.715,0.0,165,543687401,222519181,2025-05-04 11:05:08+00:00
1,1,165,57,87,0.0,860.63,91.79999999999995,2.725,0.5,165,543687675,222517493,2025-05-04 11:05:12+00:00
1,1,165,57,89,0.0,869.12,91.60000000000002,2.734,0.0,165,543687823,222516327,2025-05-04 11:05:15+00:00
1,1,165,57,88,0.0,877.76,91.39999999999998,2.753,0.5,165,543688091,222514992,2025-05-04 11:05:18+00:00
1,1,165,57,88,0.0,891.45,91.60000000000002,2.743,0.0,165,543688404,222512951,2025-05-04 11:05:23+00:00
1,2,166,57,86,0.0,899.18,91.60000000000002,2.743,0.5,166,543688468,222511854,2025-05-04 11:05:26+00:00
1,2,165,57,87,0.0,908.26,91.20000000000005,2.753,0.0,165,543688846,222510481,2025-05-04 11:05:29+00:00
1,3,166,57,87,0.0,919.44,91.60000000000002,2.762,0.5,166,543689117,222508853,2025-05-04 11:05:33+00:00
1,2,165,57,87,0.0,930.81,92.20000000000005,2.771,0.0,165,543689421,222507212,2025-05-04 11:05:37+00:00
1,1,166,57,87,0.0,941.76,92.20000000000005,2.762,0.0,166,543689673,222505543,2025-05-04 11:05:41+00:00
1,1,167,57,87,0.0,958.94,92.20000000000005,2.771,0.5,167,543690023,222502922,2025-05-04 11:05:47+00:00
1,1,169,57,89,0.0,970.43,92.0,2.781,0.0,169,543690192,222501165,2025-05-04 11:05:51+00:00
1,1,169,57,86,0.0,982.22,91.60000000000002,2.79,0.5,169,543690401,222499447,2025-05-04 11:05:55+00:00
1,1,169,57,87,0.0,995.83,91.39999999999998,2.79,0.0,169,543690710,222497375,2025-05-04 11:06:00+00:00
1,2,170,56,87,0.0,1004.21,91.0,2.781,0.0,170,543690882,222496107,2025-05-04 11:06:03+00:00
1,2,170,56,87,0.0,1018.71,91.20000000000005,2.818,0.0,170,543691146,222493994,2025-05-04 11:06:08+00:00
1,1,169,56,88,0.0,1029.6,91.20000000000005,2.809,0.0,169,543691350,222492376,2025-05-04 11:06:12+00:00
1,1,169,56,87,0.0,1040.35,91.20000000000005,2.799,0.5,169,543691385,222490718,2025-05-04 11:06:16+00:00
1,1,169,56,87,7.11,1049.55,90.79999999999995,2.79,0.5,169,543691516,222489270,2025-05-04 11:06:19+00:00
1,1,170,56,88,3.58,1064.17,92.20000000000005,2.818,0.5,170,543691794,222487077,2025-05-04 11:06:24+00:00
1,2,169,56,88,3.58,1072.47,92.39999999999998,2.827,0.5,169,543691965,222485925,2025-05-04 11:06:27+00:00
1,2,169,56,88,3.58,1081.14,91.79999999999995,2.827,0.0,169,543692301,222484604,2025-05-04 11:06:30+00:00
1,2,169,56,87,3.58,1089.45,91.60000000000002,2.827,0.5,169,543692497,222483416,2025-05-04 11:06:33+00:00
1,2,170,56,87,3.58,1103.76,91.60000000000002,2.855,0.5,170,543692984,222481299,2025-05-04 11:06:38+00:00
1,2,170,56,88,3.58,1114.99,91.79999999999995,2.837,0.5,170,543693427,222479736,2025-05-04 11:06:42+00:00
1,2,170,56,89,3.58,1123.66,91.79999999999995,2.837,0.0,170,543693712,222478428,2025-05-04 11:06:45+00:00
1,2,170,56,88,3.58,1132.8,92.0,2.837,0.5,170,543693900,222477168,2025-05-04 11:06:48+00:00
1,8,170,56,88,3.58,1141.98,91.79999999999995,2.874,0.0,170,543694293,222475772,2025-05-04 11:06:51+00:00
1,3,172,56,87,3.58,1153.61,92.60000000000002,2.893,0.5,172,543694718,222474163,2025-05-04 11:06:55+00:00
1,2,171,56,89,3.58,1165.55,93.20000000000005,2.902,0.0,171,543695152,222472461,2025-05-04 11:06:59+00:00
1,3,172,56,88,3.58,1176.45,93.20000000000005,2.902,0.5,172,543695573,222470963,2025-05-04 11:07:03+00:00
1,2,172,56,89,3.58,1185.01,93.0,2.893,0.0,172,543696028,222469756,2025-05-04 11:07:06+00:00
1,4,171,56,87,3.58,1195.25,92.79999999999995,2.874,0.5,171,543696408,222468281,2025-05-04 11:07:10+00:00
1,3,170,56,88,3.58,1209.24,93.20000000000005,2.846,0.0,170,543697029,222466316,2025-05-04 11:07:15+00:00
1,3,170,56,88,3.58,1217.71,93.39999999999998,2.846,0.5,170,543697310,222465142,2025-05-04 11:07:18+00:00
1,3,170,56,89,3.58,1226.41,93.0,2.846,0.0,170,543697696,222463867,2025-05-04 11:07:21+00:00
1,3,170,56,87,3.58,1236.67,92.79999999999995,2.837,0.5,170,543698057,222462415,2025-05-04 11:07:25+00:00
1,2,169,56,87,3.58,1251.09,93.20000000000005,2.818,0.0,169,543698632,222460318,2025-05-04 11:07:30+00:00
1,2,170,56,88,3.58,1259.3,93.39999999999998,2.818,0.5,170,543698899,222459232,2025-05-04 11:07:33+00:00
1,2,170,56,88,3.58,1267.61,93.20000000000005,2.818,0.0,170,543699265,222458001,2025-05-04 11:07:36+00:00
1,1,171,56,88,3.58,1281.23,93.0,2.799,0.0,171,543699816,222456061,2025-05-04 11:07:41+00:00
1,1,171,56,86,3.58,1288.95,93.20000000000005,2.79,0.0,171,543700047,222455023,2025-05-04 11:07:44+00:00
1,1,171,56,87,3.58,1297.36,92.60000000000002,2.781,0.0,171,543700464,222453817,2025-05-04 11:07:47+00:00
1,2,171,56,87,3.58,1313.8,92.60000000000002,2.781,0.0,171,543701127,222451527,2025-05-04 11:07:53+00:00
1,2,171,56,88,3.58,1322.3,92.39999999999998,2.771,0.0,171,543701483,222450282,2025-05-04 11:07:56+00:00
1,2,170,56,87,3.58,1332.77,92.0,2.762,0.5,170,543701854,222448818,2025-05-04 11:08:00+00:00
1,1,169,56,87,3.58,1347.27,92.39999999999998,2.743,0.0,169,543702479,222446745,2025-05-04 11:08:05+00:00
1,1,169,56,88,3.58,1355.22,92.0,2.762,0.5,169,543702705,222445671,2025-05-04 11:08:08+00:00
1,3,170,56,87,3.58,1365.6,92.0,2.743,0.0,170,543703128,222444136,2025-05-04 11:08:12+00:00
1,3,171,56,88,3.58,1383.21,92.0,2.743,0.0,171,543703769,222441556,2025-05-04 11:08:18+00:00
1,3,171,56,87,3.58,1392.12,91.79999999999995,2.762,0.0,171,543704053,222440367,2025-05-04 11:08:21+00:00
1,3,171,56,88,3.58,1401.11,91.60000000000002,2.79,0.0,171,543704484,222439104,2025-05-04 11:08:24+00:00
1,5,170,56,87,3.58,1415.1,91.20000000000005,2.79,0.0,170,543705150,222437133,2025-05-04 11:08:29+00:00
1,7,171,56,87,3.58,1423.49,91.0,2.799,0.0,171,543705480,222435996,2025-05-04 11:08:32+00:00
1,11,170,56,87,3.58,1434.71,90.60000000000002,2.799,0.5,170,543705934,222434360,2025-05-04 11:08:36+00:00
1,13,171,56,87,3.58,1449.59,89.79999999999995,2.837,0.0,171,543706425,222432279,2025-05-04 11:08:41+00:00
1,11,172,56,88,3.58,1458.23,89.60000000000002,2.846,0.0,172,543706818,222431014,2025-05-04 11:08:44+00:00
1,5,173,56,87,3.58,1472.02,89.39999999999998,2.837,0.0,173,543707346,222429066,2025-05-04 11:08:49+00:00
1,1,174,56,88,3.58,1482.66,89.60000000000002,2.818,0.0,174,543707808,222427524,2025-05-04 11:08:53+00:00
1,1,173,56,87,3.58,1491.51,89.60000000000002,2.809,0.0,173,543708111,222426319,2025-05-04 11:08:56+00:00
1,2,173,55,87,3.58,1505.75,89.60000000000002,2.818,0.0,173,543708688,222424300,2025-05-04 11:09:01+00:00
1,2,173,55,87,3.58,1516.92,89.79999999999995,2.818,0.5,173,543709075,222422693,2025-05-04 11:09:05+00:00
1,2,173,55,87,3.58,1527.97,90.20000000000005,2.818,0.0,173,543709476,222421088,2025-05-04 11:09:09+00:00
1,2,173,55,88,3.58,1547.76,90.79999999999995,2.818,0.0,173,543710222,222418254,2025-05-04 11:09:16+00:00
1,2,173,55,88,3.58,1559.41,90.79999999999995,2.818,0.0,173,543710675,222416617,2025-05-04 11:09:20+00:00
1,2,172,55,87,3.58,1570.38,90.20000000000005,2.818,0.5,172,543711101,222415055,2025-05-04 11:09:24+00:00
1,2,172,55,86,3.58,1583.87,90.60000000000002,2.809,0.5,172,543711594,222413157,2025-05-04 11:09:29+00:00
1,2,173,55,85,3.58,1592.19,90.79999999999995,2.799,0.0,173,543712004,222411957,2025-05-04 11:09:32+00:00
1,2,173,55,87,3.58,1600.42,90.79999999999995,2.799,0.0,173,543712305,222410810,2025-05-04 11:09:35+00:00
1,1,173,55,88,3.58,1614.5,91.39999999999998,2.799,0.5,173,543712867,222408785,2025-05-04 11:09:40+00:00
1,1,172,55,88,3.58,1625.95,91.60000000000002,2.799,0.0,172,543713273,222407185,2025-05-04 11:09:44+00:00
1,1,172,55,87,3.58,1634.53,91.20000000000005,2.799,0.5,172,543713632,222405914,2025-05-04 11:09:47+00:00
1,1,172,55,89,3.58,1642.8,90.60000000000002,2.799,0.0,172,543713972,222404808,2025-05-04 11:09:50+00:00
1,1,172,55,88,3.58,1654.1,90.20000000000005,2.799,0.5,172,543714338,222403176,2025-05-04 11:09:54+00:00
1,1,173,55,87,3.58,1667.18,90.0,2.743,0.5,173,543714773,222401265,2025-05-04 11:09:59+00:00
1,1,173,55,88,3.58,1676.0,90.60000000000002,2.743,0.5,173,543715007,222399900,2025-05-04 11:10:02+00:00
1,1,173,55,88,3.58,1684.14,90.79999999999995,2.762,0.0,173,543715027,222398756,2025-05-04 11:10:05+00:00
1,1,173,55,87,3.58,1692.0,91.0,2.762,0.5,173,543715108,222397489,2025-05-04 11:10:08+00:00
1,1,173,55,88,3.58,1706.69,91.60000000000002,2.753,0.5,173,543715215,222395254,2025-05-04 11:10:13+00:00
1,2,174,55,89,3.58,1718.25,91.79999999999995,2.771,0.5,174,543715241,222393492,2025-05-04 11:10:17+00:00
1,2,174,55,87,3.58,1726.3,92.0,2.781,0.5,174,543715145,222392344,2025-05-04 11:10:20+00:00
1,3,173,55,89,3.58,1735.17,92.0,2.781,0.0,173,543715192,222390910,2025-05-04 11:10:23+00:00
1,3,173,55,88,3.58,1743.02,92.20000000000005,2.79,0.0,173,543715089,222389787,2025-05-04 11:10:26+00:00
1,3,173,55,88,3.58,1754.3,92.79999999999995,2.781,0.5,173,543715111,222388036,2025-05-04 11:10:30+00:00
1,3,173,55,88,3.58,1765.96,93.20000000000005,2.781,0.5,173,543715071,222386267,2025-05-04 11:10:34+00:00
1,3,173,55,88,3.58,1771.43,93.20000000000005,2.781,0.0,173,543715096,222385443,2025-05-04 11:10:36+00:00
1,3,173,55,88,3.58,1773.94,93.39999999999998,2.79,0.0,173,543715068,222385105,2025-05-04 11:10:37+00:00
1,2,174,55,87,3.58,1784.93,93.79999999999995,2.781,0.5,174,543715105,222383427,2025-05-04 11:10:41+00:00
1,2,175,55,86,1.0,1800.83,93.20000000000005,2.753,0.5,175,543715283,222380923,2025-05-04 11:10:47+00:00
1,2,176,55,87,1.0,1809.22,92.79999999999995,2.762,0.0,176,543715181,222379745,2025-05-04 11:10:50+00:00
1,3,178,55,88,0.0,1818.16,92.39999999999998,2.762,0.0,178,543715229,222378305,2025-05-04 11:10:53+00:00
1,4,179,55,88,0.0,1826.83,92.60000000000002,2.771,0.5,179,543715270,222377036,2025-05-04 11:10:56+00:00
1,4,179,55,88,0.0,1843.55,93.79999999999995,2.781,0.5,179,543715466,222374464,2025-05-04 11:11:02+00:00
1,4,179,55,88,0.0,1854.61,94.79999999999995,2.781,0.5,179,543715529,222372785,2025-05-04 11:11:06+00:00
1,4,179,55,88,0.0,1862.82,95.0,2.781,0.5,179,543715560,222371589,2025-05-04 11:11:09+00:00
1,4,179,55,88,0.0,1871.02,94.79999999999995,2.781,0.0,179,543715604,222370302,2025-05-04 11:11:12+00:00
1,4,177,55,87,0.0,1884.29,95.0,2.771,0.0,177,543715729,222368253,2025-05-04 11:11:17+00:00
1,7,176,55,87,0.0,1895.51,95.0,2.762,0.5,176,543715906,222366578,2025-05-04 11:11:21+00:00
1,5,175,55,88,3.58,1904.04,94.39999999999998,2.762,0.5,175,543716080,222365377,2025-05-04 11:11:24+00:00
1,2,174,55,89,0.0,1913.16,94.0,2.771,0.0,174,543716450,222364019,2025-05-04 11:11:27+00:00
1,2,174,55,88,0.0,1921.3,93.60000000000002,2.79,0.5,174,543716686,222362888,2025-05-04 11:11:30+00:00
1,2,173,55,87,3.58,1934.69,94.0,2.79,0.5,173,543717168,222360947,2025-05-04 11:11:35+00:00
1,3,174,55,89,0.0,1945.38,94.20000000000005,2.771,0.0,174,543717481,222359378,2025-05-04 11:11:39+00:00
1,3,173,55,87,0.0,1954.69,94.39999999999998,2.771,0.5,173,543717797,222358001,2025-05-04 11:11:42+00:00
1,2,173,55,88,0.0,1962.83,94.0,2.781,0.0,173,543717968,222356844,2025-05-04 11:11:45+00:00
1,2,173,55,87,3.58,1975.52,94.0,2.771,0.5,173,543718387,222354911,2025-05-04 11:11:50+00:00
1,2,173,55,87,0.0,1989.66,94.39999999999998,2.753,0.5,173,543718847,222352876,2025-05-04 11:11:55+00:00
1,2,174,55,88,0.0,2001.96,93.20000000000005,2.762,0.0,174,543719046,222351052,2025-05-04 11:11:59+00:00
1,2,174,55,88,0.0,2005.05,93.0,2.771,0.0,174,543719101,222350638,2025-05-04 11:12:00+00:00
1,2,175,55,88,0.0,2014.83,93.20000000000005,2.79,0.5,175,543719306,222349135,2025-05-04 11:12:04+00:00
1,2,174,55,86,0.0,2025.05,93.60000000000002,2.743,0.5,174,543719577,222347605,2025-05-04 11:12:08+00:00
1,5,175,55,88,0.0,2035.95,92.79999999999995,2.753,0.0,175,543719838,222345994,2025-05-04 11:12:12+00:00
1,10,174,55,87,0.0,2049.2,92.39999999999998,2.697,0.0,174,543720045,222343980,2025-05-04 11:12:17+00:00
1,11,174,55,88,0.0,2057.29,92.20000000000005,2.697,0.0,174,543720107,222342798,2025-05-04 11:12:20+00:00
1,8,173,55,86,0.0,2065.46,91.79999999999995,2.697,0.5,173,543720248,222341524,2025-05-04 11:12:23+00:00
1,4,172,55,87,0.0,2081.47,92.39999999999998,2.697,0.0,172,543720303,222339124,2025-05-04 11:12:29+00:00
1,4,172,55,89,0.0,2092.87,92.79999999999995,2.697,0.0,172,543720227,222337409,2025-05-04 11:12:33+00:00
1,3,173,55,88,0.0,2101.55,92.79999999999995,2.706,0.5,173,543720301,222336035,2025-05-04 11:12:36+00:00
1,3,173,55,89,0.0,2109.47,93.20000000000005,2.715,0.0,173,543720345,222334806,2025-05-04 11:12:39+00:00
1,3,173,55,87,0.0,2125.96,93.0,2.715,0.5,173,543720526,222332315,2025-05-04 11:12:45+00:00
1,3,173,55,89,0.0,2134.01,93.39999999999998,2.715,0.0,173,543720482,222331152,2025-05-04 11:12:48+00:00
1,3,173,55,87,0.0,2142.59,93.60000000000002,2.715,0.5,173,543720586,222329781,2025-05-04 11:12:51+00:00
1,1,174,55,88,0.0,2153.42,94.0,2.715,0.0,174,543720652,222328162,2025-05-04 11:12:55+00:00
1,1,173,55,88,0.0,2166.66,94.79999999999995,2.706,0.0,173,543720649,222326147,2025-05-04 11:13:00+00:00
1,1,174,54,87,0.0,2178.08,94.60000000000002,2.715,0.5,174,543720814,222324397,2025-05-04 11:13:04+00:00
1,1,174,54,90,0.0,2186.55,94.20000000000005,2.715,0.0,174,543720840,222323121,2025-05-04 11:13:07+00:00
1,1,174,54,88,0.0,2203.66,94.0,2.771,0.0,174,543720848,222320474,2025-05-04 11:13:13+00:00
1,1,174,54,86,0.0,2211.75,93.39999999999998,2.762,0.5,174,543720830,222319326,2025-05-04 11:13:16+00:00
1,2,173,54,88,0.0,2220.12,93.0,2.743,0.5,173,543720891,222317986,2025-05-04 11:13:19+00:00
1,2,174,54,89,0.0,2228.61,93.0,2.771,0.0,174,543720932,222316720,2025-05-04 11:13:22+00:00
1,2,174,54,88,0.0,2239.14,93.0,2.79,0.5,174,543720943,222315074,2025-05-04 11:13:26+00:00
1,1,174,54,87,0.0,2253.0,93.0,2.753,0.5,174,543721096,222312993,2025-05-04 11:13:31+00:00
1,2,173,54,88,0.0,2264.27,92.79999999999995,2.762,0.0,173,543721014,222311297,2025-05-04 11:13:35+00:00
1,2,172,54,88,0.0,2276.19,92.20000000000005,2.753,0.5,172,543721077,222309502,2025-05-04 11:13:39+00:00
1,2,172,54,89,0.0,2287.3,91.79999999999995,2.79,0.0,172,543721160,222307805,2025-05-04 11:13:43+00:00
1,1,172,54,89,0.0,2300.72,91.0,2.781,0.5,172,543721254,222305747,2025-05-04 11:13:48+00:00
1,1,174,54,88,0.0,2311.43,91.0,2.762,0.5,174,543721285,222304105,2025-05-04 11:13:52+00:00
1,2,175,54,89,0.0,2322.68,91.0,2.762,0.0,175,543721297,222302399,2025-05-04 11:13:56+00:00
1,5,175,54,88,0.0,2334.2,91.60000000000002,2.771,0.0,175,543721281,222300635,2025-05-04 11:14:00+00:00
1,8,174,54,89,0.0,2345.59,92.39999999999998,2.781,0.0,174,543721402,222298894,2025-05-04 11:14:04+00:00
1,6,176,54,89,0.0,2359.45,93.60000000000002,2.781,0.0,176,543721509,222296819,2025-05-04 11:14:09+00:00
1,6,176,54,87,0.0,2369.49,93.79999999999995,2.771,0.5,176,543721618,222295290,2025-05-04 11:14:13+00:00
1,3,175,54,87,0.0,2382.58,94.60000000000002,2.743,0.5,175,543721687,222293261,2025-05-04 11:14:18+00:00
1,3,175,54,88,0.0,2397.05,95.39999999999998,2.734,0.0,175,543721820,222291043,2025-05-04 11:14:23+00:00
1,3,175,54,87,0.0,2408.38,95.39999999999998,2.753,0.5,175,543721876,222289349,2025-05-04 11:14:27+00:00
1,2,175,54,88,0.0,2419.29,95.39999999999998,2.753,0.0,175,543721835,222287657,2025-05-04 11:14:31+00:00
1,2,175,54,88,0.0,2427.35,95.39999999999998,2.753,0.5,175,543721842,222286497,2025-05-04 11:14:34+00:00
1,2,175,54,89,0.0,2435.78,95.60000000000002,2.753,0.0,175,543721842,222285154,2025-05-04 11:14:37+00:00
1,4,175,54,88,0.0,2446.74,96.20000000000005,2.753,0.5,175,543721835,222283469,2025-05-04 11:14:41+00:00
1,9,177,54,88,0.0,2466.39,97.60000000000002,2.753,0.5,177,543721976,222280488,2025-05-04 11:14:48+00:00
1,10,177,54,89,0.0,2477.52,97.79999999999995,2.753,0.0,177,543722043,222278802,2025-05-04 11:14:52+00:00
1,10,177,54,88,0.0,2485.17,98.0,2.753,0.5,177,543722023,222277712,2025-05-04 11:14:55+00:00
1,12,178,54,90,0.0,2492.99,97.79999999999995,2.725,0.5,178,543722115,222276446,2025-05-04 11:14:58+00:00
1,12,179,54,89,0.0,2501.2,97.60000000000002,2.725,0.5,179,543722146,222275264,2025-05-04 11:15:01+00:00
1,12,179,54,90,0.0,2510.43,97.39999999999998,2.734,0.0,179,543722253,222273782,2025-05-04 11:15:04+00:00
1,16,179,54,88,0.0,2518.99,97.0,2.753,0.5,179,543722194,222272591,2025-05-04 11:15:07+00:00
1,16,179,54,88,0.0,2527.46,96.79999999999995,2.762,0.5,179,543722259,222271232,2025-05-04 11:15:10+00:00
1,19,178,54,89,0.0,2535.67,97.0,2.771,0.0,178,543722274,222270036,2025-05-04 11:15:13+00:00
1,22,178,54,89,0.0,2548.79,97.79999999999995,2.753,0.5,178,543722408,222268023,2025-05-04 11:15:18+00:00
1,22,178,54,87,0.0,2562.56,98.0,2.743,0.5,178,543722644,222265917,2025-05-04 11:15:23+00:00
1,22,178,54,89,0.0,2574.04,97.39999999999998,2.753,0.0,178,543722769,222264191,2025-05-04 11:15:27+00:00
1,22,178,54,88,0.0,2582.47,97.0,2.762,0.5,178,543722819,222262966,2025-05-04 11:15:30+00:00
1,20,179,54,89,0.0,2594.12,96.60000000000002,2.771,0.0,179,543722990,222261185,2025-05-04 11:15:34+00:00
1,13,178,54,88,0.0,2605.19,95.60000000000002,2.771,0.5,178,543723254,222259521,2025-05-04 11:15:38+00:00
1,17,178,54,87,0.0,2621.32,95.20000000000005,2.781,0.5,178,543723647,222257123,2025-05-04 11:15:44+00:00
1,18,178,54,88,0.0,2629.43,94.60000000000002,2.762,0.5,178,543723753,222255925,2025-05-04 11:15:47+00:00
1,18,178,54,88,0.0,2638.3,94.20000000000005,2.771,0.0,178,543723906,222254553,2025-05-04 11:15:50+00:00
1,13,179,54,88,0.0,2649.27,93.79999999999995,2.771,0.5,179,543724213,222252955,2025-05-04 11:15:54+00:00
1,6,178,54,88,0.0,2665.07,94.0,2.762,0.5,178,543724526,222250613,2025-05-04 11:16:00+00:00
1,6,179,54,89,0.0,2673.2,94.39999999999998,2.753,0.0,179,543724776,222249371,2025-05-04 11:16:03+00:00
1,7,178,54,86,0.0,2681.71,93.79999999999995,2.743,0.5,178,543725031,222248149,2025-05-04 11:16:06+00:00
1,5,178,54,87,0.0,2701.11,93.79999999999995,2.762,0.5,178,543725451,222245282,2025-05-04 11:16:13+00:00
1,5,178,54,88,0.0,2709.6,93.79999999999995,2.762,0.5,178,543725718,222243977,2025-05-04 11:16:16+00:00
1,5,178,54,88,0.0,2718.02,93.20000000000005,2.762,0.0,178,543725841,222242781,2025-05-04 11:16:19+00:00
1,5,178,54,87,0.0,2726.66,92.60000000000002,2.771,0.5,178,543726045,222241440,2025-05-04 11:16:22+00:00
1,2,179,54,87,0.0,2740.01,92.79999999999995,2.781,0.5,179,543726396,222239471,2025-05-04 11:16:27+00:00
1,2,179,54,88,0.0,2747.93,93.20000000000005,2.762,0.0,179,543726542,222238336,2025-05-04 11:16:30+00:00
1,3,178,54,89,0.0,2756.38,93.79999999999995,2.753,0.0,178,543726868,222237062,2025-05-04 11:16:33+00:00
1,3,178,54,88,0.0,2764.55,94.0,2.762,0.5,178,543727028,222235910,2025-05-04 11:16:36+00:00
1,3,178,54,89,0.0,2773.88,94.20000000000005,2.771,0.0,178,543727206,222234499,2025-05-04 11:16:39+00:00
1,8,178,54,88,0.0,2786.81,94.20000000000005,2.771,0.5,178,543727551,222232564,2025-05-04 11:16:44+00:00
1,8,178,54,88,0.0,2800.75,93.79999999999995,2.762,0.0,178,543727936,222230550,2025-05-04 11:16:49+00:00
1,16,178,54,88,0.0,2808.98,92.79999999999995,2.762,0.0,178,543728264,222229280,2025-05-04 11:16:52+00:00
1,16,178,54,87,0.0,2817.72,92.39999999999998,2.762,0.0,178,543728399,222227987,2025-05-04 11:16:55+00:00
1,16,178,54,88,0.0,2830.85,93.39999999999998,2.771,0.5,178,543728737,222226108,2025-05-04 11:17:00+00:00
1,24,179,54,87,0.0,2839.57,93.39999999999998,2.753,0.0,179,543729014,222224780,2025-05-04 11:17:03+00:00
1,24,179,54,87,0.0,2848.11,93.20000000000005,2.762,0.0,179,543729185,222223545,2025-05-04 11:17:06+00:00
1,24,179,54,89,0.0,2859.64,93.39999999999998,2.781,0.0,179,543729482,222221828,2025-05-04 11:17:10+00:00
1,28,180,54,89,0.0,2872.93,93.20000000000005,2.771,0.0,180,543729790,222219842,2025-05-04 11:17:15+00:00
1,28,180,54,87,0.0,2884.68,93.20000000000005,2.781,0.5,180,543730105,222218155,2025-05-04 11:17:19+00:00
1,27,182,54,88,0.0,2893.23,93.0,2.79,0.5,182,543730405,222216864,2025-05-04 11:17:22+00:00
1,27,181,54,87,0.0,2904.05,92.20000000000005,2.79,0.0,181,543730632,222215276,2025-05-04 11:17:26+00:00
1,11,179,54,88,0.0,2917.21,92.0,2.771,0.0,179,543731028,222213281,2025-05-04 11:17:31+00:00
1,6,178,54,87,0.0,2925.01,92.0,2.753,0.5,178,543731208,222212215,2025-05-04 11:17:34+00:00
1,6,178,54,88,0.0,2933.48,91.60000000000002,2.743,0.5,178,543731362,222210847,2025-05-04 11:17:37+00:00
1,6,178,54,87,0.0,2944.84,91.79999999999995,2.753,0.5,178,543731559,222209175,2025-05-04 11:17:41+00:00
1,11,178,54,89,0.0,2955.32,92.60000000000002,2.753,0.0,178,543731815,222207658,2025-05-04 11:17:45+00:00
1,15,178,54,87,0.0,2963.78,92.39999999999998,2.753,0.5,178,543732110,222206391,2025-05-04 11:17:48+00:00
1,18,179,54,88,0.0,2971.55,92.20000000000005,2.743,0.5,179,543732355,222205298,2025-05-04 11:17:51+00:00
1,19,179,54,88,0.0,2984.68,92.39999999999998,2.725,0.0,179,543732706,222203310,2025-05-04 11:17:56+00:00
1,19,180,54,88,0.0,2995.6,92.60000000000002,2.725,0.0,180,543732978,222201733,2025-05-04 11:18:00+00:00
1,19,180,53,87,0.0,3004.48,92.79999999999995,2.715,0.5,180,543733213,222200386,2025-05-04 11:18:03+00:00
1,21,181,53,89,0.0,3012.94,93.0,2.734,0.0,181,543733335,222199172,2025-05-04 11:18:06+00:00
1,22,180,53,88,0.0,3021.77,92.79999999999995,2.743,0.0,180,543733603,222197832,2025-05-04 11:18:09+00:00
1,25,180,53,90,0.0,3032.37,92.79999999999995,2.753,0.0,180,543733842,222196262,2025-05-04 11:18:13+00:00
1,30,181,53,87,0.0,3048.51,93.39999999999998,2.734,0.5,181,543734269,222193881,2025-05-04 11:18:19+00:00
1,30,180,53,89,0.0,3059.24,94.0,2.725,0.0,180,543734563,222192342,2025-05-04 11:18:23+00:00
1,30,180,53,88,0.0,3067.89,94.0,2.715,0.5,180,543734794,222191003,2025-05-04 11:18:26+00:00
1,25,179,53,89,0.0,3076.06,93.39999999999998,2.734,0.0,179,543734911,222189808,2025-05-04 11:18:29+00:00
1,29,179,53,88,0.0,3092.15,93.0,2.715,0.5,179,543735377,222187388,2025-05-04 11:18:35+00:00
1,29,179,53,86,0.0,3100.77,92.60000000000002,2.715,0.5,179,543735566,222186153,2025-05-04 11:18:38+00:00
1,29,179,53,88,0.0,3111.55,92.20000000000005,2.725,0.0,179,543735915,222184553,2025-05-04 11:18:42+00:00
1,29,179,53,88,0.0,3127.88,93.20000000000005,2.715,0.5,179,543736324,222182076,2025-05-04 11:18:48+00:00
1,4,180,53,87,0.0,3136.98,92.60000000000002,2.725,0.5,180,543736456,222180793,2025-05-04 11:18:51+00:00
1,2,180,53,88,0.0,3148.04,92.0,2.743,0.0,180,543736723,222179119,2025-05-04 11:18:55+00:00
1,2,180,53,87,0.0,3161.38,92.20000000000005,2.743,0.5,180,543737131,222177188,2025-05-04 11:19:00+00:00
1,3,178,53,88,0.0,3170.04,92.39999999999998,2.743,0.0,178,543737371,222175870,2025-05-04 11:19:03+00:00
1,3,177,53,88,0.0,3186.32,93.0,2.743,0.0,177,543737830,222173508,2025-05-04 11:19:09+00:00
1,1,178,53,87,0.0,3197.25,93.0,2.743,0.5,178,543738106,222171908,2025-05-04 11:19:13+00:00
1,2,177,53,88,0.0,3206.89,92.79999999999995,2.753,0.0,177,543738382,222170417,2025-05-04 11:19:16+00:00
1,2,177,53,88,0.0,3215.66,92.39999999999998,2.781,0.5,177,543738609,222169183,2025-05-04 11:19:19+00:00
1,3,177,53,89,0.0,3229.67,92.39999999999998,2.799,0.0,177,543738970,222167117,2025-05-04 11:19:24+00:00
1,1,176,53,89,0.0,3243.44,93.20000000000005,2.79,0.0,176,543739390,222165029,2025-05-04 11:19:29+00:00
1,1,176,53,87,0.0,3251.64,92.79999999999995,2.79,0.5,176,543739620,222163924,2025-05-04 11:19:32+00:00
1,1,176,53,88,0.0,3260.63,92.39999999999998,2.799,0.5,176,543739905,222162556,2025-05-04 11:19:35+00:00
1,5,175,53,88,0.0,3277.52,92.39999999999998,2.809,0.5,175,543740313,222160058,2025-05-04 11:19:41+00:00
1,9,176,53,89,0.0,3288.22,93.0,2.809,0.0,176,543740526,222158463,2025-05-04 11:19:45+00:00
1,10,175,53,87,0.0,3296.87,93.39999999999998,2.799,0.5,175,543740849,222157180,2025-05-04 11:19:48+00:00
1,10,175,53,88,0.0,3305.13,93.20000000000005,2.809,0.0,175,543740958,222155979,2025-05-04 11:19:51+00:00
1,10,175,53,88,0.0,3314.2,93.20000000000005,2.818,0.5,175,543741299,222154600,2025-05-04 11:19:54+00:00
1,18,174,53,89,0.0,3322.83,92.79999999999995,2.818,0.0,174,543741434,222153373,2025-05-04 11:19:57+00:00
1,19,175,53,88,0.0,3331.76,92.60000000000002,2.837,0.5,175,543741630,222151979,2025-05-04 11:20:00+00:00
1,22,175,53,90,0.0,3343.43,92.79999999999995,2.846,0.0,175,543741921,222150277,2025-05-04 11:20:04+00:00
1,17,177,53,89,0.0,3357.47,93.0,2.846,0.5,177,543742341,222148191,2025-05-04 11:20:09+00:00
1,13,177,53,88,0.0,3368.22,92.79999999999995,2.846,0.5,177,543742577,222146558,2025-05-04 11:20:13+00:00
1,9,177,53,88,0.0,3376.82,92.60000000000002,2.837,0.0,177,543742836,222145378,2025-05-04 11:20:16+00:00
1,9,177,53,87,0.0,3388.26,92.20000000000005,2.837,0.0,177,543743114,222143622,2025-05-04 11:20:20+00:00
1,3,180,53,87,0.0,3405.84,92.20000000000005,2.855,0.5,180,543743573,222141035,2025-05-04 11:20:26+00:00
1,3,180,53,87,0.0,3408.33,92.20000000000005,2.855,0.5,180,543743591,222140683,2025-05-04 11:20:27+00:00
1,3,180,53,89,0.0,3416.94,92.79999999999995,2.846,0.0,180,543743882,222139390,2025-05-04 11:20:30+00:00
1,3,180,53,88,0.0,3425.28,92.60000000000002,2.846,0.5,180,543744103,222138182,2025-05-04 11:20:33+00:00
1,4,179,53,88,0.0,3439.26,92.60000000000002,2.846,0.0,179,543744458,222136098,2025-05-04 11:20:38+00:00
1,7,179,53,88,0.0,3459.1,92.79999999999995,2.837,0.5,179,543745031,222133195,2025-05-04 11:20:45+00:00
1,11,179,53,89,0.0,3469.7,93.20000000000005,2.827,0.0,179,543745342,222131592,2025-05-04 11:20:49+00:00
1,11,179,53,87,0.0,3477.74,93.0,2.818,0.5,179,543745477,222130441,2025-05-04 11:20:52+00:00
1,15,179,53,89,0.0,3485.65,93.0,2.818,0.0,179,543745709,222129246,2025-05-04 11:20:55+00:00
1,15,179,53,87,0.0,3499.46,92.60000000000002,2.799,0.5,179,543745877,222127163,2025-05-04 11:21:00+00:00
1,21,179,53,89,0.0,3510.78,93.20000000000005,2.79,0.0,179,543745996,222125446,2025-05-04 11:21:04+00:00
1,25,178,53,89,0.0,3518.97,94.0,2.79,0.5,178,543745896,222124240,2025-05-04 11:21:07+00:00
1,26,179,53,89,0.0,3527.37,93.60000000000002,2.79,0.0,179,543745954,222122896,2025-05-04 11:21:10+00:00
1,26,179,53,88,0.0,3535.36,93.20000000000005,2.781,0.5,179,543745811,222121779,2025-05-04 11:21:13+00:00
1,26,179,53,90,0.0,3542.77,92.79999999999995,2.781,0.0,179,543745689,222120563,2025-05-04 11:21:16+00:00
1,26,179,53,87,0.0,3551.28,92.79999999999995,2.753,0.5,179,543745396,222119388,2025-05-04 11:21:19+00:00
1,26,179,53,89,0.0,3562.16,93.20000000000005,2.753,0.0,179,543745002,222117811,2025-05-04 11:21:23+00:00
1,28,179,53,89,0.0,3574.55,94.20000000000005,2.687,0.0,179,543744350,222116122,2025-05-04 11:21:28+00:00
1,30,179,53,89,0.0,3590.97,94.39999999999998,2.687,0.5,179,543743506,222113955,2025-05-04 11:21:34+00:00
1,31,180,53,90,0.0,3602.18,94.79999999999995,2.687,0.5,180,543742865,222112532,2025-05-04 11:21:38+00:00
1,29,180,53,89,0.0,3610.45,94.79999999999995,2.697,0.0,180,543742384,222111395,2025-05-04 11:21:41+00:00
1,31,180,53,87,0.0,3618.95,94.60000000000002,2.697,0.5,180,543741860,222110393,2025-05-04 11:21:44+00:00
1,33,180,53,89,0.0,3627.71,94.39999999999998,2.715,0.0,180,543741334,222109209,2025-05-04 11:21:47+00:00
1,35,180,53,88,0.0,3636.48,94.39999999999998,2.725,0.5,180,543740801,222108202,2025-05-04 11:21:50+00:00
1,36,179,53,89,0.0,3644.78,94.20000000000005,2.753,0.5,179,543740321,222107087,2025-05-04 11:21:53+00:00
1,37,180,53,88,0.0,3657.4,94.79999999999995,2.743,0.5,180,543739617,222105419,2025-05-04 11:21:58+00:00
1,45,180,53,88,0.0,3671.0,94.79999999999995,2.734,0.5,180,543738931,222103625,2025-05-04 11:22:03+00:00
1,45,180,53,88,0.0,3679.65,95.20000000000005,2.734,0.5,180,543738462,222102477,2025-05-04 11:22:06+00:00
1,51,180,53,87,0.0,3687.12,95.0,2.725,0.5,180,543737960,222101571,2025-05-04 11:22:09+00:00
1,55,179,53,88,0.0,3701.43,94.20000000000005,2.734,0.0,179,543737069,222099818,2025-05-04 11:22:14+00:00
1,58,180,53,87,0.0,3712.27,94.0,2.734,0.0,180,543736375,222098529,2025-05-04 11:22:18+00:00
1,60,180,53,88,0.0,3720.28,93.79999999999995,2.725,0.0,180,543735867,222097480,2025-05-04 11:22:21+00:00
1,58,179,53,87,0.0,3733.44,93.39999999999998,2.725,0.0,179,543735087,222095780,2025-05-04 11:22:26+00:00
1,48,179,53,88,0.0,3747.11,93.79999999999995,2.715,0.5,179,543734219,222094180,2025-05-04 11:22:31+00:00
1,8,179,53,88,0.0,3757.46,94.20000000000005,2.697,0.0,179,543733541,222092917,2025-05-04 11:22:35+00:00
1,5,179,53,89,0.0,3768.61,94.20000000000005,2.697,0.5,179,543732775,222091604,2025-05-04 11:22:39+00:00
1,5,179,53,88,0.0,3782.6,94.39999999999998,2.706,0.5,179,543731839,222089894,2025-05-04 11:22:44+00:00
1,14,179,53,89,0.0,3801.22,94.79999999999995,2.706,0.5,179,543730580,222087683,2025-05-04 11:22:51+00:00
1,14,177,53,89,0.0,3812.63,94.79999999999995,2.697,0.0,177,543729793,222086336,2025-05-04 11:22:55+00:00
1,12,174,53,89,0.0,3824.28,95.0,2.725,0.5,174,543728949,222085043,2025-05-04 11:22:59+00:00
1,12,174,52,88,0.0,3832.87,94.60000000000002,2.734,0.5,174,543728282,222084196,2025-05-04 11:23:02+00:00
1,12,174,52,89,0.0,3841.24,94.60000000000002,2.743,0.5,174,543727590,222083291,2025-05-04 11:23:05+00:00
1,12,174,52,89,0.0,3852.24,93.79999999999995,2.743,0.0,174,543726674,222082226,2025-05-04 11:23:09+00:00
1,12,174,52,89,0.0,3863.49,93.60000000000002,2.753,0.5,174,543725713,222081162,2025-05-04 11:23:13+00:00
1,27,174,52,89,0.0,3878.36,93.79999999999995,2.771,0.5,174,543724264,222080214,2025-05-04 11:23:18+00:00
1,28,175,52,89,0.0,3886.97,94.0,2.79,0.0,175,543723443,222079919,2025-05-04 11:23:21+00:00
1,31,175,52,88,0.0,3895.24,94.20000000000005,2.79,0.5,175,543722534,222079541,2025-05-04 11:23:24+00:00
1,32,175,52,89,0.0,3903.13,93.60000000000002,2.79,0.0,175,543721723,222079471,2025-05-04 11:23:27+00:00
1,32,175,52,87,0.0,3912.19,93.0,2.79,0.5,175,543720729,222079232,2025-05-04 11:23:30+00:00
1,32,175,52,88,0.0,3921.02,93.0,2.809,0.5,175,543719833,222079101,2025-05-04 11:23:33+00:00
1,32,175,52,88,0.0,3934.52,93.79999999999995,2.799,0.5,175,543718366,222078909,2025-05-04 11:23:38+00:00
1,32,175,52,87,0.0,3946.21,94.0,2.818,0.5,175,543717181,222078507,2025-05-04 11:23:42+00:00
1,48,176,52,88,0.0,3954.32,94.20000000000005,2.818,0.5,176,543716315,222078166,2025-05-04 11:23:45+00:00
1,49,175,52,89,0.0,3962.53,94.20000000000005,2.809,0.5,175,543715443,222078098,2025-05-04 11:23:48+00:00
1,50,176,52,88,0.0,3971.85,93.79999999999995,2.818,0.5,176,543714442,222077789,2025-05-04 11:23:51+00:00
1,50,176,52,90,0.0,3980.15,93.39999999999998,2.837,0.0,176,543713594,222077716,2025-05-04 11:23:54+00:00
1,49,176,52,88,0.0,3988.71,92.79999999999995,2.837,0.5,176,543712656,222077530,2025-05-04 11:23:57+00:00
1,53,176,52,88,0.0,4003.62,93.20000000000005,2.855,0.5,176,543711039,222077143,2025-05-04 11:24:02+00:00
1,54,175,52,86,0.0,4008.81,93.60000000000002,2.883,0.5,175,543710464,222077231,2025-05-04 11:24:05+00:00
1,50,175,52,86,0.0,4009.36,93.60000000000002,2.846,0.5,175,543710271,222077497,2025-05-04 11:24:08+00:00
1,50,175,52,86,0.0,4010.74,93.60000000000002,2.846,0.5,175,543710440,222077580,2025-05-04 11:24:11+00:00
1,37,174,52,0,0.0,4015.96,92.60000000000002,2.725,0.0,174,543710959,222077183,2025-05-04 11:24:17+00:00
1,21,175,52,0,0.0,4017.66,92.60000000000002,1.297,0.0,175,543711143,222077069,2025-05-04 11:24:19+00:00
1,1,174,52,52,0.0,4024.95,92.39999999999998,1.288,0.5,174,543711897,222077189,2025-05-04 11:24:25+00:00
1,1,174,52,0,0.0,4032.49,92.39999999999998,1.465,0.0,174,543712685,222077344,2025-05-04 11:24:30+00:00
1,1,174,52,0,0.0,4041.31,92.39999999999998,1.764,0.0,174,543713633,222077499,2025-05-04 11:24:34+00:00
1,1,173,52,83,0.0,4051.98,92.60000000000002,2.501,0.5,173,543714775,222077697,2025-05-04 11:24:38+00:00
1,1,174,52,87,0.0,4062.96,92.0,2.893,0.0,174,543715947,222077818,2025-05-04 11:24:42+00:00
1,1,175,52,87,0.0,4075.84,91.60000000000002,2.687,0.0,175,543717319,222078068,2025-05-04 11:24:47+00:00
1,2,172,52,88,0.0,4080.79,91.60000000000002,2.65,0.0,172,543717864,222078209,2025-05-04 11:24:49+00:00
1,2,169,52,88,0.0,4086.79,92.20000000000005,2.622,0.0,169,543718525,222078400,2025-05-04 11:24:51+00:00
1,2,169,52,88,0.0,4101.76,92.39999999999998,2.743,0.5,169,543720076,222078670,2025-05-04 11:24:56+00:00
1,1,171,52,87,0.0,4116.21,92.60000000000002,2.818,0.0,171,543721528,222079229,2025-05-04 11:25:01+00:00
1,1,171,52,88,0.0,4127.88,93.0,2.837,0.5,171,543722793,222079514,2025-05-04 11:25:05+00:00
1,1,171,52,88,0.0,4137.57,93.20000000000005,2.911,0.5,171,543723834,222079761,2025-05-04 11:25:08+00:00
1,2,173,52,89,0.0,4148.84,93.0,2.93,0.0,173,543724983,222080232,2025-05-04 11:25:12+00:00
1,8,174,52,89,0.0,4163.21,93.39999999999998,2.911,0.5,174,543726281,222081485,2025-05-04 11:25:17+00:00
1,8,174,52,88,0.0,4175.21,93.60000000000002,2.93,0.5,174,543727244,222082643,2025-05-04 11:25:21+00:00
1,15,175,52,88,0.0,4182.88,93.60000000000002,2.911,0.5,175,543727836,222083353,2025-05-04 11:25:24+00:00
1,15,175,52,87,0.0,4191.08,93.39999999999998,2.893,0.5,175,543728507,222084287,2025-05-04 11:25:27+00:00
1,12,177,52,88,0.0,4200.0,93.20000000000005,2.883,0.0,177,543729174,222085205,2025-05-04 11:25:30+00:00
1,3,176,52,87,0.0,4215.15,92.39999999999998,2.911,0.5,176,543730303,222086846,2025-05-04 11:25:35+00:00
1,2,177,52,89,0.0,4229.21,93.39999999999998,2.921,0.0,177,543731254,222088556,2025-05-04 11:25:40+00:00
1,2,177,52,89,0.0,4240.58,93.20000000000005,2.921,0.5,177,543732038,222089870,2025-05-04 11:25:44+00:00
1,2,177,52,89,0.0,4243.28,93.20000000000005,2.911,0.5,177,543732262,222090038,2025-05-04 11:25:45+00:00
1,2,178,52,89,0.0,4248.79,93.60000000000002,2.911,0.5,178,543732656,222090694,2025-05-04 11:25:47+00:00
1,2,178,52,87,0.0,4257.77,93.39999999999998,2.902,0.0,178,543733327,222091711,2025-05-04 11:25:50+00:00
1,6,179,52,88,0.0,4268.7,93.39999999999998,2.921,0.0,179,543734029,222092947,2025-05-04 11:25:54+00:00
1,6,179,52,88,0.0,4278.78,93.79999999999995,2.865,0.5,179,543734651,222094212,2025-05-04 11:25:58+00:00
1,2,177,52,88,0.0,4290.15,93.20000000000005,2.855,0.5,177,543735312,222095669,2025-05-04 11:26:02+00:00
1,2,177,52,88,0.0,4300.86,92.20000000000005,2.846,0.5,177,543735980,222097017,2025-05-04 11:26:06+00:00
1,7,178,52,87,0.0,4317.93,91.79999999999995,2.827,0.0,178,543737021,222099237,2025-05-04 11:26:12+00:00
1,6,177,52,88,0.0,4329.06,91.79999999999995,2.827,0.0,177,543737656,222100670,2025-05-04 11:26:16+00:00
1,6,177,52,87,0.0,4336.94,91.60000000000002,2.827,0.5,177,543738131,222101602,2025-05-04 11:26:19+00:00
1,2,178,52,87,0.0,4350.34,91.20000000000005,2.818,0.0,178,543738939,222103299,2025-05-04 11:26:24+00:00
1,2,178,52,88,0.0,4361.36,91.0,2.799,0.0,178,543739574,222104730,2025-05-04 11:26:28+00:00
1,1,179,52,87,0.0,4370.2,90.39999999999998,2.809,0.0,179,543740092,222105890,2025-05-04 11:26:31+00:00
1,1,181,52,87,0.0,4386.62,89.79999999999995,2.809,0.0,181,543741060,222107975,2025-05-04 11:26:37+00:00
1,1,180,52,87,0.0,4398.58,90.39999999999998,2.809,0.5,180,543741773,222109434,2025-05-04 11:26:41+00:00
1,1,180,52,89,0.0,4407.11,90.79999999999995,2.818,0.5,180,543742329,222110556,2025-05-04 11:26:44+00:00
1,3,181,52,87,0.0,4414.94,90.79999999999995,2.799,0.5,181,543742833,222111478,2025-05-04 11:26:47+00:00
1,2,180,52,87,0.0,4428.74,91.60000000000002,2.827,0.5,180,543743616,222113224,2025-05-04 11:26:52+00:00
1,2,181,52,89,0.0,4439.75,92.60000000000002,2.799,0.0,181,543744227,222114669,2025-05-04 11:26:56+00:00
1,2,180,52,87,0.0,4448.62,92.79999999999995,2.799,0.5,180,543744793,222115801,2025-05-04 11:26:59+00:00
1,2,179,51,88,0.0,4459.01,92.39999999999998,2.79,0.0,179,543745306,222117183,2025-05-04 11:27:03+00:00
1,5,179,51,87,0.0,4476.19,92.79999999999995,2.799,0.0,179,543745898,222119622,2025-05-04 11:27:09+00:00
1,6,179,51,88,0.0,4487.61,92.60000000000002,2.799,0.0,179,543746163,222121369,2025-05-04 11:27:13+00:00
1,3,179,51,88,0.0,4507.08,93.0,2.799,0.0,179,543746298,222124297,2025-05-04 11:27:20+00:00
1,2,180,51,88,0.0,4519.36,93.0,2.818,0.0,180,543746174,222126117,2025-05-04 11:27:24+00:00
1,2,180,51,88,0.0,4527.74,92.39999999999998,2.837,0.0,180,543746077,222127457,2025-05-04 11:27:27+00:00
1,2,179,51,87,0.0,4542.73,93.0,2.855,0.0,179,543745662,222129683,2025-05-04 11:27:32+00:00
1,2,179,51,87,0.0,4551.56,93.20000000000005,2.855,0.0,179,543745452,222130952,2025-05-04 11:27:35+00:00
1,5,180,51,89,0.0,4563.28,92.79999999999995,2.874,0.0,180,543745180,222132715,2025-05-04 11:27:39+00:00
1,8,179,51,87,0.0,4580.11,92.20000000000005,2.865,0.5,179,543744703,222135220,2025-05-04 11:27:45+00:00
1,4,178,51,86,0.0,4591.28,92.20000000000005,2.874,0.5,178,543744423,222136861,2025-05-04 11:27:49+00:00
1,2,179,51,88,0.0,4603.03,92.0,2.883,0.0,179,543744126,222138580,2025-05-04 11:27:53+00:00
1,2,180,51,87,0.0,4619.61,92.20000000000005,2.874,0.0,180,543743678,222140994,2025-05-04 11:27:59+00:00
1,2,181,51,87,0.0,4628.5,92.0,2.855,0.0,181,543743432,222142378,2025-05-04 11:28:02+00:00
1,2,181,51,87,0.0,4637.21,92.0,2.874,0.0,181,543743192,222143609,2025-05-04 11:28:05+00:00
1,2,180,51,88,0.0,4651.18,92.20000000000005,2.855,0.0,180,543742829,222145685,2025-05-04 11:28:10+00:00
1,4,181,51,89,0.0,4665.47,92.0,2.855,0.0,181,543742459,222147829,2025-05-04 11:28:15+00:00
1,2,180,51,87,0.0,4674.02,92.0,2.865,0.5,180,543742241,222149028,2025-05-04 11:28:18+00:00
1,2,181,51,87,0.0,4682.48,91.79999999999995,2.865,0.5,181,543742001,222150348,2025-05-04 11:28:21+00:00
1,2,181,51,88,0.0,4694.57,92.39999999999998,2.874,0.5,181,543741714,222152120,2025-05-04 11:28:25+00:00
1,2,182,51,89,0.0,4708.01,93.0,2.874,0.5,182,543741289,222154079,2025-05-04 11:28:30+00:00
1,2,182,51,88,0.0,4719.51,93.60000000000002,2.865,0.0,182,543741043,222155825,2025-05-04 11:28:34+00:00
1,2,180,51,89,0.0,4727.58,93.79999999999995,2.855,0.0,180,543740914,222156966,2025-05-04 11:28:37+00:00
1,3,179,51,87,0.0,4735.94,93.60000000000002,2.855,0.5,179,543740568,222158228,2025-05-04 11:28:40+00:00
1,3,179,51,89,0.0,4743.94,93.20000000000005,2.837,0.0,179,543740366,222159383,2025-05-04 11:28:43+00:00
1,7,178,51,87,0.0,4760.55,93.20000000000005,2.818,0.5,178,543739847,222161852,2025-05-04 11:28:49+00:00
1,10,178,51,88,0.0,4769.29,93.39999999999998,2.818,0.0,178,543739687,222163060,2025-05-04 11:28:52+00:00
1,11,179,51,88,0.0,4777.41,92.39999999999998,2.827,0.5,179,543739445,222164343,2025-05-04 11:28:55+00:00
1,11,179,51,89,0.0,4785.43,92.39999999999998,2.818,0.0,179,543739353,222165509,2025-05-04 11:28:58+00:00
1,9,181,51,88,0.0,4802.6,92.39999999999998,2.818,0.5,181,543738893,222168058,2025-05-04 11:29:04+00:00
1,9,181,51,87,0.0,4813.98,92.39999999999998,2.809,0.0,181,543738576,222169761,2025-05-04 11:29:08+00:00
1,2,183,51,89,0.0,4825.54,92.60000000000002,2.809,0.0,183,543738279,222171422,2025-05-04 11:29:12+00:00
1,1,181,51,87,0.0,4839.44,93.60000000000002,2.818,0.5,181,543737890,222173509,2025-05-04 11:29:17+00:00
1,1,183,51,87,0.0,4850.78,93.39999999999998,2.818,0.0,183,543737559,222175147,2025-05-04 11:29:21+00:00
1,1,181,51,88,0.0,4864.37,92.79999999999995,2.79,0.0,181,543737206,222177183,2025-05-04 11:29:26+00:00
1,2,182,51,88,0.0,4877.92,92.20000000000005,2.809,0.5,182,543736973,222179165,2025-05-04 11:29:31+00:00
1,2,182,51,88,0.0,4888.48,91.79999999999995,2.79,0.0,182,543736643,222180704,2025-05-04 11:29:35+00:00
1,2,180,51,89,0.0,4902.44,92.0,2.762,0.5,180,543736250,222182804,2025-05-04 11:29:40+00:00
1,2,180,51,87,0.0,4916.09,92.39999999999998,2.753,0.0,180,543735826,222184818,2025-05-04 11:29:45+00:00
1,4,181,51,89,0.0,4927.59,93.0,2.762,0.0,181,543735480,222186564,2025-05-04 11:29:49+00:00
1,3,180,51,87,0.0,4937.24,93.39999999999998,2.809,0.5,180,543735269,222187882,2025-05-04 11:29:52+00:00
1,3,178,51,89,0.0,4945.72,93.39999999999998,2.846,0.0,178,543734957,222189182,2025-05-04 11:29:55+00:00
1,2,176,51,87,0.0,4954.26,93.60000000000002,2.846,0.5,176,543734820,222190410,2025-05-04 11:29:58+00:00
1,3,178,51,89,0.0,4967.76,94.20000000000005,2.827,0.0,178,543734467,222192441,2025-05-04 11:30:03+00:00
1,5,179,51,89,0.0,4984.63,94.20000000000005,2.818,0.5,179,543734002,222194912,2025-05-04 11:30:09+00:00
1,2,180,51,88,0.0,4995.56,93.39999999999998,2.809,0.5,180,543733792,222196527,2025-05-04 11:30:13+00:00
1,1,180,51,89,0.0,5003.69,93.39999999999998,2.809,0.0,180,543733606,222197772,2025-05-04 11:30:16+00:00
1,1,183,51,87,0.0,5017.03,93.0,2.79,0.0,183,543733359,222199793,2025-05-04 11:30:21+00:00
1,1,183,51,87,0.0,5019.75,93.0,2.781,0.0,183,543733329,222200166,2025-05-04 11:30:22+00:00
1,1,182,51,87,0.0,5030.75,92.79999999999995,2.771,0.5,182,543733080,222201806,2025-05-04 11:30:26+00:00
1,1,182,51,88,0.0,5039.77,92.39999999999998,2.771,0.0,182,543732750,222203165,2025-05-04 11:30:29+00:00
1,1,182,51,88,0.0,5047.68,92.20000000000005,2.781,0.0,182,543732588,222204287,2025-05-04 11:30:32+00:00
1,1,182,51,88,0.0,5058.79,93.0,2.781,0.5,182,543732288,222205946,2025-05-04 11:30:36+00:00
1,1,182,51,89,0.0,5070.35,93.20000000000005,2.781,0.0,182,543731966,222207636,2025-05-04 11:30:40+00:00
1,1,182,51,89,0.0,5086.71,92.79999999999995,2.762,0.0,182,543731480,222210081,2025-05-04 11:30:46+00:00
1,3,182,51,88,0.0,5097.93,92.79999999999995,2.771,0.5,182,543731104,222211729,2025-05-04 11:30:50+00:00
1,2,182,51,89,0.0,5106.16,92.79999999999995,2.771,0.0,182,543730928,222212870,2025-05-04 11:30:53+00:00
1,2,181,51,88,0.0,5114.4,92.39999999999998,2.771,0.5,181,543730731,222214187,2025-05-04 11:30:56+00:00
1,2,181,51,89,0.0,5123.07,92.60000000000002,2.771,0.0,181,543730570,222215436,2025-05-04 11:30:59+00:00
1,2,181,50,88,0.0,5137.48,92.39999999999998,2.79,0.5,181,543730237,222217580,2025-05-04 11:31:04+00:00
1,4,181,50,88,0.0,5157.06,92.60000000000002,2.79,0.5,181,543729626,222220445,2025-05-04 11:31:11+00:00
1,4,181,50,88,0.0,5170.54,92.39999999999998,2.781,0.0,181,543729324,222222413,2025-05-04 11:31:16+00:00
1,4,181,50,89,0.0,5178.76,92.39999999999998,2.781,0.5,181,543729098,222223693,2025-05-04 11:31:19+00:00
1,4,181,50,88,0.0,5186.47,92.39999999999998,2.771,0.0,181,543728945,222224804,2025-05-04 11:31:22+00:00
1,4,181,50,89,0.0,5200.64,92.39999999999998,2.753,0.0,181,543728635,222226932,2025-05-04 11:31:27+00:00
1,4,181,50,87,0.0,5212.38,92.39999999999998,2.771,0.5,181,543728322,222228658,2025-05-04 11:31:31+00:00
1,4,181,50,88,0.0,5223.05,92.39999999999998,2.781,0.0,181,543728053,222230247,2025-05-04 11:31:35+00:00
1,3,182,50,88,0.0,5235.55,92.60000000000002,2.79,0.5,182,543727746,222232112,2025-05-04 11:31:39+00:00
1,2,182,50,88,0.0,5249.77,92.39999999999998,2.809,0.5,182,543727380,222234215,2025-05-04 11:31:44+00:00
1,2,182,50,88,0.0,5261.1,92.39999999999998,2.809,0.5,182,543727130,222235908,2025-05-04 11:31:48+00:00
1,2,182,50,87,0.0,5270.42,91.79999999999995,2.818,0.0,182,543726887,222237330,2025-05-04 11:31:51+00:00
1,2,182,50,88,0.0,5278.92,91.79999999999995,2.827,0.5,182,543726751,222238557,2025-05-04 11:31:54+00:00
1,2,182,50,88,0.0,5289.94,92.79999999999995,2.837,0.5,182,543726486,222240235,2025-05-04 11:31:58+00:00
1,2,182,50,88,0.0,5306.86,93.60000000000002,2.827,0.0,182,543726002,222242728,2025-05-04 11:32:04+00:00
1,3,183,50,88,0.0,5318.45,93.60000000000002,2.837,0.5,183,543725692,222244461,2025-05-04 11:32:08+00:00
1,2,183,50,88,0.0,5326.92,93.39999999999998,2.837,0.5,183,543725523,222245648,2025-05-04 11:32:11+00:00
1,2,183,50,88,0.0,5335.68,93.60000000000002,2.846,0.5,183,543725260,222246986,2025-05-04 11:32:14+00:00
1,2,183,50,89,0.0,5344.07,93.79999999999995,2.846,0.5,183,543725037,222248175,2025-05-04 11:32:17+00:00
1,3,182,50,89,0.0,5360.24,93.39999999999998,2.827,0.0,182,543724657,222250638,2025-05-04 11:32:23+00:00
1,3,182,50,88,0.0,5374.3,93.79999999999995,2.818,0.5,182,543724362,222252713,2025-05-04 11:32:28+00:00
1,3,182,50,88,0.0,5386.12,93.60000000000002,2.827,0.5,182,543724056,222254429,2025-05-04 11:32:32+00:00
1,3,182,50,88,0.0,5394.74,93.20000000000005,2.837,0.5,182,543723833,222255750,2025-05-04 11:32:35+00:00
1,3,182,50,89,0.0,5403.08,93.39999999999998,2.837,0.0,182,543723705,222256973,2025-05-04 11:32:38+00:00
1,3,182,50,88,0.0,5412.15,93.20000000000005,2.837,0.5,182,543723524,222258385,2025-05-04 11:32:41+00:00
1,2,182,50,89,0.0,5423.78,93.60000000000002,2.846,0.0,182,543723302,222260104,2025-05-04 11:32:45+00:00
1,2,183,50,88,0.0,5437.19,93.60000000000002,2.837,0.5,183,543723114,222262150,2025-05-04 11:32:50+00:00
1,2,183,50,88,0.0,5452.07,93.79999999999995,2.837,0.5,183,543722983,222264372,2025-05-04 11:32:55+00:00
1,2,183,50,89,0.0,5461.0,93.60000000000002,2.855,0.0,183,543722879,222265778,2025-05-04 11:32:58+00:00
1,2,184,50,87,0.0,5468.69,93.20000000000005,2.855,0.5,184,543722864,222266916,2025-05-04 11:33:01+00:00
1,2,184,50,88,0.0,5477.62,92.79999999999995,2.855,0.5,184,543722828,222268277,2025-05-04 11:33:04+00:00
1,2,183,50,87,0.0,5488.15,92.20000000000005,2.846,0.5,183,543722790,222269885,2025-05-04 11:33:08+00:00
1,3,184,50,88,0.0,5505.01,92.79999999999995,2.837,0.0,184,543722611,222272446,2025-05-04 11:33:14+00:00
1,3,183,50,88,0.0,5516.5,93.39999999999998,2.827,0.5,183,543722482,222274172,2025-05-04 11:33:18+00:00
1,3,182,50,88,0.0,5525.81,93.0,2.846,0.5,182,543722369,222275639,2025-05-04 11:33:21+00:00
1,4,183,50,88,0.0,5533.46,92.79999999999995,2.846,0.5,183,543722416,222276752,2025-05-04 11:33:24+00:00
1,4,183,50,87,0.0,5544.47,92.20000000000005,2.827,0.5,183,543722375,222278453,2025-05-04 11:33:28+00:00
1,4,182,50,88,0.0,5560.94,92.0,2.818,0.0,182,543722301,222280987,2025-05-04 11:33:34+00:00
1,4,183,50,88,0.0,5571.6,92.39999999999998,2.809,0.5,183,543722221,222282600,2025-05-04 11:33:38+00:00
1,5,182,50,89,0.0,5582.63,92.60000000000002,2.79,0.0,182,543722280,222284272,2025-05-04 11:33:42+00:00
1,2,182,50,88,0.0,5598.98,93.0,2.781,0.0,182,543722146,222286732,2025-05-04 11:33:48+00:00
1,2,182,50,89,0.0,5616.28,93.39999999999998,2.771,0.0,182,543722102,222289396,2025-05-04 11:33:55+00:00
1,2,182,50,59,0.0,5625.94,93.20000000000005,2.23,0.5,182,543721934,222290815,2025-05-04 11:34:03+00:00
1,3,181,50,53,0.0,5632.61,92.79999999999995,1.484,0.0,181,543721847,222291867,2025-05-04 11:34:09+00:00
1,3,179,50,0,0.0,5637.82,92.0,1.474,0.0,179,543721742,222292622,2025-05-04 11:34:14+00:00
1,3,179,50,0,0.0,5638.44,91.79999999999995,1.372,0.0,179,543721766,222292683,2025-05-04 11:34:15+00:00
1,1,178,50,0,0.0,5645.46,91.79999999999995,1.138,0.0,178,543721756,222293818,2025-05-04 11:34:21+00:00
1,1,175,50,0,0.0,5653.52,91.79999999999995,1.773,0.0,175,543721759,222295022,2025-05-04 11:34:24+00:00
1,1,176,50,87,0.0,5662.89,91.39999999999998,2.976,0.0,176,543721749,222296515,2025-05-04 11:34:27+00:00
1,1,177,50,88,0.0,5671.21,91.39999999999998,2.902,0.0,177,543721839,222297723,2025-05-04 11:34:30+00:00
1,1,177,50,88,0.0,5682.91,92.39999999999998,2.837,0.5,177,543721802,222299493,2025-05-04 11:34:34+00:00
1,23,175,50,89,0.0,5695.3,92.60000000000002,2.893,0.5,175,543721575,222301367,2025-05-04 11:34:38+00:00
1,25,175,50,89,0.0,5713.27,92.60000000000002,2.939,0.0,175,543721463,222304093,2025-05-04 11:34:44+00:00
1,25,175,50,89,0.0,5727.35,93.0,2.93,0.5,175,543721391,222306200,2025-05-04 11:34:49+00:00
1,28,176,50,90,0.0,5736.78,93.0,2.911,0.0,176,543721245,222307662,2025-05-04 11:34:52+00:00
1,28,176,50,89,0.0,5744.85,93.0,2.911,0.5,176,543721269,222308847,2025-05-04 11:34:55+00:00
1,27,177,50,89,0.0,5754.07,92.39999999999998,2.893,0.0,177,543721162,222310309,2025-05-04 11:34:58+00:00
1,27,178,50,88,0.0,5762.42,92.0,2.911,0.5,178,543721315,222311489,2025-05-04 11:35:01+00:00
1,27,178,50,90,0.0,5773.14,92.0,2.883,0.0,178,543721194,222313155,2025-05-04 11:35:05+00:00
1,33,179,50,89,0.0,5790.55,92.20000000000005,2.846,0.5,179,543721015,222315814,2025-05-04 11:35:11+00:00
1,35,179,50,87,0.0,5801.73,92.39999999999998,2.846,0.5,179,543720984,222317534,2025-05-04 11:35:15+00:00
1,35,179,50,89,0.0,5813.64,91.79999999999995,2.846,0.0,179,543720958,222319341,2025-05-04 11:35:19+00:00
1,38,180,50,88,0.0,5825.03,90.60000000000002,2.846,0.5,180,543720890,222321068,2025-05-04 11:35:23+00:00
1,38,180,50,88,0.0,5836.42,90.60000000000002,2.837,0.0,180,543720842,222322798,2025-05-04 11:35:27+00:00
1,30,181,50,89,0.0,5853.55,91.0,2.837,0.0,181,543720757,222325378,2025-05-04 11:35:33+00:00
1,31,181,50,91,0.0,5870.43,90.79999999999995,2.837,0.0,181,543720692,222327970,2025-05-04 11:35:39+00:00
1,32,181,50,88,0.0,5881.6,91.20000000000005,2.837,0.5,181,543720544,222329632,2025-05-04 11:35:43+00:00
1,34,180,50,89,0.0,5890.35,91.20000000000005,2.818,0.0,180,543720416,222331033,2025-05-04 11:35:46+00:00
1,35,181,50,88,0.0,5898.44,91.39999999999998,2.827,0.5,181,543720452,222332213,2025-05-04 11:35:49+00:00
1,38,180,50,89,0.0,5910.07,91.0,2.827,0.0,180,543720498,222333974,2025-05-04 11:35:53+00:00
1,38,181,50,88,0.0,5920.58,90.60000000000002,2.809,0.5,181,543720470,222335599,2025-05-04 11:35:57+00:00
1,41,181,49,88,0.0,5931.48,90.39999999999998,2.79,0.5,181,543720364,222337263,2025-05-04 11:36:01+00:00
1,43,181,49,88,0.0,5948.22,91.39999999999998,2.771,0.5,181,543720304,222339824,2025-05-04 11:36:07+00:00
1,43,181,49,88,0.0,5959.29,91.20000000000005,2.771,0.5,181,543720235,222341514,2025-05-04 11:36:11+00:00
1,43,181,49,89,0.0,5970.71,90.79999999999995,2.771,0.0,181,543720091,222343227,2025-05-04 11:36:15+00:00
1,15,181,49,89,0.0,5985.05,90.79999999999995,2.771,0.0,181,543719999,222345369,2025-05-04 11:36:20+00:00
1,18,181,49,88,0.0,5995.88,90.60000000000002,2.771,0.5,181,543719832,222347025,2025-05-04 11:36:24+00:00
1,19,182,49,89,0.0,6004.75,90.79999999999995,2.771,0.5,182,543719647,222348419,2025-05-04 11:36:27+00:00
1,19,182,49,89,0.0,6013.63,91.0,2.79,0.5,182,543719513,222349672,2025-05-04 11:36:30+00:00
1,19,182,49,89,0.0,6022.04,91.20000000000005,2.799,0.5,182,543719267,222350938,2025-05-04 11:36:33+00:00
1,28,183,49,89,0.0,6029.68,91.60000000000002,2.79,0.5,183,543719109,222352067,2025-05-04 11:36:36+00:00
1,28,183,49,89,0.0,6041.92,92.0,2.79,0.5,183,543718854,222353917,2025-05-04 11:36:40+00:00
1,32,183,49,87,0.0,6057.8,91.79999999999995,2.799,0.5,183,543718165,222356053,2025-05-04 11:36:46+00:00
1,24,182,49,89,0.0,6068.38,91.60000000000002,2.659,0.0,182,543717776,222357652,2025-05-04 11:36:50+00:00
1,24,182,49,88,0.0,6077.32,91.39999999999998,2.715,0.5,182,543717605,222358926,2025-05-04 11:36:53+00:00
1,16,182,49,89,0.0,6088.67,91.39999999999998,2.762,0.0,182,543717237,222360560,2025-05-04 11:36:57+00:00
1,4,183,49,89,0.0,6102.67,91.60000000000002,2.743,0.0,183,543716820,222362637,2025-05-04 11:37:02+00:00
1,4,182,49,89,0.0,6110.92,91.79999999999995,2.771,0.0,182,543716552,222363818,2025-05-04 11:37:05+00:00
1,6,183,49,88,0.0,6127.42,92.0,2.771,0.0,183,543716062,222366253,2025-05-04 11:37:11+00:00
1,6,183,49,88,0.0,6138.08,92.20000000000005,2.762,0.5,183,543715845,222367851,2025-05-04 11:37:15+00:00
1,6,183,49,88,0.0,6146.22,92.20000000000005,2.753,0.5,183,543715761,222369055,2025-05-04 11:37:18+00:00
1,2,184,49,90,0.0,6157.62,92.39999999999998,2.762,0.5,184,543715684,222370781,2025-05-04 11:37:22+00:00
1,6,183,49,90,0.0,6168.81,92.20000000000005,2.753,0.5,183,543715550,222372484,2025-05-04 11:37:26+00:00
1,9,183,49,90,0.0,6180.57,92.79999999999995,2.762,0.5,183,543715398,222374251,2025-05-04 11:37:30+00:00
1,10,184,49,90,0.0,6192.03,93.20000000000005,2.781,0.5,184,543715349,222375998,2025-05-04 11:37:34+00:00
1,17,184,49,90,0.0,6203.13,93.39999999999998,2.79,0.0,184,543715282,222377673,2025-05-04 11:37:38+00:00
1,17,184,49,89,0.0,6213.54,93.20000000000005,2.771,0.5,184,543715285,222379277,2025-05-04 11:37:42+00:00
1,17,184,49,90,0.0,6221.76,93.0,2.762,0.0,184,543715235,222380571,2025-05-04 11:37:45+00:00
1,22,184,49,90,0.0,6233.12,93.39999999999998,2.753,0.5,184,543715128,222382285,2025-05-04 11:37:49+00:00
1,17,183,49,90,0.0,6240.71,93.39999999999998,2.753,0.0,183,543715201,222383413,2025-05-04 11:37:52+00:00
1,17,183,49,88,0.0,6251.64,92.60000000000002,2.753,0.5,183,543715166,222385071,2025-05-04 11:37:56+00:00
1,17,182,49,88,0.0,6262.29,92.60000000000002,2.734,0.5,182,543715198,222386708,2025-05-04 11:38:00+00:00
1,14,182,49,88,0.0,6281.38,92.39999999999998,2.734,0.5,182,543715240,222389591,2025-05-04 11:38:07+00:00
1,14,182,49,89,0.0,6292.24,92.20000000000005,2.715,0.0,182,543715258,222391275,2025-05-04 11:38:11+00:00
1,7,183,49,88,0.0,6303.66,92.0,2.725,0.5,183,543715203,222392987,2025-05-04 11:38:15+00:00
1,5,184,49,89,0.0,6314.99,91.79999999999995,2.725,0.0,184,543715224,222394731,2025-05-04 11:38:19+00:00
1,4,183,49,88,0.0,6326.48,91.0,2.734,0.5,183,543715199,222396501,2025-05-04 11:38:23+00:00
1,5,184,49,89,0.0,6340.93,89.60000000000002,2.762,0.5,184,543715162,222398701,2025-05-04 11:38:28+00:00
1,7,184,49,89,0.0,6355.04,91.60000000000002,2.762,0.5,184,543714781,222400814,2025-05-04 11:38:33+00:00
1,7,184,49,88,0.0,6363.48,91.60000000000002,2.771,0.5,184,543714539,222402000,2025-05-04 11:38:36+00:00
1,10,184,49,89,0.0,6374.86,91.60000000000002,2.781,0.0,184,543714180,222403683,2025-05-04 11:38:40+00:00
1,13,184,49,90,0.0,6386.5,92.20000000000005,2.809,0.5,184,543713698,222405314,2025-05-04 11:38:44+00:00
1,13,184,49,89,0.0,6398.09,93.0,2.818,0.5,184,543713298,222406975,2025-05-04 11:38:48+00:00
1,11,183,49,90,0.0,6409.81,93.39999999999998,2.837,0.0,183,543712846,222408642,2025-05-04 11:38:52+00:00
1,10,184,49,89,0.0,6418.96,93.39999999999998,2.855,0.5,184,543712510,222409962,2025-05-04 11:38:55+00:00
1,7,186,49,90,0.0,6430.1,93.39999999999998,2.855,0.0,186,543712081,222411563,2025-05-04 11:38:59+00:00
1,10,185,49,88,0.0,6440.84,92.60000000000002,2.846,0.5,185,543711671,222413125,2025-05-04 11:39:03+00:00
1,13,185,49,88,0.0,6452.29,92.20000000000005,2.837,0.0,185,543711200,222414738,2025-05-04 11:39:07+00:00
1,18,186,49,89,0.0,6467.03,92.60000000000002,2.855,0.5,186,543710705,222416844,2025-05-04 11:39:12+00:00
1,22,186,49,89,0.0,6481.28,92.60000000000002,2.855,0.5,186,543710197,222418909,2025-05-04 11:39:17+00:00
1,22,186,49,88,0.0,6498.65,93.20000000000005,2.865,0.5,186,543709485,222421319,2025-05-04 11:39:23+00:00
1,22,186,49,89,0.0,6510.49,93.0,2.865,0.0,186,543708971,222422974,2025-05-04 11:39:27+00:00
1,23,186,49,88,0.0,6521.81,93.0,2.883,0.5,186,543708528,222424542,2025-05-04 11:39:31+00:00
1,23,186,49,90,0.0,6530.24,92.79999999999995,2.874,0.0,186,543708181,222425774,2025-05-04 11:39:34+00:00
1,23,186,49,89,0.0,6540.67,92.0,2.855,0.5,186,543707815,222427292,2025-05-04 11:39:38+00:00
1,19,186,49,89,0.0,6552.01,91.39999999999998,2.846,0.0,186,543707387,222428923,2025-05-04 11:39:42+00:00
1,2,184,49,88,0.0,6563.45,91.20000000000005,2.837,0.5,184,543707027,222430538,2025-05-04 11:39:46+00:00
1,2,184,49,89,0.0,6585.57,91.0,2.827,0.5,184,543706165,222433668,2025-05-04 11:39:54+00:00
1,3,184,49,89,0.0,6599.05,91.60000000000002,2.809,0.5,184,543705570,222435590,2025-05-04 11:39:59+00:00
1,3,184,49,89,0.0,6610.03,92.0,2.799,0.5,184,543705103,222437140,2025-05-04 11:40:03+00:00
1,3,184,49,90,0.0,6623.95,92.0,2.79,0.5,184,543704571,222439102,2025-05-04 11:40:08+00:00
1,3,185,49,92,0.0,6638.74,91.79999999999995,2.799,0.0,185,543703959,222441192,2025-05-04 11:40:13+00:00
1,3,186,49,90,0.0,6653.16,91.20000000000005,2.818,0.5,186,543703325,222443187,2025-05-04 11:40:18+00:00
1,2,184,49,90,0.0,6668.66,91.39999999999998,2.809,0.5,184,543702717,222445455,2025-05-04 11:40:24+00:00
1,2,184,49,89,0.0,6671.9,91.39999999999998,2.79,0.5,184,543702675,222446059,2025-05-04 11:40:27+00:00
1,4,184,49,0,0.0,6673.94,91.0,2.631,0.0,184,543702546,222446684,2025-05-04 11:40:31+00:00
1,4,183,49,0,0.0,6675.04,91.20000000000005,2.575,0.0,183,543702461,222446860,2025-05-04 11:40:32+00:00
1,4,183,49,57,0.0,6681.33,91.20000000000005,2.081,0.5,183,543702251,222447794,2025-05-04 11:40:36+00:00
1,4,183,49,60,0.0,6690.88,91.79999999999995,1.745,0.0,183,543701865,222449167,2025-05-04 11:40:43+00:00
1,2,181,49,61,0.0,6702.52,91.60000000000002,1.68,0.0,181,543701391,222450767,2025-05-04 11:40:50+00:00
1,3,178,49,85,0.0,6714.59,91.39999999999998,1.941,0.5,178,543700973,222452472,2025-05-04 11:40:54+00:00
1,4,177,49,87,0.0,6725.97,91.60000000000002,2.519,0.0,177,543700441,222454067,2025-05-04 11:40:58+00:00
1,32,174,49,89,0.0,6742.96,92.20000000000005,2.557,0.0,174,543699629,222456396,2025-05-04 11:41:04+00:00
1,32,174,49,88,0.0,6751.74,92.0,2.743,0.5,174,543699285,222457569,2025-05-04 11:41:07+00:00
1,32,174,49,89,0.0,6760.47,91.39999999999998,2.678,0.0,174,543698944,222458876,2025-05-04 11:41:10+00:00
1,32,174,49,88,0.0,6768.88,91.0,2.697,0.5,174,543698771,222460088,2025-05-04 11:41:13+00:00
1,46,174,49,88,0.0,6785.7,91.20000000000005,2.706,0.5,174,543698101,222462439,2025-05-04 11:41:19+00:00
1,45,176,49,89,0.0,6801.11,91.0,2.687,0.5,176,543697454,222464648,2025-05-04 11:41:25+00:00
1,22,179,49,88,0.0,6806.57,90.79999999999995,2.631,0.5,179,543697221,222465411,2025-05-04 11:41:27+00:00
1,14,180,49,89,0.0,6814.47,90.79999999999995,2.641,0.5,180,543696957,222466552,2025-05-04 11:41:30+00:00
1,14,180,49,88,0.0,6825.64,91.20000000000005,2.659,0.5,180,543696520,222468142,2025-05-04 11:41:34+00:00
1,16,181,49,90,0.0,6837.05,91.20000000000005,2.697,0.0,181,543696056,222469730,2025-05-04 11:41:38+00:00
1,20,181,49,88,0.0,6851.37,91.39999999999998,2.743,0.5,181,543695430,222471726,2025-05-04 11:41:43+00:00
1,27,181,49,89,0.0,6870.54,91.39999999999998,2.781,0.5,181,543694616,222474460,2025-05-04 11:41:50+00:00
1,30,181,49,87,0.0,6881.73,90.79999999999995,2.753,0.5,181,543694170,222476048,2025-05-04 11:41:54+00:00
1,32,181,49,89,0.0,6893.69,90.39999999999998,2.781,0.0,181,543693703,222477742,2025-05-04 11:41:58+00:00
1,33,182,48,88,0.0,6905.19,89.79999999999995,2.818,0.5,182,543693356,222479433,2025-05-04 11:42:02+00:00
1,37,183,48,89,0.0,6918.95,90.20000000000005,2.827,0.0,183,543692952,222481445,2025-05-04 11:42:07+00:00
1,20,182,48,90,0.0,6932.64,90.79999999999995,2.818,0.0,182,543692471,222483413,2025-05-04 11:42:12+00:00
1,10,183,48,88,0.0,6947.42,91.39999999999998,2.827,0.5,183,543691905,222485536,2025-05-04 11:42:17+00:00
1,15,182,48,89,0.0,6958.83,91.79999999999995,2.837,0.0,182,543691560,222487214,2025-05-04 11:42:21+00:00
1,16,183,48,88,0.0,6966.53,92.0,2.846,0.5,183,543691461,222488290,2025-05-04 11:42:24+00:00
1,19,184,48,86,0.0,6978.78,92.60000000000002,2.818,0.5,184,543691188,222490193,2025-05-04 11:42:29+00:00
1,19,184,48,90,0.0,6990.83,92.20000000000005,2.846,0.0,184,543690936,222491999,2025-05-04 11:42:33+00:00
1,19,183,48,88,0.0,6999.17,92.20000000000005,2.883,0.5,183,543690954,222493217,2025-05-04 11:42:36+00:00
1,17,183,48,89,0.0,7004.86,92.20000000000005,2.883,0.5,183,543690915,222494050,2025-05-04 11:42:38+00:00
1,17,183,48,90,0.0,7007.3,92.0,2.874,0.5,183,543690888,222494463,2025-05-04 11:42:39+00:00
1,13,183,48,89,0.0,7013.8,91.20000000000005,2.781,0.0,183,543690629,222495362,2025-05-04 11:42:43+00:00
1,4,184,48,59,0.0,7020.17,90.39999999999998,2.034,0.5,184,543690529,222496307,2025-05-04 11:42:48+00:00
1,1,182,48,57,0.0,7029.67,89.60000000000002,1.67,0.5,182,543690425,222497838,2025-05-04 11:42:56+00:00
1,1,179,48,58,0.0,7039.02,88.79999999999995,1.652,0.0,179,543690366,222499276,2025-05-04 11:43:03+00:00
1,1,179,48,59,0.0,7044.27,89.39999999999998,1.484,0.5,179,543690188,222500038,2025-05-04 11:43:07+00:00
1,3,176,48,59,0.0,7049.13,90.39999999999998,1.558,0.5,176,543690081,222500852,2025-05-04 11:43:11+00:00
1,3,176,48,59,0.0,7050.73,89.79999999999995,1.512,0.5,176,543690145,222501225,2025-05-04 11:43:13+00:00
1,3,177,48,59,0.0,7050.96,89.60000000000002,1.484,0.5,177,543690152,222501357,2025-05-04 11:43:14+00:00
1,3,177,48,58,0.0,7053.61,89.20000000000005,1.325,0.5,177,543690143,222501946,2025-05-04 11:43:18+00:00
1,2,176,48,59,0.0,7056.83,89.60000000000002,1.54,0.0,176,543690012,222502392,2025-05-04 11:43:20+00:00
1,4,173,48,57,0.0,7070.22,90.39999999999998,1.502,0.5,173,543689632,222504265,2025-05-04 11:43:29+00:00
1,1,172,48,61,0.0,7080.86,90.79999999999995,1.465,0.5,172,543689395,222505884,2025-05-04 11:43:35+00:00
1,7,170,48,83,0.0,7091.64,91.20000000000005,1.512,0.5,170,543689117,222507455,2025-05-04 11:43:39+00:00
1,7,168,48,86,0.0,7099.96,91.79999999999995,2.174,0.0,168,543688892,222508733,2025-05-04 11:43:42+00:00
1,3,170,48,87,0.0,7111.22,92.79999999999995,2.351,0.0,170,543688741,222510434,2025-05-04 11:43:46+00:00
1,5,171,48,89,0.0,7125.65,93.20000000000005,2.51,0.0,171,543688462,222512578,2025-05-04 11:43:51+00:00
1,4,170,48,89,0.0,7139.36,94.0,2.519,0.5,170,543688089,222514602,2025-05-04 11:43:56+00:00
1,3,171,48,88,0.0,7150.56,93.60000000000002,2.519,0.5,171,543687789,222516242,2025-05-04 11:44:00+00:00
1,3,171,48,90,0.0,7159.53,93.39999999999998,2.575,0.0,171,543687455,222517590,2025-05-04 11:44:03+00:00
1,3,171,48,88,0.0,7168.32,93.0,2.669,0.5,171,543687310,222518834,2025-05-04 11:44:06+00:00
1,4,172,48,90,0.0,7177.24,92.39999999999998,2.706,0.0,172,543687027,222520202,2025-05-04 11:44:09+00:00
1,8,173,48,88,0.0,7185.76,92.0,2.715,0.5,173,543686824,222521414,2025-05-04 11:44:12+00:00
1,4,174,48,89,0.0,7196.6,92.20000000000005,2.725,0.5,174,543686521,222523032,2025-05-04 11:44:16+00:00
1,1,175,48,89,0.0,7213.63,93.60000000000002,2.734,0.5,175,543686064,222525568,2025-05-04 11:44:22+00:00
1,4,176,48,88,0.0,7227.4,93.20000000000005,2.734,0.5,176,543685702,222527572,2025-05-04 11:44:27+00:00
1,4,176,48,89,0.0,7235.83,93.39999999999998,2.734,0.5,176,543685377,222528814,2025-05-04 11:44:30+00:00
1,6,177,48,87,0.0,7244.44,93.20000000000005,2.743,0.5,177,543685109,222530024,2025-05-04 11:44:33+00:00
1,10,178,48,89,0.0,7253.96,93.0,2.771,0.0,178,543684704,222531385,2025-05-04 11:44:36+00:00
1,13,179,48,88,0.0,7265.17,93.39999999999998,2.809,0.5,179,543684362,222532963,2025-05-04 11:44:40+00:00
1,16,180,48,89,0.0,7278.01,93.0,2.809,0.0,180,543683890,222534803,2025-05-04 11:44:45+00:00
1,18,179,48,89,0.0,7293.3,91.79999999999995,2.771,0.5,179,543682939,222536754,2025-05-04 11:44:51+00:00
1,19,180,48,88,0.0,7306.12,90.79999999999995,2.753,0.5,180,543682098,222538299,2025-05-04 11:44:56+00:00
1,24,181,48,88,0.0,7316.93,90.79999999999995,2.743,0.5,181,543681332,222539586,2025-05-04 11:45:00+00:00
1,24,181,47,89,0.0,7328.56,90.60000000000002,2.753,0.5,181,543680556,222540954,2025-05-04 11:45:04+00:00
1,30,182,47,89,0.0,7342.6,90.39999999999998,2.781,0.5,182,543679631,222542662,2025-05-04 11:45:09+00:00
1,14,183,47,88,0.0,7356.69,91.0,2.781,0.0,183,543678599,222544256,2025-05-04 11:45:14+00:00
1,10,183,47,88,0.0,7364.65,91.0,2.79,0.5,183,543678148,222545203,2025-05-04 11:45:17+00:00
1,10,183,47,88,0.0,7373.03,90.60000000000002,2.79,0.5,183,543677584,222546267,2025-05-04 11:45:20+00:00
1,10,183,47,87,0.0,7381.0,90.20000000000005,2.79,0.5,183,543677127,222547217,2025-05-04 11:45:23+00:00
1,10,185,47,89,0.0,7391.5,90.0,2.781,0.0,185,543676360,222548461,2025-05-04 11:45:27+00:00
1,7,184,47,90,0.0,7408.52,89.20000000000005,2.79,0.0,184,543675217,222550423,2025-05-04 11:45:33+00:00
1,7,184,47,88,0.0,7418.72,89.20000000000005,2.781,0.5,184,543674526,222551661,2025-05-04 11:45:37+00:00
1,10,184,47,89,0.0,7429.34,89.79999999999995,2.762,0.0,184,543673806,222552951,2025-05-04 11:45:41+00:00
1,14,185,47,90,0.0,7442.34,89.60000000000002,2.753,0.5,185,543672954,222554477,2025-05-04 11:45:46+00:00
1,15,184,47,88,0.0,7453.11,89.39999999999998,2.753,0.5,184,543672255,222555768,2025-05-04 11:45:50+00:00
1,9,184,47,88,0.0,7464.23,89.60000000000002,2.743,0.0,184,543671517,222557081,2025-05-04 11:45:54+00:00
1,8,183,47,88,0.0,7484.91,89.79999999999995,2.706,0.5,183,543670078,222559607,2025-05-04 11:46:02+00:00
1,2,183,47,89,0.0,7496.72,89.60000000000002,2.734,0.5,183,543669305,222560956,2025-05-04 11:46:06+00:00
1,2,184,47,87,0.0,7506.54,89.39999999999998,2.725,0.5,184,543668733,222562265,2025-05-04 11:46:10+00:00
1,2,183,47,90,0.0,7514.0,89.60000000000002,2.706,0.0,183,543668373,222563235,2025-05-04 11:46:13+00:00
1,7,183,47,87,0.0,7527.25,90.0,2.687,0.5,183,543667608,222564898,2025-05-04 11:46:18+00:00
1,7,183,47,88,0.0,7537.26,90.60000000000002,2.641,0.5,183,543667094,222566225,2025-05-04 11:46:22+00:00
1,7,183,47,88,0.0,7545.32,90.79999999999995,2.641,0.5,183,543666644,222567352,2025-05-04 11:46:25+00:00
1,7,183,47,89,0.0,7556.49,90.79999999999995,2.65,0.0,183,543666063,222568804,2025-05-04 11:46:29+00:00
1,3,184,47,89,0.0,7564.14,91.20000000000005,2.659,0.5,184,543665780,222569877,2025-05-04 11:46:32+00:00
1,3,183,47,89,0.0,7571.82,90.39999999999998,2.65,0.0,183,543665574,222571107,2025-05-04 11:46:36+00:00
1,3,183,47,0,0.0,7576.52,90.39999999999998,2.613,0.0,183,543665398,222571830,2025-05-04 11:46:40+00:00
1,3,182,47,0,0.0,7578.75,90.39999999999998,2.51,0.0,182,543665259,222572139,2025-05-04 11:46:42+00:00
1,3,182,47,0,0.0,7586.94,89.79999999999995,1.857,0.0,182,543664972,222573337,2025-05-04 11:46:48+00:00
1,3,182,47,55,0.0,7589.14,89.20000000000005,1.67,0.5,182,543664888,222573697,2025-05-04 11:46:50+00:00
1,1,179,47,0,0.0,7600.28,89.79999999999995,1.698,0.0,179,543664332,222575100,2025-05-04 11:46:57+00:00
1,1,176,47,59,0.0,7606.29,90.20000000000005,1.493,0.5,176,543664094,222575939,2025-05-04 11:47:02+00:00
1,1,176,47,0,0.0,7612.09,89.79999999999995,1.521,0.0,176,543663848,222576738,2025-05-04 11:47:06+00:00
1,2,175,47,0,0.0,7624.08,90.20000000000005,1.493,0.0,175,543663288,222578420,2025-05-04 11:47:13+00:00
1,1,173,47,85,0.0,7634.24,90.0,1.568,0.5,173,543662930,222579878,2025-05-04 11:47:17+00:00
1,1,173,47,88,0.0,7647.75,90.20000000000005,2.305,0.0,173,543662275,222581794,2025-05-04 11:47:22+00:00
1,4,172,47,88,0.0,7659.28,90.79999999999995,2.463,0.5,172,543661706,222583356,2025-05-04 11:47:26+00:00
1,3,173,47,89,0.0,7667.84,91.20000000000005,2.454,0.5,173,543661383,222584514,2025-05-04 11:47:29+00:00
1,2,174,47,88,0.0,7677.09,91.79999999999995,2.51,0.5,174,543660946,222585801,2025-05-04 11:47:32+00:00
1,2,175,47,89,0.0,7684.88,91.60000000000002,2.585,0.5,175,543660711,222586899,2025-05-04 11:47:35+00:00
1,2,175,47,88,0.0,7693.63,91.20000000000005,2.473,0.5,175,543660366,222588173,2025-05-04 11:47:38+00:00
1,6,176,47,89,0.0,7701.54,91.20000000000005,2.65,0.5,176,543660086,222589259,2025-05-04 11:47:41+00:00
1,4,177,47,90,0.0,7709.79,91.20000000000005,2.594,0.5,177,543659657,222590448,2025-05-04 11:47:44+00:00
1,3,178,47,89,0.0,7718.55,91.0,2.613,0.5,178,543659323,222591665,2025-05-04 11:47:47+00:00
1,4,177,47,90,0.0,7729.43,91.60000000000002,2.687,0.0,177,543658857,222593189,2025-05-04 11:47:51+00:00
1,5,178,47,88,0.0,7740.7,92.39999999999998,2.678,0.5,178,543658370,222594726,2025-05-04 11:47:55+00:00
1,6,178,47,88,0.0,7754.0,92.39999999999998,2.687,0.5,178,543657811,222596635,2025-05-04 11:48:00+00:00
1,5,178,47,91,0.0,7764.56,92.79999999999995,2.687,0.0,178,543657291,222598034,2025-05-04 11:48:04+00:00
1,4,177,47,87,0.0,7773.66,92.39999999999998,2.687,0.5,177,543656822,222599344,2025-05-04 11:48:07+00:00
1,4,178,47,88,0.0,7782.26,92.0,2.762,0.0,178,543656532,222600535,2025-05-04 11:48:10+00:00
1,8,179,47,87,0.0,7796.84,92.20000000000005,2.809,0.0,179,543655950,222602557,2025-05-04 11:48:15+00:00
1,8,179,47,88,0.0,7805.55,92.39999999999998,2.799,0.0,179,543655487,222603749,2025-05-04 11:48:18+00:00
1,7,179,47,87,0.0,7813.41,92.60000000000002,2.818,0.5,179,543655168,222604835,2025-05-04 11:48:21+00:00
1,10,179,47,90,0.0,7822.46,92.60000000000002,2.809,0.0,179,543654752,222606121,2025-05-04 11:48:24+00:00
1,10,179,47,89,0.0,7830.42,92.39999999999998,2.827,0.5,179,543654511,222607244,2025-05-04 11:48:27+00:00
1,10,179,47,89,0.0,7844.11,91.60000000000002,2.818,0.0,179,543653855,222609139,2025-05-04 11:48:32+00:00
1,17,180,47,89,0.0,7859.03,91.20000000000005,2.771,0.5,180,543653207,222611252,2025-05-04 11:48:38+00:00
1,22,180,47,89,0.0,7874.85,92.0,2.734,0.5,180,543652503,222613432,2025-05-04 11:48:44+00:00
1,25,180,47,88,0.0,7888.49,92.79999999999995,2.734,0.5,180,543651752,222615240,2025-05-04 11:48:49+00:00
1,9,178,47,89,0.0,7899.9,93.0,2.743,0.0,178,543651269,222616844,2025-05-04 11:48:53+00:00
1,9,178,47,87,0.0,7907.57,93.0,2.753,0.5,178,543651031,222617907,2025-05-04 11:48:56+00:00
1,5,179,47,89,0.0,7916.04,93.0,2.743,0.5,179,543650614,222619120,2025-05-04 11:48:59+00:00
1,4,180,46,88,0.0,7927.1,92.60000000000002,2.753,0.5,180,543650170,222620654,2025-05-04 11:49:03+00:00
1,2,182,46,88,0.0,7946.59,93.39999999999998,2.753,0.5,182,543649338,222623379,2025-05-04 11:49:10+00:00
1,2,183,46,88,0.0,7965.55,93.20000000000005,2.762,0.5,183,543648492,222625942,2025-05-04 11:49:17+00:00
1,2,182,46,90,0.0,7978.99,92.39999999999998,2.753,0.0,182,543647891,222627876,2025-05-04 11:49:22+00:00
1,2,183,46,88,0.0,7988.96,91.79999999999995,2.753,0.5,183,543647428,222629255,2025-05-04 11:49:26+00:00
1,2,183,46,88,0.0,7999.59,91.60000000000002,2.725,0.0,183,543646961,222630743,2025-05-04 11:49:30+00:00
1,2,183,46,88,0.0,8005.4,91.79999999999995,2.725,0.5,183,543646684,222631535,2025-05-04 11:49:32+00:00
1,6,183,46,88,0.0,8016.64,92.0,2.725,0.0,183,543646149,222633033,2025-05-04 11:49:36+00:00
1,6,183,46,87,0.0,8027.31,91.79999999999995,2.743,0.5,183,543645685,222634489,2025-05-04 11:49:40+00:00
1,7,183,46,86,0.0,8040.41,91.60000000000002,2.725,0.5,183,543644839,222636053,2025-05-04 11:49:45+00:00
1,6,183,46,87,0.0,8048.31,91.0,2.725,0.0,183,543644270,222636997,2025-05-04 11:49:48+00:00
1,3,182,46,86,0.0,8061.55,90.39999999999998,2.706,0.0,182,543643218,222638358,2025-05-04 11:49:53+00:00
1,3,183,46,86,0.0,8069.47,90.20000000000005,2.697,0.0,183,543642640,222639166,2025-05-04 11:49:56+00:00
1,3,183,46,86,0.0,8080.5,89.79999999999995,2.706,0.0,183,543641625,222640231,2025-05-04 11:50:00+00:00
1,4,182,46,86,0.0,8088.66,89.79999999999995,2.687,0.5,182,543640946,222640966,2025-05-04 11:50:04+00:00
1,4,183,46,60,0.0,8098.8,89.39999999999998,1.782,0.0,183,543640140,222642087,2025-05-04 11:50:11+00:00
1,3,180,46,59,0.0,8105.19,90.20000000000005,1.689,0.5,180,543639664,222642836,2025-05-04 11:50:16+00:00
1,5,178,46,59,0.0,8111.33,90.0,1.736,0.0,178,543639318,222643554,2025-05-04 11:50:21+00:00
1,9,177,46,62,0.0,8117.13,90.20000000000005,1.474,0.0,177,543638786,222644160,2025-05-04 11:50:26+00:00
1,3,174,46,60,0.0,8129.48,89.79999999999995,1.605,0.0,174,543637716,222645249,2025-05-04 11:50:34+00:00
1,3,174,46,59,0.0,8130.67,89.60000000000002,1.605,0.5,174,543637650,222645349,2025-05-04 11:50:35+00:00
1,3,174,46,58,0.0,8140.98,88.60000000000002,1.512,0.5,174,543636887,222646414,2025-05-04 11:50:42+00:00
1,1,173,46,58,0.0,8150.19,88.79999999999995,1.736,0.5,173,543636116,222647382,2025-05-04 11:50:46+00:00
1,1,173,46,85,0.0,8160.74,88.60000000000002,1.941,0.0,173,543635353,222648608,2025-05-04 11:50:50+00:00
1,7,172,46,87,0.0,8168.67,88.39999999999998,2.351,0.0,172,543634678,222649288,2025-05-04 11:50:53+00:00
1,13,172,46,87,0.0,8179.82,88.0,2.37,0.0,172,543633707,222650316,2025-05-04 11:50:57+00:00
1,13,172,46,87,0.0,8193.61,88.60000000000002,2.454,0.0,172,543632662,222651710,2025-05-04 11:51:02+00:00
1,26,173,46,88,0.0,8202.15,87.79999999999995,2.482,0.0,173,543632012,222652676,2025-05-04 11:51:05+00:00
1,26,173,46,87,0.0,8211.47,88.20000000000005,2.407,0.0,173,543631283,222653667,2025-05-04 11:51:09+00:00
1,26,173,46,88,0.0,8225.39,88.79999999999995,2.435,0.0,173,543630106,222655005,2025-05-04 11:51:14+00:00
1,16,174,46,88,0.0,8237.11,89.60000000000002,2.491,0.5,174,543629105,222656124,2025-05-04 11:51:18+00:00
1,6,173,46,88,0.0,8248.44,89.39999999999998,2.631,0.0,173,543628272,222657279,2025-05-04 11:51:22+00:00
1,5,174,46,89,0.0,8262.83,88.60000000000002,2.678,0.0,174,543627074,222658626,2025-05-04 11:51:27+00:00
1,7,175,46,88,0.0,8276.02,88.60000000000002,2.678,0.5,175,543626020,222659897,2025-05-04 11:51:32+00:00
1,12,176,46,88,0.0,8289.53,88.20000000000005,2.669,0.5,176,543624887,222661300,2025-05-04 11:51:37+00:00
1,9,178,46,88,0.0,8300.93,87.79999999999995,2.687,0.5,178,543623985,222662421,2025-05-04 11:51:41+00:00
1,6,181,46,87,0.0,8314.32,86.79999999999995,2.706,0.0,181,543622729,222663657,2025-05-04 11:51:46+00:00
1,6,181,46,87,0.0,8316.94,86.79999999999995,2.706,0.0,181,543622507,222663915,2025-05-04 11:51:47+00:00
1,6,181,46,87,0.0,8326.41,86.60000000000002,2.697,0.5,181,543622335,222665307,2025-05-04 11:51:51+00:00
1,5,180,46,86,0.0,8337.77,85.79999999999995,2.65,0.5,180,543623265,222666465,2025-05-04 11:51:56+00:00
1,1,180,46,0,0.0,8349.84,86.39999999999998,1.81,0.0,180,543624375,222667493,2025-05-04 11:52:04+00:00
1,1,179,46,58,0.0,8358.44,87.0,1.605,0.0,179,543625092,222668264,2025-05-04 11:52:11+00:00
1,1,176,46,60,0.0,8367.03,87.0,1.605,0.0,176,543625777,222669138,2025-05-04 11:52:17+00:00
1,1,175,46,61,0.0,8372.57,86.79999999999995,1.68,0.0,175,543626211,222669682,2025-05-04 11:52:21+00:00
1,1,175,46,61,0.0,8385.67,84.39999999999998,1.549,0.0,175,543627406,222670980,2025-05-04 11:52:31+00:00
1,1,174,46,61,0.0,8387.34,84.20000000000005,1.54,0.0,174,543627464,222671247,2025-05-04 11:52:32+00:00
1,2,172,46,58,0.0,8393.62,84.79999999999995,1.568,0.5,172,543627927,222671808,2025-05-04 11:52:36+00:00
1,2,169,46,61,0.0,8403.62,84.60000000000002,1.474,0.0,169,543628753,222672750,2025-05-04 11:52:43+00:00
1,2,169,46,62,0.0,8404.68,84.39999999999998,1.474,0.0,169,543628862,222672859,2025-05-04 11:52:44+00:00
1,2,169,46,66,0.0,8414.33,85.0,1.549,0.0,169,543629629,222673785,2025-05-04 11:52:49+00:00
1,1,168,46,63,0.0,8423.17,85.60000000000002,1.614,0.5,168,543630453,222674564,2025-05-04 11:52:55+00:00
1,1,169,46,62,0.0,8424.36,85.60000000000002,1.586,0.5,169,543630579,222674690,2025-05-04 11:52:56+00:00
1,1,167,46,64,0.0,8432.36,85.60000000000002,1.558,0.5,167,543631180,222675430,2025-05-04 11:53:00+00:00
1,1,168,46,64,0.0,8440.76,86.60000000000002,1.624,0.5,168,543631782,222676382,2025-05-04 11:53:05+00:00
1,1,168,46,60,0.0,8447.74,87.20000000000005,1.54,0.0,168,543632198,222677298,2025-05-04 11:53:10+00:00
1,1,168,46,62,0.0,8460.95,87.60000000000002,1.652,0.5,168,543633127,222678891,2025-05-04 11:53:16+00:00
1,1,168,46,82,0.0,8471.39,87.79999999999995,2.165,0.5,168,543634004,222679939,2025-05-04 11:53:20+00:00
1,11,168,46,84,0.0,8481.82,88.0,2.295,0.0,168,543634499,222681377,2025-05-04 11:53:24+00:00
1,13,170,46,86,0.0,8492.1,88.20000000000005,2.305,0.5,170,543634140,222682876,2025-05-04 11:53:28+00:00
1,7,172,46,86,0.0,8502.9,88.20000000000005,2.258,0.0,172,543633665,222684453,2025-05-04 11:53:32+00:00
1,10,173,46,87,0.0,8517.27,89.0,2.417,0.0,173,543633033,222686387,2025-05-04 11:53:37+00:00
1,13,174,46,87,0.0,8524.64,89.39999999999998,2.463,0.0,174,543632774,222687374,2025-05-04 11:53:40+00:00
1,16,175,46,87,0.0,8535.13,89.20000000000005,2.454,0.0,175,543632325,222688921,2025-05-04 11:53:44+00:00
1,7,174,46,86,0.0,8545.34,89.20000000000005,2.482,0.5,174,543631907,222690368,2025-05-04 11:53:48+00:00
1,5,175,46,87,0.0,8553.02,88.79999999999995,2.473,0.5,175,543631714,222691439,2025-05-04 11:53:51+00:00
1,8,176,46,87,0.0,8565.73,88.39999999999998,2.501,0.0,176,543631252,222693321,2025-05-04 11:53:56+00:00
1,11,177,45,89,0.0,8579.16,89.0,2.538,0.0,177,543630638,222695189,2025-05-04 11:54:01+00:00
1,14,178,45,88,0.0,8586.93,89.20000000000005,2.547,0.0,178,543630462,222696289,2025-05-04 11:54:04+00:00
1,14,178,45,87,0.0,8594.95,89.0,2.566,0.0,178,543630210,222697491,2025-05-04 11:54:07+00:00
1,21,180,45,88,0.0,8608.26,90.39999999999998,2.585,0.5,180,543629615,222699313,2025-05-04 11:54:12+00:00
1,21,180,45,88,0.0,8615.61,91.0,2.594,0.0,180,543629311,222700267,2025-05-04 11:54:15+00:00
1,24,181,45,87,0.0,8623.64,90.60000000000002,2.594,0.0,181,543628941,222701401,2025-05-04 11:54:18+00:00
1,26,182,45,86,0.0,8637.04,90.79999999999995,2.603,0.5,182,543628117,222703160,2025-05-04 11:54:23+00:00
1,26,182,45,88,0.0,8645.1,90.79999999999995,2.622,0.0,182,543627753,222704175,2025-05-04 11:54:26+00:00
1,26,182,45,86,0.0,8654.23,91.0,2.631,0.5,182,543627265,222705403,2025-05-04 11:54:30+00:00
1,30,183,45,86,0.0,8657.05,91.20000000000005,2.585,0.0,183,543627086,222705713,2025-05-04 11:54:34+00:00
1,30,182,45,0,0.0,8659.71,90.60000000000002,0.0,0.0,182,543627029,222706026,2025-05-04 11:54:40+00:00
1,7,174,45,0,0.0,8663.74,89.60000000000002,1.157,0.0,174,543626729,222706425,2025-05-04 11:54:43+00:00
1,1,171,45,0,0.0,8668.1,89.39999999999998,1.484,0.0,171,543626394,222706948,2025-05-04 11:54:46+00:00
1,1,171,45,0,0.0,8672.28,88.79999999999995,1.484,0.0,171,543626151,222707583,2025-05-04 11:54:49+00:00
1,1,173,45,64,0.0,8677.29,88.39999999999998,1.437,0.0,173,543626039,222708339,2025-05-04 11:54:53+00:00
1,1,173,45,64,0.0,8679.32,88.39999999999998,1.409,0.5,173,543625998,222708677,2025-05-04 11:54:55+00:00
1,1,173,45,64,0.0,8689.68,88.60000000000002,1.791,0.5,173,543625515,222710014,2025-05-04 11:55:01+00:00
1,1,173,45,64,0.0,8698.21,88.60000000000002,2.015,0.5,173,543625144,222711165,2025-05-04 11:55:06+00:00
1,1,172,45,61,0.0,8707.67,88.60000000000002,1.54,0.5,172,543625048,222712660,2025-05-04 11:55:13+00:00
1,1,171,45,61,0.0,8717.4,89.0,1.605,0.5,171,543624906,222714138,2025-05-04 11:55:18+00:00
1,2,170,45,85,0.0,8729.71,88.60000000000002,2.127,0.5,170,543624601,222715903,2025-05-04 11:55:22+00:00
1,5,170,45,87,0.0,8740.38,88.0,2.631,0.0,170,543624506,222717565,2025-05-04 11:55:26+00:00
1,7,171,45,88,0.0,8754.65,89.20000000000005,2.771,0.0,171,543624014,222719611,2025-05-04 11:55:31+00:00
1,6,172,45,87,0.0,8763.42,89.39999999999998,2.799,0.5,172,543623703,222720883,2025-05-04 11:55:34+00:00
1,6,172,45,88,0.0,8771.31,89.20000000000005,2.771,0.0,172,543623619,222722084,2025-05-04 11:55:37+00:00
1,4,171,45,87,0.0,8783.17,89.60000000000002,2.818,0.5,171,543623183,222723789,2025-05-04 11:55:41+00:00
1,8,173,45,87,0.0,8796.68,90.60000000000002,2.799,0.5,173,543622811,222725729,2025-05-04 11:55:46+00:00
1,8,173,45,88,0.0,8805.55,91.0,2.762,0.5,173,543622752,222727126,2025-05-04 11:55:49+00:00
1,5,173,45,89,0.0,8813.85,91.20000000000005,2.865,0.0,173,543622872,222728290,2025-05-04 11:55:52+00:00
1,4,174,45,88,0.0,8822.23,90.79999999999995,2.837,0.5,174,543622781,222729666,2025-05-04 11:55:55+00:00
1,6,175,45,89,0.0,8831.01,90.79999999999995,2.846,0.0,175,543622717,222730936,2025-05-04 11:55:58+00:00
1,7,176,45,89,0.0,8842.72,91.20000000000005,2.883,0.5,176,543622636,222732698,2025-05-04 11:56:02+00:00
1,7,177,45,90,0.0,8854.34,91.60000000000002,2.893,0.5,177,543622439,222734491,2025-05-04 11:56:06+00:00
1,11,178,45,88,0.0,8868.86,92.0,2.93,0.0,178,543622013,222736537,2025-05-04 11:56:11+00:00
1,14,179,45,87,0.0,8877.59,91.60000000000002,2.911,0.5,179,543621664,222737814,2025-05-04 11:56:14+00:00
1,18,180,45,88,0.0,8885.92,91.20000000000005,2.921,0.5,180,543621736,222739037,2025-05-04 11:56:17+00:00
1,20,181,45,87,0.0,8896.05,91.0,2.893,0.0,181,543621639,222740584,2025-05-04 11:56:21+00:00
1,20,181,45,87,0.0,8901.0,91.0,2.874,0.0,181,543621321,222741120,2025-05-04 11:56:23+00:00
1,20,181,45,87,0.0,8903.67,91.0,2.865,0.0,181,543621123,222741296,2025-05-04 11:56:24+00:00
1,16,180,45,87,0.0,8906.49,91.0,2.846,0.0,180,543620780,222741330,2025-05-04 11:56:25+00:00
1,4,178,45,86,0.0,8911.71,91.0,2.846,0.5,178,543620267,222741759,2025-05-04 11:56:27+00:00
1,3,177,45,87,0.0,8921.51,90.79999999999995,2.809,0.5,177,543619572,222742943,2025-05-04 11:56:31+00:00
1,2,178,45,87,0.0,8935.34,90.60000000000002,2.771,0.5,178,543618681,222744695,2025-05-04 11:56:36+00:00
1,2,179,45,88,0.0,8943.11,90.0,2.781,0.0,179,543618348,222745683,2025-05-04 11:56:39+00:00
1,2,179,45,87,0.0,8953.29,90.79999999999995,2.762,0.5,179,543617594,222746847,2025-05-04 11:56:43+00:00
1,4,179,45,87,0.0,8963.6,90.60000000000002,2.725,0.0,179,543617062,222748232,2025-05-04 11:56:47+00:00
1,5,180,45,87,0.0,8968.47,90.39999999999998,2.715,0.0,180,543616692,222748835,2025-05-04 11:56:49+00:00
1,4,179,45,87,0.0,8973.68,90.0,2.697,0.5,179,543616133,222748770,2025-05-04 11:56:51+00:00
1,5,180,45,84,0.0,8984.61,89.79999999999995,2.687,0.5,180,543615039,222748082,2025-05-04 11:56:55+00:00
1,9,181,45,86,0.0,8998.39,90.0,2.715,0.0,181,543613756,222747208,2025-05-04 11:57:00+00:00
1,7,180,45,86,0.0,9004.01,89.39999999999998,2.715,0.0,180,543613246,222746732,2025-05-04 11:57:02+00:00
1,8,181,45,86,0.0,9009.26,89.39999999999998,2.715,0.0,181,543612827,222746317,2025-05-04 11:57:04+00:00
1,8,181,45,85,0.0,9017.15,89.39999999999998,2.678,0.5,181,543612120,222745737,2025-05-04 11:57:09+00:00
1,5,180,45,59,0.0,9024.69,89.39999999999998,1.791,0.5,180,543611313,222745396,2025-05-04 11:57:15+00:00
1,11,178,45,61,0.0,9038.49,88.79999999999995,1.624,0.5,178,543609933,222744644,2025-05-04 11:57:24+00:00
1,8,177,45,61,0.0,9048.7,88.79999999999995,1.689,0.0,177,543608854,222744125,2025-05-04 11:57:31+00:00
1,7,176,45,61,0.0,9051.87,89.20000000000005,1.689,0.0,176,543608471,222744114,2025-05-04 11:57:33+00:00
1,6,175,45,0,0.0,9056.47,89.20000000000005,1.698,0.0,175,543607913,222744014,2025-05-04 11:57:36+00:00
1,10,174,45,63,0.0,9065.02,91.0,1.586,0.5,174,543607090,222744033,2025-05-04 11:57:42+00:00
1,1,171,45,61,0.0,9074.57,91.39999999999998,1.596,0.0,171,543606100,222743963,2025-05-04 11:57:48+00:00
1,1,170,45,61,0.0,9077.36,91.20000000000005,1.586,0.0,170,543605792,222743980,2025-05-04 11:57:50+00:00
1,1,170,45,62,0.0,9089.03,90.60000000000002,1.512,0.0,170,543604591,222743621,2025-05-04 11:57:58+00:00
1,1,172,45,61,0.0,9099.73,91.39999999999998,1.502,0.5,172,543603363,222743361,2025-05-04 11:58:05+00:00
1,1,169,45,63,0.0,9107.9,92.79999999999995,1.493,0.0,169,543602462,222743235,2025-05-04 11:58:11+00:00
1,1,169,45,63,0.0,9109.36,92.79999999999995,1.484,0.0,169,543602317,222743185,2025-05-04 11:58:12+00:00
1,1,168,45,63,0.0,9121.7,93.79999999999995,1.484,0.5,168,543601070,222742730,2025-05-04 11:58:19+00:00
1,3,168,45,65,0.0,9133.47,94.60000000000002,1.558,0.5,168,543599930,222742215,2025-05-04 11:58:24+00:00
1,3,168,45,60,0.0,9143.56,95.79999999999995,1.026,0.0,168,543598856,222742411,2025-05-04 11:58:32+00:00
1,2,166,45,0,0.0,9154.29,95.0,1.698,0.0,166,543597552,222742179,2025-05-04 11:58:37+00:00
1,2,165,45,0,0.0,9162.72,95.39999999999998,2.93,0.0,165,543597002,222741456,2025-05-04 11:58:40+00:00
1,3,162,45,86,0.0,9169.84,95.39999999999998,2.482,0.5,162,543596893,222740340,2025-05-04 11:58:43+00:00
1,3,162,45,86,0.0,9171.53,94.60000000000002,2.267,0.0,162,543596827,222740137,2025-05-04 11:58:45+00:00
1,8,161,45,0,0.0,9178.7,94.20000000000005,1.297,0.0,161,543596839,222739050,2025-05-04 11:58:51+00:00
1,2,164,45,0,0.0,9182.26,94.20000000000005,2.137,0.0,164,543596735,222738525,2025-05-04 11:58:53+00:00
1,1,166,45,0,0.0,9184.55,94.0,1.484,0.0,166,543596520,222738324,2025-05-04 11:58:55+00:00
1,1,166,45,0,0.0,9185.91,93.79999999999995,1.39,0.0,166,543596398,222738170,2025-05-04 11:58:56+00:00
1,2,166,45,63,0.0,9193.51,93.39999999999998,1.204,0.5,166,543595960,222737224,2025-05-04 11:59:02+00:00
1,1,167,45,62,0.0,9201.22,93.39999999999998,1.26,0.5,167,543595081,222737054,2025-05-04 11:59:06+00:00
1,10,168,45,84,0.0,9214.92,93.0,2.669,0.5,168,543593642,222736659,2025-05-04 11:59:11+00:00
1,10,168,45,86,0.0,9224.39,93.20000000000005,2.407,0.0,168,543592636,222736488,2025-05-04 11:59:15+00:00
1,5,168,45,87,0.0,9235.09,93.39999999999998,2.631,0.0,168,543591550,222736154,2025-05-04 11:59:19+00:00
1,5,171,45,86,0.0,9243.47,93.39999999999998,2.641,0.5,171,543590675,222735853,2025-05-04 11:59:22+00:00
1,7,174,45,88,0.0,9251.0,92.79999999999995,2.641,0.0,174,543589877,222735539,2025-05-04 11:59:25+00:00
1,10,176,45,87,0.0,9259.15,92.60000000000002,2.622,0.0,176,543589045,222735325,2025-05-04 11:59:28+00:00
1,13,178,45,87,0.0,9272.32,92.79999999999995,2.613,0.5,178,543587627,222734927,2025-05-04 11:59:33+00:00
1,16,180,45,87,0.0,9285.52,93.0,2.631,0.5,180,543586241,222734567,2025-05-04 11:59:38+00:00
1,20,182,45,88,0.0,9293.34,93.60000000000002,2.622,0.0,182,543585456,222734440,2025-05-04 11:59:41+00:00
1,11,181,45,87,0.0,9303.49,93.79999999999995,2.613,0.0,181,543584390,222734124,2025-05-04 11:59:45+00:00
1,5,179,45,88,0.0,9313.61,94.20000000000005,2.594,0.0,179,543583273,222733739,2025-05-04 11:59:49+00:00
1,3,177,45,87,0.0,9324.26,94.60000000000002,2.575,0.5,177,543582129,222733569,2025-05-04 11:59:53+00:00
1,3,177,45,86,0.0,9334.9,94.20000000000005,2.594,0.5,177,543581053,222733332,2025-05-04 11:59:57+00:00
1,6,178,45,88,0.0,9347.52,94.60000000000002,2.585,0.0,178,543579722,222732893,2025-05-04 12:00:02+00:00
1,13,180,45,88,0.0,9361.03,95.39999999999998,2.594,0.0,180,543578340,222732543,2025-05-04 12:00:07+00:00
1,13,180,45,87,0.0,9370.89,95.39999999999998,2.594,0.5,180,543577308,222732095,2025-05-04 12:00:11+00:00
1,22,182,45,87,0.0,9389.14,95.79999999999995,2.585,0.5,182,543575419,222731342,2025-05-04 12:00:18+00:00
1,22,182,45,88,0.0,9399.29,96.39999999999998,2.585,0.0,182,543574383,222731013,2025-05-04 12:00:22+00:00
1,27,183,45,88,0.0,9411.94,96.39999999999998,2.557,0.5,183,543572924,222730765,2025-05-04 12:00:27+00:00
1,32,184,45,87,0.0,9422.07,96.0,2.557,0.5,184,543571958,222730494,2025-05-04 12:00:31+00:00
1,32,184,45,88,0.0,9431.44,95.60000000000002,2.566,0.0,184,543570981,222730126,2025-05-04 12:00:35+00:00
1,32,184,45,87,0.0,9441.89,95.60000000000002,2.547,0.0,184,543569884,222729775,2025-05-04 12:00:39+00:00
1,19,181,45,88,0.0,9452.48,95.60000000000002,2.547,0.0,181,543568773,222729402,2025-05-04 12:00:43+00:00
1,16,180,45,87,0.0,9459.96,95.79999999999995,2.547,0.5,180,543568022,222729131,2025-05-04 12:00:46+00:00
1,7,179,45,88,0.0,9470.17,95.20000000000005,2.547,0.0,179,543566932,222728891,2025-05-04 12:00:50+00:00
1,7,179,45,87,0.0,9479.81,95.0,2.538,0.5,179,543565868,222728657,2025-05-04 12:00:54+00:00
1,2,179,45,87,0.0,9494.93,95.39999999999998,2.529,0.5,179,543564227,222728393,2025-05-04 12:01:00+00:00
1,2,180,44,86,0.0,9509.86,95.20000000000005,2.538,0.0,180,543562675,222728086,2025-05-04 12:01:05+00:00
1,2,180,44,87,0.0,9522.69,95.0,2.557,0.0,180,543561366,222727660,2025-05-04 12:01:10+00:00
1,6,181,44,88,0.0,9538.2,95.20000000000005,2.566,0.0,181,543559734,222726935,2025-05-04 12:01:16+00:00
1,5,181,44,85,0.0,9548.41,95.0,2.566,0.0,181,543558735,222726495,2025-05-04 12:01:20+00:00
1,4,180,44,87,0.0,9558.22,94.79999999999995,2.547,0.0,180,543557793,222726057,2025-05-04 12:01:24+00:00
1,6,181,44,85,0.0,9568.43,95.0,2.538,0.0,181,543556648,222725697,2025-05-04 12:01:28+00:00
1,8,181,44,83,0.0,9579.76,95.20000000000005,2.575,0.5,181,543555578,222724813,2025-05-04 12:01:32+00:00
1,4,180,44,85,0.0,9585.23,94.39999999999998,2.585,0.0,180,543555644,222724035,2025-05-04 12:01:34+00:00
1,4,180,44,86,0.0,9591.24,94.39999999999998,2.594,0.0,180,543555820,222723221,2025-05-04 12:01:36+00:00
1,4,180,44,85,0.0,9601.67,94.20000000000005,2.622,0.0,180,543556316,222721796,2025-05-04 12:01:40+00:00
1,4,180,44,88,0.0,9610.11,93.39999999999998,2.641,0.0,180,543556860,222720799,2025-05-04 12:01:43+00:00
1,3,181,44,86,0.0,9623.6,92.79999999999995,2.65,0.5,181,543557733,222719127,2025-05-04 12:01:48+00:00
1,4,181,44,86,0.0,9636.08,93.0,2.641,0.5,181,543558458,222717491,2025-05-04 12:01:53+00:00
1,2,181,44,87,0.0,9655.2,93.79999999999995,2.659,0.5,181,543559118,222714830,2025-05-04 12:02:00+00:00
1,3,182,44,90,0.0,9670.16,93.79999999999995,2.687,0.0,182,543559831,222712807,2025-05-04 12:02:05+00:00
1,3,182,44,88,0.0,9679.55,92.60000000000002,2.697,0.5,182,543560411,222711623,2025-05-04 12:02:09+00:00
1,3,182,44,89,0.0,9686.6,92.79999999999995,2.659,0.0,182,543560741,222710694,2025-05-04 12:02:12+00:00
1,3,182,44,88,0.0,9699.97,92.39999999999998,2.65,0.5,182,543561461,222708887,2025-05-04 12:02:17+00:00
1,7,181,44,86,0.0,9710.04,91.79999999999995,2.631,0.5,181,543561973,222707508,2025-05-04 12:02:21+00:00
1,3,182,44,89,0.0,9722.04,91.0,2.641,0.0,182,543562705,222705986,2025-05-04 12:02:25+00:00
1,3,182,44,87,0.0,9731.26,91.39999999999998,2.697,0.5,182,543563288,222704807,2025-05-04 12:02:28+00:00
1,3,182,44,89,0.0,9744.89,91.60000000000002,2.715,0.0,182,543564132,222703142,2025-05-04 12:02:33+00:00
1,10,183,44,88,0.0,9757.32,92.79999999999995,2.706,0.5,183,543564907,222701690,2025-05-04 12:02:38+00:00
1,12,182,44,0,0.0,9764.38,92.79999999999995,2.398,0.0,182,543565288,222700668,2025-05-04 12:02:44+00:00
1,3,180,44,59,,9772.73,92.39999999999998,1.232,0.0,180,543565780,222699731,2025-05-04 12:02:50+00:00
1,1,179,44,58,,9781.99,92.39999999999998,1.288,0.5,179,543566256,222698515,2025-05-04 12:02:57+00:00
1,1,180,44,59,,9789.32,92.0,1.521,0.0,180,543566784,222697739,2025-05-04 12:03:02+00:00
1,1,178,44,59,,9800.07,91.60000000000002,1.456,0.0,178,543567503,222696245,2025-05-04 12:03:08+00:00
1,4,175,44,83,,9806.18,91.79999999999995,1.521,0.5,175,543567741,222695407,2025-05-04 12:03:10+00:00
1,6,173,44,85,,9812.05,92.20000000000005,2.407,0.5,173,543568094,222694728,2025-05-04 12:03:12+00:00
1,17,172,44,86,,9822.87,92.0,2.734,0.0,172,543568724,222693346,2025-05-04 12:03:16+00:00
1,28,171,44,89,,9836.7,93.39999999999998,2.781,0.0,171,543569154,222691452,2025-05-04 12:03:21+00:00
1,32,172,44,87,,9847.6,94.0,2.734,0.5,172,543569438,222689833,2025-05-04 12:03:25+00:00
1,32,172,44,86,,9858.22,93.39999999999998,2.743,0.0,172,543569872,222688327,2025-05-04 12:03:29+00:00
1,39,173,44,89,,9868.93,92.39999999999998,2.734,0.0,173,543570261,222686758,2025-05-04 12:03:33+00:00
1,43,174,44,87,,9882.3,92.20000000000005,2.743,0.5,174,543570577,222684826,2025-05-04 12:03:38+00:00
1,44,175,44,88,,9894.08,90.60000000000002,2.697,0.0,175,543570617,222682955,2025-05-04 12:03:42+00:00
1,46,175,44,86,,9904.16,90.79999999999995,2.781,0.0,175,543570795,222681422,2025-05-04 12:03:46+00:00
1,46,175,44,86,,9914.65,90.39999999999998,2.725,0.5,175,543570993,222679850,2025-05-04 12:03:50+00:00
1,47,176,44,88,,9931.21,89.20000000000005,2.725,0.0,176,543571238,222677412,2025-05-04 12:03:56+00:00
1,46,177,44,88,,9941.54,89.60000000000002,2.734,0.0,177,543571246,222675897,2025-05-04 12:04:00+00:00
1,14,179,44,87,,9953.16,89.60000000000002,2.715,0.5,179,543571406,222674059,2025-05-04 12:04:04+00:00
1,12,180,44,87,,9974.44,89.39999999999998,2.781,0.5,180,543571843,222670940,2025-05-04 12:04:11+00:00
1,15,181,44,89,,9987.47,89.79999999999995,2.781,0.0,181,543571954,222668892,2025-05-04 12:04:16+00:00
1,15,181,44,88,,9998.81,89.60000000000002,2.771,0.5,181,543572055,222667106,2025-05-04 12:04:20+00:00
1,15,181,44,89,,10004.32,89.39999999999998,2.781,0.5,181,543572154,222666243,2025-05-04 12:04:22+00:00
1,15,181,44,90,,10008.97,89.39999999999998,2.781,0.0,181,543572171,222665556,2025-05-04 12:04:24+00:00
1,21,182,44,86,0.0,10016.19,89.60000000000002,2.659,0.5,182,543572100,222664469,2025-05-04 12:04:29+00:00
1,27,181,44,61,0.0,10026.39,89.39999999999998,1.67,0.0,181,543572033,222662880,2025-05-04 12:04:37+00:00
1,23,180,44,59,0.0,10036.58,91.0,1.717,0.5,180,543572179,222661372,2025-05-04 12:04:44+00:00
1,2,178,44,63,0.0,10046.21,92.0,1.67,0.0,178,543572443,222659934,2025-05-04 12:04:51+00:00
1,4,175,44,0,0.0,10057.65,92.0,1.819,0.0,175,543572618,222658443,2025-05-04 12:04:57+00:00
1,4,176,44,0,0.0,10060.51,92.20000000000005,1.764,0.0,176,543572695,222658005,2025-05-04 12:04:59+00:00
1,1,173,43,62,0.0,10068.54,91.60000000000002,1.642,0.0,173,543572750,222656804,2025-05-04 12:05:04+00:00
1,1,171,43,64,0.0,10078.83,91.0,1.596,0.0,171,543573054,222655031,2025-05-04 12:05:12+00:00
1,2,170,43,63,0.0,10085.46,90.60000000000002,1.502,0.5,170,543573022,222653893,2025-05-04 12:05:17+00:00
1,2,168,43,62,0.0,10100.16,89.20000000000005,1.754,0.0,168,543573013,222651875,2025-05-04 12:05:24+00:00
1,2,166,43,0,0.0,10108.25,90.0,1.661,0.0,166,543573049,222650702,2025-05-04 12:05:29+00:00
1,2,166,43,64,0.0,10115.63,90.79999999999995,1.437,0.0,166,543573002,222649418,2025-05-04 12:05:35+00:00
1,1,163,43,63,0.0,10124.61,90.79999999999995,1.512,0.0,163,543572959,222648147,2025-05-04 12:05:41+00:00
1,1,162,43,62,0.0,10127.6,91.0,1.484,0.5,162,543572961,222647687,2025-05-04 12:05:43+00:00
1,1,161,43,64,0.0,10136.92,91.0,1.493,0.5,161,543573017,222646347,2025-05-04 12:05:49+00:00
1,2,159,43,63,0.0,10146.43,91.39999999999998,1.474,0.0,159,543573313,222644879,2025-05-04 12:05:55+00:00
1,2,159,43,0,0.0,10148.19,91.39999999999998,1.512,0.0,159,543573220,222644631,2025-05-04 12:05:57+00:00
1,2,160,43,59,0.0,10150.22,91.60000000000002,1.474,0.0,160,543572951,222644774,2025-05-04 12:05:59+00:00
1,2,159,43,61,0.0,10158.07,92.39999999999998,1.362,0.5,159,543572091,222644759,2025-05-04 12:06:05+00:00
1,3,158,43,0,0.0,10166.77,92.39999999999998,1.194,0.0,158,543571146,222644793,2025-05-04 12:06:12+00:00
1,1,156,43,0,0.0,10173.29,94.0,1.222,0.0,156,543570360,222644767,2025-05-04 12:06:17+00:00
1,1,157,43,62,0.0,10183.9,94.79999999999995,1.26,0.5,157,543569208,222644780,2025-05-04 12:06:22+00:00
1,1,157,43,86,0.0,10202.27,96.60000000000002,2.622,0.0,157,543567322,222645189,2025-05-04 12:06:29+00:00
1,1,157,43,88,0.0,10217.09,96.60000000000002,2.407,0.0,157,543565686,222645393,2025-05-04 12:06:35+00:00
1,8,158,43,88,0.0,10233.93,96.0,2.575,0.0,158,543563920,222645548,2025-05-04 12:06:41+00:00
1,7,161,43,86,0.0,10243.24,96.60000000000002,2.566,0.5,161,543562901,222645727,2025-05-04 12:06:45+00:00
1,10,164,43,87,0.0,10257.46,95.79999999999995,2.687,0.0,164,543561417,222645833,2025-05-04 12:06:50+00:00
1,12,165,43,87,0.0,10262.21,95.60000000000002,2.641,0.0,165,543560900,222645920,2025-05-04 12:06:52+00:00
1,17,168,43,85,0.0,10278.31,96.39999999999998,2.575,0.5,168,543559334,222645370,2025-05-04 12:06:58+00:00
1,19,170,43,85,0.0,10288.21,95.20000000000005,2.566,0.5,170,543558370,222644626,2025-05-04 12:07:02+00:00
1,16,171,43,0,0.0,10294.43,93.60000000000002,2.482,0.0,171,543557892,222643910,2025-05-04 12:07:07+00:00
1,16,171,43,68,0.0,10301.38,94.79999999999995,2.155,0.5,171,543557407,222643098,2025-05-04 12:07:11+00:00
1,1,171,43,60,0.0,10310.44,96.0,1.726,0.5,171,543557210,222641754,2025-05-04 12:07:18+00:00
1,1,171,43,0,0.0,10314.74,95.39999999999998,1.605,0.0,171,543557713,222641488,2025-05-04 12:07:21+00:00
1,2,170,43,55,0.0,10324.94,94.20000000000005,1.969,0.5,170,543558755,222640981,2025-05-04 12:07:25+00:00
1,2,171,43,83,0.0,10337.47,93.60000000000002,2.099,0.5,171,543560050,222640796,2025-05-04 12:07:30+00:00
1,6,170,43,87,0.0,10351.92,93.60000000000002,2.51,0.0,170,543561515,222640860,2025-05-04 12:07:35+00:00
1,6,170,43,88,0.0,10362.48,93.60000000000002,2.435,0.0,170,543562600,222640850,2025-05-04 12:07:39+00:00
1,21,172,43,88,0.0,10374.13,94.20000000000005,2.333,0.0,172,543563938,222640821,2025-05-04 12:07:44+00:00
1,21,174,43,86,0.0,10384.36,94.20000000000005,2.426,0.0,174,543565046,222640631,2025-05-04 12:07:48+00:00
1,21,174,43,89,0.0,10395.66,94.20000000000005,2.445,0.0,174,543566229,222640523,2025-05-04 12:07:52+00:00
1,23,175,43,88,0.0,10409.6,94.60000000000002,2.585,0.0,175,543567703,222640467,2025-05-04 12:07:57+00:00
1,28,176,43,87,0.0,10421.28,95.39999999999998,2.603,0.0,176,543568911,222640519,2025-05-04 12:08:01+00:00
1,30,177,43,88,0.0,10430.73,97.0,2.585,0.0,177,543569943,222640224,2025-05-04 12:08:05+00:00
1,29,178,43,87,0.0,10444.2,96.79999999999995,2.594,0.5,178,543571374,222640000,2025-05-04 12:08:10+00:00
1,26,179,43,88,0.0,10450.71,95.60000000000002,2.557,0.0,179,543572003,222639885,2025-05-04 12:08:14+00:00
1,26,180,43,86,0.0,10458.0,95.39999999999998,1.782,0.0,180,543572862,222639836,2025-05-04 12:08:20+00:00
1,17,177,43,60,0.0,10468.08,94.60000000000002,1.698,0.0,177,543573950,222639863,2025-05-04 12:08:27+00:00
1,4,174,43,58,0.0,10476.91,94.20000000000005,1.502,0.0,174,543574898,222639833,2025-05-04 12:08:34+00:00
1,1,173,43,0,0.0,10485.07,95.60000000000002,1.381,0.0,173,543575789,222639736,2025-05-04 12:08:41+00:00
1,1,170,43,0,0.0,10491.99,95.20000000000005,1.166,0.0,170,543576554,222639715,2025-05-04 12:08:47+00:00
1,1,170,43,57,0.0,10499.06,95.79999999999995,1.148,0.0,170,543577352,222639534,2025-05-04 12:08:53+00:00
1,0,168,43,59,0.0,10506.11,96.39999999999998,1.204,0.5,168,543578046,222639335,2025-05-04 12:08:58+00:00
1,1,165,43,57,0.0,10517.48,96.60000000000002,1.372,0.0,165,543579143,222639034,2025-05-04 12:09:05+00:00
1,1,166,43,55,0.0,10519.48,96.79999999999995,1.39,0.5,166,543579383,222638958,2025-05-04 12:09:06+00:00
1,1,166,43,83,0.0,10533.38,97.20000000000005,1.53,0.5,166,543580899,222638889,2025-05-04 12:09:12+00:00
1,1,169,43,85,0.0,10540.65,97.20000000000005,2.389,0.5,169,543581677,222638650,2025-05-04 12:09:15+00:00
1,2,170,43,84,0.0,10548.74,97.39999999999998,2.445,0.0,170,543582524,222638527,2025-05-04 12:09:18+00:00
1,5,171,43,87,0.0,10560.54,97.39999999999998,2.473,0.0,171,543583809,222638379,2025-05-04 12:09:23+00:00
1,11,173,43,85,0.0,10576.39,97.20000000000005,2.473,0.5,173,543585455,222637967,2025-05-04 12:09:29+00:00
1,13,174,43,85,0.0,10586.79,97.20000000000005,2.51,0.0,174,543586549,222637622,2025-05-04 12:09:33+00:00
1,9,172,43,86,0.0,10599.83,97.79999999999995,2.529,0.0,172,543587899,222637404,2025-05-04 12:09:38+00:00
1,9,172,43,86,0.0,10610.19,98.60000000000002,2.575,0.0,172,543589082,222637033,2025-05-04 12:09:42+00:00
1,9,172,43,85,0.0,10614.52,98.79999999999995,2.566,0.5,172,543589505,222637213,2025-05-04 12:09:44+00:00
1,9,172,43,84,0.0,10618.78,98.79999999999995,2.501,0.0,172,543589923,222637543,2025-05-04 12:09:46+00:00
1,12,172,43,86,0.0,10634.2,99.20000000000005,2.51,0.5,172,543591523,222637945,2025-05-04 12:09:52+00:00
1,8,171,43,86,0.0,10636.76,99.39999999999998,2.501,0.5,171,543591784,222638240,2025-05-04 12:09:53+00:00
1,8,171,43,87,0.0,10642.15,99.39999999999998,2.491,0.0,171,543591967,222638959,2025-05-04 12:09:55+00:00
1,7,172,43,87,0.0,10650.81,98.39999999999998,2.491,0.0,172,543592159,222640097,2025-05-04 12:10:01+00:00
1,7,172,43,60,0.0,10652.61,98.20000000000005,2.454,0.0,172,543592408,222640097,2025-05-04 12:10:03+00:00
1,2,171,43,62,0.0,10663.27,96.60000000000002,1.596,0.5,171,543593527,222640004,2025-05-04 12:10:12+00:00
1,1,172,43,0,0.0,10670.31,97.39999999999998,1.708,0.0,172,543594238,222639646,2025-05-04 12:10:17+00:00
1,2,170,43,59,0.0,10681.05,98.79999999999995,1.558,0.0,170,543595414,222639776,2025-05-04 12:10:25+00:00
1,1,167,43,61,0.0,10686.55,99.20000000000005,1.474,0.0,167,543596127,222639804,2025-05-04 12:10:30+00:00
1,1,167,43,59,0.0,10690.63,98.39999999999998,1.446,0.0,167,543596540,222639697,2025-05-04 12:10:33+00:00
1,1,165,43,59,0.0,10693.17,98.39999999999998,1.4,0.0,165,543596790,222639963,2025-05-04 12:10:35+00:00
1,1,165,43,58,0.0,10697.22,97.79999999999995,1.437,0.0,165,543596937,222640449,2025-05-04 12:10:37+00:00
1,1,164,43,60,0.0,10707.41,96.20000000000005,1.446,0.5,164,543597274,222641929,2025-05-04 12:10:41+00:00
1,2,165,43,83,0.0,10721.2,94.79999999999995,2.174,0.5,165,543597568,222643969,2025-05-04 12:10:46+00:00
1,3,163,43,87,0.0,10732.13,94.0,2.277,0.0,163,543597857,222645606,2025-05-04 12:10:50+00:00
1,0,163,43,86,0.0,10745.94,93.79999999999995,2.417,0.0,163,543598000,222647657,2025-05-04 12:10:55+00:00
1,2,165,43,86,0.0,10756.24,93.39999999999998,2.323,0.0,165,543598274,222649161,2025-05-04 12:10:59+00:00
1,1,164,42,86,0.0,10765.9,93.60000000000002,2.361,0.0,164,543598444,222650678,2025-05-04 12:11:03+00:00
1,3,166,42,86,0.0,10776.72,93.20000000000005,2.361,0.0,166,543598664,222652327,2025-05-04 12:11:07+00:00
1,3,167,42,87,0.0,10787.72,93.0,2.463,0.0,167,543598945,222653875,2025-05-04 12:11:11+00:00
1,1,168,42,86,0.0,10796.47,93.20000000000005,2.482,0.5,168,543599018,222655252,2025-05-04 12:11:14+00:00
1,1,169,42,86,0.0,10804.63,92.60000000000002,2.566,0.0,169,543599272,222656426,2025-05-04 12:11:17+00:00
1,2,169,42,85,0.0,10817.24,92.60000000000002,2.575,0.0,169,543599248,222658312,2025-05-04 12:11:22+00:00
1,4,170,42,86,0.0,10832.22,92.79999999999995,2.538,0.0,170,543599462,222660634,2025-05-04 12:11:28+00:00
1,8,172,42,87,0.0,10842.1,92.79999999999995,2.547,0.0,172,543599668,222662082,2025-05-04 12:11:32+00:00
1,9,174,42,86,0.0,10855.91,92.20000000000005,2.557,0.0,174,543599933,222664151,2025-05-04 12:11:37+00:00
1,10,175,42,86,0.0,10866.01,92.60000000000002,2.566,0.0,175,543600133,222665720,2025-05-04 12:11:41+00:00
1,13,176,42,88,0.0,10882.56,92.60000000000002,2.594,0.5,176,543600522,222668115,2025-05-04 12:11:47+00:00
1,13,176,42,86,0.0,10895.63,92.60000000000002,2.622,0.0,176,543600623,222670101,2025-05-04 12:11:52+00:00
1,10,176,42,86,0.0,10905.89,92.79999999999995,2.622,0.0,176,543600711,222671647,2025-05-04 12:11:56+00:00
1,2,178,42,86,0.0,10914.07,92.20000000000005,2.622,0.0,178,543600856,222672921,2025-05-04 12:11:59+00:00
1,2,178,42,86,0.0,10930.24,93.39999999999998,2.65,0.0,178,543600958,222675369,2025-05-04 12:12:05+00:00
1,4,178,42,88,0.0,10941.37,93.39999999999998,2.669,0.0,178,543601169,222677026,2025-05-04 12:12:09+00:00
1,5,178,42,88,0.0,10955.13,93.39999999999998,2.715,0.0,178,543601157,222679118,2025-05-04 12:12:14+00:00
1,5,178,42,86,0.0,10965.45,94.39999999999998,2.725,0.5,178,543600917,222680772,2025-05-04 12:12:18+00:00
1,4,178,42,88,0.0,10969.63,94.39999999999998,2.706,0.0,178,543600510,222681248,2025-05-04 12:12:20+00:00
1,4,179,42,88,0.0,10974.03,94.60000000000002,2.678,0.0,179,543599979,222681306,2025-05-04 12:12:22+00:00
1,4,179,42,86,0.0,10988.49,95.39999999999998,2.641,0.0,179,543598413,222681209,2025-05-04 12:12:27+00:00
1,5,179,42,88,0.0,11000.57,95.39999999999998,2.687,0.0,179,543597171,222680950,2025-05-04 12:12:31+00:00
1,5,179,42,87,0.0,11003.16,95.20000000000005,2.743,0.5,179,543596889,222680920,2025-05-04 12:12:32+00:00
1,6,180,42,87,0.0,11012.53,96.20000000000005,2.631,0.5,180,543595949,222680803,2025-05-04 12:12:37+00:00
1,4,179,42,62,0.0,11024.65,99.39999999999998,2.165,0.5,179,543594764,222680749,2025-05-04 12:12:43+00:00
1,2,177,42,61,0.0,11033.25,100.0,1.829,0.5,177,543593769,222680543,2025-05-04 12:12:50+00:00
1,2,176,42,61,0.0,11044.68,99.60000000000002,1.661,0.0,176,543592588,222680325,2025-05-04 12:12:58+00:00
1,2,176,42,60,0.0,11049.74,98.0,1.493,0.0,176,543591904,222680385,2025-05-04 12:13:03+00:00
1,2,175,42,60,0.0,11052.68,97.60000000000002,1.53,0.0,175,543591599,222680304,2025-05-04 12:13:05+00:00
1,3,172,42,0,0.0,11056.85,96.39999999999998,1.008,0.0,172,543590980,222680511,2025-05-04 12:13:10+00:00
1,3,171,42,60,0.0,11058.26,96.39999999999998,1.082,0.5,171,543590746,222680459,2025-05-04 12:13:13+00:00
1,2,170,42,59,0.0,11060.86,95.79999999999995,0.924,0.0,170,543590615,222680855,2025-05-04 12:13:16+00:00
1,2,170,42,58,0.0,11062.54,95.39999999999998,0.933,0.5,170,543590627,222681135,2025-05-04 12:13:18+00:00
1,2,169,42,64,0.0,11069.54,95.39999999999998,0.989,0.0,169,543590669,222682223,2025-05-04 12:13:22+00:00
1,2,169,42,84,0.0,11080.29,94.79999999999995,2.585,0.0,169,543590629,222683835,2025-05-04 12:13:26+00:00
1,3,169,42,86,0.0,11089.1,95.20000000000005,2.081,0.0,169,543590604,222685241,2025-05-04 12:13:30+00:00
1,9,170,42,86,0.0,11099.34,94.79999999999995,2.398,0.5,170,543590588,222686787,2025-05-04 12:13:34+00:00
1,18,169,42,87,0.0,11109.73,95.20000000000005,2.594,0.0,169,543590578,222688291,2025-05-04 12:13:38+00:00
1,17,170,42,86,0.0,11117.55,94.79999999999995,2.575,0.5,170,543590515,222689554,2025-05-04 12:13:41+00:00
1,19,171,42,87,0.0,11130.73,94.20000000000005,2.538,0.0,171,543590511,222691619,2025-05-04 12:13:46+00:00
1,22,172,42,87,0.0,11139.07,94.20000000000005,2.585,0.0,172,543590533,222692774,2025-05-04 12:13:49+00:00
1,22,172,42,88,0.0,11149.19,94.20000000000005,2.585,0.0,172,543590443,222694358,2025-05-04 12:13:53+00:00
1,15,172,42,87,0.0,11158.81,96.0,2.547,0.0,172,543590449,222695915,2025-05-04 12:13:57+00:00
1,6,171,42,87,0.0,11167.17,96.60000000000002,2.519,0.0,171,543590567,222697136,2025-05-04 12:14:00+00:00
1,6,171,42,86,0.0,11172.3,97.79999999999995,2.557,0.0,171,543590197,222697793,2025-05-04 12:14:02+00:00
1,4,171,42,86,0.0,11177.89,98.39999999999998,2.557,0.0,171,543589609,222698194,2025-05-04 12:14:04+00:00
1,3,172,42,86,0.0,11190.99,97.60000000000002,2.613,0.0,172,543588299,222698165,2025-05-04 12:14:08+00:00
1,3,173,42,88,0.0,11210.94,95.79999999999995,2.697,0.5,173,543586190,222697915,2025-05-04 12:14:15+00:00
1,8,174,42,89,0.0,11225.3,94.60000000000002,2.818,0.0,174,543584689,222697615,2025-05-04 12:14:20+00:00
1,12,175,42,88,0.0,11235.67,94.0,2.781,0.5,175,543583566,222697475,2025-05-04 12:14:24+00:00
1,13,176,42,88,0.0,11245.36,93.20000000000005,2.725,0.5,176,543582546,222697235,2025-05-04 12:14:28+00:00
1,5,176,42,88,0.0,11259.08,92.39999999999998,2.65,0.0,176,543581127,222696948,2025-05-04 12:14:34+00:00
1,3,176,42,0,0.0,11266.32,92.0,2.249,0.0,176,543580323,222696684,2025-05-04 12:14:39+00:00
1,3,176,42,0,0.0,11267.41,92.0,2.174,0.0,176,543580243,222696466,2025-05-04 12:14:40+00:00
1,1,173,42,61,0.0,11272.12,91.60000000000002,1.829,0.0,173,543580336,222695712,2025-05-04 12:14:43+00:00
1,1,173,42,60,0.0,11285.2,91.60000000000002,1.857,0.0,173,543580942,222693947,2025-05-04 12:14:51+00:00
1,1,172,42,59,0.0,11293.2,90.79999999999995,1.465,0.5,172,543581366,222692794,2025-05-04 12:14:58+00:00
1,2,171,42,58,0.0,11299.93,90.20000000000005,1.446,0.5,171,543581820,222692003,2025-05-04 12:15:03+00:00
1,2,170,42,0,0.0,11309.17,89.20000000000005,1.512,0.0,170,543582134,222690565,2025-05-04 12:15:10+00:00
1,1,169,42,56,0.0,11315.31,89.60000000000002,1.344,0.5,169,543582373,222689561,2025-05-04 12:15:16+00:00
1,1,168,42,59,0.0,11327.47,92.39999999999998,1.316,0.0,168,543583005,222688005,2025-05-04 12:15:24+00:00
1,1,166,42,60,0.0,11337.59,92.39999999999998,1.465,0.5,166,543583416,222686657,2025-05-04 12:15:28+00:00
1,2,165,42,86,0.0,11348.1,92.79999999999995,2.034,0.0,165,543583976,222685290,2025-05-04 12:15:32+00:00
1,1,164,42,87,0.0,11357.69,92.79999999999995,2.006,0.0,164,543584436,222683933,2025-05-04 12:15:36+00:00
1,1,163,42,86,0.0,11367.49,92.60000000000002,2.146,0.0,163,543584969,222682594,2025-05-04 12:15:40+00:00
1,1,164,42,87,0.0,11375.66,91.60000000000002,2.165,0.0,164,543585184,222681387,2025-05-04 12:15:43+00:00
1,1,164,42,86,0.0,11385.78,91.0,2.314,0.0,164,543585336,222679864,2025-05-04 12:15:47+00:00
1,1,165,42,86,0.0,11395.91,91.20000000000005,2.277,0.5,165,543585295,222678318,2025-05-04 12:15:51+00:00
1,1,166,42,88,0.0,11406.38,91.20000000000005,2.295,0.0,166,543585247,222676737,2025-05-04 12:15:55+00:00
1,4,168,41,88,0.0,11422.46,90.79999999999995,2.417,0.0,168,543585202,222674293,2025-05-04 12:16:01+00:00
1,8,170,41,87,0.0,11433.33,91.39999999999998,2.435,0.5,170,543585189,222672691,2025-05-04 12:16:05+00:00
1,5,171,41,88,0.0,11441.37,91.39999999999998,2.473,0.0,171,543585209,222671428,2025-05-04 12:16:08+00:00
1,3,173,41,87,0.0,11451.69,91.20000000000005,2.482,0.5,173,543585098,222669837,2025-05-04 12:16:12+00:00
1,3,174,41,89,0.0,11460.21,92.20000000000005,2.491,0.0,174,543585056,222668524,2025-05-04 12:16:16+00:00
1,3,175,41,87,0.0,11467.53,92.39999999999998,2.454,0.0,175,543585384,222667373,2025-05-04 12:16:19+00:00
1,3,175,41,86,0.0,11469.81,92.20000000000005,2.445,0.0,175,543585575,222667192,2025-05-04 12:16:20+00:00
1,3,175,41,87,0.0,11476.76,92.0,2.435,0.0,175,543586380,222667164,2025-05-04 12:16:23+00:00
1,3,174,41,88,0.0,11489.88,92.0,2.445,0.0,174,543587752,222667607,2025-05-04 12:16:28+00:00
1,4,175,41,86,0.0,11499.94,93.20000000000005,2.454,0.0,175,543588909,222667812,2025-05-04 12:16:32+00:00
1,4,175,41,88,0.0,11505.27,93.60000000000002,2.398,0.0,175,543589477,222667583,2025-05-04 12:16:37+00:00
1,3,173,41,57,0.0,11514.87,94.39999999999998,1.81,0.0,173,543590488,222667516,2025-05-04 12:16:44+00:00
1,1,172,41,0,0.0,11523.73,95.39999999999998,1.857,0.0,172,543591312,222667431,2025-05-04 12:16:49+00:00
1,3,172,41,64,0.0,11535.53,96.0,1.95,0.0,172,543592376,222667861,2025-05-04 12:16:55+00:00
1,2,173,41,61,0.0,11543.01,96.79999999999995,1.773,0.0,173,543593276,222667798,2025-05-04 12:17:02+00:00
1,2,170,41,63,0.0,11554.66,98.0,1.502,0.0,170,543594709,222667904,2025-05-04 12:17:11+00:00
1,3,168,41,62,0.0,11559.84,98.79999999999995,1.409,0.5,168,543595378,222668120,2025-05-04 12:17:17+00:00
1,2,165,41,61,0.0,11570.04,100.20000000000005,1.4,0.0,165,543596465,222668138,2025-05-04 12:17:24+00:00
1,2,165,41,61,0.0,11571.34,100.60000000000002,1.428,0.0,165,543596604,222668141,2025-05-04 12:17:25+00:00
1,2,164,41,61,0.0,11581.93,100.39999999999998,1.642,0.5,164,543597738,222668017,2025-05-04 12:17:30+00:00
1,5,163,41,83,0.0,11596.15,100.20000000000005,2.127,0.5,163,543599131,222667601,2025-05-04 12:17:35+00:00
1,7,164,41,85,0.0,11609.06,99.20000000000005,2.641,0.0,164,543600028,222666409,2025-05-04 12:17:40+00:00
1,14,165,41,85,0.0,11618.0,96.79999999999995,2.305,0.5,165,543599878,222665062,2025-05-04 12:17:44+00:00
1,6,166,41,87,0.0,11630.53,95.39999999999998,2.342,0.0,166,543599668,222663185,2025-05-04 12:17:49+00:00
1,4,168,41,87,0.0,11642.79,94.60000000000002,2.407,0.0,168,543599437,222661358,2025-05-04 12:17:54+00:00
1,4,168,41,87,0.0,11655.67,94.20000000000005,2.398,0.0,168,543599198,222659439,2025-05-04 12:17:59+00:00
1,10,169,41,87,0.0,11667.95,93.60000000000002,2.463,0.0,169,543599008,222657628,2025-05-04 12:18:04+00:00
1,5,170,41,87,0.0,11677.83,93.39999999999998,2.426,0.0,170,543598916,222656046,2025-05-04 12:18:08+00:00
1,9,171,41,87,0.0,11688.72,93.20000000000005,2.426,0.0,171,543598218,222654768,2025-05-04 12:18:13+00:00
1,14,172,41,87,0.0,11698.42,94.20000000000005,2.389,0.0,172,543597160,222654671,2025-05-04 12:18:17+00:00
1,14,172,41,87,0.0,11713.87,93.39999999999998,2.445,0.0,172,543595580,222654885,2025-05-04 12:18:22+00:00
1,20,173,41,87,0.0,11727.25,92.60000000000002,2.501,0.0,173,543594053,222654995,2025-05-04 12:18:27+00:00
1,22,174,41,88,0.0,11731.1,92.60000000000002,2.519,0.0,174,543594094,222654896,2025-05-04 12:18:30+00:00
1,22,174,41,82,0.0,11738.06,92.79999999999995,2.445,0.5,174,543594895,222654804,2025-05-04 12:18:33+00:00
1,23,175,41,81,0.0,11740.38,93.20000000000005,2.407,0.5,175,543595078,222654681,2025-05-04 12:18:34+00:00
1,21,174,41,85,0.0,11750.0,93.79999999999995,2.482,0.5,174,543596111,222654591,2025-05-04 12:18:38+00:00
1,21,175,41,87,0.0,11756.9,93.79999999999995,2.305,0.0,175,543597044,222654508,2025-05-04 12:18:42+00:00
1,21,175,41,86,0.0,11771.81,93.39999999999998,2.295,0.0,175,543598496,222654899,2025-05-04 12:18:47+00:00
1,27,176,41,86,0.0,11776.94,93.39999999999998,2.407,0.0,176,543598683,222655643,2025-05-04 12:18:49+00:00
1,28,176,41,86,0.0,11782.24,93.20000000000005,2.445,0.0,176,543598802,222656421,2025-05-04 12:18:51+00:00
1,28,176,41,88,0.0,11795.78,93.39999999999998,2.501,0.0,176,543599188,222658381,2025-05-04 12:18:56+00:00
1,15,177,41,86,0.0,11806.19,93.39999999999998,2.557,0.0,177,543599512,222659909,2025-05-04 12:19:00+00:00
1,15,178,41,88,0.0,11816.62,93.79999999999995,2.557,0.0,178,543599735,222661467,2025-05-04 12:19:04+00:00
1,10,179,41,87,0.0,11827.16,94.0,2.557,0.5,179,543599985,222662996,2025-05-04 12:19:09+00:00
1,18,180,41,0,0.0,11836.77,92.60000000000002,1.847,0.0,180,543600279,222664419,2025-05-04 12:19:16+00:00
1,17,177,41,56,0.0,11842.11,92.20000000000005,1.838,0.5,177,543600294,222665243,2025-05-04 12:19:20+00:00
1,5,174,41,56,0.0,11845.07,92.0,1.838,0.5,174,543600358,222665675,2025-05-04 12:19:22+00:00
1,6,173,41,57,0.0,11850.36,91.60000000000002,1.717,0.0,173,543600380,222666483,2025-05-04 12:19:26+00:00
1,6,173,41,0,0.0,11853.78,92.39999999999998,1.437,0.0,173,543600378,222666907,2025-05-04 12:19:31+00:00
1,3,172,41,55,,11861.5,91.79999999999995,1.054,0.0,172,543600165,222665524,2025-05-04 12:19:39+00:00
1,1,170,41,54,,11866.41,92.0,1.157,0.0,170,543600134,222664922,2025-05-04 12:19:43+00:00
