107,135,136,143,cadence,cycle_length16,distance,enhanced_altitude,enhanced_speed,fractional_cadence,heart_rate,position_lat,position_long,timestamp
0,2,86,83,0,655.34,1.03,88.60000000000002,1.642,0.0,86,543625055,222660175,2025-08-02 06:22:51+00:00
1,1,89,83,0,655.33,3.3,88.79999999999995,0.0,0.0,89,543625289,222659933,2025-08-02 06:22:52+00:00
1,1,89,83,0,655.32,8.21,89.20000000000005,2.081,0.0,89,543625599,222659331,2025-08-02 06:22:54+00:00
1,1,90,83,79,0.02,20.08,89.39999999999998,2.921,0.5,90,543626653,222658456,2025-08-02 06:22:58+00:00
1,2,93,82,80,0.01,25.39,89.20000000000005,2.809,0.5,93,543627144,222658001,2025-08-02 06:23:00+00:00
1,1,98,82,81,,27.83,89.0,2.715,0.5,98,543627317,222657786,2025-08-02 06:23:01+00:00
1,0,101,82,82,0.03,30.67,89.0,2.669,0.5,101,543627543,222657470,2025-08-02 06:23:02+00:00
1,0,103,82,82,,33.15,88.79999999999995,2.715,0.5,103,543627769,222657222,2025-08-02 06:23:03+00:00
1,0,105,82,82,0.01,44.0,89.39999999999998,2.659,0.5,105,543628607,222656061,2025-08-02 06:23:07+00:00
1,0,108,82,84,655.34,48.87,89.20000000000005,2.697,0.5,108,543628956,222655585,2025-08-02 06:23:09+00:00
1,0,110,82,83,,53.75,89.60000000000002,2.641,0.5,110,543629329,222655058,2025-08-02 06:23:11+00:00
1,0,113,82,83,0.0,58.99,89.20000000000005,2.594,0.5,113,543629804,222654548,2025-08-02 06:23:13+00:00
1,1,116,82,82,,64.24,89.39999999999998,2.585,0.5,116,543630249,222654037,2025-08-02 06:23:15+00:00
1,2,119,82,83,655.34,69.41,89.60000000000002,2.575,0.5,119,543630662,222653462,2025-08-02 06:23:17+00:00
1,2,122,82,83,655.33,72.03,89.79999999999995,2.585,0.5,122,543630813,222653192,2025-08-02 06:23:18+00:00
1,1,125,82,85,,74.78,89.79999999999995,2.585,0.5,125,543631038,222652911,2025-08-02 06:23:19+00:00
1,1,128,82,85,,77.58,90.0,2.585,0.5,128,543631330,222652728,2025-08-02 06:23:20+00:00
1,0,130,82,85,0.01,83.19,90.39999999999998,2.613,0.5,130,543631819,222652194,2025-08-02 06:23:22+00:00
1,0,131,82,85,0.01,91.75,90.0,2.687,0.0,131,543632436,222651315,2025-08-02 06:23:25+00:00
1,0,132,82,84,655.32,102.24,90.79999999999995,2.697,0.5,132,543633222,222650141,2025-08-02 06:23:29+00:00
1,0,132,82,84,655.3,112.22,91.39999999999998,2.687,0.0,132,543634028,222649233,2025-08-02 06:23:33+00:00
1,0,133,82,85,655.3,120.45,90.79999999999995,2.659,0.5,133,543634647,222648256,2025-08-02 06:23:36+00:00
1,1,135,82,84,655.3,131.93,91.39999999999998,2.678,0.5,135,543635600,222647262,2025-08-02 06:23:40+00:00
1,0,136,82,86,655.3,139.8,91.0,2.697,0.0,136,543636204,222646354,2025-08-02 06:23:43+00:00
1,1,137,82,86,655.3,150.14,91.39999999999998,2.687,0.5,137,543637038,222645468,2025-08-02 06:23:47+00:00
1,1,138,82,86,655.3,158.02,91.0,2.678,0.0,138,543637608,222644497,2025-08-02 06:23:50+00:00
1,0,139,82,85,655.3,168.47,91.39999999999998,2.659,0.5,139,543638407,222643410,2025-08-02 06:23:54+00:00
1,1,140,82,85,655.3,176.75,91.39999999999998,2.669,0.0,140,543639047,222642544,2025-08-02 06:23:57+00:00
1,1,143,82,86,655.3,187.47,91.60000000000002,2.659,0.5,143,543639970,222641580,2025-08-02 06:24:01+00:00
1,1,145,82,85,655.3,195.53,91.0,2.678,0.5,145,543640604,222640689,2025-08-02 06:24:04+00:00
1,1,146,82,86,655.3,206.06,91.79999999999995,2.678,0.0,146,543641530,222639831,2025-08-02 06:24:08+00:00
1,1,146,82,86,655.3,214.63,91.20000000000005,2.678,0.5,146,543642163,222638865,2025-08-02 06:24:11+00:00
1,1,147,82,86,655.3,228.2,91.20000000000005,2.678,0.0,147,543643342,222637583,2025-08-02 06:24:16+00:00
1,1,147,82,87,655.3,235.46,91.20000000000005,2.678,0.0,147,543643829,222636785,2025-08-02 06:24:19+00:00
1,0,148,82,87,655.3,245.37,91.39999999999998,2.659,0.0,148,543644648,222635750,2025-08-02 06:24:23+00:00
1,1,148,82,87,655.3,254.81,91.79999999999995,2.641,0.5,148,543645360,222634732,2025-08-02 06:24:27+00:00
1,1,148,82,88,655.3,262.64,91.79999999999995,2.613,0.0,148,543645893,222633818,2025-08-02 06:24:30+00:00
1,1,150,82,86,655.3,274.4,92.39999999999998,2.585,0.5,150,543646380,222632204,2025-08-02 06:24:35+00:00
1,1,150,82,86,652.34,283.29,92.20000000000005,2.594,0.5,150,543646781,222630927,2025-08-02 06:24:38+00:00
1,1,151,82,86,652.34,294.31,93.0,2.603,0.0,151,543647222,222629436,2025-08-02 06:24:42+00:00
1,1,151,82,86,652.34,302.52,92.60000000000002,2.613,0.0,151,543647613,222628257,2025-08-02 06:24:45+00:00
1,1,152,82,86,652.34,315.98,93.0,2.622,0.5,152,543648310,222626433,2025-08-02 06:24:50+00:00
1,1,152,82,86,652.34,323.93,93.0,2.631,0.0,152,543648579,222625332,2025-08-02 06:24:53+00:00
1,1,152,82,86,652.34,336.71,92.79999999999995,2.631,0.5,152,543649151,222623583,2025-08-02 06:24:58+00:00
1,1,152,81,85,652.34,345.62,92.79999999999995,2.631,0.5,152,543649566,222622326,2025-08-02 06:25:01+00:00
1,1,151,81,87,652.34,355.92,92.79999999999995,2.65,0.0,151,543649978,222620942,2025-08-02 06:25:05+00:00
1,1,151,81,84,652.34,363.96,92.20000000000005,2.65,0.5,151,543650275,222619754,2025-08-02 06:25:08+00:00
1,1,151,81,86,652.34,374.76,93.0,2.65,0.0,151,543650744,222618312,2025-08-02 06:25:12+00:00
1,1,151,81,87,652.34,383.37,92.60000000000002,2.659,0.0,151,543651136,222617064,2025-08-02 06:25:15+00:00
1,1,152,81,86,652.34,396.44,92.60000000000002,2.659,0.5,152,543651751,222615237,2025-08-02 06:25:20+00:00
1,1,152,81,87,652.34,403.69,92.79999999999995,2.65,0.0,152,543652022,222614228,2025-08-02 06:25:23+00:00
1,1,152,81,86,652.34,417.66,93.39999999999998,2.659,0.0,152,543652625,222612340,2025-08-02 06:25:28+00:00
1,1,152,81,87,652.34,425.87,93.60000000000002,2.669,0.0,152,543653012,222611178,2025-08-02 06:25:31+00:00
1,1,153,81,86,652.34,436.45,93.0,2.669,0.5,153,543653390,222609679,2025-08-02 06:25:35+00:00
1,1,153,81,85,652.34,444.95,93.39999999999998,2.678,0.0,153,543653828,222608505,2025-08-02 06:25:38+00:00
1,1,154,81,87,652.34,453.05,93.0,2.687,0.0,154,543654155,222607378,2025-08-02 06:25:41+00:00
1,1,153,81,85,652.34,464.41,93.20000000000005,2.697,0.5,153,543654715,222605822,2025-08-02 06:25:45+00:00
1,1,154,81,85,652.34,472.5,92.79999999999995,2.706,0.0,154,543655019,222604709,2025-08-02 06:25:48+00:00
1,1,154,81,87,652.34,486.04,93.60000000000002,2.715,0.0,154,543655598,222602862,2025-08-02 06:25:53+00:00
1,1,154,81,86,652.34,494.95,93.39999999999998,2.715,0.0,154,543656045,222601607,2025-08-02 06:25:56+00:00
1,1,154,81,86,652.34,502.86,92.60000000000002,2.725,0.5,154,543656292,222600470,2025-08-02 06:25:59+00:00
1,1,153,81,87,652.34,515.98,92.0,2.706,0.0,153,543656839,222598621,2025-08-02 06:26:04+00:00
1,1,154,81,86,652.34,524.81,91.79999999999995,2.687,0.5,154,543657298,222597382,2025-08-02 06:26:07+00:00
1,1,154,81,87,652.34,533.13,91.39999999999998,2.734,0.5,154,543657605,222596237,2025-08-02 06:26:10+00:00
1,1,155,81,86,652.34,546.57,91.20000000000005,2.743,0.0,155,543658155,222594398,2025-08-02 06:26:15+00:00
1,1,155,81,86,652.34,555.27,91.0,2.734,0.5,155,543658478,222593104,2025-08-02 06:26:18+00:00
1,1,155,81,87,652.34,565.63,91.0,2.743,0.0,155,543658824,222591650,2025-08-02 06:26:22+00:00
1,1,155,81,87,652.34,576.1,92.39999999999998,2.734,0.0,155,543659343,222590287,2025-08-02 06:26:26+00:00
1,1,155,81,87,652.34,584.55,92.39999999999998,2.725,0.5,155,543659755,222589090,2025-08-02 06:26:29+00:00
1,1,156,81,87,652.34,594.72,92.20000000000005,2.715,0.0,156,543660184,222587632,2025-08-02 06:26:33+00:00
1,1,155,81,87,652.34,603.79,92.39999999999998,2.725,0.5,155,543660709,222586462,2025-08-02 06:26:36+00:00
1,1,155,81,87,652.34,611.58,92.20000000000005,2.734,0.5,155,543660969,222585396,2025-08-02 06:26:39+00:00
1,1,155,81,87,652.34,622.57,92.39999999999998,2.734,0.0,155,543661482,222583845,2025-08-02 06:26:43+00:00
1,1,156,81,86,652.34,633.43,93.20000000000005,2.725,0.5,156,543662055,222582390,2025-08-02 06:26:47+00:00
1,1,155,81,88,652.34,641.37,92.60000000000002,2.725,0.0,155,543662299,222581268,2025-08-02 06:26:50+00:00
1,1,155,81,86,652.34,653.62,92.39999999999998,2.706,0.5,155,543662848,222579603,2025-08-02 06:26:55+00:00
1,1,155,81,87,652.34,662.04,92.60000000000002,2.697,0.0,155,543663264,222578412,2025-08-02 06:26:58+00:00
1,1,155,81,87,652.34,676.07,92.60000000000002,2.706,0.0,155,543663844,222576452,2025-08-02 06:27:03+00:00
1,1,155,81,87,652.34,687.53,92.60000000000002,2.715,0.0,155,543664312,222574841,2025-08-02 06:27:07+00:00
1,1,155,81,87,652.34,697.86,92.0,2.715,0.0,155,543664691,222573376,2025-08-02 06:27:11+00:00
1,1,155,81,87,652.34,707.83,93.0,2.697,0.0,155,543665124,222572038,2025-08-02 06:27:15+00:00
1,1,155,81,87,652.34,715.87,92.39999999999998,2.687,0.0,155,543665436,222570851,2025-08-02 06:27:18+00:00
1,1,155,81,87,652.34,726.79,92.79999999999995,2.687,0.0,155,543665874,222569327,2025-08-02 06:27:22+00:00
1,1,156,81,86,652.34,737.47,93.39999999999998,2.687,0.5,156,543666387,222567920,2025-08-02 06:27:26+00:00
1,1,156,81,87,652.34,746.45,93.60000000000002,2.687,0.5,156,543666927,222566661,2025-08-02 06:27:29+00:00
1,1,157,81,87,652.34,754.95,93.0,2.706,0.0,157,543667272,222565523,2025-08-02 06:27:32+00:00
1,1,156,81,88,652.34,766.42,93.60000000000002,2.725,0.5,156,543667915,222564019,2025-08-02 06:27:36+00:00
1,1,157,81,88,652.34,774.77,94.20000000000005,2.734,0.5,157,543668373,222563034,2025-08-02 06:27:39+00:00
1,1,157,81,87,652.34,783.43,94.20000000000005,2.743,0.0,157,543668933,222561878,2025-08-02 06:27:42+00:00
1,1,157,81,87,652.34,796.93,94.0,2.753,0.0,157,543669795,222560251,2025-08-02 06:27:47+00:00
1,1,157,81,87,652.34,808.02,93.79999999999995,2.743,0.0,157,543670547,222558918,2025-08-02 06:27:51+00:00
1,1,157,81,86,652.34,816.33,93.0,2.753,0.5,157,543671009,222557891,2025-08-02 06:27:54+00:00
1,1,158,81,87,652.34,829.07,93.39999999999998,2.734,0.0,158,543671814,222556334,2025-08-02 06:27:59+00:00
1,1,158,81,86,652.34,837.72,92.79999999999995,2.734,0.0,158,543672378,222555232,2025-08-02 06:28:02+00:00
1,1,158,81,86,652.34,850.55,93.20000000000005,2.734,0.0,158,543673330,222553744,2025-08-02 06:28:07+00:00
1,1,159,81,87,652.34,859.0,93.0,2.725,0.0,159,543673732,222552669,2025-08-02 06:28:10+00:00
1,1,158,81,87,652.34,870.64,93.39999999999998,2.734,0.0,158,543674491,222551228,2025-08-02 06:28:14+00:00
1,1,158,81,89,652.34,884.21,94.0,2.743,0.0,158,543675462,222549735,2025-08-02 06:28:19+00:00
1,1,158,81,88,652.34,892.74,94.0,2.743,0.0,158,543676076,222548708,2025-08-02 06:28:22+00:00
1,1,158,81,87,652.34,903.16,93.39999999999998,2.743,0.0,158,543676736,222547473,2025-08-02 06:28:26+00:00
1,1,158,81,87,652.34,916.47,93.39999999999998,2.725,0.0,158,543677707,222545920,2025-08-02 06:28:31+00:00
1,1,158,81,86,652.34,925.17,93.0,2.725,0.0,158,543678170,222544808,2025-08-02 06:28:34+00:00
1,1,158,81,88,652.34,941.26,93.0,2.725,0.0,158,543679307,222542896,2025-08-02 06:28:40+00:00
1,1,158,81,87,652.34,948.97,92.39999999999998,2.725,0.0,158,543679654,222541865,2025-08-02 06:28:43+00:00
1,1,158,81,87,652.34,962.7,92.39999999999998,2.725,0.0,158,543680618,222540311,2025-08-02 06:28:48+00:00
1,1,158,81,87,652.34,971.02,92.20000000000005,2.715,0.0,158,543681223,222539306,2025-08-02 06:28:51+00:00
1,1,158,81,87,652.34,978.67,92.0,2.715,0.0,158,543681634,222538318,2025-08-02 06:28:54+00:00
1,1,159,81,87,652.34,991.94,92.79999999999995,2.715,0.0,159,543682691,222537032,2025-08-02 06:28:59+00:00
1,1,159,81,86,652.34,1000.19,92.60000000000002,2.706,0.0,159,543683220,222535983,2025-08-02 06:29:02+00:00
1,1,159,81,86,652.34,1003.09,92.60000000000002,2.706,0.0,159,543683431,222535639,2025-08-02 06:29:03+00:00
1,1,159,81,86,14.01,1009.81,92.79999999999995,2.697,0.0,159,543683861,222534871,2025-08-02 06:29:06+00:00
1,1,159,81,87,0.0,1018.06,92.39999999999998,2.678,0.0,159,543684233,222533637,2025-08-02 06:29:09+00:00
1,1,160,81,87,0.0,1029.34,92.20000000000005,2.687,0.0,160,543684615,222532054,2025-08-02 06:29:13+00:00
1,1,160,81,87,0.0,1040.53,92.39999999999998,2.687,0.0,160,543685017,222530484,2025-08-02 06:29:17+00:00
1,1,159,81,87,0.0,1051.58,91.39999999999998,2.697,0.0,159,543685348,222528819,2025-08-02 06:29:21+00:00
1,1,160,81,86,0.0,1064.92,91.20000000000005,2.706,0.5,160,543685758,222526903,2025-08-02 06:29:26+00:00
1,1,160,81,87,0.0,1073.78,91.0,2.697,0.5,160,543686076,222525596,2025-08-02 06:29:29+00:00
1,1,159,81,87,0.0,1085.58,90.60000000000002,2.725,0.0,159,543686293,222523861,2025-08-02 06:29:33+00:00
1,1,160,81,86,0.0,1096.63,91.0,2.734,0.5,160,543686647,222522233,2025-08-02 06:29:37+00:00
1,1,160,81,87,0.0,1107.16,91.39999999999998,2.734,0.5,160,543686870,222520694,2025-08-02 06:29:41+00:00
1,1,159,81,87,0.0,1115.73,91.60000000000002,2.743,0.0,159,543687066,222519399,2025-08-02 06:29:44+00:00
1,1,160,81,87,0.0,1129.87,91.60000000000002,2.743,0.5,160,543687583,222517356,2025-08-02 06:29:49+00:00
1,1,161,81,88,0.0,1137.56,91.79999999999995,2.743,0.0,161,543687747,222516276,2025-08-02 06:29:52+00:00
1,1,161,81,88,0.0,1146.67,91.79999999999995,2.743,0.0,161,543687847,222514861,2025-08-02 06:29:55+00:00
1,1,161,81,87,0.0,1161.15,92.60000000000002,2.771,0.5,161,543688323,222512763,2025-08-02 06:30:00+00:00
1,1,161,81,86,0.0,1172.42,91.39999999999998,2.79,0.0,161,543688585,222511083,2025-08-02 06:30:04+00:00
1,0,163,81,87,0.0,1183.27,90.79999999999995,2.79,0.5,163,543688769,222509463,2025-08-02 06:30:08+00:00
1,0,162,81,88,447.02,1194.03,91.79999999999995,2.771,0.0,162,543689012,222507920,2025-08-02 06:30:12+00:00
1,1,163,81,87,447.02,1202.43,92.0,2.771,0.0,163,543689146,222506632,2025-08-02 06:30:15+00:00
1,1,162,81,87,447.02,1212.6,92.0,2.753,0.5,162,543689288,222505108,2025-08-02 06:30:19+00:00
1,1,163,81,87,447.02,1223.27,92.60000000000002,2.743,0.0,163,543689563,222503523,2025-08-02 06:30:23+00:00
1,1,164,81,86,447.02,1235.18,92.39999999999998,2.743,0.5,164,543689745,222501684,2025-08-02 06:30:27+00:00
1,1,164,81,87,447.02,1240.89,92.79999999999995,2.762,0.0,164,543689938,222500849,2025-08-02 06:30:29+00:00
1,1,164,81,87,447.02,1246.44,92.60000000000002,2.762,0.5,164,543689960,222500032,2025-08-02 06:30:31+00:00
1,1,164,81,85,447.02,1257.67,91.79999999999995,2.771,0.5,164,543690133,222498328,2025-08-02 06:30:35+00:00
1,1,164,81,88,447.02,1270.56,93.20000000000005,2.753,0.5,164,543690562,222496424,2025-08-02 06:30:40+00:00
1,1,164,81,88,447.02,1278.52,93.20000000000005,2.734,0.0,164,543690559,222495258,2025-08-02 06:30:43+00:00
1,1,164,81,87,447.02,1286.96,93.20000000000005,2.725,0.0,164,543690671,222493945,2025-08-02 06:30:46+00:00
1,1,164,81,88,447.02,1300.49,93.79999999999995,2.734,0.0,164,543690920,222491905,2025-08-02 06:30:51+00:00
1,1,163,81,88,447.02,1308.09,94.20000000000005,2.725,0.0,163,543691062,222490823,2025-08-02 06:30:54+00:00
1,1,163,81,86,447.02,1317.13,94.0,2.725,0.5,163,543691188,222489421,2025-08-02 06:30:57+00:00
1,1,163,80,87,447.02,1330.69,94.39999999999998,2.734,0.5,163,543691513,222487424,2025-08-02 06:31:02+00:00
1,1,163,80,87,447.02,1338.54,94.39999999999998,2.725,0.0,163,543691587,222486248,2025-08-02 06:31:05+00:00
1,1,162,80,86,447.02,1351.86,94.79999999999995,2.715,0.5,162,543691960,222484320,2025-08-02 06:31:10+00:00
1,1,162,80,86,447.02,1360.75,94.60000000000002,2.725,0.0,162,543692352,222483010,2025-08-02 06:31:13+00:00
1,1,163,80,86,447.02,1372.07,94.20000000000005,2.743,0.5,163,543692650,222481374,2025-08-02 06:31:17+00:00
1,1,162,80,86,447.02,1380.57,94.39999999999998,2.743,0.5,162,543693106,222480199,2025-08-02 06:31:20+00:00
1,1,163,80,88,447.02,1388.51,94.20000000000005,2.753,0.0,163,543693285,222479044,2025-08-02 06:31:23+00:00
1,1,163,80,87,447.02,1400.52,93.60000000000002,2.762,0.0,163,543693697,222477296,2025-08-02 06:31:27+00:00
1,1,163,80,87,447.02,1410.53,94.20000000000005,2.753,0.5,163,543694046,222475860,2025-08-02 06:31:31+00:00
1,1,163,80,87,447.02,1421.79,95.0,2.743,0.0,163,543694546,222474285,2025-08-02 06:31:35+00:00
1,1,163,80,88,447.02,1430.19,95.39999999999998,2.753,0.0,163,543694761,222473076,2025-08-02 06:31:38+00:00
1,1,162,80,88,447.02,1444.88,95.39999999999998,2.781,0.5,162,543695305,222470987,2025-08-02 06:31:43+00:00
1,1,163,80,87,447.02,1447.96,95.60000000000002,2.781,0.0,163,543695565,222470601,2025-08-02 06:31:44+00:00
1,1,163,80,87,447.02,1453.88,95.39999999999998,2.79,0.0,163,543695871,222469791,2025-08-02 06:31:46+00:00
1,1,163,80,87,447.02,1462.49,95.39999999999998,2.799,0.5,163,543696080,222468592,2025-08-02 06:31:49+00:00
1,1,164,80,88,447.02,1474.41,95.20000000000005,2.818,0.0,164,543696607,222466914,2025-08-02 06:31:53+00:00
1,1,165,80,87,447.02,1485.16,95.0,2.818,0.0,165,543697140,222465456,2025-08-02 06:31:57+00:00
1,1,164,80,87,447.02,1493.2,94.20000000000005,2.809,0.5,164,543697355,222464290,2025-08-02 06:32:00+00:00
1,1,165,80,88,447.02,1502.72,93.79999999999995,2.827,0.0,165,543697663,222462894,2025-08-02 06:32:03+00:00
1,1,166,80,87,447.02,1519.4,94.0,2.837,0.5,166,543698369,222460640,2025-08-02 06:32:09+00:00
1,1,166,80,88,447.02,1527.35,93.79999999999995,2.827,0.0,166,543698739,222459413,2025-08-02 06:32:12+00:00
1,1,166,80,88,447.02,1535.93,93.60000000000002,2.827,0.0,166,543698889,222458183,2025-08-02 06:32:15+00:00
1,1,166,80,88,447.02,1544.94,93.0,2.827,0.0,166,543699251,222456870,2025-08-02 06:32:18+00:00
1,1,165,80,89,447.02,1558.99,93.79999999999995,2.837,0.5,165,543699888,222454911,2025-08-02 06:32:23+00:00
1,1,165,80,88,447.02,1570.47,94.0,2.837,0.0,165,543700390,222453270,2025-08-02 06:32:27+00:00
1,1,165,80,86,447.02,1579.23,93.39999999999998,2.846,0.5,165,543700648,222452042,2025-08-02 06:32:30+00:00
1,1,166,80,87,447.02,1595.25,94.20000000000005,2.846,0.0,166,543701341,222449798,2025-08-02 06:32:36+00:00
1,1,165,80,86,447.02,1603.21,94.60000000000002,2.837,0.5,165,543701687,222448722,2025-08-02 06:32:39+00:00
1,1,166,80,87,447.02,1614.97,94.79999999999995,2.827,0.5,166,543702223,222447086,2025-08-02 06:32:43+00:00
1,1,166,80,87,447.02,1626.16,94.39999999999998,2.827,0.0,166,543702680,222445489,2025-08-02 06:32:47+00:00
1,1,166,80,86,447.02,1634.52,93.79999999999995,2.827,0.5,166,543702918,222444307,2025-08-02 06:32:50+00:00
1,1,166,80,88,447.02,1643.34,93.20000000000005,2.827,0.0,166,543703222,222443000,2025-08-02 06:32:53+00:00
1,1,167,80,87,447.02,1657.76,93.20000000000005,2.837,0.0,167,543703765,222440933,2025-08-02 06:32:58+00:00
1,1,167,80,87,447.02,1666.33,93.60000000000002,2.837,0.5,167,543704105,222439834,2025-08-02 06:33:01+00:00
1,1,166,80,88,447.02,1675.25,93.20000000000005,2.846,0.0,166,543704500,222438530,2025-08-02 06:33:04+00:00
1,1,168,80,86,447.02,1691.43,92.39999999999998,2.837,0.5,168,543705245,222436301,2025-08-02 06:33:10+00:00
1,1,168,80,87,447.02,1699.87,92.39999999999998,2.837,0.5,168,543705625,222435103,2025-08-02 06:33:13+00:00
1,2,167,80,87,447.02,1708.06,92.39999999999998,2.827,0.0,167,543705834,222433940,2025-08-02 06:33:16+00:00
1,2,167,80,86,447.02,1716.99,92.60000000000002,2.837,0.5,167,543706226,222432639,2025-08-02 06:33:19+00:00
1,2,167,80,86,447.02,1734.04,93.20000000000005,2.837,0.0,167,543706680,222430144,2025-08-02 06:33:25+00:00
1,1,167,80,87,447.02,1742.8,93.39999999999998,2.846,0.5,167,543707100,222428857,2025-08-02 06:33:28+00:00
1,1,168,80,87,447.02,1752.11,93.39999999999998,2.855,0.5,168,543707367,222427588,2025-08-02 06:33:31+00:00
1,1,168,80,88,447.02,1765.28,94.60000000000002,2.855,0.0,168,543707951,222425766,2025-08-02 06:33:36+00:00
1,1,168,80,86,447.02,1774.0,95.0,2.846,0.5,168,543708349,222424506,2025-08-02 06:33:39+00:00
1,1,167,80,87,447.02,1782.52,94.60000000000002,2.846,0.5,167,543708590,222423284,2025-08-02 06:33:42+00:00
1,1,167,80,86,447.02,1797.14,94.20000000000005,2.846,0.0,167,543709189,222421204,2025-08-02 06:33:47+00:00
1,1,168,80,87,447.02,1806.38,94.0,2.865,0.5,168,543709659,222419920,2025-08-02 06:33:50+00:00
1,1,168,80,89,447.02,1814.37,94.39999999999998,2.883,0.0,168,543709921,222418849,2025-08-02 06:33:53+00:00
1,1,168,80,88,447.02,1823.64,94.39999999999998,2.883,0.0,168,543710212,222417425,2025-08-02 06:33:56+00:00
1,1,168,79,87,447.02,1837.54,94.79999999999995,2.883,0.5,168,543710811,222415509,2025-08-02 06:34:01+00:00
1,1,168,79,88,447.02,1845.57,94.20000000000005,2.874,0.0,168,543711053,222414404,2025-08-02 06:34:04+00:00
1,1,167,79,88,447.02,1853.91,93.20000000000005,2.865,0.0,167,543711305,222413118,2025-08-02 06:34:07+00:00
1,3,168,79,87,447.02,1867.67,93.20000000000005,2.837,0.0,168,543711863,222411159,2025-08-02 06:34:12+00:00
1,3,168,79,86,447.02,1875.94,92.39999999999998,2.827,0.0,168,543712232,222410049,2025-08-02 06:34:15+00:00
1,2,167,79,87,447.02,1889.37,92.39999999999998,2.827,0.5,167,543712695,222408152,2025-08-02 06:34:20+00:00
1,1,169,79,86,447.02,1902.52,93.79999999999995,2.781,0.5,169,543713288,222406253,2025-08-02 06:34:25+00:00
1,2,169,79,87,447.02,1919.35,94.39999999999998,2.79,0.5,169,543713819,222403883,2025-08-02 06:34:31+00:00
1,4,168,79,86,447.02,1926.71,94.0,2.781,0.0,168,543714129,222402748,2025-08-02 06:34:34+00:00
1,4,168,79,86,447.02,1938.06,94.20000000000005,2.771,0.0,168,543714469,222401140,2025-08-02 06:34:38+00:00
1,1,167,79,88,447.02,1951.9,94.79999999999995,2.753,0.0,167,543714839,222399039,2025-08-02 06:34:43+00:00
1,1,168,79,87,447.02,1960.01,93.79999999999995,2.762,0.0,168,543714879,222397867,2025-08-02 06:34:46+00:00
1,1,168,79,87,447.02,1970.87,93.60000000000002,2.753,0.0,168,543714996,222396160,2025-08-02 06:34:50+00:00
1,1,168,79,87,447.02,1979.01,93.79999999999995,2.743,0.0,168,543714845,222394978,2025-08-02 06:34:53+00:00
1,1,169,79,87,447.02,1987.13,93.79999999999995,2.734,0.0,169,543714848,222393690,2025-08-02 06:34:56+00:00
1,1,169,79,87,447.02,2000.78,94.20000000000005,2.734,0.0,169,543714915,222391632,2025-08-02 06:35:01+00:00
1,1,169,79,87,447.02,2003.47,94.20000000000005,2.734,0.0,169,543714889,222391249,2025-08-02 06:35:02+00:00
1,1,169,79,86,447.02,2011.85,94.39999999999998,2.734,0.0,169,543714910,222389971,2025-08-02 06:35:05+00:00
1,1,170,79,87,0.0,2021.77,94.39999999999998,2.725,0.5,170,543714905,222388479,2025-08-02 06:35:09+00:00
1,1,170,79,88,0.0,2024.85,94.39999999999998,2.715,0.0,170,543715055,222387976,2025-08-02 06:35:10+00:00
1,1,170,79,87,0.0,2030.16,94.20000000000005,2.706,0.0,170,543715036,222387196,2025-08-02 06:35:12+00:00
1,1,168,79,86,0.0,2043.37,93.79999999999995,2.706,0.0,168,543714964,222385189,2025-08-02 06:35:17+00:00
1,1,169,79,87,0.0,2045.74,93.79999999999995,2.697,0.0,169,543714906,222384886,2025-08-02 06:35:18+00:00
1,1,169,79,86,0.0,2054.24,93.60000000000002,2.697,0.5,169,543714949,222383541,2025-08-02 06:35:21+00:00
1,1,167,79,86,0.0,2070.89,93.79999999999995,2.706,0.0,167,543714958,222381062,2025-08-02 06:35:27+00:00
1,1,168,79,87,0.0,2078.84,94.0,2.697,0.0,168,543714889,222379780,2025-08-02 06:35:30+00:00
1,1,168,79,87,0.0,2092.88,94.79999999999995,2.697,0.0,168,543714951,222377656,2025-08-02 06:35:35+00:00
1,1,168,79,87,0.0,2101.05,95.0,2.706,0.5,168,543714982,222376479,2025-08-02 06:35:38+00:00
1,1,168,79,87,0.0,2112.84,94.79999999999995,2.715,0.0,168,543715140,222374649,2025-08-02 06:35:42+00:00
1,1,168,79,86,0.0,2124.29,95.20000000000005,2.725,0.0,168,543715323,222372911,2025-08-02 06:35:46+00:00
1,1,169,79,87,0.0,2133.3,94.39999999999998,2.734,0.0,169,543715381,222371590,2025-08-02 06:35:49+00:00
1,1,168,79,86,0.0,2146.87,94.39999999999998,2.753,0.5,168,543715589,222369571,2025-08-02 06:35:54+00:00
1,1,169,79,87,0.0,2155.23,94.0,2.753,0.5,169,543715723,222368270,2025-08-02 06:35:57+00:00
1,1,169,79,87,0.0,2163.76,93.39999999999998,2.753,0.0,169,543715623,222367007,2025-08-02 06:36:00+00:00
1,1,170,79,87,0.0,2177.44,94.0,2.762,0.5,170,543715958,222365022,2025-08-02 06:36:05+00:00
1,1,170,79,88,0.0,2187.85,94.60000000000002,2.753,0.0,170,543716411,222363551,2025-08-02 06:36:09+00:00
1,2,169,79,87,0.0,2201.39,93.79999999999995,2.734,0.5,169,543716890,222361574,2025-08-02 06:36:14+00:00
1,3,168,79,87,0.0,2212.41,93.20000000000005,2.734,0.0,168,543717238,222359988,2025-08-02 06:36:18+00:00
1,2,169,79,86,0.0,2220.52,93.20000000000005,2.743,0.5,169,543717592,222358803,2025-08-02 06:36:21+00:00
1,2,169,79,87,0.0,2228.33,93.20000000000005,2.725,0.5,169,543717693,222357640,2025-08-02 06:36:24+00:00
1,1,169,79,88,0.0,2240.0,93.20000000000005,2.734,0.0,169,543718022,222355862,2025-08-02 06:36:28+00:00
1,0,168,79,87,0.0,2254.2,93.60000000000002,2.753,0.5,168,543718491,222353708,2025-08-02 06:36:33+00:00
1,1,169,79,87,0.0,2269.11,93.20000000000005,2.762,0.0,169,543718954,222351747,2025-08-02 06:36:38+00:00
1,1,169,79,87,0.0,2278.94,94.0,2.715,0.0,169,543719319,222350317,2025-08-02 06:36:42+00:00
1,1,169,79,87,0.0,2287.31,94.20000000000005,2.715,0.0,169,543719522,222349020,2025-08-02 06:36:45+00:00
1,1,170,79,86,0.0,2301.53,94.0,2.715,0.0,170,543719647,222346849,2025-08-02 06:36:50+00:00
1,1,170,79,88,0.0,2315.35,94.20000000000005,2.734,0.0,170,543719804,222344808,2025-08-02 06:36:55+00:00
1,1,170,79,86,0.0,2324.03,94.20000000000005,2.743,0.5,170,543719939,222343443,2025-08-02 06:36:58+00:00
1,1,170,78,87,0.0,2333.22,94.20000000000005,2.753,0.5,170,543719935,222342094,2025-08-02 06:37:01+00:00
1,1,171,78,87,0.0,2349.26,94.79999999999995,2.762,0.0,171,543719909,222339583,2025-08-02 06:37:07+00:00
1,1,171,78,86,0.0,2357.61,94.79999999999995,2.762,0.5,171,543719832,222338391,2025-08-02 06:37:10+00:00
1,1,171,78,88,0.0,2369.21,95.0,2.771,0.0,171,543720005,222336614,2025-08-02 06:37:14+00:00
1,1,170,78,86,0.0,2380.34,95.0,2.781,0.5,170,543720138,222334895,2025-08-02 06:37:18+00:00
1,1,171,78,88,0.0,2389.26,94.39999999999998,2.79,0.0,171,543720135,222333612,2025-08-02 06:37:21+00:00
1,1,171,78,86,0.0,2402.55,94.39999999999998,2.799,0.0,171,543720219,222331580,2025-08-02 06:37:26+00:00
1,2,170,78,88,0.0,2413.32,94.60000000000002,2.79,0.5,170,543720112,222329940,2025-08-02 06:37:30+00:00
1,2,170,78,87,0.0,2424.95,95.0,2.771,0.0,170,543720210,222328181,2025-08-02 06:37:34+00:00
1,2,171,78,87,0.0,2436.38,96.20000000000005,2.809,0.5,171,543720375,222326417,2025-08-02 06:37:38+00:00
1,2,170,78,87,0.0,2447.65,96.60000000000002,2.809,0.5,170,543720489,222324710,2025-08-02 06:37:42+00:00
1,2,171,78,87,0.0,2458.51,95.79999999999995,2.799,0.5,171,543720543,222322995,2025-08-02 06:37:46+00:00
1,2,170,78,89,0.0,2466.69,95.20000000000005,2.799,0.0,170,543720533,222321823,2025-08-02 06:37:49+00:00
1,2,170,78,88,0.0,2475.85,95.0,2.799,0.0,170,543720605,222320440,2025-08-02 06:37:52+00:00
1,2,170,78,88,0.0,2492.32,95.60000000000002,2.799,0.5,170,543720708,222317944,2025-08-02 06:37:58+00:00
1,1,170,78,87,0.0,2500.82,95.60000000000002,2.809,0.0,170,543720717,222316606,2025-08-02 06:38:01+00:00
1,1,171,78,87,0.0,2512.27,95.60000000000002,2.809,0.5,171,543720857,222314909,2025-08-02 06:38:05+00:00
1,2,171,78,87,0.0,2526.11,95.60000000000002,2.799,0.5,171,543720952,222312741,2025-08-02 06:38:10+00:00
1,1,172,78,87,0.0,2537.51,95.79999999999995,2.809,0.5,172,543721013,222311037,2025-08-02 06:38:14+00:00
1,1,172,78,88,0.0,2548.91,95.39999999999998,2.818,0.0,172,543721184,222309324,2025-08-02 06:38:18+00:00
1,1,172,78,87,0.0,2556.74,95.20000000000005,2.809,0.5,172,543721108,222308149,2025-08-02 06:38:21+00:00
1,2,171,78,88,0.0,2570.06,95.60000000000002,2.79,0.0,171,543721131,222306092,2025-08-02 06:38:26+00:00
1,2,171,78,87,0.0,2581.96,95.79999999999995,2.799,0.5,171,543721245,222304325,2025-08-02 06:38:30+00:00
1,1,172,78,87,0.0,2590.67,95.39999999999998,2.799,0.5,172,543721364,222302949,2025-08-02 06:38:33+00:00
1,1,172,78,87,0.0,2600.2,94.79999999999995,2.809,0.0,172,543721194,222301545,2025-08-02 06:38:36+00:00
1,1,172,78,87,0.0,2614.58,93.60000000000002,2.837,0.5,172,543721208,222299336,2025-08-02 06:38:41+00:00
1,1,172,78,88,0.0,2630.8,93.79999999999995,2.837,0.0,172,543721343,222296944,2025-08-02 06:38:47+00:00
1,1,172,78,88,0.0,2641.86,93.79999999999995,2.827,0.5,172,543721400,222295238,2025-08-02 06:38:51+00:00
1,2,171,78,88,0.0,2650.92,93.0,2.827,0.0,171,543721461,222293793,2025-08-02 06:38:54+00:00
1,1,172,78,88,0.0,2668.09,93.0,2.846,0.5,172,543721542,222291186,2025-08-02 06:39:00+00:00
1,1,172,78,88,0.02,2679.37,93.0,2.846,0.0,172,543721568,222289543,2025-08-02 06:39:04+00:00
1,1,171,78,86,0.02,2690.92,93.60000000000002,2.837,0.0,171,543721744,222287801,2025-08-02 06:39:08+00:00
1,2,172,78,87,0.04,2707.14,94.20000000000005,2.827,0.0,172,543721897,222285331,2025-08-02 06:39:14+00:00
1,2,172,78,87,0.03,2717.79,94.39999999999998,2.809,0.5,172,543722046,222283661,2025-08-02 06:39:18+00:00
1,2,172,78,88,0.03,2726.6,93.79999999999995,2.799,0.0,172,543721822,222282387,2025-08-02 06:39:21+00:00
1,2,173,78,87,0.03,2739.01,94.20000000000005,2.818,0.5,173,543721982,222280504,2025-08-02 06:39:25+00:00
1,1,173,78,88,0.03,2750.37,94.20000000000005,2.846,0.5,173,543722095,222278776,2025-08-02 06:39:29+00:00
1,1,173,78,87,0.03,2758.17,93.60000000000002,2.837,0.0,173,543722005,222277617,2025-08-02 06:39:32+00:00
1,2,171,78,87,0.03,2767.65,93.20000000000005,2.837,0.5,171,543722039,222276145,2025-08-02 06:39:35+00:00
1,2,171,78,88,0.03,2779.86,93.20000000000005,2.911,0.0,171,543722043,222274338,2025-08-02 06:39:39+00:00
1,2,172,78,87,0.03,2791.3,93.60000000000002,2.911,0.5,172,543722139,222272622,2025-08-02 06:39:43+00:00
1,1,172,78,87,0.03,2799.85,93.39999999999998,2.902,0.5,172,543722278,222271269,2025-08-02 06:39:46+00:00
1,2,172,78,88,0.03,2808.57,93.20000000000005,2.902,0.0,172,543722297,222270005,2025-08-02 06:39:49+00:00
1,2,172,78,88,0.03,2821.0,93.20000000000005,2.911,0.5,172,543722320,222268089,2025-08-02 06:39:53+00:00
1,2,172,78,89,0.03,2835.05,93.20000000000005,2.921,0.0,172,543722458,222265964,2025-08-02 06:39:58+00:00
1,1,172,77,88,0.03,2843.95,93.79999999999995,2.921,0.5,172,543722708,222264603,2025-08-02 06:40:01+00:00
1,1,171,77,89,0.03,2852.4,93.60000000000002,2.911,0.5,171,543722719,222263378,2025-08-02 06:40:04+00:00
1,1,172,77,87,0.03,2861.4,93.20000000000005,2.911,0.0,172,543722814,222261976,2025-08-02 06:40:07+00:00
1,1,172,77,87,0.03,2872.86,93.60000000000002,2.911,0.5,172,543722933,222260240,2025-08-02 06:40:11+00:00
1,1,171,77,89,0.03,2886.76,94.0,2.902,0.0,171,543723191,222258110,2025-08-02 06:40:16+00:00
1,1,172,77,88,0.03,2895.61,93.60000000000002,2.893,0.5,172,543723393,222256873,2025-08-02 06:40:19+00:00
1,1,172,77,89,0.03,2904.6,93.20000000000005,2.911,0.5,172,543723646,222255491,2025-08-02 06:40:22+00:00
1,1,173,77,88,0.03,2913.26,93.0,2.911,0.0,173,543723724,222254209,2025-08-02 06:40:25+00:00
1,1,174,77,88,0.03,2926.95,93.20000000000005,2.911,0.0,174,543724176,222252247,2025-08-02 06:40:30+00:00
1,1,173,77,88,0.03,2936.0,93.39999999999998,2.893,0.0,173,543724376,222250837,2025-08-02 06:40:33+00:00
1,2,173,77,87,0.03,2944.88,93.60000000000002,2.902,0.5,173,543724449,222249560,2025-08-02 06:40:36+00:00
1,2,174,77,88,0.03,2957.19,94.0,2.911,0.0,174,543724797,222247720,2025-08-02 06:40:40+00:00
1,3,174,77,87,0.03,2971.6,94.20000000000005,2.93,0.5,174,543725257,222245661,2025-08-02 06:40:45+00:00
1,2,174,77,88,0.03,2980.56,94.20000000000005,2.93,0.5,174,543725548,222244297,2025-08-02 06:40:48+00:00
1,2,174,77,88,0.03,2988.86,94.0,2.93,0.0,174,543725580,222243107,2025-08-02 06:40:51+00:00
1,2,174,77,87,0.03,3000.45,93.20000000000005,2.921,0.5,174,543725811,222241320,2025-08-02 06:40:55+00:00
1,2,174,77,88,0.03,3003.3,93.39999999999998,2.921,0.0,174,543725892,222240899,2025-08-02 06:40:56+00:00
1,2,174,77,87,0.0,3010.55,94.20000000000005,2.893,0.0,174,543726214,222239977,2025-08-02 06:41:00+00:00
1,2,173,77,87,,3012.25,94.0,1.045,0.0,173,543726238,222239683,2025-08-02 06:41:04+00:00
1,2,173,77,87,,3012.7,94.0,0.765,0.0,173,543726224,222239588,2025-08-02 06:41:05+00:00
1,2,171,77,0,,3017.3,93.79999999999995,1.157,0.0,171,543726365,222238771,2025-08-02 06:41:09+00:00
1,2,170,77,49,,3021.19,93.79999999999995,0.0,0.0,170,543726450,222238211,2025-08-02 06:41:14+00:00
1,2,167,77,0,,3028.29,93.20000000000005,0.886,0.0,167,543726689,222237244,2025-08-02 06:41:22+00:00
1,1,166,77,0,,3034.14,93.60000000000002,0.924,0.0,166,543726918,222236409,2025-08-02 06:41:28+00:00
1,0,163,77,0,,3037.08,93.20000000000005,0.952,0.0,163,543726999,222235977,2025-08-02 06:41:31+00:00
1,1,162,77,0,,3038.4,93.39999999999998,0.952,0.0,162,543727023,222235753,2025-08-02 06:41:33+00:00
1,2,160,77,0,,3043.74,93.79999999999995,0.933,0.0,160,543727063,222234891,2025-08-02 06:41:36+00:00
1,2,157,77,0,,3046.77,93.79999999999995,0.961,0.0,157,543727095,222234439,2025-08-02 06:41:37+00:00
1,1,153,77,0,,3050.25,93.60000000000002,2.361,0.0,153,543727146,222233927,2025-08-02 06:41:38+00:00
1,2,151,77,85,,3062.27,94.20000000000005,3.144,0.5,151,543727556,222232268,2025-08-02 06:41:42+00:00
1,1,152,77,86,,3071.83,93.79999999999995,2.911,0.0,152,543727715,222230784,2025-08-02 06:41:45+00:00
1,0,154,77,87,,3082.97,93.79999999999995,3.004,0.0,154,543727949,222229190,2025-08-02 06:41:49+00:00
1,0,154,77,86,,3093.44,93.79999999999995,2.818,0.0,154,543728254,222227683,2025-08-02 06:41:53+00:00
1,0,155,77,86,,3101.67,93.60000000000002,2.762,0.0,155,543728400,222226398,2025-08-02 06:41:56+00:00
1,0,157,77,87,,3112.4,93.60000000000002,2.771,0.0,157,543728758,222224903,2025-08-02 06:42:00+00:00
1,1,158,77,86,,3121.21,93.60000000000002,2.753,0.5,158,543728998,222223496,2025-08-02 06:42:03+00:00
1,1,159,77,88,,3132.53,93.39999999999998,2.837,0.5,159,543729125,222221806,2025-08-02 06:42:07+00:00
1,1,162,77,87,,3143.91,93.60000000000002,2.818,0.5,162,543729494,222220258,2025-08-02 06:42:11+00:00
1,2,163,77,87,,3152.18,93.39999999999998,2.809,0.0,163,543729780,222218986,2025-08-02 06:42:14+00:00
1,2,163,77,86,,3163.63,93.20000000000005,2.79,0.0,163,543730017,222217257,2025-08-02 06:42:18+00:00
1,3,163,77,87,,3174.86,93.20000000000005,2.818,0.5,163,543730290,222215659,2025-08-02 06:42:22+00:00
1,4,164,77,88,,3183.35,93.60000000000002,2.799,0.0,164,543730583,222214366,2025-08-02 06:42:25+00:00
1,3,165,77,87,,3191.9,93.39999999999998,2.809,0.5,165,543730695,222213134,2025-08-02 06:42:28+00:00
1,2,167,77,88,,3207.91,92.79999999999995,2.79,0.0,167,543731203,222210748,2025-08-02 06:42:34+00:00
1,2,168,77,88,,3215.47,93.0,2.762,0.5,168,543731366,222209674,2025-08-02 06:42:37+00:00
1,2,169,77,88,,3224.44,92.39999999999998,2.762,0.5,169,543731595,222208313,2025-08-02 06:42:40+00:00
1,2,169,77,87,,3236.37,92.39999999999998,2.781,0.0,169,543731795,222206520,2025-08-02 06:42:44+00:00
1,1,170,77,89,,3247.17,92.79999999999995,2.79,0.5,170,543731985,222204909,2025-08-02 06:42:48+00:00
1,1,169,77,88,,3258.14,93.39999999999998,2.781,0.0,169,543732343,222203337,2025-08-02 06:42:52+00:00
1,1,170,77,87,,3266.56,93.20000000000005,2.781,0.5,170,543732615,222202075,2025-08-02 06:42:55+00:00
1,1,170,77,88,,3275.74,93.60000000000002,2.781,0.5,170,543732702,222200714,2025-08-02 06:42:58+00:00
1,1,170,77,86,,3289.51,94.0,2.809,0.5,170,543733055,222198671,2025-08-02 06:43:03+00:00
1,1,170,77,88,,3299.93,94.39999999999998,2.79,0.5,170,543733434,222197219,2025-08-02 06:43:07+00:00
1,2,170,77,88,,3308.33,94.0,2.771,0.0,170,543733712,222195952,2025-08-02 06:43:10+00:00
1,2,171,77,87,,3319.19,93.60000000000002,2.771,0.5,171,543733904,222194321,2025-08-02 06:43:14+00:00
1,2,170,77,87,,3332.81,93.39999999999998,2.753,0.5,170,543734310,222192304,2025-08-02 06:43:19+00:00
1,2,170,77,88,,3338.34,93.60000000000002,2.753,0.5,170,543734505,222191500,2025-08-02 06:43:21+00:00
1,2,170,77,88,,3340.91,93.79999999999995,2.753,0.5,170,543734504,222191167,2025-08-02 06:43:22+00:00
1,2,170,77,88,,3349.96,93.60000000000002,2.762,0.0,170,543734636,222189749,2025-08-02 06:43:25+00:00
1,1,170,77,88,,3363.69,93.79999999999995,2.771,0.0,170,543734960,222187726,2025-08-02 06:43:30+00:00
1,1,170,77,88,,3374.49,94.39999999999998,2.762,0.0,170,543735356,222186172,2025-08-02 06:43:34+00:00
1,1,170,77,87,,3382.52,94.39999999999998,2.753,0.5,170,543735483,222185002,2025-08-02 06:43:37+00:00
1,1,170,77,88,,3391.47,93.60000000000002,2.762,0.5,170,543735654,222183639,2025-08-02 06:43:40+00:00
1,2,171,77,86,,3404.94,93.79999999999995,2.762,0.5,171,543736168,222181737,2025-08-02 06:43:45+00:00
1,3,170,77,88,,3412.96,94.20000000000005,2.753,0.0,170,543736391,222180596,2025-08-02 06:43:48+00:00
1,1,171,77,87,,3421.6,93.79999999999995,2.762,0.0,171,543736598,222179251,2025-08-02 06:43:51+00:00
1,1,172,77,88,,3435.11,94.0,2.753,0.0,172,543737028,222177305,2025-08-02 06:43:56+00:00
1,2,171,77,88,,3442.56,94.0,2.743,0.0,171,543737285,222176297,2025-08-02 06:43:59+00:00
1,2,171,77,87,,3450.87,93.79999999999995,2.734,0.0,171,543737538,222175005,2025-08-02 06:44:02+00:00
1,2,171,77,87,,3459.1,94.0,2.734,0.5,171,543737607,222173778,2025-08-02 06:44:05+00:00
1,1,171,77,89,,3470.19,94.20000000000005,2.734,0.0,171,543737860,222172074,2025-08-02 06:44:09+00:00
1,1,171,77,88,,3481.11,94.60000000000002,2.734,0.5,171,543738240,222170509,2025-08-02 06:44:13+00:00
1,1,172,77,88,,3488.98,94.39999999999998,2.725,0.0,172,543738371,222169372,2025-08-02 06:44:16+00:00
1,1,172,77,87,,3498.17,94.39999999999998,2.734,0.5,172,543738570,222167970,2025-08-02 06:44:19+00:00
1,1,171,77,88,,3517.74,93.60000000000002,2.753,0.0,171,543739108,222165077,2025-08-02 06:44:26+00:00
1,1,172,77,89,,3531.98,94.39999999999998,2.762,0.5,172,543739493,222162960,2025-08-02 06:44:31+00:00
1,1,171,77,89,,3540.5,94.79999999999995,2.771,0.5,171,543739828,222161731,2025-08-02 06:44:34+00:00
1,1,171,77,88,,3548.83,95.0,2.771,0.5,171,543740008,222160573,2025-08-02 06:44:37+00:00
1,1,172,77,89,,3558.53,94.39999999999998,2.781,0.0,172,543740248,222159084,2025-08-02 06:44:40+00:00
1,1,171,77,88,,3567.23,94.20000000000005,2.799,0.0,171,543740313,222157823,2025-08-02 06:44:43+00:00
1,1,172,77,88,,3580.16,93.39999999999998,2.79,0.5,172,543740660,222155875,2025-08-02 06:44:48+00:00
1,1,172,77,86,,3590.51,94.0,2.762,0.5,172,543740980,222154364,2025-08-02 06:44:52+00:00
1,1,173,77,89,,3599.41,94.20000000000005,2.753,0.5,173,543741303,222153075,2025-08-02 06:44:55+00:00
1,1,173,77,89,,3607.7,94.0,2.781,0.0,173,543741459,222151898,2025-08-02 06:44:58+00:00
1,1,174,77,88,,3616.45,94.0,2.781,0.5,174,543741656,222150556,2025-08-02 06:45:01+00:00
1,1,172,77,88,,3627.55,93.60000000000002,2.799,0.5,172,543741941,222148922,2025-08-02 06:45:05+00:00
1,1,172,77,89,,3638.56,93.79999999999995,2.79,0.0,172,543742178,222147257,2025-08-02 06:45:09+00:00
1,1,173,77,89,,3655.16,93.60000000000002,2.79,0.0,173,543742675,222144856,2025-08-02 06:45:15+00:00
1,1,173,77,88,,3662.96,93.79999999999995,2.79,0.5,173,543743072,222143738,2025-08-02 06:45:18+00:00
1,1,174,77,89,,3671.14,93.60000000000002,2.771,0.5,174,543743186,222142555,2025-08-02 06:45:21+00:00
1,1,173,77,89,,3679.53,93.79999999999995,2.762,0.0,173,543743362,222141293,2025-08-02 06:45:24+00:00
1,1,173,77,88,,3687.64,94.39999999999998,2.762,0.5,173,543743473,222140067,2025-08-02 06:45:27+00:00
1,1,173,77,89,,3698.76,94.60000000000002,2.762,0.0,173,543743714,222138432,2025-08-02 06:45:31+00:00
1,1,173,77,88,,3714.62,93.79999999999995,2.753,0.5,173,543744260,222136071,2025-08-02 06:45:37+00:00
1,1,173,77,89,,3726.15,93.0,2.743,0.5,173,543744674,222134425,2025-08-02 06:45:41+00:00
1,1,173,77,87,,3733.61,92.39999999999998,2.743,0.5,173,543744824,222133366,2025-08-02 06:45:44+00:00
1,1,172,77,89,,3742.58,92.0,2.743,0.5,172,543745067,222132020,2025-08-02 06:45:47+00:00
1,1,172,77,89,,3750.88,92.79999999999995,2.753,0.0,172,543745171,222130820,2025-08-02 06:45:50+00:00
1,1,173,77,88,,3760.13,92.60000000000002,2.762,0.5,173,543745389,222129400,2025-08-02 06:45:53+00:00
1,1,174,77,88,,3771.28,92.60000000000002,2.781,0.0,174,543745591,222127745,2025-08-02 06:45:57+00:00
1,2,173,76,89,116.06,3787.21,93.60000000000002,2.771,0.5,173,543745641,222125314,2025-08-02 06:46:03+00:00
1,1,174,76,88,116.06,3798.29,93.79999999999995,2.771,0.0,174,543745652,222123641,2025-08-02 06:46:07+00:00
1,1,173,76,88,116.06,3806.56,94.20000000000005,2.762,0.5,173,543745592,222122340,2025-08-02 06:46:10+00:00
1,1,173,76,88,116.06,3815.12,95.0,2.762,0.5,173,543745403,222121067,2025-08-02 06:46:13+00:00
1,1,173,76,88,116.06,3830.12,95.60000000000002,2.79,0.0,173,543745032,222118873,2025-08-02 06:46:18+00:00
1,1,173,76,88,116.06,3840.7,95.79999999999995,2.781,0.5,173,543744629,222117348,2025-08-02 06:46:22+00:00
1,2,174,76,88,116.06,3851.7,95.79999999999995,2.781,0.0,174,543744078,222115877,2025-08-02 06:46:26+00:00
1,1,174,76,89,116.06,3863.48,95.0,2.79,0.5,174,543743346,222114409,2025-08-02 06:46:30+00:00
1,1,174,76,88,116.06,3878.1,95.0,2.809,0.0,174,543742519,222112578,2025-08-02 06:46:35+00:00
1,2,174,76,89,116.06,3895.85,95.39999999999998,2.781,0.0,174,543741560,222110177,2025-08-02 06:46:42+00:00
1,2,173,76,89,116.06,3906.69,95.39999999999998,2.762,0.5,173,543740988,222108727,2025-08-02 06:46:46+00:00
1,2,174,76,90,116.06,3914.76,94.79999999999995,2.762,0.0,174,543740534,222107757,2025-08-02 06:46:49+00:00
1,2,174,76,87,116.06,3925.73,94.39999999999998,2.753,0.5,174,543739831,222106366,2025-08-02 06:46:53+00:00
1,1,173,76,89,116.06,3937.24,93.60000000000002,2.781,0.0,173,543739165,222104884,2025-08-02 06:46:57+00:00
1,1,174,76,89,116.06,3949.03,93.60000000000002,2.799,0.5,174,543738439,222103416,2025-08-02 06:47:01+00:00
1,1,172,76,89,116.06,3959.53,93.39999999999998,2.799,0.5,172,543737778,222102119,2025-08-02 06:47:05+00:00
1,1,172,76,89,,3975.92,94.79999999999995,2.762,0.0,172,543736895,222099950,2025-08-02 06:47:11+00:00
1,2,173,76,89,,3986.82,94.60000000000002,2.762,0.0,173,543736292,222098530,2025-08-02 06:47:15+00:00
1,4,173,76,88,,3997.68,94.79999999999995,2.753,0.5,173,543735607,222097144,2025-08-02 06:47:19+00:00
1,4,173,76,89,,4003.19,94.60000000000002,2.743,0.0,173,543735278,222096459,2025-08-02 06:47:21+00:00
1,4,173,76,89,,4008.32,94.60000000000002,2.743,0.0,173,543734862,222095903,2025-08-02 06:47:23+00:00
1,6,174,76,87,0.0,4019.07,93.79999999999995,2.734,0.5,174,543734171,222094655,2025-08-02 06:47:27+00:00
1,8,174,76,87,,4029.64,94.0,2.725,0.0,174,543733431,222093434,2025-08-02 06:47:31+00:00
1,8,174,76,88,,4040.84,94.60000000000002,2.725,0.5,174,543732754,222092052,2025-08-02 06:47:35+00:00
1,7,174,76,89,0.01,4052.29,94.39999999999998,2.734,0.0,174,543732057,222090616,2025-08-02 06:47:39+00:00
1,7,174,76,88,0.01,4063.65,94.20000000000005,2.743,0.5,174,543731195,222089369,2025-08-02 06:47:43+00:00
1,1,173,76,88,0.01,4077.45,94.20000000000005,2.753,0.0,173,543730246,222087769,2025-08-02 06:47:48+00:00
1,1,174,76,88,0.01,4088.18,95.20000000000005,2.743,0.0,174,543729573,222086467,2025-08-02 06:47:52+00:00
1,1,174,76,88,0.01,4096.76,95.20000000000005,2.734,0.5,174,543728914,222085473,2025-08-02 06:47:55+00:00
1,2,174,76,87,0.01,4108.72,95.20000000000005,2.762,0.5,174,543727953,222084295,2025-08-02 06:47:59+00:00
1,2,175,76,89,0.01,4119.71,95.79999999999995,2.771,0.0,175,543727158,222083083,2025-08-02 06:48:03+00:00
1,1,175,76,88,0.01,4133.67,95.60000000000002,2.771,0.5,175,543726025,222081654,2025-08-02 06:48:08+00:00
1,2,175,76,89,0.01,4144.72,96.39999999999998,2.771,0.0,175,543724982,222080780,2025-08-02 06:48:12+00:00
1,1,175,76,87,0.01,4152.72,96.0,2.771,0.5,175,543724185,222080451,2025-08-02 06:48:15+00:00
1,1,175,76,89,0.01,4164.02,95.20000000000005,2.771,0.0,175,543722992,222080006,2025-08-02 06:48:19+00:00
1,2,175,76,88,0.01,4180.95,94.79999999999995,2.781,0.5,175,543721229,222079409,2025-08-02 06:48:25+00:00
1,1,175,76,89,0.01,4194.73,95.60000000000002,2.781,0.0,175,543719766,222079133,2025-08-02 06:48:30+00:00
1,1,175,76,88,0.01,4203.67,95.60000000000002,2.79,0.5,175,543718837,222078838,2025-08-02 06:48:33+00:00
1,1,175,76,88,0.01,4215.65,95.0,2.799,0.0,175,543717580,222078411,2025-08-02 06:48:37+00:00
1,1,176,76,89,0.01,4226.54,94.0,2.809,0.5,176,543716422,222078253,2025-08-02 06:48:41+00:00
1,2,177,76,87,0.01,4239.86,93.79999999999995,2.799,0.5,177,543715026,222077814,2025-08-02 06:48:46+00:00
1,2,177,76,89,0.01,4251.07,94.60000000000002,2.79,0.0,177,543713838,222077486,2025-08-02 06:48:50+00:00
1,2,177,76,89,0.01,4259.32,94.60000000000002,2.79,0.0,177,543713001,222077341,2025-08-02 06:48:53+00:00
1,6,176,76,87,0.01,4270.78,93.79999999999995,2.799,0.0,176,543711777,222076923,2025-08-02 06:48:57+00:00
1,3,174,75,87,0.01,4284.73,93.79999999999995,2.799,0.0,174,543710358,222077494,2025-08-02 06:49:02+00:00
1,3,174,75,88,0.0,4292.66,93.20000000000005,2.799,0.5,174,543709639,222078238,2025-08-02 06:49:05+00:00
1,2,173,75,87,0.0,4305.36,92.20000000000005,2.771,0.0,173,543708361,222078642,2025-08-02 06:49:10+00:00
1,1,173,75,88,0.0,4317.19,92.0,2.743,0.0,173,543707158,222078034,2025-08-02 06:49:14+00:00
1,1,174,75,86,0.0,4326.49,92.20000000000005,2.771,0.0,174,543706280,222077500,2025-08-02 06:49:17+00:00
1,1,174,75,87,0.0,4340.38,93.20000000000005,2.818,0.5,174,543704930,222076695,2025-08-02 06:49:22+00:00
1,1,174,75,87,0.0,4348.72,93.20000000000005,2.79,0.0,174,543704107,222075991,2025-08-02 06:49:25+00:00
1,4,176,75,87,0.0,4360.65,93.20000000000005,2.809,0.0,176,543702985,222075232,2025-08-02 06:49:29+00:00
1,5,177,75,87,0.0,4374.56,94.0,2.818,0.0,177,543701585,222074516,2025-08-02 06:49:34+00:00
1,9,177,75,87,0.0,4385.9,93.79999999999995,2.818,0.0,177,543700401,222073822,2025-08-02 06:49:38+00:00
1,9,161,75,0,0.0,4386.78,95.20000000000005,0.0,0.0,161,543699646,222073461,2025-08-02 06:50:03+00:00
1,7,162,75,0,0.0,4388.46,95.0,0.0,0.0,162,543699456,222073382,2025-08-02 06:50:04+00:00
1,4,163,75,0,0.0,4391.19,95.0,0.0,0.0,163,543699175,222073081,2025-08-02 06:50:05+00:00
1,4,164,75,83,0.0,4403.76,94.60000000000002,3.098,0.5,164,543698049,222072217,2025-08-02 06:50:09+00:00
1,3,164,75,86,0.0,4414.78,94.0,2.79,0.0,164,543697045,222071351,2025-08-02 06:50:13+00:00
1,6,165,75,87,0.0,4426.59,93.60000000000002,2.855,0.0,165,543695935,222070428,2025-08-02 06:50:17+00:00
1,6,165,75,88,0.0,4443.54,94.39999999999998,2.902,0.0,165,543694427,222069039,2025-08-02 06:50:23+00:00
1,1,163,75,87,0.0,4454.48,94.60000000000002,2.846,0.0,163,543693410,222068123,2025-08-02 06:50:27+00:00
1,1,163,75,87,655.34,4468.76,94.60000000000002,2.846,0.0,163,543692115,222067023,2025-08-02 06:50:32+00:00
1,1,165,75,86,655.34,4482.13,94.39999999999998,2.827,0.0,165,543690836,222066163,2025-08-02 06:50:37+00:00
1,1,166,75,86,655.34,4494.18,95.0,2.781,0.5,166,543689799,222065049,2025-08-02 06:50:41+00:00
1,1,166,75,87,655.34,4505.49,95.20000000000005,2.799,0.0,166,543688868,222063913,2025-08-02 06:50:45+00:00
1,1,168,75,88,655.34,4518.84,96.39999999999998,2.79,0.5,168,543687536,222063273,2025-08-02 06:50:50+00:00
1,1,169,75,87,655.34,4529.77,96.60000000000002,2.771,0.0,169,543686492,222062419,2025-08-02 06:50:54+00:00
1,1,170,75,88,655.34,4546.73,96.20000000000005,2.79,0.0,170,543684966,222061010,2025-08-02 06:51:00+00:00
1,1,171,75,87,655.34,4557.71,96.39999999999998,2.781,0.5,171,543683914,222060231,2025-08-02 06:51:04+00:00
1,1,171,75,89,655.34,4569.05,97.0,2.781,0.5,171,543682885,222059310,2025-08-02 06:51:08+00:00
1,1,173,75,88,655.34,4585.26,98.0,2.753,0.0,173,543681446,222058036,2025-08-02 06:51:14+00:00
1,1,173,75,86,655.34,4593.94,97.79999999999995,2.734,0.0,173,543680605,222057343,2025-08-02 06:51:17+00:00
1,1,173,75,88,655.34,4605.58,97.39999999999998,2.771,0.5,173,543679607,222056289,2025-08-02 06:51:21+00:00
1,1,173,75,87,655.34,4619.22,97.79999999999995,2.809,0.0,173,543678349,222055264,2025-08-02 06:51:26+00:00
1,1,173,75,88,655.34,4631.13,97.79999999999995,2.79,0.0,173,543677247,222054323,2025-08-02 06:51:30+00:00
1,1,173,75,86,655.34,4642.23,97.0,2.818,0.5,173,543676306,222053319,2025-08-02 06:51:34+00:00
1,5,174,75,89,655.34,4655.3,97.0,2.799,0.0,174,543675093,222052321,2025-08-02 06:51:39+00:00
1,8,173,75,86,655.34,4663.02,97.39999999999998,2.743,0.5,173,543674440,222051680,2025-08-02 06:51:42+00:00
1,8,173,75,88,655.34,4672.29,97.0,2.743,0.5,173,543673563,222050874,2025-08-02 06:51:45+00:00
1,5,174,75,87,655.34,4687.53,96.79999999999995,2.837,0.5,174,543672247,222049615,2025-08-02 06:51:50+00:00
1,2,174,75,87,655.34,4697.84,96.79999999999995,2.809,0.0,174,543671280,222048784,2025-08-02 06:51:54+00:00
1,2,174,75,89,655.34,4708.89,96.60000000000002,2.799,0.0,174,543670194,222048047,2025-08-02 06:51:58+00:00
1,1,175,74,89,655.34,4720.71,96.39999999999998,2.781,0.0,175,543669212,222046910,2025-08-02 06:52:02+00:00
1,1,176,74,87,655.34,4734.89,97.0,2.818,0.5,176,543667961,222045705,2025-08-02 06:52:07+00:00
1,1,176,74,87,655.34,4745.58,97.20000000000005,2.79,0.5,176,543667025,222044817,2025-08-02 06:52:11+00:00
1,2,177,74,88,655.34,4756.68,96.79999999999995,2.809,0.0,177,543666222,222043627,2025-08-02 06:52:15+00:00
1,2,177,74,85,655.34,4766.94,96.20000000000005,2.781,0.5,177,543665467,222042412,2025-08-02 06:52:19+00:00
1,6,176,74,81,655.34,4778.36,96.39999999999998,2.781,0.5,176,543664465,222041533,2025-08-02 06:52:23+00:00
1,9,176,74,83,655.34,4788.44,94.60000000000002,2.725,0.5,176,543663430,222040877,2025-08-02 06:52:27+00:00
1,8,176,74,85,655.34,4800.56,94.0,2.678,0.0,176,543662157,222040698,2025-08-02 06:52:32+00:00
1,5,175,74,84,655.34,4810.99,93.60000000000002,2.622,0.5,175,543661701,222042171,2025-08-02 06:52:36+00:00
1,3,174,74,88,655.34,4819.37,94.0,2.641,0.0,174,543661303,222043349,2025-08-02 06:52:39+00:00
1,2,175,74,87,655.34,4833.44,96.0,2.678,0.0,175,543660429,222045123,2025-08-02 06:52:44+00:00
1,6,175,74,87,655.34,4841.74,96.20000000000005,2.697,0.0,175,543659988,222046165,2025-08-02 06:52:47+00:00
1,7,174,74,86,655.34,4850.82,96.60000000000002,2.715,0.0,174,543659506,222047460,2025-08-02 06:52:50+00:00
1,3,174,74,89,655.34,4865.01,97.0,2.743,0.0,174,543658815,222049315,2025-08-02 06:52:55+00:00
1,1,175,74,86,655.34,4876.32,97.20000000000005,2.753,0.5,175,543658122,222050750,2025-08-02 06:52:59+00:00
1,1,176,74,88,655.34,4883.53,97.0,2.753,0.0,176,543657799,222051711,2025-08-02 06:53:02+00:00
1,1,176,74,87,655.34,4894.04,97.39999999999998,2.715,0.5,176,543657243,222053116,2025-08-02 06:53:06+00:00
1,1,175,74,88,655.34,4907.8,97.20000000000005,2.715,0.0,175,543656440,222054852,2025-08-02 06:53:11+00:00
1,4,173,74,88,655.34,4917.03,97.0,2.715,0.0,173,543655832,222056067,2025-08-02 06:53:14+00:00
1,4,170,74,88,655.34,4925.69,96.20000000000005,2.743,0.0,170,543655385,222057157,2025-08-02 06:53:17+00:00
1,7,169,74,87,655.34,4939.75,96.60000000000002,2.753,0.5,169,543654655,222059053,2025-08-02 06:53:22+00:00
1,10,171,74,88,655.34,4949.62,97.0,2.771,0.5,171,543654148,222060342,2025-08-02 06:53:26+00:00
1,13,171,74,86,655.34,4957.6,96.79999999999995,2.743,0.5,171,543653662,222061460,2025-08-02 06:53:29+00:00
1,15,170,74,89,655.34,4969.43,96.60000000000002,2.753,0.0,170,543653139,222062966,2025-08-02 06:53:33+00:00
1,15,170,74,87,655.34,4982.79,96.0,2.743,0.5,170,543652311,222064696,2025-08-02 06:53:38+00:00
1,15,170,74,88,655.34,4992.98,96.0,2.734,0.0,170,543651754,222066047,2025-08-02 06:53:42+00:00
1,15,170,74,87,655.34,5001.75,96.39999999999998,2.725,0.5,170,543651371,222067222,2025-08-02 06:53:45+00:00
1,25,171,74,88,0.0,5004.88,96.20000000000005,2.743,0.5,171,543651229,222067684,2025-08-02 06:53:46+00:00
1,26,171,74,88,15.76,5015.6,96.60000000000002,2.743,0.0,171,543650939,222069229,2025-08-02 06:53:50+00:00
1,24,172,74,86,655.14,5023.26,96.39999999999998,2.734,0.5,172,543650585,222070338,2025-08-02 06:53:53+00:00
1,24,172,74,87,655.14,5025.64,96.39999999999998,2.725,0.5,172,543650458,222070584,2025-08-02 06:53:54+00:00
1,19,173,74,85,655.14,5036.45,96.39999999999998,2.715,0.5,173,543649668,222071914,2025-08-02 06:53:58+00:00
1,14,174,74,84,655.14,5045.31,96.60000000000002,2.715,0.0,174,543649268,222073092,2025-08-02 06:54:01+00:00
1,14,174,74,85,0.0,5059.21,97.0,2.771,0.5,174,543648497,222074862,2025-08-02 06:54:06+00:00
1,14,174,74,86,0.0,5067.62,96.0,2.771,0.0,174,543648016,222075962,2025-08-02 06:54:09+00:00
1,3,175,74,86,0.0,5082.26,95.79999999999995,2.762,0.5,175,543647154,222077854,2025-08-02 06:54:14+00:00
1,3,175,74,87,0.0,5093.7,95.20000000000005,2.79,0.0,175,543646507,222079330,2025-08-02 06:54:18+00:00
1,1,174,74,87,0.0,5106.4,96.0,2.762,0.0,174,543645712,222080917,2025-08-02 06:54:23+00:00
1,2,173,74,87,0.0,5118.52,95.79999999999995,2.762,0.0,173,543645120,222082600,2025-08-02 06:54:27+00:00
1,4,173,74,87,0.0,5127.25,95.60000000000002,2.781,0.0,173,543644802,222083801,2025-08-02 06:54:30+00:00
1,4,174,74,89,0.0,5141.37,96.20000000000005,2.846,0.0,174,543644037,222085618,2025-08-02 06:54:35+00:00
1,2,175,74,87,0.0,5150.07,96.20000000000005,2.809,0.0,175,543643446,222086738,2025-08-02 06:54:38+00:00
1,2,176,74,88,0.0,5161.42,95.39999999999998,2.818,0.0,176,543642882,222088170,2025-08-02 06:54:42+00:00
1,2,177,74,85,0.0,5171.43,95.60000000000002,2.809,0.0,177,543642259,222089490,2025-08-02 06:54:46+00:00
1,4,177,74,86,0.0,5182.65,95.60000000000002,2.79,0.0,177,543641699,222090984,2025-08-02 06:54:50+00:00
1,6,176,74,86,0.0,5195.97,95.79999999999995,2.781,0.5,176,543640910,222092697,2025-08-02 06:54:55+00:00
1,6,176,74,88,0.0,5205.85,95.20000000000005,2.79,0.0,176,543640388,222094035,2025-08-02 06:54:58+00:00
1,8,175,74,87,0.0,5213.72,95.0,2.809,0.0,175,543640039,222095100,2025-08-02 06:55:01+00:00
1,3,174,74,88,0.0,5230.51,95.79999999999995,2.809,0.0,174,543639091,222097292,2025-08-02 06:55:07+00:00
1,2,175,74,87,0.0,5238.53,95.79999999999995,2.799,0.5,175,543638675,222098352,2025-08-02 06:55:10+00:00
1,2,175,74,88,0.03,5255.92,95.60000000000002,2.809,0.0,175,543637691,222100550,2025-08-02 06:55:16+00:00
1,5,176,74,87,0.03,5268.5,95.39999999999998,2.771,0.0,176,543636896,222102171,2025-08-02 06:55:21+00:00
1,5,176,74,86,0.03,5284.81,95.0,2.762,0.0,176,543635881,222104281,2025-08-02 06:55:27+00:00
1,2,175,74,86,0.0,5287.35,95.0,2.762,0.0,175,543635690,222104579,2025-08-02 06:55:28+00:00
1,0,166,74,0,0.0,5288.06,94.0,0.933,0.0,166,543635132,222104412,2025-08-02 06:56:04+00:00
1,0,166,74,51,0.0,5289.83,94.0,0.0,0.5,166,543635072,222104849,2025-08-02 06:56:05+00:00
1,1,165,74,88,0.0,5303.02,94.39999999999998,2.613,0.5,165,543634316,222106550,2025-08-02 06:56:10+00:00
1,0,164,74,86,0.0,5317.91,95.39999999999998,2.911,0.0,164,543633437,222108341,2025-08-02 06:56:15+00:00
1,0,163,74,88,0.0,5328.6,96.0,2.753,0.0,163,543632890,222109777,2025-08-02 06:56:19+00:00
1,0,163,74,87,0.0,5337.0,96.20000000000005,2.762,0.5,163,543632370,222110905,2025-08-02 06:56:22+00:00
1,2,164,74,88,0.0,5347.33,96.0,2.725,0.0,164,543631933,222112298,2025-08-02 06:56:26+00:00
1,2,163,74,87,0.0,5360.68,96.60000000000002,2.715,0.0,163,543631065,222113949,2025-08-02 06:56:31+00:00
1,0,164,74,89,0.0,5368.39,96.20000000000005,2.725,0.0,164,543630715,222114973,2025-08-02 06:56:34+00:00
1,1,165,74,87,0.0,5379.24,96.0,2.715,0.5,165,543630136,222116420,2025-08-02 06:56:38+00:00
1,1,166,74,87,0.0,5392.07,96.79999999999995,2.687,0.0,166,543629269,222117942,2025-08-02 06:56:43+00:00
1,1,166,74,88,655.29,5401.24,96.60000000000002,2.687,0.0,166,543628818,222119253,2025-08-02 06:56:46+00:00
1,1,167,74,88,655.34,5412.47,97.20000000000005,2.734,0.0,167,543628324,222120821,2025-08-02 06:56:50+00:00
1,1,168,74,88,655.34,5427.19,98.39999999999998,2.762,0.5,168,543627376,222122577,2025-08-02 06:56:55+00:00
1,1,168,74,88,655.34,5435.53,98.20000000000005,2.771,0.0,168,543626945,222123606,2025-08-02 06:56:58+00:00
1,1,169,74,87,655.34,5443.93,97.79999999999995,2.79,0.5,169,543626509,222124821,2025-08-02 06:57:01+00:00
1,1,170,74,88,655.34,5452.75,97.39999999999998,2.79,0.0,170,543626203,222126029,2025-08-02 06:57:04+00:00
1,2,171,74,88,655.34,5463.93,98.20000000000005,2.799,0.5,171,543625605,222127505,2025-08-02 06:57:08+00:00
1,1,172,74,88,655.34,5477.34,99.0,2.79,0.0,172,543624821,222129156,2025-08-02 06:57:13+00:00
1,1,174,74,86,0.0,5487.22,98.20000000000005,2.771,0.5,174,543624447,222130633,2025-08-02 06:57:17+00:00
1,2,173,74,88,0.0,5490.47,98.0,2.762,0.0,173,543624297,222131087,2025-08-02 06:57:18+00:00
1,2,173,74,89,0.0,5500.6,97.39999999999998,2.762,0.0,173,543623790,222132372,2025-08-02 06:57:22+00:00
1,2,172,74,87,0.0,5505.74,97.39999999999998,2.734,0.5,172,543623500,222133015,2025-08-02 06:57:24+00:00
1,2,172,74,88,0.0,5508.65,97.20000000000005,2.734,0.0,172,543623302,222133454,2025-08-02 06:57:25+00:00
1,1,171,74,87,0.0,5517.01,96.39999999999998,2.725,0.0,171,543623169,222134687,2025-08-02 06:57:28+00:00
1,4,172,74,87,0.0,5528.08,96.20000000000005,2.734,0.0,172,543622860,222136323,2025-08-02 06:57:32+00:00
1,4,172,74,88,0.0,5544.81,96.79999999999995,2.743,0.0,172,543622060,222138666,2025-08-02 06:57:38+00:00
1,11,173,74,89,0.0,5553.32,96.60000000000002,2.743,0.0,173,543621886,222139831,2025-08-02 06:57:41+00:00
1,10,173,74,87,0.0,5563.5,96.20000000000005,2.743,0.0,173,543621245,222141169,2025-08-02 06:57:45+00:00
1,2,172,74,89,0.0,5574.72,96.20000000000005,2.734,0.0,172,543620794,222142783,2025-08-02 06:57:49+00:00
1,2,173,74,87,0.0,5582.52,96.20000000000005,2.734,0.0,173,543620829,222143934,2025-08-02 06:57:52+00:00
1,2,173,74,86,0.0,5584.66,96.20000000000005,2.734,0.5,173,543620975,222144233,2025-08-02 06:57:53+00:00
1,2,174,74,85,0.0,5591.33,95.60000000000002,2.669,0.5,174,543621153,222145210,2025-08-02 06:57:56+00:00
1,2,176,73,84,0.0,5603.19,95.39999999999998,2.65,0.5,176,543620671,222146941,2025-08-02 06:58:00+00:00
1,3,174,73,86,0.0,5611.85,94.79999999999995,2.678,0.0,174,543620575,222148171,2025-08-02 06:58:03+00:00
1,2,171,73,87,0.0,5617.1,94.60000000000002,2.697,0.5,171,543620475,222148965,2025-08-02 06:58:05+00:00
1,2,171,73,86,0.0,5621.87,94.79999999999995,2.697,0.5,171,543620382,222149717,2025-08-02 06:58:07+00:00
1,2,174,73,88,0.0,5632.51,95.79999999999995,2.678,0.0,174,543620555,222151344,2025-08-02 06:58:11+00:00
1,2,174,73,87,0.0,5640.66,95.60000000000002,2.678,0.0,174,543620778,222152485,2025-08-02 06:58:14+00:00
1,5,175,73,85,0.0,5650.28,95.39999999999998,2.669,0.5,175,543620794,222153963,2025-08-02 06:58:18+00:00
1,9,175,73,86,0.0,5666.46,96.0,2.65,0.5,175,543620524,222156386,2025-08-02 06:58:24+00:00
1,9,175,73,87,0.0,5679.15,97.0,2.631,0.0,175,543620309,222158317,2025-08-02 06:58:29+00:00
1,14,176,73,87,0.0,5690.42,97.60000000000002,2.631,0.0,176,543620055,222159946,2025-08-02 06:58:33+00:00
1,2,176,73,86,0.0,5705.98,98.20000000000005,2.641,0.5,176,543619802,222162317,2025-08-02 06:58:39+00:00
1,2,175,73,87,0.0,5719.6,98.60000000000002,2.641,0.0,175,543619334,222164325,2025-08-02 06:58:44+00:00
1,2,175,73,88,0.0,5728.0,98.0,2.65,0.5,175,543619166,222165519,2025-08-02 06:58:47+00:00
1,2,175,73,87,0.0,5738.05,97.79999999999995,2.65,0.0,175,543619038,222167093,2025-08-02 06:58:51+00:00
1,2,176,73,87,0.0,5749.2,98.60000000000002,2.65,0.0,176,543618689,222168710,2025-08-02 06:58:55+00:00
1,2,176,73,88,0.0,5759.91,98.0,2.65,0.0,176,543618535,222170333,2025-08-02 06:58:59+00:00
1,3,175,73,88,0.0,5770.78,98.20000000000005,2.659,0.0,175,543618317,222171869,2025-08-02 06:59:03+00:00
1,6,175,73,87,0.0,5784.25,99.0,2.65,0.0,175,543617794,222173856,2025-08-02 06:59:08+00:00
1,8,175,73,88,0.0,5793.09,99.20000000000005,2.669,0.5,175,543617677,222175134,2025-08-02 06:59:11+00:00
1,11,175,73,88,0.0,5801.49,99.39999999999998,2.687,0.5,175,543617582,222176442,2025-08-02 06:59:14+00:00
1,13,175,73,89,0.0,5812.61,99.20000000000005,2.697,0.0,175,543617492,222178145,2025-08-02 06:59:18+00:00
1,13,175,73,87,0.0,5826.07,99.79999999999995,2.697,0.5,175,543616987,222180070,2025-08-02 06:59:23+00:00
1,2,176,73,87,0.0,5839.83,99.60000000000002,2.697,0.5,176,543616677,222182095,2025-08-02 06:59:28+00:00
1,2,175,73,88,0.0,5853.81,100.0,2.706,0.0,175,543616488,222184234,2025-08-02 06:59:33+00:00
1,4,176,73,86,0.0,5865.08,99.79999999999995,2.725,0.5,176,543616234,222185888,2025-08-02 06:59:37+00:00
1,5,177,73,89,0.0,5875.91,99.60000000000002,2.725,0.0,177,543616049,222187529,2025-08-02 06:59:41+00:00
1,5,177,73,89,0.0,5893.69,99.79999999999995,2.753,0.0,177,543615674,222190203,2025-08-02 06:59:47+00:00
1,13,178,73,89,0.0,5911.1,99.79999999999995,2.79,0.5,178,543615151,222192778,2025-08-02 06:59:53+00:00
1,8,180,73,86,0.0,5922.01,99.79999999999995,2.799,0.5,180,543614907,222194360,2025-08-02 06:59:57+00:00
1,8,180,73,89,0.0,5939.25,99.20000000000005,2.818,0.0,180,543614704,222196953,2025-08-02 07:00:03+00:00
1,8,180,73,88,0.0,5953.63,99.20000000000005,2.818,0.5,180,543614188,222199066,2025-08-02 07:00:08+00:00
1,18,181,73,88,0.0,5965.63,99.20000000000005,2.837,0.5,181,543613782,222200839,2025-08-02 07:00:12+00:00
1,19,181,73,88,0.02,5975.2,99.0,2.865,0.5,181,543613513,222202202,2025-08-02 07:00:15+00:00
1,23,181,73,87,0.02,5989.38,98.20000000000005,2.893,0.5,181,543613429,222204346,2025-08-02 07:00:20+00:00
1,27,181,73,89,0.02,6000.11,98.20000000000005,2.883,0.5,181,543613352,222205955,2025-08-02 07:00:24+00:00
1,27,181,73,89,0.0,6002.82,98.39999999999998,2.883,0.5,181,543613284,222206353,2025-08-02 07:00:25+00:00
1,29,180,73,88,0.0,6013.42,98.39999999999998,2.855,0.5,180,543613001,222207984,2025-08-02 07:00:29+00:00
1,29,181,73,89,0.0,6025.7,98.79999999999995,2.855,0.0,181,543612634,222209769,2025-08-02 07:00:33+00:00
1,18,183,73,88,0.0,6039.62,98.79999999999995,2.865,0.5,183,543612393,222211829,2025-08-02 07:00:38+00:00
1,13,184,73,87,0.0,6051.46,98.79999999999995,2.865,0.5,184,543612269,222213661,2025-08-02 07:00:42+00:00
1,15,184,73,87,0.0,6065.95,99.39999999999998,2.874,0.0,184,543611863,222215725,2025-08-02 07:00:47+00:00
1,16,183,73,88,0.0,6077.68,99.60000000000002,2.883,0.5,183,543611870,222217463,2025-08-02 07:00:51+00:00
1,16,183,73,87,0.0,6090.49,98.60000000000002,2.837,0.5,183,543611722,222219488,2025-08-02 07:00:56+00:00
1,16,183,73,88,0.0,6107.16,98.39999999999998,2.818,0.0,183,543611596,222221985,2025-08-02 07:01:02+00:00
1,23,182,73,89,0.0,6118.55,98.0,2.809,0.0,182,543611400,222223714,2025-08-02 07:01:06+00:00
1,23,181,73,86,0.0,6129.94,97.60000000000002,2.827,0.0,181,543611417,222225473,2025-08-02 07:01:10+00:00
1,20,179,73,90,0.0,6144.23,98.0,2.846,0.0,179,543611408,222227678,2025-08-02 07:01:15+00:00
1,16,178,73,87,0.0,6157.79,98.0,2.827,0.5,178,543611128,222229723,2025-08-02 07:01:20+00:00
1,14,179,73,89,0.0,6168.17,98.0,2.79,0.5,179,543611004,222231300,2025-08-02 07:01:24+00:00
1,17,179,73,88,0.0,6179.5,97.79999999999995,2.781,0.5,179,543611004,222232991,2025-08-02 07:01:28+00:00
1,20,179,73,87,0.0,6191.1,97.20000000000005,2.79,0.0,179,543610728,222234732,2025-08-02 07:01:32+00:00
1,20,178,73,86,0.0,6200.98,97.20000000000005,2.827,0.0,178,543610669,222236263,2025-08-02 07:01:35+00:00
1,10,177,73,88,0.0,6209.52,96.60000000000002,2.846,0.0,177,543610826,222237538,2025-08-02 07:01:38+00:00
1,6,176,73,88,0.0,6221.22,96.79999999999995,2.855,0.5,176,543610898,222239323,2025-08-02 07:01:42+00:00
1,3,176,73,88,0.0,6240.58,97.0,2.855,0.5,176,543610872,222242270,2025-08-02 07:01:49+00:00
1,3,176,73,89,0.0,6252.2,97.20000000000005,2.865,0.0,176,543610999,222244039,2025-08-02 07:01:53+00:00
1,3,177,73,87,0.0,6264.16,97.60000000000002,2.865,0.0,177,543611191,222245819,2025-08-02 07:01:57+00:00
1,3,177,72,87,0.0,6272.59,97.79999999999995,2.874,0.0,177,543611326,222247151,2025-08-02 07:02:00+00:00
1,3,178,72,88,0.0,6284.02,97.60000000000002,2.883,0.5,178,543611445,222248866,2025-08-02 07:02:04+00:00
1,7,177,72,89,0.0,6295.35,97.39999999999998,2.865,0.0,177,543611675,222250610,2025-08-02 07:02:08+00:00
1,10,177,72,90,0.0,6307.01,97.39999999999998,2.874,0.5,177,543611899,222252252,2025-08-02 07:02:12+00:00
1,4,176,72,87,0.0,6326.35,98.0,2.865,0.0,176,543611963,222255309,2025-08-02 07:02:19+00:00
1,4,176,72,89,0.0,6338.82,97.79999999999995,2.874,0.0,176,543611972,222257201,2025-08-02 07:02:23+00:00
1,3,176,72,87,0.0,6348.32,97.0,2.911,0.5,176,543612246,222258547,2025-08-02 07:02:26+00:00
1,5,176,72,89,0.0,6359.58,97.20000000000005,2.948,0.0,176,543612397,222260199,2025-08-02 07:02:30+00:00
1,4,177,72,88,0.0,6370.93,97.60000000000002,2.911,0.5,177,543612574,222261970,2025-08-02 07:02:34+00:00
1,4,177,72,89,0.0,6385.78,97.39999999999998,2.921,0.0,177,543612573,222264204,2025-08-02 07:02:39+00:00
1,1,177,72,88,0.0,6397.9,97.0,2.948,0.5,177,543612520,222266052,2025-08-02 07:02:43+00:00
1,1,177,72,90,0.0,6409.29,96.39999999999998,2.948,0.0,177,543612600,222267795,2025-08-02 07:02:47+00:00
1,1,177,72,89,0.0,6417.79,96.39999999999998,2.939,0.5,177,543612367,222269096,2025-08-02 07:02:50+00:00
1,1,177,72,90,0.0,6426.82,96.39999999999998,2.93,0.0,177,543611918,222270267,2025-08-02 07:02:53+00:00
1,3,177,72,89,0.0,6438.65,96.0,2.948,0.5,177,543611283,222271838,2025-08-02 07:02:57+00:00
1,2,177,72,88,0.0,6451.86,95.60000000000002,2.93,0.0,177,543610977,222273896,2025-08-02 07:03:02+00:00
1,3,177,72,89,0.0,6466.12,95.79999999999995,2.911,0.5,177,543611146,222276056,2025-08-02 07:03:07+00:00
1,3,177,72,88,0.0,6474.81,96.20000000000005,2.911,0.0,177,543611355,222277286,2025-08-02 07:03:10+00:00
1,9,177,72,87,0.0,6478.32,95.60000000000002,2.902,0.5,177,543611476,222277695,2025-08-02 07:03:13+00:00
1,2,175,72,53,0.0,6484.63,95.60000000000002,2.435,0.5,175,543611848,222278619,2025-08-02 07:03:19+00:00
1,1,174,72,53,0.0,6488.86,95.60000000000002,0.886,0.5,174,543612070,222279179,2025-08-02 07:03:24+00:00
1,1,174,72,48,0.0,6493.5,96.39999999999998,0.0,0.5,174,543612247,222279853,2025-08-02 07:03:29+00:00
1,1,173,72,0,0.0,6500.59,96.39999999999998,0.942,0.0,173,543612531,222280873,2025-08-02 07:03:36+00:00
1,1,172,72,53,0.0,6508.56,95.39999999999998,1.138,0.5,172,543612507,222282097,2025-08-02 07:03:43+00:00
1,1,170,72,54,0.0,6512.96,94.60000000000002,1.073,0.5,170,543612487,222282749,2025-08-02 07:03:48+00:00
1,1,167,72,54,0.0,6517.17,94.39999999999998,1.036,0.5,167,543612465,222283385,2025-08-02 07:03:51+00:00
1,1,166,72,54,0.0,6518.92,94.60000000000002,1.129,0.5,166,543612436,222283559,2025-08-02 07:03:52+00:00
1,0,163,72,55,0.0,6520.98,94.79999999999995,1.194,0.5,163,543612447,222283963,2025-08-02 07:03:55+00:00
1,0,162,72,0,0.0,6522.52,95.0,1.082,0.0,162,543612530,222284173,2025-08-02 07:03:57+00:00
1,1,161,72,0,0.0,6523.74,94.79999999999995,1.045,0.0,161,543612522,222284397,2025-08-02 07:03:59+00:00
1,1,159,72,55,0.0,6535.02,95.39999999999998,1.764,0.0,159,543612372,222286095,2025-08-02 07:04:04+00:00
1,1,159,72,87,0.0,6549.4,95.79999999999995,2.818,0.5,159,543612332,222288310,2025-08-02 07:04:09+00:00
1,2,158,72,87,0.0,6565.65,96.20000000000005,2.902,0.0,158,543612205,222290730,2025-08-02 07:04:15+00:00
1,2,158,72,87,0.0,6576.61,96.20000000000005,2.734,0.0,158,543612318,222292423,2025-08-02 07:04:19+00:00
1,4,161,72,87,0.0,6588.69,96.60000000000002,2.799,0.5,161,543612292,222294281,2025-08-02 07:04:23+00:00
1,4,161,72,87,0.0,6591.56,96.39999999999998,2.818,0.0,161,543612319,222294666,2025-08-02 07:04:24+00:00
1,5,162,72,86,0.0,6601.16,96.39999999999998,2.809,0.5,162,543612164,222296143,2025-08-02 07:04:28+00:00
1,8,163,72,87,0.0,6612.57,96.39999999999998,2.734,0.0,163,543612169,222297898,2025-08-02 07:04:32+00:00
1,1,166,72,87,0.0,6629.53,96.0,2.827,0.5,166,543611779,222300421,2025-08-02 07:04:38+00:00
1,1,166,72,87,0.0,6640.03,95.60000000000002,2.79,0.0,166,543611722,222302051,2025-08-02 07:04:42+00:00
1,1,167,72,88,0.0,6651.67,95.39999999999998,2.781,0.5,167,543611779,222303821,2025-08-02 07:04:46+00:00
1,1,168,72,88,0.0,6663.41,96.0,2.799,0.5,168,543611842,222305550,2025-08-02 07:04:50+00:00
1,1,169,72,88,0.0,6674.09,96.0,2.818,0.0,169,543611637,222307193,2025-08-02 07:04:54+00:00
1,2,170,72,87,0.0,6685.88,95.79999999999995,2.818,0.5,170,543611478,222308953,2025-08-02 07:04:58+00:00
1,3,171,71,89,0.0,6700.82,95.60000000000002,2.846,0.0,171,543611455,222311265,2025-08-02 07:05:03+00:00
1,2,172,71,89,0.0,6723.32,96.0,2.855,0.0,172,543611388,222314689,2025-08-02 07:05:11+00:00
1,2,172,71,87,0.0,6734.65,96.20000000000005,2.846,0.5,172,543611366,222316431,2025-08-02 07:05:15+00:00
1,2,173,71,89,0.0,6746.49,96.39999999999998,2.855,0.5,173,543611222,222318177,2025-08-02 07:05:19+00:00
1,3,174,71,89,0.0,6757.16,96.79999999999995,2.846,0.5,174,543611155,222319827,2025-08-02 07:05:23+00:00
1,3,174,71,90,0.0,6768.49,96.20000000000005,2.846,0.5,174,543611074,222321561,2025-08-02 07:05:27+00:00
1,3,173,71,88,0.0,6780.12,96.0,2.846,0.5,173,543611053,222323315,2025-08-02 07:05:31+00:00
1,2,173,71,89,0.0,6789.05,96.0,2.855,0.5,173,543610994,222324694,2025-08-02 07:05:34+00:00
1,2,174,71,89,0.0,6802.77,96.39999999999998,2.846,0.5,174,543610985,222326820,2025-08-02 07:05:39+00:00
1,2,175,71,88,0.0,6813.72,97.0,2.837,0.0,175,543610760,222328449,2025-08-02 07:05:43+00:00
1,2,174,71,87,0.0,6824.85,96.79999999999995,2.827,0.5,174,543610530,222330128,2025-08-02 07:05:47+00:00
1,2,174,71,88,0.0,6836.41,96.20000000000005,2.837,0.5,174,543610312,222331829,2025-08-02 07:05:51+00:00
1,2,175,71,89,0.0,6847.38,95.0,2.837,0.0,175,543610277,222333473,2025-08-02 07:05:55+00:00
1,2,175,71,86,0.0,6857.83,95.60000000000002,2.818,0.0,175,543610251,222335048,2025-08-02 07:05:59+00:00
1,2,175,71,88,0.0,6865.59,95.79999999999995,2.809,0.0,175,543610486,222336202,2025-08-02 07:06:02+00:00
1,2,175,71,86,0.0,6872.74,95.60000000000002,2.781,0.5,175,543610654,222337283,2025-08-02 07:06:05+00:00
1,16,174,71,0,0.0,6872.74,96.20000000000005,0.0,0.0,174,543610506,222337805,2025-08-02 07:06:19+00:00
1,17,173,71,0,0.0,6876.68,96.79999999999995,0.0,0.0,173,543610434,222338366,2025-08-02 07:06:20+00:00
1,17,173,71,0,0.0,6887.53,97.60000000000002,3.658,0.0,173,543610362,222339980,2025-08-02 07:06:23+00:00
1,12,174,71,85,0.0,6899.52,97.0,3.182,0.5,174,543610275,222341789,2025-08-02 07:06:27+00:00
1,11,175,71,86,0.0,6911.1,96.60000000000002,2.855,0.0,175,543610303,222343607,2025-08-02 07:06:31+00:00
1,11,175,71,86,0.0,6924.97,96.60000000000002,2.865,0.5,175,543610311,222345681,2025-08-02 07:06:36+00:00
1,11,175,71,84,0.0,6933.27,95.79999999999995,2.725,0.0,175,543610282,222347016,2025-08-02 07:06:39+00:00
1,0,158,71,0,0.0,6933.27,96.39999999999998,0.0,0.0,158,543608937,222348108,2025-08-02 07:07:54+00:00
1,0,158,71,50,0.0,6935.29,96.0,0.0,0.0,158,543609069,222347829,2025-08-02 07:07:55+00:00
1,0,158,71,47,0.0,6939.82,96.60000000000002,1.819,0.0,158,543609648,222347488,2025-08-02 07:07:57+00:00
1,0,158,71,47,0.0,6941.67,97.0,2.053,0.0,158,543609862,222347571,2025-08-02 07:07:58+00:00
1,0,158,71,47,0.0,6944.51,97.0,2.053,0.0,158,543610053,222348015,2025-08-02 07:07:59+00:00
1,2,157,70,83,0.0,6951.55,96.79999999999995,2.594,0.0,157,543610059,222349120,2025-08-02 07:08:01+00:00
1,2,158,70,86,0.0,6965.32,96.39999999999998,3.471,0.5,158,543610155,222351125,2025-08-02 07:08:05+00:00
1,1,155,70,87,0.0,6976.75,96.39999999999998,3.014,0.0,155,543610081,222352862,2025-08-02 07:08:09+00:00
1,1,154,70,87,0.0,6979.59,96.20000000000005,3.014,0.0,154,543609875,222353312,2025-08-02 07:08:10+00:00
1,1,154,70,87,0.0,6984.72,96.39999999999998,2.958,0.0,154,543609892,222354076,2025-08-02 07:08:12+00:00
1,0,153,70,86,0.0,6993.19,96.20000000000005,2.781,0.5,153,543609957,222355322,2025-08-02 07:08:15+00:00
1,1,155,70,89,0.0,7005.59,96.60000000000002,2.874,0.0,155,543610000,222357285,2025-08-02 07:08:19+00:00
1,1,158,70,89,1.99,7015.3,97.39999999999998,2.967,0.0,158,543609868,222358704,2025-08-02 07:08:22+00:00
1,1,158,70,87,1.99,7018.52,97.39999999999998,2.976,0.0,158,543609793,222359222,2025-08-02 07:08:23+00:00
1,1,161,70,87,,7024.78,97.39999999999998,2.995,0.0,161,543609682,222360147,2025-08-02 07:08:25+00:00
1,1,162,70,87,,7027.49,97.39999999999998,2.995,0.0,162,543609755,222360494,2025-08-02 07:08:26+00:00
1,2,164,70,88,,7039.38,97.39999999999998,2.976,0.5,164,543609774,222362348,2025-08-02 07:08:30+00:00
1,2,164,70,88,1.18,7053.78,97.60000000000002,2.976,0.0,164,543609931,222364526,2025-08-02 07:08:35+00:00
1,2,166,70,88,1.18,7068.22,98.60000000000002,2.976,0.5,166,543609839,222366721,2025-08-02 07:08:40+00:00
1,4,168,70,88,1.18,7082.91,98.79999999999995,2.958,0.5,168,543609803,222368922,2025-08-02 07:08:45+00:00
1,3,171,70,88,1.18,7094.35,98.39999999999998,2.948,0.0,171,543609921,222370638,2025-08-02 07:08:49+00:00
1,4,172,70,87,1.18,7108.48,99.20000000000005,2.93,0.0,172,543609881,222372813,2025-08-02 07:08:54+00:00
1,3,173,70,88,1.18,7118.75,99.39999999999998,2.911,0.0,173,543609769,222374347,2025-08-02 07:08:58+00:00
1,2,173,70,87,1.18,7126.92,99.20000000000005,2.893,0.5,173,543609749,222375644,2025-08-02 07:09:01+00:00
1,2,174,70,89,0.02,7137.41,98.79999999999995,2.865,0.0,174,543609826,222377237,2025-08-02 07:09:05+00:00
1,2,174,70,87,0.02,7152.29,99.0,2.855,0.5,174,543609532,222379500,2025-08-02 07:09:10+00:00
1,2,174,70,89,0.02,7161.07,98.20000000000005,2.865,0.0,174,543609548,222380778,2025-08-02 07:09:13+00:00
1,2,174,70,87,0.02,7172.1,97.39999999999998,2.837,0.0,174,543609615,222382482,2025-08-02 07:09:17+00:00
1,2,174,70,88,0.02,7185.8,97.60000000000002,2.827,0.5,174,543609661,222384569,2025-08-02 07:09:22+00:00
1,2,175,70,89,0.02,7199.37,98.60000000000002,2.818,0.5,175,543609551,222386677,2025-08-02 07:09:27+00:00
1,2,176,70,88,0.02,7210.74,99.0,2.799,0.5,176,543609580,222388406,2025-08-02 07:09:31+00:00
1,5,175,70,89,0.02,7222.06,99.20000000000005,2.818,0.5,175,543609571,222390123,2025-08-02 07:09:35+00:00
1,5,176,70,88,0.02,7233.96,99.60000000000002,2.809,0.5,176,543609506,222391904,2025-08-02 07:09:39+00:00
1,9,176,70,88,0.02,7247.64,100.20000000000005,2.799,0.0,176,543609344,222394056,2025-08-02 07:09:44+00:00
1,12,176,70,88,0.02,7260.2,100.20000000000005,2.809,0.5,176,543609356,222395932,2025-08-02 07:09:48+00:00
1,15,177,70,90,0.02,7274.12,100.20000000000005,2.827,0.0,177,543609310,222398009,2025-08-02 07:09:53+00:00
1,19,177,70,88,0.02,7287.08,99.39999999999998,2.809,0.5,177,543609298,222400061,2025-08-02 07:09:58+00:00
1,19,177,70,89,0.02,7299.56,99.60000000000002,2.827,0.0,177,543608941,222401892,2025-08-02 07:10:02+00:00
1,19,177,70,86,0.02,7310.94,99.20000000000005,2.827,0.0,177,543608902,222403632,2025-08-02 07:10:06+00:00
1,13,178,70,88,0.02,7321.45,98.60000000000002,2.818,0.5,178,543609005,222405272,2025-08-02 07:10:10+00:00
1,12,178,70,90,0.02,7335.52,99.0,2.809,0.5,178,543609066,222407418,2025-08-02 07:10:15+00:00
1,13,177,70,88,0.02,7347.75,98.60000000000002,2.837,0.5,177,543609282,222409247,2025-08-02 07:10:19+00:00
1,13,177,70,89,0.02,7362.41,100.0,2.855,0.5,177,543608971,222411470,2025-08-02 07:10:24+00:00
1,2,179,70,89,0.02,7379.25,100.60000000000002,2.865,0.0,179,543608695,222414006,2025-08-02 07:10:30+00:00
1,2,179,70,87,0.02,7391.13,99.39999999999998,2.865,0.5,179,543608464,222415785,2025-08-02 07:10:34+00:00
1,6,179,70,90,0.02,7399.43,98.79999999999995,2.865,0.0,179,543608507,222416997,2025-08-02 07:10:37+00:00
1,6,179,70,88,0.02,7408.01,98.0,2.865,0.5,179,543608439,222418343,2025-08-02 07:10:40+00:00
1,10,179,70,88,0.02,7416.91,98.0,2.865,0.5,179,543608439,222419650,2025-08-02 07:10:43+00:00
1,10,179,70,88,0.02,7420.09,97.60000000000002,2.865,0.5,179,543608405,222420158,2025-08-02 07:10:44+00:00
1,12,180,70,87,0.02,7430.4,97.39999999999998,2.855,0.5,180,543608523,222421733,2025-08-02 07:10:48+00:00
1,12,180,70,89,0.02,7442.13,97.79999999999995,2.837,0.0,180,543608416,222423491,2025-08-02 07:10:52+00:00
1,15,181,70,87,0.02,7450.41,97.79999999999995,2.846,0.0,181,543608265,222424787,2025-08-02 07:10:55+00:00
1,15,181,70,87,0.02,7461.9,97.39999999999998,2.837,0.0,181,543608239,222426489,2025-08-02 07:10:59+00:00
1,21,182,70,87,0.02,7472.71,97.60000000000002,2.827,0.5,182,543608305,222428138,2025-08-02 07:11:03+00:00
1,25,181,70,88,0.02,7489.72,98.0,2.818,0.5,181,543608209,222430728,2025-08-02 07:11:09+00:00
1,25,181,70,88,0.02,7498.72,97.39999999999998,2.827,0.5,181,543608012,222432142,2025-08-02 07:11:12+00:00
1,15,179,70,89,0.02,7507.95,96.79999999999995,2.837,0.0,179,543608089,222433481,2025-08-02 07:11:15+00:00
1,4,180,70,86,0.02,7521.6,97.0,2.837,0.5,180,543608026,222435552,2025-08-02 07:11:20+00:00
1,4,179,70,88,0.02,7532.34,97.20000000000005,2.827,0.0,179,543607946,222437186,2025-08-02 07:11:24+00:00
1,2,177,70,88,0.02,7540.96,97.20000000000005,2.799,0.5,177,543607881,222438528,2025-08-02 07:11:27+00:00
1,2,177,70,88,0.02,7554.35,97.39999999999998,2.79,0.0,177,543607826,222440541,2025-08-02 07:11:32+00:00
1,7,177,70,88,0.02,7565.07,97.79999999999995,2.79,0.0,177,543607800,222442211,2025-08-02 07:11:36+00:00
1,7,177,70,88,0.02,7573.38,98.39999999999998,2.762,0.0,177,543608001,222443425,2025-08-02 07:11:39+00:00
1,7,178,70,87,0.02,7588.13,98.79999999999995,2.79,0.0,178,543607910,222445609,2025-08-02 07:11:44+00:00
1,4,177,70,87,0.02,7598.92,98.60000000000002,2.799,0.0,177,543607933,222447319,2025-08-02 07:11:48+00:00
1,6,177,70,87,0.02,7614.0,98.39999999999998,2.818,0.0,177,543607856,222449511,2025-08-02 07:11:53+00:00
1,6,177,70,87,0.02,7622.0,97.79999999999995,2.809,0.0,177,543607772,222450784,2025-08-02 07:11:56+00:00
1,5,177,70,86,0.02,7634.54,97.20000000000005,2.827,0.0,177,543607571,222452577,2025-08-02 07:12:00+00:00
1,6,177,70,84,0.02,7644.43,97.20000000000005,2.809,0.5,177,543607822,222454108,2025-08-02 07:12:04+00:00
1,6,177,70,87,0.02,7653.89,96.79999999999995,2.79,0.0,177,543608055,222455505,2025-08-02 07:12:07+00:00
1,6,177,70,87,0.02,7657.37,97.0,2.809,0.0,177,543607943,222456072,2025-08-02 07:12:08+00:00
1,6,177,70,88,0.02,7663.26,97.20000000000005,2.874,0.0,177,543607965,222456956,2025-08-02 07:12:10+00:00
1,12,177,70,85,0.02,7674.69,97.39999999999998,2.883,0.0,177,543607687,222458597,2025-08-02 07:12:14+00:00
1,11,178,70,84,0.02,7684.66,98.0,2.837,0.5,178,543607401,222460069,2025-08-02 07:12:18+00:00
1,11,178,70,87,0.02,7696.14,97.79999999999995,2.799,0.0,178,543607405,222461826,2025-08-02 07:12:22+00:00
1,4,179,70,89,0.02,7711.36,97.60000000000002,2.846,0.0,179,543607340,222464106,2025-08-02 07:12:27+00:00
1,4,178,70,87,0.02,7723.81,97.39999999999998,2.893,0.0,178,543607228,222465988,2025-08-02 07:12:31+00:00
1,2,177,70,86,0.02,7737.14,98.39999999999998,2.874,0.5,177,543607211,222468073,2025-08-02 07:12:36+00:00
1,4,178,70,89,0.02,7748.3,99.0,2.865,0.0,178,543607178,222469782,2025-08-02 07:12:40+00:00
1,4,177,70,86,0.02,7761.22,98.79999999999995,2.874,0.0,177,543607163,222471736,2025-08-02 07:12:44+00:00
1,5,177,70,87,0.02,7774.78,99.60000000000002,2.883,0.0,177,543607153,222473777,2025-08-02 07:12:49+00:00
1,6,176,70,87,0.02,7787.05,99.60000000000002,2.865,0.0,176,543607143,222475622,2025-08-02 07:12:53+00:00
1,5,177,70,86,0.02,7795.27,100.0,2.902,0.0,177,543606977,222476900,2025-08-02 07:12:56+00:00
1,4,177,70,86,0.02,7797.74,100.0,2.883,0.0,177,543607075,222477315,2025-08-02 07:12:58+00:00
1,4,177,70,84,0.02,7799.89,99.79999999999995,2.874,0.0,177,543607435,222477263,2025-08-02 07:13:00+00:00
1,4,177,70,83,0.02,7809.48,98.79999999999995,2.594,0.5,177,543608473,222477160,2025-08-02 07:13:04+00:00
1,5,177,70,85,0.02,7819.59,99.0,2.631,0.5,177,543609560,222477471,2025-08-02 07:13:08+00:00
1,4,176,70,86,0.0,7821.63,99.0,2.622,0.0,176,543609788,222477569,2025-08-02 07:13:09+00:00
1,1,150,69,0,0.0,7822.0,101.20000000000005,0.0,0.0,150,543610530,222475521,2025-08-02 07:15:20+00:00
1,1,148,69,0,0.0,7826.95,101.20000000000005,0.0,0.0,148,543611134,222475657,2025-08-02 07:15:22+00:00
1,0,146,69,83,0.0,7843.91,102.0,3.322,0.5,146,543612853,222476031,2025-08-02 07:15:27+00:00
1,0,147,69,86,0.0,7855.96,101.0,3.154,0.0,147,543614104,222476252,2025-08-02 07:15:31+00:00
1,0,146,69,86,0.0,7869.75,100.60000000000002,2.678,0.5,146,543615589,222476315,2025-08-02 07:15:36+00:00
1,0,146,69,87,0.0,7875.45,100.20000000000005,2.855,0.0,146,543616185,222476506,2025-08-02 07:15:38+00:00
1,0,146,69,87,0.0,7881.2,100.20000000000005,2.855,0.0,146,543616778,222476774,2025-08-02 07:15:40+00:00
1,0,145,69,87,0.0,7883.97,100.20000000000005,2.855,0.0,145,543617036,222476728,2025-08-02 07:15:41+00:00
1,0,146,69,87,0.0,7889.05,100.0,2.855,0.0,146,543617602,222476663,2025-08-02 07:15:43+00:00
1,0,148,69,86,0.0,7899.94,99.39999999999998,2.809,0.5,148,543618743,222476233,2025-08-02 07:15:47+00:00
1,0,150,69,84,0.0,7909.09,99.20000000000005,2.818,0.5,150,543619633,222476671,2025-08-02 07:15:50+00:00
1,0,152,69,85,0.0,7914.76,99.0,2.921,0.0,152,543620040,222477222,2025-08-02 07:15:52+00:00
1,0,155,69,86,0.0,7922.24,99.0,2.818,0.0,155,543620845,222477588,2025-08-02 07:15:55+00:00
1,0,157,69,84,0.0,7927.4,99.0,2.79,0.5,157,543621390,222477825,2025-08-02 07:15:57+00:00
1,1,159,69,85,0.0,7938.55,98.60000000000002,2.771,0.0,159,543622474,222478117,2025-08-02 07:16:01+00:00
1,1,160,69,87,0.0,7946.98,98.39999999999998,2.687,0.0,160,543623478,222478372,2025-08-02 07:16:05+00:00
1,3,161,69,86,0.0,7959.56,98.20000000000005,2.687,0.0,161,543624732,222479032,2025-08-02 07:16:09+00:00
1,9,163,69,86,0.0,7976.13,98.39999999999998,2.827,0.0,163,543626449,222479326,2025-08-02 07:16:14+00:00
1,12,164,69,87,0.0,7987.73,98.20000000000005,2.874,0.0,164,543627628,222479841,2025-08-02 07:16:18+00:00
1,4,167,69,87,0.0,7996.29,97.60000000000002,2.874,0.0,167,543628527,222479913,2025-08-02 07:16:21+00:00
1,3,168,69,86,0.0,7998.88,97.60000000000002,2.874,0.0,168,543628802,222479960,2025-08-02 07:16:22+00:00
1,3,168,69,86,0.0,8003.56,98.0,2.865,0.0,168,543629315,222480128,2025-08-02 07:16:24+00:00
1,1,169,69,86,0.0,8008.56,98.60000000000002,2.827,0.0,169,543629857,222480352,2025-08-02 07:16:26+00:00
1,2,170,69,87,0.0,8017.25,98.60000000000002,2.809,0.0,170,543630747,222480568,2025-08-02 07:16:29+00:00
1,2,170,69,87,0.0,8030.53,98.39999999999998,2.799,0.0,170,543632092,222480982,2025-08-02 07:16:34+00:00
1,2,170,69,87,0.0,8040.28,98.60000000000002,2.781,0.0,170,543633088,222481361,2025-08-02 07:16:38+00:00
1,4,169,69,88,0.0,8052.31,97.60000000000002,2.734,0.0,169,543634423,222481676,2025-08-02 07:16:43+00:00
1,2,170,69,87,2.18,8066.39,98.20000000000005,2.715,0.0,170,543635891,222482195,2025-08-02 07:16:48+00:00
1,3,170,69,88,2.18,8079.27,98.0,2.715,0.0,170,543637220,222482509,2025-08-02 07:16:53+00:00
1,2,170,69,87,2.18,8092.56,97.20000000000005,2.697,0.0,170,543638567,222482753,2025-08-02 07:16:58+00:00
1,2,169,69,88,2.18,8102.61,98.20000000000005,2.678,0.0,169,543639700,222483051,2025-08-02 07:17:02+00:00
1,1,171,69,87,2.18,8114.84,99.0,2.678,0.5,171,543640996,222483364,2025-08-02 07:17:06+00:00
1,1,170,69,88,2.18,8128.18,99.0,2.697,0.0,170,543642386,222483460,2025-08-02 07:17:11+00:00
1,1,172,69,87,2.18,8143.88,99.39999999999998,2.687,0.0,172,543644025,222483984,2025-08-02 07:17:17+00:00
1,2,171,69,88,2.18,8155.93,100.20000000000005,2.678,0.5,171,543645305,222484053,2025-08-02 07:17:22+00:00
1,2,170,69,87,2.18,8167.97,101.39999999999998,2.631,0.0,170,543646330,222483380,2025-08-02 07:17:27+00:00
1,4,171,69,84,2.18,8174.77,100.60000000000002,2.566,0.0,171,543646576,222482278,2025-08-02 07:17:31+00:00
1,4,171,69,84,2.18,8176.69,100.60000000000002,2.379,0.0,171,543646877,222482398,2025-08-02 07:17:32+00:00
1,7,172,69,84,2.18,8182.94,100.20000000000005,2.342,0.5,172,543647487,222482773,2025-08-02 07:17:34+00:00
1,4,173,69,86,2.18,8199.0,99.20000000000005,2.762,0.0,173,543648838,222484139,2025-08-02 07:17:39+00:00
1,6,173,69,87,2.18,8212.9,98.79999999999995,2.697,0.0,173,543650229,222484552,2025-08-02 07:17:44+00:00
1,6,173,69,88,2.18,8223.58,99.0,2.445,0.0,173,543651420,222485008,2025-08-02 07:17:49+00:00
1,6,173,69,82,2.18,8236.48,97.79999999999995,2.426,0.5,173,543652769,222485476,2025-08-02 07:17:54+00:00
1,2,173,69,83,2.18,8251.04,96.20000000000005,2.547,0.5,173,543654290,222485854,2025-08-02 07:17:59+00:00
1,2,172,69,86,2.18,8268.25,94.79999999999995,2.613,0.0,172,543656068,222486394,2025-08-02 07:18:05+00:00
1,1,170,69,86,2.18,8279.66,93.60000000000002,2.678,0.5,170,543657257,222486803,2025-08-02 07:18:09+00:00
1,1,171,69,88,2.18,8293.06,92.79999999999995,2.687,0.5,171,543658648,222487391,2025-08-02 07:18:14+00:00
1,1,170,69,88,2.18,8303.47,92.20000000000005,2.697,0.0,170,543659731,222487777,2025-08-02 07:18:18+00:00
1,1,169,69,88,2.18,8321.97,92.20000000000005,2.669,0.0,169,543661612,222488555,2025-08-02 07:18:25+00:00
1,1,170,69,87,2.18,8332.62,91.79999999999995,2.669,0.0,170,543662749,222489001,2025-08-02 07:18:29+00:00
1,1,170,69,87,2.18,8346.72,91.0,2.678,0.5,170,543664185,222489670,2025-08-02 07:18:34+00:00
1,1,170,69,89,2.18,8363.39,91.39999999999998,2.706,0.0,170,543665871,222490339,2025-08-02 07:18:40+00:00
1,1,171,69,87,2.18,8372.27,91.79999999999995,2.706,0.5,171,543666769,222490921,2025-08-02 07:18:43+00:00
1,2,170,69,87,2.18,8380.06,92.20000000000005,2.715,0.5,170,543667575,222491153,2025-08-02 07:18:46+00:00
1,2,171,69,89,2.18,8391.18,91.60000000000002,2.715,0.0,171,543668758,222491625,2025-08-02 07:18:50+00:00
1,2,172,69,89,2.18,8402.57,91.79999999999995,2.725,0.5,172,543669913,222492188,2025-08-02 07:18:54+00:00
1,2,172,69,89,2.18,8414.52,91.20000000000005,2.743,0.0,172,543671061,222492834,2025-08-02 07:18:58+00:00
1,2,172,68,89,2.18,8429.95,91.20000000000005,2.734,0.0,172,543672630,222493764,2025-08-02 07:19:04+00:00
1,2,173,68,88,2.18,8444.19,92.20000000000005,2.743,0.5,173,543674039,222494414,2025-08-02 07:19:09+00:00
1,2,174,68,89,2.18,8455.52,92.79999999999995,2.753,0.0,174,543675165,222495008,2025-08-02 07:19:13+00:00
1,3,173,68,87,2.18,8465.27,92.79999999999995,2.771,0.5,173,543676170,222495455,2025-08-02 07:19:16+00:00
1,4,174,68,88,2.18,8476.45,93.39999999999998,2.79,0.5,174,543677298,222495994,2025-08-02 07:19:20+00:00
1,4,174,68,88,2.18,8489.3,92.39999999999998,2.79,0.5,174,543678587,222496779,2025-08-02 07:19:25+00:00
1,2,175,68,89,2.18,8505.95,92.20000000000005,2.79,0.0,175,543680269,222497646,2025-08-02 07:19:31+00:00
1,2,175,68,88,2.18,8517.41,91.79999999999995,2.781,0.5,175,543681447,222498162,2025-08-02 07:19:35+00:00
1,2,174,68,88,2.18,8528.37,91.60000000000002,2.781,0.0,174,543682559,222498716,2025-08-02 07:19:39+00:00
1,2,173,68,87,2.18,8539.92,90.79999999999995,2.781,0.5,173,543683714,222499257,2025-08-02 07:19:43+00:00
1,2,174,68,89,2.18,8552.87,91.60000000000002,2.781,0.0,174,543684995,222499970,2025-08-02 07:19:48+00:00
1,1,173,68,87,2.18,8559.47,92.39999999999998,2.753,0.0,173,543685634,222500282,2025-08-02 07:19:51+00:00
1,2,173,68,87,2.18,8571.18,92.60000000000002,2.659,0.0,173,543686862,222500433,2025-08-02 07:19:56+00:00
1,2,173,68,87,2.18,8580.99,91.79999999999995,2.622,0.5,173,543687659,222499385,2025-08-02 07:20:00+00:00
1,2,172,68,87,2.18,8590.63,91.60000000000002,2.613,0.0,172,543688321,222498231,2025-08-02 07:20:04+00:00
1,3,173,68,62,2.18,8601.36,92.39999999999998,1.941,0.5,173,543689098,222497014,2025-08-02 07:20:12+00:00
1,2,172,68,61,2.18,8612.1,92.20000000000005,1.717,0.0,172,543689939,222495881,2025-08-02 07:20:20+00:00
1,1,171,68,57,2.18,8618.05,92.20000000000005,1.484,0.5,171,543690427,222495350,2025-08-02 07:20:26+00:00
1,1,171,68,41,2.18,8620.98,92.20000000000005,1.064,0.5,171,543690754,222495087,2025-08-02 07:20:29+00:00
1,2,168,68,47,2.18,8626.54,92.39999999999998,1.026,0.5,168,543690996,222494357,2025-08-02 07:20:34+00:00
1,2,168,68,0,2.18,8628.49,92.60000000000002,1.026,0.0,168,543691051,222494076,2025-08-02 07:20:36+00:00
1,1,169,68,0,2.18,8633.5,93.20000000000005,0.933,0.0,169,543690960,222493282,2025-08-02 07:20:41+00:00
1,1,168,68,0,2.18,8634.31,92.79999999999995,0.942,0.0,168,543690969,222493160,2025-08-02 07:20:42+00:00
1,1,168,68,55,2.18,8635.48,92.60000000000002,0.952,0.5,168,543691006,222493000,2025-08-02 07:20:43+00:00
1,1,167,68,0,2.18,8641.23,92.79999999999995,1.008,0.0,167,543691098,222492118,2025-08-02 07:20:47+00:00
1,1,168,68,51,2.18,8649.85,93.0,1.092,0.0,168,543691168,222490747,2025-08-02 07:20:50+00:00
1,2,169,68,84,2.18,8664.19,93.39999999999998,2.79,0.0,169,543691452,222488629,2025-08-02 07:20:55+00:00
1,4,170,68,86,655.34,8671.51,93.79999999999995,2.697,0.0,170,543691525,222487574,2025-08-02 07:20:58+00:00
1,3,166,68,88,655.34,8677.19,94.0,2.678,0.0,166,543691595,222486711,2025-08-02 07:21:00+00:00
1,3,166,68,88,655.34,8680.07,93.79999999999995,2.603,0.0,166,543691660,222486252,2025-08-02 07:21:01+00:00
1,0,163,68,86,655.34,8687.96,94.20000000000005,2.622,0.5,163,543691878,222485118,2025-08-02 07:21:04+00:00
1,0,162,68,88,655.34,8693.27,94.20000000000005,2.594,0.0,162,543692045,222484323,2025-08-02 07:21:06+00:00
1,0,163,68,88,655.34,8707.73,94.20000000000005,2.669,0.5,163,543692539,222482272,2025-08-02 07:21:11+00:00
1,0,164,68,89,655.34,8718.77,93.79999999999995,2.669,0.5,164,543692944,222480686,2025-08-02 07:21:15+00:00
1,0,164,68,89,655.34,8729.47,93.79999999999995,2.659,0.5,164,543693374,222479169,2025-08-02 07:21:19+00:00
1,1,165,68,88,655.34,8738.09,94.0,2.641,0.5,165,543693717,222477880,2025-08-02 07:21:22+00:00
1,1,165,68,90,655.34,8746.26,94.0,2.678,0.0,165,543693861,222476731,2025-08-02 07:21:25+00:00
1,1,165,68,89,655.34,8755.69,94.20000000000005,2.706,0.0,165,543694198,222475321,2025-08-02 07:21:28+00:00
1,1,166,68,90,655.34,8764.14,94.39999999999998,2.743,0.5,166,543694413,222474132,2025-08-02 07:21:31+00:00
1,1,167,68,89,655.34,8775.3,95.39999999999998,2.753,0.0,167,543694886,222472565,2025-08-02 07:21:35+00:00
1,1,168,68,88,655.34,8789.43,95.60000000000002,2.753,0.5,168,543695496,222470617,2025-08-02 07:21:40+00:00
1,3,168,68,88,655.34,8800.75,95.79999999999995,2.762,0.0,168,543695984,222469032,2025-08-02 07:21:44+00:00
1,3,169,68,90,655.34,8814.05,95.79999999999995,2.762,0.0,169,543696515,222467101,2025-08-02 07:21:49+00:00
1,2,168,68,89,655.34,8825.59,96.0,2.753,0.5,168,543696994,222465470,2025-08-02 07:21:53+00:00
1,3,170,68,90,655.34,8843.41,95.60000000000002,2.781,0.5,170,543697712,222462967,2025-08-02 07:21:59+00:00
1,3,170,67,90,655.34,8857.32,95.0,2.79,0.5,170,543698178,222460986,2025-08-02 07:22:04+00:00
1,1,171,67,89,655.34,8870.77,95.39999999999998,2.771,0.5,171,543698741,222459050,2025-08-02 07:22:09+00:00
1,1,171,67,89,655.34,8882.14,95.20000000000005,2.781,0.0,171,543699285,222457509,2025-08-02 07:22:13+00:00
1,1,172,67,89,655.34,8892.74,94.79999999999995,2.781,0.5,172,543699712,222456004,2025-08-02 07:22:17+00:00
1,1,173,67,89,655.34,8903.61,94.60000000000002,2.762,0.5,173,543700167,222454473,2025-08-02 07:22:21+00:00
1,1,174,67,88,655.34,8913.99,94.0,2.753,0.5,174,543700551,222453013,2025-08-02 07:22:25+00:00
1,1,173,67,88,655.34,8925.87,93.20000000000005,2.743,0.0,173,543700981,222451283,2025-08-02 07:22:29+00:00
1,1,173,67,88,655.34,8940.11,93.0,2.762,0.5,173,543701517,222449284,2025-08-02 07:22:34+00:00
1,1,174,67,89,655.34,8951.31,93.79999999999995,2.762,0.5,174,543701881,222447639,2025-08-02 07:22:38+00:00
1,2,173,67,90,655.34,8962.37,94.0,2.762,0.0,173,543702222,222446053,2025-08-02 07:22:42+00:00
1,2,173,67,93,655.34,8971.14,94.60000000000002,2.771,0.0,173,543702667,222444836,2025-08-02 07:22:45+00:00
1,2,173,67,91,655.34,8979.43,94.79999999999995,2.771,0.0,173,543702888,222443669,2025-08-02 07:22:48+00:00
1,2,173,67,90,655.34,8988.13,95.0,2.771,0.5,173,543703324,222442452,2025-08-02 07:22:51+00:00
1,2,173,67,89,655.34,8996.41,94.39999999999998,2.79,0.0,173,543703674,222441318,2025-08-02 07:22:54+00:00
1,2,173,67,89,655.34,9005.37,94.39999999999998,2.79,0.0,173,543704167,222440077,2025-08-02 07:22:57+00:00
1,1,174,67,89,655.34,9013.1,94.20000000000005,2.79,0.5,174,543704272,222438949,2025-08-02 07:23:00+00:00
1,1,173,67,91,,9021.6,94.39999999999998,2.781,0.5,173,543704626,222437676,2025-08-02 07:23:03+00:00
1,1,174,67,91,,9032.56,95.20000000000005,2.781,0.5,174,543705040,222436115,2025-08-02 07:23:07+00:00
1,1,174,67,90,,9041.5,95.60000000000002,2.781,0.5,174,543705313,222434904,2025-08-02 07:23:10+00:00
1,1,174,67,89,,9052.35,95.79999999999995,2.79,0.5,174,543705715,222433362,2025-08-02 07:23:14+00:00
1,1,175,67,89,,9060.79,95.20000000000005,2.781,0.5,175,543706101,222432144,2025-08-02 07:23:17+00:00
1,1,174,67,86,,9079.86,94.20000000000005,2.781,0.5,174,543706857,222429442,2025-08-02 07:23:24+00:00
1,1,174,67,89,,9093.94,94.0,2.762,0.5,174,543707452,222427460,2025-08-02 07:23:29+00:00
1,1,173,67,90,,9113.81,93.79999999999995,2.771,0.0,173,543708237,222424625,2025-08-02 07:23:36+00:00
1,1,175,67,89,,9128.23,93.79999999999995,2.799,0.5,175,543708753,222422573,2025-08-02 07:23:41+00:00
1,1,174,67,90,,9146.21,94.20000000000005,2.818,0.5,174,543709554,222420076,2025-08-02 07:23:47+00:00
1,1,175,67,92,,9160.72,94.39999999999998,2.837,0.0,175,543710033,222417983,2025-08-02 07:23:52+00:00
1,1,175,67,90,0.0,9175.16,94.60000000000002,2.846,0.5,175,543710544,222415864,2025-08-02 07:23:57+00:00
1,1,176,67,90,0.0,9183.57,94.79999999999995,2.855,0.5,176,543710753,222414674,2025-08-02 07:24:00+00:00
1,3,177,67,91,0.0,9194.39,94.79999999999995,2.855,0.0,177,543711259,222413211,2025-08-02 07:24:04+00:00
1,5,176,67,89,0.0,9203.18,94.60000000000002,2.846,0.0,176,543711707,222411939,2025-08-02 07:24:07+00:00
1,6,176,67,90,0.0,9212.23,94.60000000000002,2.846,0.0,176,543712002,222410615,2025-08-02 07:24:10+00:00
1,7,176,67,87,0.0,9229.17,94.20000000000005,2.855,0.5,176,543712748,222408277,2025-08-02 07:24:16+00:00
1,4,175,67,88,0.0,9240.19,94.39999999999998,2.846,0.0,175,543713092,222406639,2025-08-02 07:24:20+00:00
1,6,175,67,88,0.0,9252.85,94.20000000000005,2.865,0.5,175,543713672,222404891,2025-08-02 07:24:24+00:00
1,6,175,67,90,0.0,9261.24,94.20000000000005,2.883,0.0,175,543713897,222403708,2025-08-02 07:24:27+00:00
1,11,175,67,88,0.0,9270.18,94.0,2.883,0.5,175,543714344,222402463,2025-08-02 07:24:30+00:00
1,11,176,67,89,0.0,9277.67,93.79999999999995,2.874,0.5,176,543714368,222401327,2025-08-02 07:24:33+00:00
1,11,176,67,89,0.0,9286.39,94.0,2.865,0.0,176,543714674,222400002,2025-08-02 07:24:36+00:00
1,4,176,67,88,0.0,9295.5,94.20000000000005,2.865,0.5,176,543714867,222398649,2025-08-02 07:24:39+00:00
1,3,176,67,89,0.0,9305.59,94.0,2.893,0.5,176,543715038,222397129,2025-08-02 07:24:43+00:00
1,3,176,67,90,0.0,9309.75,94.39999999999998,2.809,0.0,176,543715017,222396445,2025-08-02 07:24:48+00:00
1,3,176,67,90,0.0,9310.52,94.60000000000002,2.762,0.0,176,543715033,222396330,2025-08-02 07:24:49+00:00
1,0,151,67,0,0.0,9311.33,92.39999999999998,0.0,0.0,151,543715057,222395833,2025-08-02 07:25:51+00:00
1,0,151,67,0,0.0,9312.64,92.20000000000005,0.0,0.0,151,543715081,222395628,2025-08-02 07:25:52+00:00
1,0,152,67,42,0.03,9315.72,92.20000000000005,1.148,0.0,152,543715091,222395207,2025-08-02 07:25:54+00:00
1,0,152,67,0,0.03,9321.67,92.39999999999998,0.849,0.0,152,543715088,222394251,2025-08-02 07:26:00+00:00
1,1,149,67,57,0.03,9328.51,93.20000000000005,1.232,0.0,149,543715164,222393258,2025-08-02 07:26:06+00:00
1,1,148,67,55,0.03,9329.91,93.0,1.213,0.0,148,543715192,222393037,2025-08-02 07:26:07+00:00
1,1,147,67,56,0.03,9334.15,93.0,1.232,0.5,147,543715182,222392339,2025-08-02 07:26:11+00:00
1,1,146,67,0,655.34,9334.9,92.79999999999995,1.194,0.0,146,543715046,222392357,2025-08-02 07:26:13+00:00
1,1,146,67,0,655.34,9334.98,92.60000000000002,1.12,0.0,146,543715014,222392357,2025-08-02 07:26:14+00:00
1,4,146,67,44,655.34,9336.09,92.60000000000002,1.008,0.0,146,543715088,222392642,2025-08-02 07:26:16+00:00
1,4,146,67,0,655.34,9342.03,92.39999999999998,1.101,0.0,146,543715043,222393546,2025-08-02 07:26:18+00:00
1,7,149,67,0,655.34,9351.06,92.0,2.995,0.0,149,543714980,222394959,2025-08-02 07:26:21+00:00
1,3,151,67,83,655.34,9360.24,91.60000000000002,2.93,0.5,151,543715057,222396280,2025-08-02 07:26:24+00:00
1,0,151,67,88,655.34,9371.99,91.39999999999998,2.948,0.5,151,543715033,222398097,2025-08-02 07:26:28+00:00
1,1,152,67,89,655.34,9386.55,92.0,2.902,0.0,152,543714851,222400307,2025-08-02 07:26:33+00:00
1,1,154,67,88,655.34,9397.69,91.79999999999995,2.93,0.5,154,543714521,222401924,2025-08-02 07:26:37+00:00
1,0,155,67,90,655.34,9406.48,92.0,2.893,0.0,155,543714116,222403199,2025-08-02 07:26:40+00:00
1,0,157,67,88,655.34,9414.63,92.0,2.902,0.5,157,543713875,222404323,2025-08-02 07:26:43+00:00
1,1,159,67,89,655.34,9423.44,92.0,2.883,0.0,159,543713596,222405627,2025-08-02 07:26:46+00:00
1,1,161,67,87,655.34,9435.07,92.0,2.893,0.5,161,543713269,222407324,2025-08-02 07:26:50+00:00
1,1,163,67,88,655.34,9452.11,92.79999999999995,2.893,0.0,163,543712544,222409688,2025-08-02 07:26:56+00:00
1,2,164,67,89,655.34,9463.91,93.20000000000005,2.893,0.5,164,543712025,222411285,2025-08-02 07:27:00+00:00
1,2,164,67,89,655.34,9472.39,93.79999999999995,2.893,0.0,164,543711539,222412442,2025-08-02 07:27:03+00:00
1,2,165,67,89,655.34,9480.96,94.39999999999998,2.883,0.5,165,543711320,222413622,2025-08-02 07:27:06+00:00
1,2,165,67,89,655.34,9486.52,94.79999999999995,2.893,0.5,165,543711235,222414450,2025-08-02 07:27:08+00:00
1,3,166,67,89,655.34,9489.46,95.20000000000005,2.883,0.5,166,543711094,222414941,2025-08-02 07:27:09+00:00
1,3,166,67,87,655.34,9497.95,95.60000000000002,2.883,0.5,166,543710886,222416151,2025-08-02 07:27:12+00:00
1,2,167,67,89,655.34,9509.65,96.39999999999998,2.883,0.0,167,543710473,222417808,2025-08-02 07:27:16+00:00
1,2,167,67,89,655.34,9520.55,96.79999999999995,2.874,0.0,167,543709975,222419355,2025-08-02 07:27:20+00:00
1,2,168,67,90,655.34,9529.69,96.60000000000002,2.874,0.5,168,543709630,222420681,2025-08-02 07:27:23+00:00
1,2,168,67,90,655.34,9541.92,97.20000000000005,2.883,0.5,168,543709212,222422422,2025-08-02 07:27:27+00:00
1,5,169,67,90,655.34,9555.13,97.20000000000005,2.883,0.0,169,543708700,222424333,2025-08-02 07:27:32+00:00
1,8,169,67,89,655.34,9569.63,97.39999999999998,2.855,0.5,169,543708097,222426319,2025-08-02 07:27:37+00:00
1,5,169,67,88,655.34,9580.48,97.20000000000005,2.855,0.5,169,543707627,222427812,2025-08-02 07:27:41+00:00
1,5,169,67,88,655.34,9589.08,96.79999999999995,2.846,0.5,169,543707230,222429013,2025-08-02 07:27:44+00:00
1,5,170,67,89,655.34,9597.25,96.39999999999998,2.846,0.0,170,543706993,222430158,2025-08-02 07:27:47+00:00
1,3,170,67,89,655.34,9606.04,96.0,2.837,0.0,170,543706606,222431437,2025-08-02 07:27:50+00:00
1,3,170,67,90,655.34,9614.59,95.60000000000002,2.837,0.5,170,543706405,222432649,2025-08-02 07:27:53+00:00
1,4,171,67,91,655.34,9623.94,95.39999999999998,2.855,0.0,171,543705932,222433945,2025-08-02 07:27:56+00:00
1,4,170,67,92,655.34,9635.36,95.79999999999995,2.865,0.0,170,543705442,222435572,2025-08-02 07:28:00+00:00
1,3,172,67,91,655.34,9647.56,96.0,2.855,0.0,172,543704924,222437327,2025-08-02 07:28:04+00:00
1,3,172,67,89,655.34,9656.26,96.39999999999998,2.874,0.5,172,543704644,222438496,2025-08-02 07:28:07+00:00
1,3,172,67,90,655.34,9664.81,96.60000000000002,2.874,0.0,172,543704220,222439714,2025-08-02 07:28:10+00:00
1,3,172,67,90,655.34,9678.05,96.79999999999995,2.902,0.5,172,543703716,222441544,2025-08-02 07:28:14+00:00
1,3,172,67,90,655.34,9692.28,96.60000000000002,2.921,0.5,172,543703187,222443578,2025-08-02 07:28:19+00:00
1,2,174,67,90,655.34,9709.33,96.60000000000002,2.911,0.5,174,543702586,222446048,2025-08-02 07:28:25+00:00
1,3,173,67,90,655.34,9729.84,96.0,2.921,0.0,173,543701676,222448926,2025-08-02 07:28:32+00:00
1,4,173,67,90,655.34,9747.5,96.0,2.921,0.5,173,543700972,222451360,2025-08-02 07:28:38+00:00
1,4,174,67,90,655.34,9756.95,95.79999999999995,2.921,0.5,174,543700506,222452692,2025-08-02 07:28:41+00:00
1,4,174,67,90,655.34,9765.66,96.0,2.939,0.5,174,543700348,222453932,2025-08-02 07:28:44+00:00
1,6,174,67,92,655.34,9774.29,96.20000000000005,2.939,0.0,174,543699964,222455186,2025-08-02 07:28:47+00:00
1,8,173,67,90,655.34,9785.05,96.39999999999998,2.893,0.5,173,543699472,222456694,2025-08-02 07:28:51+00:00
1,6,173,67,90,655.34,9796.63,96.20000000000005,2.874,0.5,173,543698936,222458303,2025-08-02 07:28:55+00:00
1,4,172,67,90,655.34,9808.56,95.60000000000002,2.893,0.5,172,543698502,222459991,2025-08-02 07:28:59+00:00
1,5,172,67,89,655.34,9820.18,95.60000000000002,2.893,0.0,172,543698095,222461672,2025-08-02 07:29:03+00:00
1,3,173,67,90,655.34,9832.43,96.0,2.911,0.5,173,543697679,222463448,2025-08-02 07:29:07+00:00
1,3,173,67,89,655.34,9844.46,96.20000000000005,2.939,0.0,173,543697178,222465144,2025-08-02 07:29:11+00:00
1,6,174,67,92,655.34,9856.41,96.60000000000002,2.948,0.0,174,543696710,222466816,2025-08-02 07:29:15+00:00
1,9,173,67,91,655.34,9871.53,95.60000000000002,2.958,0.5,173,543696112,222468969,2025-08-02 07:29:20+00:00
1,10,174,67,93,655.34,9879.93,95.60000000000002,2.967,0.0,174,543695945,222470177,2025-08-02 07:29:23+00:00
1,10,174,67,91,655.34,9889.62,95.79999999999995,2.976,0.5,174,543695450,222471545,2025-08-02 07:29:26+00:00
1,12,175,67,90,655.34,9899.59,96.0,3.004,0.5,175,543695172,222472920,2025-08-02 07:29:29+00:00
1,13,174,67,91,655.34,9909.0,96.39999999999998,3.051,0.0,174,543694737,222474252,2025-08-02 07:29:32+00:00
1,13,175,67,92,655.34,9920.47,97.0,3.051,0.0,175,543694245,222475867,2025-08-02 07:29:36+00:00
1,2,176,67,92,655.34,9940.61,95.0,3.004,0.5,176,543693479,222478740,2025-08-02 07:29:43+00:00
1,3,174,67,89,655.34,9958.1,95.20000000000005,3.004,0.5,174,543692876,222481272,2025-08-02 07:29:49+00:00
1,4,175,67,91,655.34,9976.63,94.60000000000002,2.986,0.0,175,543692249,222483984,2025-08-02 07:29:55+00:00
1,4,175,67,91,655.34,9985.78,94.79999999999995,3.004,0.5,175,543692095,222485316,2025-08-02 07:29:58+00:00
1,3,176,66,92,655.34,9995.99,95.39999999999998,3.023,0.0,176,543691786,222486859,2025-08-02 07:30:01+00:00
1,3,176,66,92,0.0,10004.31,95.79999999999995,3.042,0.5,176,543691557,222488020,2025-08-02 07:30:04+00:00
1,3,176,66,92,0.0,10006.42,96.0,3.051,0.5,176,543691511,222488342,2025-08-02 07:30:05+00:00
1,3,176,66,92,0.0,10009.19,96.0,3.004,0.5,176,543691401,222488764,2025-08-02 07:30:09+00:00
1,1,174,66,51,0.0,10015.58,94.39999999999998,1.045,0.5,174,543691273,222489705,2025-08-02 07:30:16+00:00
1,3,173,66,0,0.0,10018.92,92.60000000000002,0.0,0.0,173,543691189,222490273,2025-08-02 07:30:21+00:00
1,10,172,66,48,0.0,10022.37,92.60000000000002,0.849,0.5,172,543691158,222490816,2025-08-02 07:30:25+00:00
1,3,172,66,52,0.0,10025.32,92.60000000000002,1.045,0.5,172,543691219,222491271,2025-08-02 07:30:28+00:00
1,1,171,66,0,0.0,10028.1,92.60000000000002,1.045,0.0,171,543691154,222491663,2025-08-02 07:30:30+00:00
1,1,171,66,0,0.0,10029.59,92.60000000000002,1.054,0.0,171,543691092,222491846,2025-08-02 07:30:31+00:00
1,1,168,66,51,0.0,10035.22,92.20000000000005,1.138,0.5,168,543690977,222492766,2025-08-02 07:30:37+00:00
1,1,168,66,51,0.0,10036.38,92.20000000000005,1.138,0.5,168,543691005,222492927,2025-08-02 07:30:38+00:00
1,1,167,66,79,0.0,10038.66,92.20000000000005,1.082,0.0,167,543690984,222493207,2025-08-02 07:30:40+00:00
1,1,166,66,0,0.0,10043.47,92.20000000000005,1.11,0.0,166,543690807,222493936,2025-08-02 07:30:44+00:00
1,1,165,66,0,0.0,10050.43,91.79999999999995,1.176,0.0,165,543690670,222494973,2025-08-02 07:30:50+00:00
1,1,165,66,0,0.0,10057.87,91.39999999999998,1.185,0.0,165,543690636,222496156,2025-08-02 07:30:53+00:00
1,4,163,66,0,0.0,10072.23,91.79999999999995,2.846,0.0,163,543690307,222498270,2025-08-02 07:30:58+00:00
1,20,162,66,88,0.0,10083.66,92.20000000000005,2.855,0.5,162,543689990,222499971,2025-08-02 07:31:02+00:00
1,20,162,66,89,0.0,10091.63,92.79999999999995,2.818,0.0,162,543689912,222501106,2025-08-02 07:31:05+00:00
1,16,163,66,89,0.0,10100.13,93.39999999999998,2.79,0.0,163,543689632,222502414,2025-08-02 07:31:08+00:00
1,2,162,66,89,0.0,10108.73,93.60000000000002,2.818,0.5,162,543689542,222503635,2025-08-02 07:31:11+00:00
1,1,163,66,90,0.0,10117.48,93.39999999999998,2.846,0.0,163,543689269,222504957,2025-08-02 07:31:14+00:00
1,1,163,66,88,0.0,10125.53,93.39999999999998,2.846,0.5,163,543689228,222506116,2025-08-02 07:31:17+00:00
1,1,163,66,90,0.0,10133.9,94.0,2.837,0.0,163,543689093,222507426,2025-08-02 07:31:20+00:00
1,1,164,66,88,0.0,10144.43,94.0,2.883,0.5,164,543688843,222509001,2025-08-02 07:31:24+00:00
1,1,165,66,88,0.0,10149.65,93.39999999999998,2.781,0.5,165,543688780,222509879,2025-08-02 07:31:29+00:00
1,1,163,66,63,0.0,10162.76,93.39999999999998,1.642,0.0,163,543688632,222511702,2025-08-02 07:31:37+00:00
1,1,162,66,64,0.0,10171.34,93.0,1.698,0.5,162,543688288,222512967,2025-08-02 07:31:42+00:00
1,1,161,66,63,0.0,10178.54,92.20000000000005,1.512,0.0,161,543688099,222514077,2025-08-02 07:31:47+00:00
1,1,161,66,63,0.0,10184.22,92.39999999999998,1.484,0.0,161,543687933,222514908,2025-08-02 07:31:51+00:00
1,2,160,66,56,0.0,10186.27,92.0,1.456,0.5,160,543687879,222515271,2025-08-02 07:31:53+00:00
1,2,157,66,62,0.0,10197.49,91.39999999999998,1.278,0.5,157,543687611,222517022,2025-08-02 07:32:02+00:00
1,2,157,66,62,0.0,10198.83,91.39999999999998,1.297,0.5,157,543687592,222517225,2025-08-02 07:32:03+00:00
1,2,155,66,62,0.0,10209.35,91.60000000000002,1.418,0.5,155,543687263,222518752,2025-08-02 07:32:10+00:00
1,2,152,66,0,0.0,10217.82,91.0,1.39,0.0,152,543687088,222520060,2025-08-02 07:32:17+00:00
1,3,150,66,55,0.0,10231.88,91.20000000000005,1.484,0.5,150,543686690,222521975,2025-08-02 07:32:25+00:00
1,1,148,66,55,0.0,10241.83,92.0,1.465,0.5,148,543686359,222523500,2025-08-02 07:32:32+00:00
1,1,147,66,70,0.0,10254.09,92.20000000000005,1.474,0.0,147,543685984,222525361,2025-08-02 07:32:39+00:00
1,1,146,66,83,0.0,10262.95,92.39999999999998,1.801,0.5,146,543685784,222526592,2025-08-02 07:32:42+00:00
1,1,146,66,89,0.0,10274.39,92.79999999999995,2.389,0.0,146,543685505,222528307,2025-08-02 07:32:46+00:00
1,0,147,66,89,0.0,10285.73,93.0,2.463,0.0,147,543685170,222529953,2025-08-02 07:32:50+00:00
1,1,150,66,89,0.0,10291.38,92.79999999999995,2.463,0.5,150,543684983,222530744,2025-08-02 07:32:52+00:00
1,1,150,66,90,0.0,10294.26,93.0,2.342,0.5,150,543684779,222531204,2025-08-02 07:32:53+00:00
1,0,153,66,90,0.0,10302.79,93.60000000000002,2.519,0.0,153,543684504,222532352,2025-08-02 07:32:56+00:00
1,0,154,66,88,0.0,10311.52,94.0,2.538,0.5,154,543684145,222533644,2025-08-02 07:32:59+00:00
1,0,155,66,89,0.0,10320.01,94.0,2.547,0.5,155,543683809,222534785,2025-08-02 07:33:02+00:00
1,0,156,66,89,0.0,10331.89,94.0,2.706,0.5,156,543683099,222536286,2025-08-02 07:33:06+00:00
1,1,158,66,90,0.0,10340.58,94.20000000000005,2.734,0.5,158,543682517,222537378,2025-08-02 07:33:09+00:00
1,1,159,66,90,0.0,10351.54,94.60000000000002,2.706,0.5,159,543681843,222538720,2025-08-02 07:33:13+00:00
1,1,160,66,89,0.0,10363.11,95.0,2.725,0.5,160,543681083,222540026,2025-08-02 07:33:17+00:00
1,0,161,66,89,0.0,10373.15,94.60000000000002,2.734,0.5,161,543680419,222541314,2025-08-02 07:33:21+00:00
1,1,162,66,91,0.0,10384.71,94.20000000000005,2.743,0.0,162,543679617,222542664,2025-08-02 07:33:25+00:00
1,2,163,66,92,0.0,10392.11,94.20000000000005,2.743,0.0,163,543679214,222543594,2025-08-02 07:33:28+00:00
1,1,164,66,92,0.0,10400.85,94.0,2.753,0.0,164,543678566,222544646,2025-08-02 07:33:31+00:00
1,1,165,66,91,0.0,10408.93,94.39999999999998,2.753,0.5,165,543678078,222545596,2025-08-02 07:33:34+00:00
1,1,165,66,90,0.0,10418.07,95.20000000000005,2.771,0.5,165,543677384,222546636,2025-08-02 07:33:37+00:00
1,1,166,66,90,0.0,10426.53,95.79999999999995,2.799,0.5,166,543676886,222547616,2025-08-02 07:33:40+00:00
1,2,167,66,91,0.0,10436.63,95.79999999999995,2.809,0.0,167,543676288,222548837,2025-08-02 07:33:44+00:00
1,3,168,66,90,0.0,10447.46,95.79999999999995,2.781,0.5,168,543675454,222550062,2025-08-02 07:33:48+00:00
1,5,169,66,90,0.0,10458.35,95.0,2.79,0.5,169,543674716,222551386,2025-08-02 07:33:52+00:00
1,5,169,66,91,0.0,10474.6,94.0,2.79,0.5,169,543673599,222553293,2025-08-02 07:33:58+00:00
1,7,169,65,92,0.0,10487.17,93.60000000000002,2.771,0.0,169,543672840,222554877,2025-08-02 07:34:03+00:00
1,7,169,65,91,0.0,10497.9,93.60000000000002,2.762,0.0,169,543672151,222556111,2025-08-02 07:34:07+00:00
1,2,168,65,92,0.0,10506.77,93.60000000000002,2.771,0.0,168,543671435,222557137,2025-08-02 07:34:10+00:00
1,2,168,65,92,0.0,10515.45,93.0,2.781,0.0,168,543670927,222558231,2025-08-02 07:34:13+00:00
1,2,168,65,89,0.0,10527.98,92.60000000000002,2.809,0.5,168,543670143,222559696,2025-08-02 07:34:17+00:00
1,2,169,65,89,0.0,10538.67,93.0,2.883,0.5,169,543669538,222561089,2025-08-02 07:34:21+00:00
1,2,170,65,89,0.0,10549.6,93.60000000000002,2.874,0.0,170,543668858,222562454,2025-08-02 07:34:25+00:00
1,2,170,65,89,0.0,10558.34,94.0,2.855,0.0,170,543668401,222563611,2025-08-02 07:34:28+00:00
1,2,171,65,91,0.0,10566.61,94.60000000000002,2.874,0.5,171,543667952,222564657,2025-08-02 07:34:31+00:00
1,2,171,65,92,0.0,10576.18,94.39999999999998,2.939,0.0,171,543667372,222565877,2025-08-02 07:34:34+00:00
1,3,171,65,91,0.0,10584.24,95.39999999999998,2.948,0.5,171,543667008,222566928,2025-08-02 07:34:37+00:00
1,4,171,65,92,0.0,10592.59,95.79999999999995,2.93,0.0,171,543666524,222568072,2025-08-02 07:34:40+00:00
1,4,171,65,91,0.0,10601.11,96.0,2.921,0.5,171,543666171,222569191,2025-08-02 07:34:43+00:00
1,4,171,65,91,0.0,10609.65,95.79999999999995,2.921,0.5,171,543665669,222570352,2025-08-02 07:34:46+00:00
1,4,171,65,90,0.0,10620.77,95.60000000000002,2.911,0.5,171,543665254,222571929,2025-08-02 07:34:50+00:00
1,3,172,65,91,0.0,10631.2,95.39999999999998,2.883,0.0,172,543664798,222573405,2025-08-02 07:34:54+00:00
1,3,172,65,89,0.0,10641.93,95.20000000000005,2.865,0.5,172,543664281,222574881,2025-08-02 07:34:58+00:00
1,3,172,65,90,0.0,10658.61,94.60000000000002,2.855,0.5,172,543663659,222577237,2025-08-02 07:35:04+00:00
1,3,172,65,92,0.0,10672.44,94.0,2.837,0.0,172,543663124,222579220,2025-08-02 07:35:09+00:00
1,3,172,65,91,0.0,10680.8,94.39999999999998,2.837,0.5,172,543662819,222580366,2025-08-02 07:35:12+00:00
1,3,172,65,92,0.0,10689.88,94.60000000000002,2.846,0.0,172,543662397,222581631,2025-08-02 07:35:15+00:00
1,1,172,65,90,0.0,10703.14,94.39999999999998,2.855,0.5,172,543661851,222583454,2025-08-02 07:35:20+00:00
1,2,173,65,91,0.0,10711.76,94.0,2.837,0.5,173,543661394,222584660,2025-08-02 07:35:23+00:00
1,2,173,65,90,0.0,10720.2,94.20000000000005,2.837,0.5,173,543661123,222585808,2025-08-02 07:35:26+00:00
1,2,173,65,90,0.0,10729.07,94.39999999999998,2.846,0.5,173,543660664,222587038,2025-08-02 07:35:29+00:00
1,5,172,65,91,0.0,10737.5,95.20000000000005,2.846,0.0,172,543660286,222588164,2025-08-02 07:35:32+00:00
1,5,172,65,92,0.0,10749.15,95.39999999999998,2.855,0.0,172,543659729,222589787,2025-08-02 07:35:36+00:00
1,2,173,65,92,0.0,10769.17,94.79999999999995,2.874,0.0,173,543658843,222592595,2025-08-02 07:35:43+00:00
1,2,174,65,89,0.0,10783.09,94.79999999999995,2.865,0.5,174,543658279,222594579,2025-08-02 07:35:48+00:00
1,3,173,65,92,0.0,10794.26,95.0,2.855,0.0,173,543657862,222596166,2025-08-02 07:35:52+00:00
1,2,173,65,91,0.0,10805.45,95.20000000000005,2.865,0.5,173,543657360,222597714,2025-08-02 07:35:56+00:00
1,2,174,65,90,0.0,10814.14,95.20000000000005,2.855,0.0,174,543657045,222598928,2025-08-02 07:35:59+00:00
1,2,174,65,90,0.0,10823.57,95.79999999999995,2.893,0.5,174,543656473,222600177,2025-08-02 07:36:02+00:00
1,2,174,65,92,0.0,10832.39,95.79999999999995,2.902,0.0,174,543656154,222601341,2025-08-02 07:36:05+00:00
1,2,174,65,90,0.0,10841.05,95.39999999999998,2.911,0.5,174,543655631,222602527,2025-08-02 07:36:08+00:00
1,2,174,65,91,0.0,10852.18,95.20000000000005,2.911,0.0,174,543655220,222604075,2025-08-02 07:36:12+00:00
1,2,173,65,90,0.0,10862.9,94.60000000000002,2.893,0.5,173,543654713,222605593,2025-08-02 07:36:16+00:00
1,2,172,65,90,0.0,10874.85,94.39999999999998,2.883,0.0,172,543654168,222607207,2025-08-02 07:36:20+00:00
1,2,173,65,89,0.0,10884.92,94.0,2.883,0.5,173,543653666,222608594,2025-08-02 07:36:24+00:00
1,2,173,65,90,0.0,10892.99,93.79999999999995,2.846,0.0,173,543653345,222609672,2025-08-02 07:36:27+00:00
1,1,172,65,91,0.0,10909.34,93.0,2.827,0.0,172,543652682,222612050,2025-08-02 07:36:33+00:00
1,1,173,65,92,0.0,10921.11,92.79999999999995,2.809,0.5,173,543652255,222613728,2025-08-02 07:36:37+00:00
1,2,173,65,91,0.0,10933.0,93.39999999999998,2.837,0.0,173,543651828,222615418,2025-08-02 07:36:41+00:00
1,2,173,65,90,0.0,10944.12,93.39999999999998,2.846,0.5,173,543651334,222616949,2025-08-02 07:36:45+00:00
1,2,173,65,91,0.0,10952.57,93.60000000000002,2.846,0.0,173,543650936,222618068,2025-08-02 07:36:48+00:00
1,3,173,65,91,0.0,10960.82,93.79999999999995,2.846,0.5,173,543650473,222619184,2025-08-02 07:36:51+00:00
1,2,173,65,92,0.0,10968.79,93.79999999999995,2.837,0.0,173,543650147,222620251,2025-08-02 07:36:54+00:00
1,2,173,65,90,0.0,10977.47,93.20000000000005,2.827,0.5,173,543649610,222621417,2025-08-02 07:36:57+00:00
1,2,174,65,90,0.0,10985.37,92.60000000000002,2.827,0.5,174,543649334,222622478,2025-08-02 07:37:00+00:00
1,1,174,65,89,0.0,10996.33,92.0,2.809,0.5,174,543648875,222624017,2025-08-02 07:37:04+00:00
1,2,174,65,90,0.0,11004.35,92.0,2.799,0.5,174,543648372,222625113,2025-08-02 07:37:07+00:00
1,2,173,65,90,0.0,11006.98,92.0,2.799,0.5,173,543648308,222625452,2025-08-02 07:37:08+00:00
1,2,174,65,90,0.0,11015.64,92.0,2.79,0.0,174,543647828,222626639,2025-08-02 07:37:11+00:00
1,2,174,65,90,0.0,11027.0,91.60000000000002,2.799,0.5,174,543647273,222628158,2025-08-02 07:37:15+00:00
1,3,173,65,92,0.0,11043.47,90.79999999999995,2.79,0.0,173,543646720,222630519,2025-08-02 07:37:21+00:00
1,2,173,65,91,0.0,11058.18,90.79999999999995,2.79,0.5,173,543646175,222632641,2025-08-02 07:37:26+00:00
1,1,173,65,92,1.69,11069.33,91.39999999999998,2.818,0.0,173,543645542,222634085,2025-08-02 07:37:30+00:00
1,1,174,65,90,1.69,11079.96,91.60000000000002,2.781,0.0,174,543644945,222635463,2025-08-02 07:37:34+00:00
1,1,173,65,88,1.69,11097.32,92.0,2.799,0.5,173,543643773,222637470,2025-08-02 07:37:40+00:00
1,2,174,65,88,1.69,11105.19,91.79999999999995,2.809,0.0,174,543643084,222638231,2025-08-02 07:37:43+00:00
1,2,173,65,87,1.69,11112.71,91.60000000000002,2.771,0.5,173,543642538,222639031,2025-08-02 07:37:46+00:00
1,2,173,65,89,1.69,11121.33,91.0,2.762,0.0,173,543641889,222640061,2025-08-02 07:37:49+00:00
1,2,173,65,87,1.69,11133.11,90.79999999999995,2.771,0.5,173,543640997,222641331,2025-08-02 07:37:53+00:00
1,2,172,65,88,1.69,11148.63,91.20000000000005,2.799,0.0,172,543639764,222642831,2025-08-02 07:37:58+00:00
1,1,172,64,91,1.69,11162.23,90.20000000000005,2.818,0.5,172,543638651,222644169,2025-08-02 07:38:03+00:00
1,1,172,64,91,0.0,11173.87,89.79999999999995,2.818,0.5,172,543637670,222645275,2025-08-02 07:38:07+00:00
1,2,171,64,91,0.0,11188.88,89.39999999999998,2.837,0.0,171,543636445,222646783,2025-08-02 07:38:12+00:00
1,2,171,64,93,0.0,11204.32,89.0,2.893,0.0,171,543635233,222648353,2025-08-02 07:38:17+00:00
1,1,172,64,93,0.0,11224.88,88.79999999999995,2.921,0.0,172,543633505,222650376,2025-08-02 07:38:24+00:00
1,1,172,64,92,0.0,11236.87,88.60000000000002,2.93,0.5,172,543632493,222651491,2025-08-02 07:38:28+00:00
1,1,172,64,91,0.0,11248.72,88.20000000000005,2.93,0.0,172,543631518,222652765,2025-08-02 07:38:32+00:00
1,1,172,64,92,0.0,11265.2,87.79999999999995,2.976,0.0,172,543630279,222654392,2025-08-02 07:38:37+00:00
1,1,173,64,90,0.0,11279.89,87.0,3.023,0.5,173,543629084,222655809,2025-08-02 07:38:42+00:00
1,1,173,64,93,0.0,11295.1,86.79999999999995,3.023,0.0,173,543627865,222657416,2025-08-02 07:38:47+00:00
1,1,173,64,93,0.0,11310.66,87.20000000000005,3.07,0.0,173,543626671,222659078,2025-08-02 07:38:52+00:00
1,1,174,64,92,0.0,11325.31,87.60000000000002,3.06,0.5,174,543625523,222660552,2025-08-02 07:38:57+00:00
1,1,174,64,92,0.0,11336.17,88.0,3.032,0.0,174,543624741,222661774,2025-08-02 07:39:01+00:00
1,3,174,64,89,0.0,11347.65,89.0,2.976,0.5,174,543623778,222662942,2025-08-02 07:39:05+00:00
1,6,174,64,87,0.0,11360.48,89.79999999999995,3.014,0.5,174,543622615,222664148,2025-08-02 07:39:09+00:00
1,6,174,64,88,0.0,11364.05,90.20000000000005,2.995,0.5,174,543622403,222664681,2025-08-02 07:39:12+00:00
1,6,174,64,88,0.0,11364.79,90.20000000000005,2.986,0.5,174,543622363,222664886,2025-08-02 07:39:13+00:00
1,1,174,64,88,0.0,11367.86,91.0,2.771,0.5,174,543622650,222665422,2025-08-02 07:39:18+00:00
1,1,173,64,88,0.0,11376.74,91.39999999999998,2.146,0.5,173,543623260,222666381,2025-08-02 07:39:24+00:00
1,1,172,64,64,0.0,11385.9,92.0,1.39,0.0,172,543624057,222667489,2025-08-02 07:39:31+00:00
1,1,171,64,64,0.0,11396.67,91.0,1.577,0.5,171,543624901,222668434,2025-08-02 07:39:37+00:00
1,2,170,64,64,0.0,11405.21,92.0,1.969,0.0,170,543625631,222669309,2025-08-02 07:39:42+00:00
1,2,168,64,0,0.0,11415.75,91.39999999999998,1.512,0.0,168,543626564,222670134,2025-08-02 07:39:49+00:00
1,2,168,64,64,0.0,11422.72,91.60000000000002,1.633,0.0,168,543627122,222670853,2025-08-02 07:39:54+00:00
1,1,166,64,62,0.0,11434.09,92.39999999999998,1.54,0.5,166,543627985,222672116,2025-08-02 07:40:01+00:00
1,0,165,64,60,0.0,11442.69,92.20000000000005,1.698,0.5,165,543628697,222672896,2025-08-02 07:40:05+00:00
1,1,163,64,64,0.0,11455.41,91.60000000000002,1.754,0.5,163,543629777,222674164,2025-08-02 07:40:12+00:00
1,1,161,64,56,0.0,11462.07,91.0,1.81,0.5,161,543630438,222674571,2025-08-02 07:40:16+00:00
1,1,160,64,0,0.0,11465.44,91.20000000000005,1.68,0.0,160,543630746,222674819,2025-08-02 07:40:18+00:00
1,1,159,64,0,0.0,11470.01,91.60000000000002,1.764,0.0,159,543630996,222675315,2025-08-02 07:40:20+00:00
1,1,158,64,0,0.0,11476.9,91.39999999999998,1.913,0.0,158,543631514,222676225,2025-08-02 07:40:24+00:00
1,2,159,64,0,0.0,11477.71,91.0,1.847,0.0,159,543631704,222676331,2025-08-02 07:40:26+00:00
1,1,158,64,0,0.0,11477.71,90.79999999999995,1.801,0.0,158,543631782,222676457,2025-08-02 07:40:28+00:00
1,1,158,64,57,0.0,11488.86,91.60000000000002,1.969,0.0,158,543632296,222677832,2025-08-02 07:40:33+00:00
1,1,158,64,60,0.0,11495.41,92.39999999999998,1.605,0.0,158,543632601,222678681,2025-08-02 07:40:37+00:00
1,1,158,64,60,0.0,11500.06,92.60000000000002,1.642,0.0,158,543632946,222679164,2025-08-02 07:40:40+00:00
1,2,159,64,50,0.0,11503.74,92.39999999999998,1.633,0.0,159,543633300,222679456,2025-08-02 07:40:42+00:00
1,2,159,64,0,0.0,11510.04,93.0,1.502,0.0,159,543633884,222679974,2025-08-02 07:40:47+00:00
1,2,158,64,59,0.0,11517.43,92.0,1.428,0.0,158,543634343,222680955,2025-08-02 07:40:51+00:00
1,1,159,64,79,0.0,11526.14,91.60000000000002,2.389,0.0,159,543634494,222682259,2025-08-02 07:40:54+00:00
1,2,158,64,86,0.0,11536.92,92.20000000000005,2.678,0.0,158,543634273,222683834,2025-08-02 07:40:58+00:00
1,2,158,64,88,0.0,11545.85,92.60000000000002,2.818,0.0,158,543633752,222685029,2025-08-02 07:41:01+00:00
1,1,159,64,86,0.0,11554.68,92.60000000000002,2.883,0.5,159,543633377,222686149,2025-08-02 07:41:04+00:00
1,0,158,64,90,0.0,11563.22,92.20000000000005,2.902,0.0,158,543632966,222687363,2025-08-02 07:41:07+00:00
1,0,158,64,89,0.0,11571.36,91.60000000000002,2.874,0.5,158,543632563,222688406,2025-08-02 07:41:10+00:00
1,1,159,64,89,0.0,11579.56,91.60000000000002,2.865,0.5,159,543632191,222689581,2025-08-02 07:41:13+00:00
1,1,160,64,90,0.0,11587.29,91.60000000000002,2.846,0.0,160,543631975,222690671,2025-08-02 07:41:16+00:00
1,0,161,64,89,0.0,11595.95,91.20000000000005,2.762,0.5,161,543631594,222691989,2025-08-02 07:41:19+00:00
1,1,162,64,89,0.0,11604.73,91.0,2.874,0.5,162,543631376,222693193,2025-08-02 07:41:22+00:00
1,1,163,64,89,0.0,11613.54,91.60000000000002,2.883,0.5,163,543631016,222694486,2025-08-02 07:41:25+00:00
1,1,165,64,90,0.0,11621.33,92.0,2.865,0.5,165,543630721,222695533,2025-08-02 07:41:28+00:00
1,1,165,64,91,0.0,11630.12,91.79999999999995,2.837,0.0,165,543630306,222696823,2025-08-02 07:41:31+00:00
1,1,165,64,89,0.0,11638.46,92.0,2.846,0.5,165,543630071,222697999,2025-08-02 07:41:34+00:00
1,1,166,64,89,0.0,11647.34,92.20000000000005,2.855,0.0,166,543629766,222699264,2025-08-02 07:41:37+00:00
1,1,166,64,89,0.0,11655.42,92.39999999999998,2.846,0.5,166,543629477,222700387,2025-08-02 07:41:40+00:00
1,1,167,64,90,0.0,11664.51,92.39999999999998,2.846,0.5,167,543628876,222701565,2025-08-02 07:41:43+00:00
1,1,167,64,91,0.0,11673.06,92.60000000000002,2.855,0.0,167,543628496,222702671,2025-08-02 07:41:46+00:00
1,1,168,64,90,0.0,11682.27,93.0,2.865,0.5,168,543627906,222703876,2025-08-02 07:41:49+00:00
1,1,168,64,92,0.0,11690.52,93.20000000000005,2.874,0.0,168,543627539,222704932,2025-08-02 07:41:52+00:00
1,1,168,64,91,0.0,11699.03,93.0,2.874,0.0,168,543626968,222706016,2025-08-02 07:41:55+00:00
1,3,169,64,91,0.0,11710.73,93.0,2.865,0.0,169,543626342,222707604,2025-08-02 07:41:59+00:00
1,1,170,63,91,0.0,11722.54,93.20000000000005,2.883,0.5,170,543625807,222709207,2025-08-02 07:42:03+00:00
1,2,171,63,92,0.0,11737.06,92.60000000000002,2.893,0.0,171,543625354,222711278,2025-08-02 07:42:08+00:00
1,1,172,63,90,0.0,11749.82,92.39999999999998,2.874,0.5,172,543625039,222713183,2025-08-02 07:42:13+00:00
1,1,172,63,90,0.0,11761.32,92.20000000000005,2.846,0.5,172,543624875,222714930,2025-08-02 07:42:17+00:00
1,1,173,63,89,0.0,11775.73,91.79999999999995,2.846,0.5,173,543624603,222717110,2025-08-02 07:42:22+00:00
1,2,172,63,91,0.0,11788.25,91.60000000000002,2.865,0.5,172,543624175,222718858,2025-08-02 07:42:26+00:00
1,2,172,63,92,0.0,11796.85,92.0,2.911,0.0,172,543623918,222720129,2025-08-02 07:42:29+00:00
1,2,172,63,91,0.0,11805.67,92.0,2.921,0.5,172,543623576,222721432,2025-08-02 07:42:32+00:00
1,1,172,63,91,0.0,11814.47,92.0,2.921,0.5,172,543623299,222722650,2025-08-02 07:42:35+00:00
1,2,173,63,91,0.0,11823.29,92.39999999999998,2.911,0.0,173,543622927,222723932,2025-08-02 07:42:38+00:00
1,2,172,63,90,0.0,11834.19,92.39999999999998,2.902,0.5,172,543622719,222725580,2025-08-02 07:42:42+00:00
1,2,173,63,90,0.0,11842.64,92.60000000000002,2.902,0.5,173,543622723,222726823,2025-08-02 07:42:45+00:00
1,2,173,63,91,0.0,11850.56,92.60000000000002,2.893,0.5,173,543622759,222728058,2025-08-02 07:42:48+00:00
1,2,173,63,90,0.0,11864.47,92.0,2.846,0.0,173,543622692,222730189,2025-08-02 07:42:53+00:00
1,4,173,63,90,0.0,11878.74,91.39999999999998,2.846,0.0,173,543622431,222732324,2025-08-02 07:42:58+00:00
1,4,173,63,89,0.0,11889.85,91.39999999999998,2.837,0.5,173,543622205,222733978,2025-08-02 07:43:02+00:00
1,3,173,63,89,0.0,11900.56,91.79999999999995,2.827,0.5,173,543622037,222735607,2025-08-02 07:43:06+00:00
1,3,172,63,89,0.0,11911.35,92.79999999999995,2.809,0.5,172,543621613,222737176,2025-08-02 07:43:10+00:00
1,3,173,63,90,0.0,11924.01,93.20000000000005,2.809,0.0,173,543621295,222739043,2025-08-02 07:43:14+00:00
1,3,173,63,90,0.0,11932.13,93.60000000000002,2.827,0.5,173,543621260,222740227,2025-08-02 07:43:17+00:00
1,3,173,63,89,0.0,11939.88,93.20000000000005,2.818,0.0,173,543620833,222741237,2025-08-02 07:43:20+00:00
1,3,173,63,89,0.0,11942.2,93.0,2.809,0.0,173,543620692,222741438,2025-08-02 07:43:21+00:00
1,3,173,63,89,0.0,11944.92,92.60000000000002,2.809,0.5,173,543620375,222741613,2025-08-02 07:43:22+00:00
1,3,174,63,88,0.0,11952.92,92.20000000000005,2.79,0.5,174,543619731,222742380,2025-08-02 07:43:25+00:00
1,3,173,63,90,0.0,11961.26,91.79999999999995,2.781,0.0,173,543619225,222743494,2025-08-02 07:43:28+00:00
1,3,174,63,91,0.0,11973.18,91.60000000000002,2.781,0.5,174,543618588,222745048,2025-08-02 07:43:32+00:00
1,2,173,63,91,0.0,11979.25,91.60000000000002,2.79,0.5,173,543618170,222745714,2025-08-02 07:43:34+00:00
1,2,173,63,91,0.0,11981.63,91.79999999999995,2.79,0.5,173,543618061,222745996,2025-08-02 07:43:35+00:00
1,3,173,63,89,0.0,11989.08,92.20000000000005,2.799,0.5,173,543617327,222746642,2025-08-02 07:43:38+00:00
1,4,174,63,88,0.0,11999.6,92.20000000000005,2.753,0.0,174,543616319,222747267,2025-08-02 07:43:42+00:00
1,7,173,63,88,0.0,12004.65,92.20000000000005,2.734,0.5,173,543615836,222747692,2025-08-02 07:43:44+00:00
1,7,174,63,88,29.97,12007.15,92.39999999999998,2.725,0.5,174,543615623,222747912,2025-08-02 07:43:45+00:00
1,7,174,63,89,25.34,12012.59,92.39999999999998,2.715,0.5,174,543615064,222747893,2025-08-02 07:43:47+00:00
1,7,174,63,89,0.0,12018.03,92.60000000000002,2.706,0.0,174,543614524,222747518,2025-08-02 07:43:49+00:00
1,7,174,63,87,0.0,12029.11,92.79999999999995,2.706,0.5,174,543613416,222746797,2025-08-02 07:43:53+00:00
1,5,173,63,88,0.0,12041.23,92.20000000000005,2.725,0.0,173,543612253,222746105,2025-08-02 07:43:57+00:00
1,4,174,63,86,0.0,12052.38,91.79999999999995,2.753,0.5,174,543611240,222745278,2025-08-02 07:44:01+00:00
1,3,175,63,84,0.0,12064.04,90.79999999999995,2.743,0.0,175,543610053,222744670,2025-08-02 07:44:05+00:00
1,3,174,63,87,0.0,12075.21,90.0,2.762,0.0,174,543608852,222744307,2025-08-02 07:44:09+00:00
1,4,172,63,86,0.0,12086.7,89.79999999999995,2.753,0.5,172,543607637,222744012,2025-08-02 07:44:13+00:00
1,5,172,63,88,0.0,12099.27,89.39999999999998,2.79,0.0,172,543606305,222743864,2025-08-02 07:44:18+00:00
1,9,172,63,55,0.0,12106.22,89.39999999999998,2.622,0.0,172,543605574,222743875,2025-08-02 07:44:23+00:00
1,2,173,63,56,0.0,12118.23,89.39999999999998,2.043,0.0,173,543604385,222743778,2025-08-02 07:44:30+00:00
1,1,173,63,61,0.0,12130.41,90.0,2.025,0.0,173,543603163,222743204,2025-08-02 07:44:37+00:00
1,2,173,63,60,0.0,12140.06,90.20000000000005,1.857,0.0,173,543602189,222742930,2025-08-02 07:44:43+00:00
1,2,170,63,53,0.0,12145.37,91.0,1.754,0.5,170,543601570,222742708,2025-08-02 07:44:49+00:00
1,2,168,63,56,0.0,12150.08,92.79999999999995,0.896,0.5,168,543600960,222742456,2025-08-02 07:44:55+00:00
1,6,167,62,56,0.0,12156.67,94.0,1.204,0.5,167,543600314,222742168,2025-08-02 07:45:00+00:00
1,1,166,62,0,0.0,12164.19,94.39999999999998,1.306,0.0,166,543599971,222741214,2025-08-02 07:45:05+00:00
1,1,165,62,0,0.0,12165.57,94.20000000000005,1.344,0.0,165,543599992,222740985,2025-08-02 07:45:06+00:00
1,1,164,62,62,0.0,12168.96,94.0,1.278,0.5,164,543600008,222740452,2025-08-02 07:45:10+00:00
1,4,164,62,0,0.0,12176.88,94.0,1.222,0.0,164,543600158,222739224,2025-08-02 07:45:16+00:00
1,3,165,62,0,0.0,12178.31,94.0,1.222,0.0,165,543600147,222739025,2025-08-02 07:45:17+00:00
1,3,165,62,0,0.0,12186.41,94.20000000000005,1.381,0.0,165,543600307,222737880,2025-08-02 07:45:23+00:00
1,3,163,62,61,0.0,12189.91,94.39999999999998,1.362,0.0,163,543600427,222737347,2025-08-02 07:45:25+00:00
1,2,160,62,66,12.13,12191.42,94.39999999999998,1.39,0.0,160,543600491,222736853,2025-08-02 07:45:27+00:00
1,2,158,62,0,0.0,12199.75,94.20000000000005,2.202,0.0,158,543600543,222735558,2025-08-02 07:45:30+00:00
1,2,157,62,88,0.0,12211.99,94.0,3.154,0.5,157,543600663,222733721,2025-08-02 07:45:34+00:00
1,2,158,62,87,0.0,12226.72,94.39999999999998,2.911,0.5,158,543600706,222731505,2025-08-02 07:45:39+00:00
1,2,158,62,88,0.0,12242.36,95.0,2.641,0.5,158,543600905,222729120,2025-08-02 07:45:45+00:00
1,1,159,62,88,0.0,12259.5,95.20000000000005,2.659,0.5,159,543601219,222726583,2025-08-02 07:45:51+00:00
1,1,160,62,89,0.0,12269.49,95.39999999999998,2.725,0.5,160,543601416,222725086,2025-08-02 07:45:55+00:00
1,3,161,62,87,0.0,12284.11,95.0,2.781,0.5,161,543601597,222722857,2025-08-02 07:46:00+00:00
1,2,163,62,89,0.0,12300.09,95.60000000000002,2.781,0.0,163,543601790,222720419,2025-08-02 07:46:06+00:00
1,0,166,62,90,0.0,12310.95,95.39999999999998,2.743,0.5,166,543601922,222718765,2025-08-02 07:46:10+00:00
1,0,166,62,89,0.0,12326.85,95.60000000000002,2.725,0.0,166,543602129,222716396,2025-08-02 07:46:16+00:00
1,1,167,62,90,0.0,12343.34,96.20000000000005,2.734,0.5,167,543602245,222713893,2025-08-02 07:46:22+00:00
1,1,168,62,88,0.0,12356.53,96.79999999999995,2.697,0.5,168,543602546,222711844,2025-08-02 07:46:27+00:00
1,2,168,62,89,0.0,12367.37,96.79999999999995,2.697,0.0,168,543602689,222710267,2025-08-02 07:46:31+00:00
1,2,168,62,88,0.0,12380.47,97.0,2.697,0.5,168,543602870,222708306,2025-08-02 07:46:36+00:00
1,1,169,62,89,0.0,12388.96,96.39999999999998,2.697,0.0,169,543603025,222706957,2025-08-02 07:46:39+00:00
1,1,169,62,88,0.0,12396.95,96.79999999999995,2.697,0.5,169,543603094,222705817,2025-08-02 07:46:42+00:00
1,1,170,62,89,0.0,12410.47,97.39999999999998,2.687,0.0,170,543603067,222703796,2025-08-02 07:46:47+00:00
1,1,170,62,89,0.0,12422.35,99.0,2.669,0.5,170,543602972,222701908,2025-08-02 07:46:52+00:00
1,2,170,62,88,0.0,12432.49,99.60000000000002,2.641,0.5,170,543602986,222700400,2025-08-02 07:46:56+00:00
1,2,170,62,89,0.0,12442.26,101.0,2.631,0.0,170,543603018,222698813,2025-08-02 07:47:00+00:00
1,1,170,62,88,0.0,12455.75,102.20000000000005,2.622,0.5,170,543602851,222696891,2025-08-02 07:47:05+00:00
1,1,170,62,87,0.0,12468.86,102.20000000000005,2.603,0.5,170,543602861,222694812,2025-08-02 07:47:10+00:00
1,1,170,62,90,0.0,12486.34,103.20000000000005,2.613,0.0,170,543602806,222692174,2025-08-02 07:47:16+00:00
1,1,170,62,88,0.0,12495.2,102.39999999999998,2.65,0.5,170,543602900,222690926,2025-08-02 07:47:20+00:00
1,1,170,62,88,0.0,12503.55,103.79999999999995,1.838,0.5,170,543602753,222689789,2025-08-02 07:47:28+00:00
1,1,168,62,58,0.0,12509.5,104.0,0.952,0.5,168,543602758,222688691,2025-08-02 07:47:35+00:00
1,2,167,62,57,0.0,12516.6,106.0,0.961,0.5,167,543602692,222687533,2025-08-02 07:47:41+00:00
1,1,166,62,0,0.0,12528.42,105.79999999999995,1.372,0.0,166,543602695,222685649,2025-08-02 07:47:48+00:00
1,1,166,62,0,0.0,12535.71,104.79999999999995,2.071,0.0,166,543602711,222684725,2025-08-02 07:47:52+00:00
1,1,164,62,0,0.0,12546.18,103.60000000000002,1.931,0.0,164,543602773,222683061,2025-08-02 07:47:56+00:00
1,3,163,62,86,0.0,12564.18,103.60000000000002,2.967,0.5,163,543602836,222680376,2025-08-02 07:48:02+00:00
1,3,163,62,88,0.0,12571.61,103.79999999999995,2.725,0.5,163,543602687,222679287,2025-08-02 07:48:05+00:00
1,1,164,62,88,0.0,12580.28,103.20000000000005,2.743,0.0,164,543602658,222677961,2025-08-02 07:48:08+00:00
1,1,164,62,88,0.0,12591.39,102.20000000000005,2.762,0.5,164,543602407,222676272,2025-08-02 07:48:12+00:00
1,1,164,62,87,0.0,12608.22,101.60000000000002,2.753,0.5,164,543602348,222673732,2025-08-02 07:48:18+00:00
1,2,165,62,88,0.0,12619.26,101.39999999999998,2.762,0.0,165,543602182,222672023,2025-08-02 07:48:22+00:00
1,2,164,62,86,0.0,12622.94,101.60000000000002,2.762,0.5,164,543602502,222671333,2025-08-02 07:48:24+00:00
1,1,165,62,87,0.0,12630.11,102.39999999999998,2.715,0.5,165,543603322,222671102,2025-08-02 07:48:26+00:00
1,2,166,62,85,0.0,12641.36,103.0,2.725,0.5,166,543604415,222670722,2025-08-02 07:48:29+00:00
1,2,166,62,87,0.0,12654.16,102.39999999999998,2.79,0.0,166,543605720,222670348,2025-08-02 07:48:33+00:00
1,3,167,62,87,0.0,12671.53,101.39999999999998,2.883,0.5,167,543607596,222670028,2025-08-02 07:48:39+00:00
1,2,167,62,87,0.0,12682.29,100.20000000000005,2.827,0.0,167,543608687,222670636,2025-08-02 07:48:43+00:00
1,3,168,62,85,0.0,12693.39,99.79999999999995,2.827,0.0,168,543609736,222671491,2025-08-02 07:48:47+00:00
1,2,166,62,87,0.0,12703.56,99.0,3.032,0.0,166,543610681,222672129,2025-08-02 07:48:50+00:00
1,2,167,62,87,0.0,12713.52,99.0,2.948,0.0,167,543611735,222672435,2025-08-02 07:48:54+00:00
1,3,168,62,89,0.0,12732.01,100.0,2.976,0.0,168,543613645,222673319,2025-08-02 07:49:00+00:00
1,4,170,62,89,0.0,12746.95,100.79999999999995,3.06,0.5,170,543615092,222673972,2025-08-02 07:49:05+00:00
1,4,171,62,88,0.0,12758.77,100.20000000000005,3.004,0.5,171,543616030,222675298,2025-08-02 07:49:09+00:00
1,3,171,62,89,0.0,12767.82,99.20000000000005,3.004,0.0,171,543616681,222676247,2025-08-02 07:49:12+00:00
1,3,172,62,87,0.0,12776.59,98.79999999999995,2.995,0.5,172,543617176,222677329,2025-08-02 07:49:15+00:00
1,3,172,62,62,0.0,12785.88,97.60000000000002,2.893,0.5,172,543617583,222678668,2025-08-02 07:49:21+00:00
1,1,170,62,61,0.0,12791.16,96.79999999999995,1.987,0.5,170,543617828,222679374,2025-08-02 07:49:25+00:00
1,1,169,62,0,0.0,12798.37,96.0,1.875,0.0,169,543618169,222680453,2025-08-02 07:49:30+00:00
1,1,168,62,0,0.0,12801.87,95.60000000000002,1.521,0.0,168,543618295,222680942,2025-08-02 07:49:35+00:00
1,1,167,62,0,0.0,12805.68,95.39999999999998,1.53,0.0,167,543618018,222680391,2025-08-02 07:49:38+00:00
1,1,167,62,0,0.0,12809.58,95.0,1.53,0.0,167,543617753,222680004,2025-08-02 07:49:39+00:00
1,2,164,62,0,0.0,12822.01,94.79999999999995,3.144,0.0,164,543617058,222678518,2025-08-02 07:49:43+00:00
1,1,165,62,85,0.0,12824.81,94.60000000000002,3.144,0.5,165,543616949,222678050,2025-08-02 07:49:44+00:00
1,1,165,62,87,0.0,12835.19,94.60000000000002,2.762,0.0,165,543616330,222676752,2025-08-02 07:49:48+00:00
1,1,166,62,88,0.0,12848.44,94.39999999999998,2.669,0.0,166,543615380,222675089,2025-08-02 07:49:53+00:00
1,1,166,62,88,0.0,12863.49,94.60000000000002,2.678,0.0,166,543613862,222674140,2025-08-02 07:49:59+00:00
1,1,166,62,88,0.0,12875.18,94.60000000000002,2.659,0.5,166,543612669,222673725,2025-08-02 07:50:03+00:00
1,1,166,62,89,0.0,12890.93,94.79999999999995,2.697,0.5,166,543611018,222673021,2025-08-02 07:50:09+00:00
1,1,165,62,89,0.0,12902.5,94.0,2.706,0.0,165,543609897,222672253,2025-08-02 07:50:13+00:00
1,1,168,62,88,0.0,12921.26,94.39999999999998,2.734,0.0,168,543608059,222670925,2025-08-02 07:50:19+00:00
1,2,167,62,87,0.0,12935.14,94.0,2.771,0.5,167,543606636,222670653,2025-08-02 07:50:24+00:00
1,1,169,62,87,0.0,12951.88,93.39999999999998,2.781,0.5,169,543604819,222670927,2025-08-02 07:50:30+00:00
1,1,170,62,88,0.0,12968.65,93.79999999999995,2.799,0.5,170,543603067,222671099,2025-08-02 07:50:36+00:00
1,1,170,62,87,0.0,12970.75,93.39999999999998,2.799,0.5,170,543602936,222671491,2025-08-02 07:50:37+00:00
1,1,170,62,87,0.0,12975.39,93.20000000000005,2.781,0.0,170,543603002,222672287,2025-08-02 07:50:39+00:00
1,2,171,62,86,0.0,12991.29,93.39999999999998,2.743,0.5,171,543603283,222675152,2025-08-02 07:50:45+00:00
1,2,172,62,88,0.0,13004.9,93.39999999999998,2.743,0.0,172,543603447,222677319,2025-08-02 07:50:50+00:00
1,2,172,62,88,0.0,13007.5,93.39999999999998,2.743,0.0,172,543603504,222677686,2025-08-02 07:50:51+00:00
