107,135,136,143,cadence,cycle_length16,distance,enhanced_altitude,enhanced_speed,fractional_cadence,heart_rate,position_lat,position_long,timestamp
0,11,91,59,0,0.0,0.93,84.20000000000005,0.0,0.0,91,543622869,222663413,2025-09-05 15:34:41+00:00
1,7,92,59,0,0.0,8.19,84.20000000000005,1.987,0.0,92,543623450,222662619,2025-09-05 15:34:44+00:00
1,7,93,59,80,0.0,20.54,85.0,3.014,0.5,93,543624407,222661339,2025-09-05 15:34:48+00:00
1,6,98,59,82,0.0,26.27,84.79999999999995,2.958,0.5,98,543624855,222660794,2025-09-05 15:34:50+00:00
1,7,102,59,85,0.0,31.71,84.79999999999995,2.837,0.0,102,543625364,222660310,2025-09-05 15:34:52+00:00
1,8,106,59,85,0.0,37.28,84.60000000000002,2.799,0.5,106,543625795,222659770,2025-09-05 15:34:54+00:00
1,6,109,59,84,0.0,45.05,84.39999999999998,2.706,0.0,109,543626439,222658979,2025-09-05 15:34:57+00:00
1,6,110,59,84,0.0,50.09,84.0,2.678,0.0,110,543626811,222658408,2025-09-05 15:34:59+00:00
1,1,113,58,84,0.0,58.24,83.79999999999995,2.65,0.5,113,543627508,222657693,2025-09-05 15:35:02+00:00
1,1,115,58,84,0.0,66.72,84.0,2.678,0.0,115,543628158,222656829,2025-09-05 15:35:05+00:00
1,1,118,58,86,0.0,74.94,83.79999999999995,2.715,0.5,118,543628819,222656087,2025-09-05 15:35:08+00:00
1,1,119,58,86,0.0,77.61,83.79999999999995,2.715,0.5,119,543629082,222655823,2025-09-05 15:35:09+00:00
1,0,122,58,86,0.0,85.15,84.20000000000005,2.631,0.0,122,543629642,222655011,2025-09-05 15:35:12+00:00
1,0,123,58,86,0.0,88.26,84.0,2.631,0.0,123,543629942,222654760,2025-09-05 15:35:13+00:00
1,1,126,58,85,0.0,101.8,83.39999999999998,2.687,0.0,126,543631008,222653387,2025-09-05 15:35:18+00:00
1,1,129,58,86,0.0,111.74,83.0,2.65,0.0,129,543631820,222652398,2025-09-05 15:35:22+00:00
1,0,130,58,85,0.0,116.92,82.79999999999995,2.659,0.5,130,543632179,222651795,2025-09-05 15:35:24+00:00
1,0,130,58,85,0.0,121.91,82.79999999999995,2.659,0.0,130,543632589,222651327,2025-09-05 15:35:26+00:00
1,1,132,58,86,0.0,133.49,82.39999999999998,2.65,0.5,132,543633563,222650147,2025-09-05 15:35:30+00:00
1,1,133,58,86,0.0,141.26,82.39999999999998,2.669,0.0,133,543634100,222649359,2025-09-05 15:35:33+00:00
1,1,134,58,86,0.0,149.48,82.20000000000005,2.669,0.5,134,543634798,222648534,2025-09-05 15:35:36+00:00
1,1,135,58,86,0.0,159.86,83.0,2.678,0.0,135,543635590,222647529,2025-09-05 15:35:40+00:00
1,1,136,58,86,0.0,168.39,83.0,2.669,0.0,136,543636405,222646764,2025-09-05 15:35:43+00:00
1,1,137,58,87,0.0,182.41,83.0,2.687,0.0,137,543637554,222645328,2025-09-05 15:35:48+00:00
1,1,138,58,87,0.0,189.68,82.79999999999995,2.687,0.0,138,543638132,222644637,2025-09-05 15:35:51+00:00
1,1,141,58,88,0.0,202.73,82.39999999999998,2.669,0.0,141,543639182,222643321,2025-09-05 15:35:56+00:00
1,1,141,58,87,0.0,214.15,82.39999999999998,2.678,0.0,141,543639987,222642024,2025-09-05 15:36:00+00:00
1,1,142,58,88,0.0,222.42,82.20000000000005,2.687,0.0,142,543640706,222641229,2025-09-05 15:36:03+00:00
1,1,141,58,87,0.0,231.77,81.79999999999995,2.678,0.5,141,543641497,222640400,2025-09-05 15:36:07+00:00
1,1,141,58,88,0.0,240.3,82.60000000000002,2.659,0.5,141,543642263,222639573,2025-09-05 15:36:10+00:00
1,1,142,58,87,0.0,248.7,82.79999999999995,2.669,0.0,142,543642876,222638720,2025-09-05 15:36:13+00:00
1,1,142,58,88,0.0,261.84,82.79999999999995,2.669,0.0,142,543643933,222637409,2025-09-05 15:36:18+00:00
1,1,144,58,88,0.0,271.93,83.60000000000002,2.669,0.0,144,543644615,222636304,2025-09-05 15:36:22+00:00
1,1,145,58,88,0.0,279.39,83.79999999999995,2.659,0.0,145,543645217,222635447,2025-09-05 15:36:25+00:00
1,1,147,58,89,0.0,289.9,84.0,2.641,0.5,147,543645950,222634197,2025-09-05 15:36:29+00:00
1,1,149,58,87,0.0,301.7,84.20000000000005,2.65,0.5,149,543646470,222632604,2025-09-05 15:36:33+00:00
1,1,150,58,87,0.0,312.64,84.39999999999998,2.725,0.0,150,543646819,222631058,2025-09-05 15:36:37+00:00
1,1,149,58,86,0.0,320.51,84.60000000000002,2.706,0.5,149,543647177,222629871,2025-09-05 15:36:40+00:00
1,1,150,58,88,0.0,331.61,85.0,2.678,0.0,150,543647565,222628335,2025-09-05 15:36:44+00:00
1,1,150,58,87,0.0,340.48,85.20000000000005,2.706,0.0,150,543648091,222627198,2025-09-05 15:36:47+00:00
1,1,150,58,88,0.0,348.34,85.20000000000005,2.715,0.0,150,543648445,222626143,2025-09-05 15:36:50+00:00
1,1,150,58,87,0.0,359.75,85.79999999999995,2.715,0.0,150,543649015,222624557,2025-09-05 15:36:54+00:00
1,1,151,58,88,0.0,367.76,86.39999999999998,2.725,0.0,151,543649256,222623410,2025-09-05 15:36:57+00:00
1,1,150,58,87,0.0,376.09,86.60000000000002,2.725,0.0,150,543649688,222622195,2025-09-05 15:37:00+00:00
1,1,151,57,88,0.0,387.49,86.60000000000002,2.734,0.0,151,543650185,222620673,2025-09-05 15:37:04+00:00
1,1,151,57,87,0.0,398.87,86.60000000000002,2.753,0.5,151,543650615,222619139,2025-09-05 15:37:08+00:00
1,1,151,57,88,0.0,407.45,86.79999999999995,2.753,0.0,151,543651085,222617933,2025-09-05 15:37:11+00:00
1,1,150,57,87,0.0,418.13,87.20000000000005,2.753,0.0,150,543651517,222616449,2025-09-05 15:37:15+00:00
1,1,149,57,87,0.0,429.98,87.39999999999998,2.762,0.5,149,543652003,222614865,2025-09-05 15:37:19+00:00
1,1,150,57,88,0.0,437.69,87.39999999999998,2.771,0.0,150,543652362,222613681,2025-09-05 15:37:22+00:00
1,1,150,57,88,0.0,445.11,87.39999999999998,2.762,0.5,150,543652628,222612651,2025-09-05 15:37:25+00:00
1,1,151,57,88,0.0,456.74,87.39999999999998,2.753,0.0,151,543653283,222611085,2025-09-05 15:37:29+00:00
1,1,151,57,87,0.0,468.89,87.0,2.762,0.0,151,543653851,222609465,2025-09-05 15:37:33+00:00
1,1,151,57,88,0.0,476.32,87.0,2.771,0.0,151,543654147,222608395,2025-09-05 15:37:36+00:00
1,1,151,57,87,0.0,490.54,86.0,2.771,0.5,151,543654754,222606396,2025-09-05 15:37:41+00:00
1,1,151,57,88,655.34,502.29,85.60000000000002,2.79,0.0,151,543655207,222604782,2025-09-05 15:37:45+00:00
1,1,151,57,88,,511.04,85.79999999999995,2.799,0.5,151,543655650,222603552,2025-09-05 15:37:48+00:00
1,1,151,57,87,,521.67,86.20000000000005,2.799,0.5,151,543656118,222602048,2025-09-05 15:37:52+00:00
1,1,152,57,88,,540.64,87.20000000000005,2.837,0.5,152,543656809,222599409,2025-09-05 15:37:58+00:00
1,1,152,57,88,,552.04,87.39999999999998,2.846,0.5,152,543657320,222597854,2025-09-05 15:38:02+00:00
1,1,153,57,88,,561.37,87.60000000000002,2.874,0.0,153,543657722,222596495,2025-09-05 15:38:05+00:00
1,1,153,57,89,,570.13,87.79999999999995,2.883,0.5,153,543658016,222595332,2025-09-05 15:38:08+00:00
1,1,154,57,89,,578.09,87.39999999999998,2.893,0.5,154,543658391,222594132,2025-09-05 15:38:11+00:00
1,1,153,57,88,,586.67,87.20000000000005,2.883,0.5,153,543658851,222593012,2025-09-05 15:38:14+00:00
1,1,154,57,87,,601.83,87.60000000000002,2.902,0.5,154,543659479,222590901,2025-09-05 15:38:19+00:00
1,1,154,57,89,,613.87,88.0,2.911,0.0,154,543659972,222589266,2025-09-05 15:38:23+00:00
1,0,153,57,87,,622.13,87.79999999999995,2.921,0.5,153,543660410,222588069,2025-09-05 15:38:26+00:00
1,0,154,57,89,,630.66,86.79999999999995,2.921,0.0,154,543660744,222586900,2025-09-05 15:38:29+00:00
1,1,155,57,87,,642.66,86.60000000000002,2.93,0.5,155,543661246,222585243,2025-09-05 15:38:33+00:00
1,1,156,57,88,,654.17,87.20000000000005,2.921,0.0,156,543661795,222583682,2025-09-05 15:38:37+00:00
1,1,157,57,87,,661.46,87.0,2.911,0.0,157,543662003,222582612,2025-09-05 15:38:40+00:00
1,1,158,57,88,,672.77,86.20000000000005,2.902,0.0,158,543662529,222581007,2025-09-05 15:38:44+00:00
1,0,156,57,88,,691.06,86.39999999999998,2.911,0.5,156,543663420,222578591,2025-09-05 15:38:50+00:00
1,1,157,57,87,,702.33,86.79999999999995,2.911,0.5,157,543663891,222577008,2025-09-05 15:38:54+00:00
1,1,156,57,88,,710.0,87.0,2.893,0.0,156,543664136,222575869,2025-09-05 15:38:57+00:00
1,1,156,57,88,,721.81,87.0,2.883,0.0,156,543664674,222574225,2025-09-05 15:39:01+00:00
1,1,156,57,87,,735.57,87.39999999999998,2.874,0.5,156,543665258,222572310,2025-09-05 15:39:06+00:00
1,1,156,57,89,,747.24,88.0,2.883,0.0,156,543665720,222570725,2025-09-05 15:39:10+00:00
1,1,156,57,87,,756.07,88.0,2.874,0.5,156,543666190,222569409,2025-09-05 15:39:13+00:00
1,1,156,57,88,,764.64,88.20000000000005,2.883,0.0,156,543666596,222568248,2025-09-05 15:39:16+00:00
1,2,156,57,88,,780.18,88.0,2.902,0.0,156,543667278,222566171,2025-09-05 15:39:21+00:00
1,2,156,57,87,,791.96,87.39999999999998,2.911,0.5,156,543667784,222564522,2025-09-05 15:39:25+00:00
1,1,156,57,89,,801.5,87.20000000000005,2.93,0.5,156,543668374,222563290,2025-09-05 15:39:28+00:00
1,1,156,57,89,,809.74,87.20000000000005,2.93,0.0,156,543668825,222562269,2025-09-05 15:39:31+00:00
1,0,157,57,88,,824.38,88.0,2.93,0.0,157,543669749,222560514,2025-09-05 15:39:36+00:00
1,0,156,57,87,,834.95,88.39999999999998,2.93,0.5,156,543670342,222559154,2025-09-05 15:39:40+00:00
1,0,156,57,88,,842.9,88.79999999999995,2.911,0.0,156,543671008,222558211,2025-09-05 15:39:43+00:00
1,1,157,57,87,655.31,855.22,89.39999999999998,2.902,0.0,157,543671807,222556704,2025-09-05 15:39:47+00:00
1,1,157,57,87,655.31,866.64,90.0,2.911,0.5,157,543672474,222555384,2025-09-05 15:39:51+00:00
1,1,156,57,89,655.31,876.76,90.0,2.893,0.0,156,543673074,222554098,2025-09-05 15:39:55+00:00
1,1,156,57,88,655.31,885.82,90.20000000000005,2.874,0.0,156,543673744,222552962,2025-09-05 15:39:58+00:00
1,1,156,56,88,655.31,894.3,90.79999999999995,2.874,0.0,156,543674263,222551885,2025-09-05 15:40:01+00:00
1,1,157,56,86,655.31,909.58,91.20000000000005,2.893,0.5,157,543675174,222550055,2025-09-05 15:40:06+00:00
1,2,156,56,88,655.31,921.27,91.60000000000002,2.893,0.0,156,543676021,222548732,2025-09-05 15:40:10+00:00
1,1,156,56,88,655.31,938.15,92.0,2.893,0.0,156,543677190,222546732,2025-09-05 15:40:16+00:00
1,1,156,56,87,655.31,946.21,92.79999999999995,2.874,0.0,156,543677737,222545792,2025-09-05 15:40:19+00:00
1,1,158,56,87,655.31,955.59,92.60000000000002,2.874,0.0,158,543678403,222544695,2025-09-05 15:40:22+00:00
1,1,159,56,87,655.31,964.02,92.0,2.874,0.0,159,543678868,222543600,2025-09-05 15:40:25+00:00
1,1,158,56,88,655.31,979.4,91.39999999999998,2.893,0.0,158,543679907,222541766,2025-09-05 15:40:30+00:00
1,1,158,56,87,655.31,991.53,91.20000000000005,2.921,0.5,158,543680675,222540357,2025-09-05 15:40:34+00:00
1,1,157,56,88,655.31,999.92,90.39999999999998,2.921,0.0,157,543681366,222539403,2025-09-05 15:40:37+00:00
1,1,157,56,86,655.33,1005.71,90.39999999999998,2.921,0.5,157,543681763,222538728,2025-09-05 15:40:39+00:00
1,1,157,56,86,655.33,1008.27,90.39999999999998,2.921,0.5,157,543681870,222538405,2025-09-05 15:40:40+00:00
1,1,157,56,88,15.68,1022.44,90.60000000000002,2.902,0.5,157,543682807,222536698,2025-09-05 15:40:45+00:00
1,1,157,56,87,15.68,1031.86,90.39999999999998,2.911,0.5,157,543683526,222535586,2025-09-05 15:40:48+00:00
1,1,157,56,88,15.68,1040.24,90.0,2.921,0.0,157,543683989,222534610,2025-09-05 15:40:51+00:00
1,1,158,56,87,15.68,1048.22,89.20000000000005,2.902,0.5,158,543684463,222533523,2025-09-05 15:40:54+00:00
1,1,158,56,88,22.5,1062.7,88.39999999999998,2.893,0.0,158,543685030,222531498,2025-09-05 15:40:59+00:00
1,1,159,56,88,0.0,1074.49,88.39999999999998,2.893,0.0,159,543685374,222529766,2025-09-05 15:41:03+00:00
1,2,159,56,88,15.97,1082.77,88.20000000000005,2.893,0.0,159,543685575,222528591,2025-09-05 15:41:06+00:00
1,2,159,56,88,17.29,1092.3,88.20000000000005,2.893,0.5,159,543685916,222527135,2025-09-05 15:41:09+00:00
1,1,160,56,88,18.23,1100.79,88.60000000000002,2.911,0.5,160,543686073,222525899,2025-09-05 15:41:12+00:00
1,1,160,56,88,18.23,1112.97,88.79999999999995,2.921,0.5,160,543686459,222524118,2025-09-05 15:41:16+00:00
1,1,161,56,89,13.94,1121.13,89.0,2.921,0.0,161,543686615,222522949,2025-09-05 15:41:19+00:00
1,1,162,56,87,14.06,1129.83,88.60000000000002,2.911,0.5,162,543686854,222521650,2025-09-05 15:41:22+00:00
1,1,161,56,89,14.06,1138.16,88.79999999999995,2.902,0.0,161,543687061,222520414,2025-09-05 15:41:25+00:00
1,1,162,56,87,14.06,1152.46,88.60000000000002,2.902,0.0,162,543687460,222518305,2025-09-05 15:41:30+00:00
1,2,161,56,89,14.06,1163.77,88.39999999999998,2.893,0.0,161,543687854,222516683,2025-09-05 15:41:34+00:00
1,2,161,56,88,16.53,1175.1,88.20000000000005,2.893,0.5,161,543688129,222515067,2025-09-05 15:41:38+00:00
1,2,161,56,88,17.29,1183.75,88.20000000000005,2.883,0.5,161,543688368,222513663,2025-09-05 15:41:41+00:00
1,2,162,56,87,20.02,1192.21,87.60000000000002,2.874,0.5,162,543688547,222512478,2025-09-05 15:41:44+00:00
1,2,162,56,88,19.53,1206.63,88.20000000000005,2.874,0.0,162,543688814,222510284,2025-09-05 15:41:49+00:00
1,2,163,56,88,13.44,1216.23,88.39999999999998,2.883,0.5,163,543689036,222508862,2025-09-05 15:41:52+00:00
1,2,162,56,87,13.44,1224.29,88.39999999999998,2.883,0.5,162,543689156,222507683,2025-09-05 15:41:55+00:00
1,2,162,56,88,13.18,1233.51,88.20000000000005,2.883,0.0,162,543689390,222506279,2025-09-05 15:41:58+00:00
1,2,163,56,88,18.16,1241.03,88.39999999999998,2.883,0.0,163,543689530,222505189,2025-09-05 15:42:01+00:00
1,1,163,56,88,13.31,1254.53,88.20000000000005,2.846,0.0,163,543689750,222503155,2025-09-05 15:42:06+00:00
1,1,163,56,87,15.48,1263.14,88.39999999999998,2.846,0.5,163,543689984,222501846,2025-09-05 15:42:09+00:00
1,1,162,56,87,14.18,1271.45,88.0,2.827,0.5,162,543690114,222500633,2025-09-05 15:42:12+00:00
1,1,161,56,87,16.79,1282.86,88.20000000000005,2.837,0.5,161,543690322,222498912,2025-09-05 15:42:16+00:00
1,1,161,56,88,14.63,1297.98,88.79999999999995,2.837,0.5,161,543690652,222496687,2025-09-05 15:42:21+00:00
1,1,161,56,87,17.45,1306.63,89.0,2.855,0.5,161,543690857,222495341,2025-09-05 15:42:24+00:00
1,1,161,56,88,14.29,1314.48,88.60000000000002,2.846,0.0,161,543690955,222494212,2025-09-05 15:42:27+00:00
1,1,161,56,87,14.41,1325.28,88.20000000000005,2.827,0.5,161,543691186,222492551,2025-09-05 15:42:31+00:00
1,1,161,56,88,20.08,1339.47,88.0,2.827,0.0,161,543691357,222490460,2025-09-05 15:42:36+00:00
1,1,161,56,89,18.23,1347.96,88.0,2.818,0.5,161,543691579,222489118,2025-09-05 15:42:39+00:00
1,1,161,56,88,8.0,1356.79,88.20000000000005,2.818,0.5,161,543691697,222487850,2025-09-05 15:42:42+00:00
1,1,160,56,87,8.0,1367.63,88.20000000000005,2.827,0.5,160,543691904,222486205,2025-09-05 15:42:46+00:00
1,1,161,56,87,20.54,1385.69,88.79999999999995,2.837,0.5,161,543692443,222483558,2025-09-05 15:42:52+00:00
1,1,161,56,88,20.54,1394.18,89.20000000000005,2.837,0.0,161,543692629,222482327,2025-09-05 15:42:55+00:00
1,1,161,56,87,20.54,1403.09,89.60000000000002,2.837,0.5,161,543692961,222480955,2025-09-05 15:42:58+00:00
1,1,161,55,89,20.54,1412.31,89.79999999999995,2.855,0.0,161,543693224,222479674,2025-09-05 15:43:01+00:00
1,1,161,55,87,19.4,1426.13,90.20000000000005,2.865,0.0,161,543693783,222477702,2025-09-05 15:43:06+00:00
1,1,161,55,88,20.65,1435.23,90.60000000000002,2.865,0.5,161,543694190,222476395,2025-09-05 15:43:09+00:00
1,1,161,55,87,20.65,1443.55,90.0,2.865,0.5,161,543694440,222475243,2025-09-05 15:43:12+00:00
1,1,161,55,88,20.26,1452.78,90.39999999999998,2.855,0.5,161,543694797,222473873,2025-09-05 15:43:15+00:00
1,1,161,55,86,20.02,1461.66,90.60000000000002,2.855,0.5,161,543695083,222472624,2025-09-05 15:43:18+00:00
1,1,161,55,89,20.54,1470.6,90.60000000000002,2.874,0.5,161,543695492,222471378,2025-09-05 15:43:21+00:00
1,1,161,55,89,20.08,1482.07,90.0,2.874,0.5,161,543695988,222469773,2025-09-05 15:43:25+00:00
1,1,162,55,89,19.78,1496.32,89.79999999999995,2.874,0.0,162,543696545,222467745,2025-09-05 15:43:30+00:00
1,1,162,55,88,19.9,1507.83,89.39999999999998,2.883,0.5,162,543697035,222466134,2025-09-05 15:43:34+00:00
1,1,162,55,88,0.0,1510.28,89.20000000000005,2.883,0.5,162,543697017,222465770,2025-09-05 15:43:35+00:00
1,1,162,55,88,0.0,1516.87,89.20000000000005,2.883,0.5,162,543697282,222464870,2025-09-05 15:43:37+00:00
1,1,162,55,87,0.0,1526.15,88.39999999999998,2.902,0.0,162,543697640,222463507,2025-09-05 15:43:40+00:00
1,1,161,55,89,16.62,1534.28,89.0,2.902,0.0,161,543697970,222462394,2025-09-05 15:43:43+00:00
1,1,162,55,88,23.84,1546.55,89.0,2.902,0.5,162,543698471,222460646,2025-09-05 15:43:47+00:00
1,1,162,55,87,23.84,1560.51,89.39999999999998,2.911,0.5,162,543698956,222458689,2025-09-05 15:43:52+00:00
1,1,162,55,87,23.84,1568.83,89.60000000000002,2.902,0.5,162,543699376,222457496,2025-09-05 15:43:55+00:00
1,1,163,55,89,16.62,1577.28,89.60000000000002,2.893,0.5,163,543699587,222456280,2025-09-05 15:43:58+00:00
1,1,163,55,88,16.62,1587.3,89.39999999999998,2.902,0.5,163,543700043,222454874,2025-09-05 15:44:01+00:00
1,1,163,55,89,16.62,1598.63,89.60000000000002,2.911,0.0,163,543700497,222453232,2025-09-05 15:44:05+00:00
1,1,163,55,89,16.62,1613.42,89.60000000000002,2.921,0.5,163,543701210,222451217,2025-09-05 15:44:10+00:00
1,1,163,55,88,16.62,1625.44,89.39999999999998,2.921,0.0,163,543701716,222449585,2025-09-05 15:44:14+00:00
1,1,163,55,88,0.0,1633.91,89.79999999999995,2.921,0.5,163,543701968,222448362,2025-09-05 15:44:17+00:00
1,1,162,55,89,0.0,1642.81,89.79999999999995,2.921,0.5,162,543702397,222447038,2025-09-05 15:44:20+00:00
1,1,163,55,89,0.0,1651.34,90.20000000000005,2.921,0.0,163,543702683,222445899,2025-09-05 15:44:23+00:00
1,1,163,55,89,14.06,1660.29,89.79999999999995,2.921,0.0,163,543703092,222444640,2025-09-05 15:44:26+00:00
1,1,163,55,88,14.06,1671.36,89.60000000000002,2.921,0.5,163,543703481,222443051,2025-09-05 15:44:30+00:00
1,1,163,55,86,14.06,1685.27,90.0,2.902,0.5,163,543704003,222441048,2025-09-05 15:44:35+00:00
1,1,163,55,88,14.06,1694.16,89.60000000000002,2.902,0.0,163,543704245,222439809,2025-09-05 15:44:38+00:00
1,1,163,55,88,14.06,1702.96,89.39999999999998,2.902,0.5,163,543704568,222438506,2025-09-05 15:44:41+00:00
1,1,163,55,89,19.4,1713.75,89.60000000000002,2.893,0.0,163,543705047,222436984,2025-09-05 15:44:45+00:00
1,1,164,55,88,17.29,1728.35,89.60000000000002,2.883,0.5,164,543705665,222434966,2025-09-05 15:44:50+00:00
1,1,163,55,88,17.62,1739.96,89.79999999999995,2.874,0.5,163,543706198,222433335,2025-09-05 15:44:54+00:00
1,1,163,55,89,15.97,1752.3,89.60000000000002,2.893,0.0,163,543706665,222431605,2025-09-05 15:44:58+00:00
1,1,163,55,87,25.61,1763.32,89.39999999999998,2.893,0.5,163,543707006,222430020,2025-09-05 15:45:02+00:00
1,1,163,55,87,25.61,1774.64,89.60000000000002,2.883,0.0,163,543707444,222428420,2025-09-05 15:45:06+00:00
1,1,162,55,87,,1783.23,89.0,2.883,0.5,162,543707800,222427091,2025-09-05 15:45:09+00:00
1,1,163,55,88,,1791.62,88.39999999999998,2.883,0.0,163,543707996,222425925,2025-09-05 15:45:12+00:00
1,1,163,55,87,20.43,1806.54,87.79999999999995,2.883,0.5,163,543708681,222423913,2025-09-05 15:45:17+00:00
1,1,163,55,88,19.65,1817.88,87.39999999999998,2.883,0.0,163,543709041,222422252,2025-09-05 15:45:21+00:00
1,1,162,55,86,19.59,1826.75,88.39999999999998,2.883,0.0,162,543709519,222420975,2025-09-05 15:45:24+00:00
1,1,163,55,86,19.59,1836.11,88.39999999999998,2.893,0.0,163,543709756,222419662,2025-09-05 15:45:27+00:00
1,1,163,55,88,19.0,1850.2,88.39999999999998,2.902,0.0,163,543710294,222417628,2025-09-05 15:45:32+00:00
1,1,163,55,88,19.33,1861.65,88.60000000000002,2.893,0.0,163,543710769,222416039,2025-09-05 15:45:36+00:00
1,1,163,55,89,12.35,1873.26,88.39999999999998,2.893,0.5,163,543711233,222414398,2025-09-05 15:45:40+00:00
1,1,163,55,87,8.0,1884.51,88.0,2.893,0.5,163,543711720,222412840,2025-09-05 15:45:44+00:00
1,1,163,55,88,8.0,1892.73,88.20000000000005,2.883,0.5,163,543712156,222411686,2025-09-05 15:45:47+00:00
1,1,161,55,87,24.89,1910.49,89.0,2.883,0.0,161,543712736,222409220,2025-09-05 15:45:53+00:00
1,1,160,55,88,29.01,1920.26,89.20000000000005,2.827,0.0,160,543713129,222407790,2025-09-05 15:45:57+00:00
1,1,160,55,88,28.04,1931.16,88.79999999999995,2.79,0.5,160,543713607,222406251,2025-09-05 15:46:01+00:00
1,1,160,55,89,29.86,1942.73,88.39999999999998,2.799,0.0,160,543714068,222404579,2025-09-05 15:46:05+00:00
1,1,159,55,87,29.86,1954.84,88.60000000000002,2.809,0.0,159,543714530,222402815,2025-09-05 15:46:09+00:00
1,1,159,55,88,29.86,1963.74,88.60000000000002,2.827,0.0,159,543714696,222401560,2025-09-05 15:46:12+00:00
1,1,159,55,88,16.79,1972.7,88.39999999999998,2.846,0.5,159,543714860,222400159,2025-09-05 15:46:15+00:00
1,1,160,55,89,17.21,1984.34,88.60000000000002,2.865,0.0,160,543715000,222398448,2025-09-05 15:46:19+00:00
1,0,162,55,89,20.31,2000.91,89.39999999999998,2.846,0.0,162,543715179,222395925,2025-09-05 15:46:25+00:00
1,0,162,55,88,0.0,2004.1,89.60000000000002,2.846,0.0,162,543715202,222395401,2025-09-05 15:46:26+00:00
1,1,163,55,89,0.0,2012.21,89.20000000000005,2.846,0.0,163,543715169,222394236,2025-09-05 15:46:29+00:00
1,0,164,55,88,0.0,2021.02,88.39999999999998,2.846,0.0,164,543715155,222392810,2025-09-05 15:46:32+00:00
1,0,164,55,87,0.0,2033.15,88.39999999999998,2.865,0.5,164,543715056,222390993,2025-09-05 15:46:36+00:00
1,1,165,55,87,0.0,2048.31,89.0,2.874,0.5,165,543715172,222388711,2025-09-05 15:46:41+00:00
1,1,165,55,88,0.0,2059.26,89.39999999999998,2.883,0.5,165,543715151,222387035,2025-09-05 15:46:45+00:00
1,1,165,55,88,0.0,2067.29,89.79999999999995,2.865,0.0,165,543715077,222385815,2025-09-05 15:46:48+00:00
1,2,166,55,88,0.0,2080.3,90.0,2.865,0.5,166,543714919,222383900,2025-09-05 15:46:52+00:00
1,1,165,55,89,0.0,2097.87,90.60000000000002,2.893,0.5,165,543715124,222381156,2025-09-05 15:46:58+00:00
1,1,165,55,89,0.0,2106.93,90.20000000000005,2.902,0.5,165,543715067,222379848,2025-09-05 15:47:01+00:00
1,1,164,55,87,0.0,2115.66,90.0,2.911,0.5,164,543715205,222378504,2025-09-05 15:47:04+00:00
1,1,165,55,89,0.0,2126.98,88.60000000000002,2.911,0.0,165,543715283,222376802,2025-09-05 15:47:08+00:00
1,1,165,55,88,0.0,2144.74,88.79999999999995,2.911,0.0,165,543715348,222374053,2025-09-05 15:47:14+00:00
1,1,164,55,88,0.0,2159.19,88.60000000000002,2.911,0.5,164,543715537,222371861,2025-09-05 15:47:19+00:00
1,1,164,55,88,0.0,2173.12,88.60000000000002,2.911,0.0,164,543715571,222369809,2025-09-05 15:47:24+00:00
1,1,164,55,88,0.0,2184.35,89.0,2.893,0.5,164,543715711,222368063,2025-09-05 15:47:28+00:00
1,1,164,55,88,0.0,2193.72,88.79999999999995,2.902,0.5,164,543715872,222366598,2025-09-05 15:47:31+00:00
1,1,163,55,89,0.0,2205.95,88.79999999999995,2.921,0.5,163,543716148,222364851,2025-09-05 15:47:35+00:00
1,1,162,55,89,0.0,2220.45,89.60000000000002,2.921,0.5,162,543716560,222362690,2025-09-05 15:47:40+00:00
1,1,163,55,90,0.0,2230.56,90.0,2.939,0.5,163,543716908,222361174,2025-09-05 15:47:43+00:00
1,1,163,55,88,0.0,2245.87,89.60000000000002,2.967,0.5,163,543717469,222359053,2025-09-05 15:47:48+00:00
1,1,164,55,88,0.0,2257.23,89.79999999999995,2.976,0.0,164,543717843,222357375,2025-09-05 15:47:52+00:00
1,1,166,55,89,0.0,2269.34,90.60000000000002,2.967,0.5,166,543718286,222355638,2025-09-05 15:47:56+00:00
1,1,166,55,90,0.0,2277.86,90.20000000000005,2.976,0.0,166,543718547,222354189,2025-09-05 15:47:59+00:00
1,1,166,55,89,0.0,2294.11,89.0,2.967,0.5,166,543718801,222352009,2025-09-05 15:48:04+00:00
1,1,167,55,89,0.0,2307.53,90.79999999999995,2.948,0.5,167,543719196,222350028,2025-09-05 15:48:09+00:00
1,2,168,55,88,0.0,2325.24,91.79999999999995,2.948,0.5,168,543719708,222347379,2025-09-05 15:48:15+00:00
1,3,167,55,88,0.0,2336.26,90.60000000000002,2.948,0.5,167,543719924,222345713,2025-09-05 15:48:19+00:00
1,2,168,55,87,0.0,2344.76,90.60000000000002,2.93,0.5,168,543719982,222344473,2025-09-05 15:48:22+00:00
1,2,169,55,89,0.0,2354.15,90.20000000000005,2.93,0.5,169,543720032,222343008,2025-09-05 15:48:25+00:00
1,1,169,55,87,0.0,2366.13,90.0,2.939,0.0,169,543720101,222341220,2025-09-05 15:48:29+00:00
1,2,168,55,88,0.0,2380.29,90.39999999999998,2.893,0.0,168,543720180,222338999,2025-09-05 15:48:34+00:00
1,2,168,55,88,0.0,2389.35,90.39999999999998,2.921,0.5,168,543720209,222337707,2025-09-05 15:48:37+00:00
1,2,167,55,89,0.0,2398.17,90.60000000000002,2.93,0.5,167,543720328,222336321,2025-09-05 15:48:40+00:00
1,2,167,55,87,0.0,2406.94,90.39999999999998,2.93,0.5,167,543720311,222335014,2025-09-05 15:48:43+00:00
1,2,167,55,89,0.0,2415.84,90.20000000000005,2.93,0.0,167,543720296,222333617,2025-09-05 15:48:46+00:00
1,2,167,55,88,0.0,2428.01,90.20000000000005,2.939,0.5,167,543720342,222331710,2025-09-05 15:48:50+00:00
1,2,167,55,90,0.0,2442.9,89.20000000000005,2.958,0.5,167,543720430,222329503,2025-09-05 15:48:55+00:00
1,2,167,54,90,0.0,2462.15,88.79999999999995,2.986,0.5,167,543720645,222326621,2025-09-05 15:49:01+00:00
1,2,167,54,87,0.0,2472.84,89.20000000000005,2.986,0.5,167,543720617,222324966,2025-09-05 15:49:05+00:00
1,1,167,54,88,0.0,2485.33,89.79999999999995,2.948,0.5,167,543720663,222323085,2025-09-05 15:49:09+00:00
1,1,168,54,89,0.0,2496.88,90.20000000000005,2.967,0.5,168,543720605,222321333,2025-09-05 15:49:13+00:00
1,1,167,54,88,0.0,2511.41,90.60000000000002,2.967,0.0,167,543720683,222319105,2025-09-05 15:49:18+00:00
1,1,168,54,88,0.0,2528.41,91.0,2.939,0.5,168,543720853,222316485,2025-09-05 15:49:24+00:00
1,1,167,54,88,0.0,2540.08,90.79999999999995,2.939,0.5,167,543720907,222314685,2025-09-05 15:49:28+00:00
1,1,167,54,89,0.0,2553.15,91.0,2.958,0.5,167,543721041,222312708,2025-09-05 15:49:32+00:00
1,1,167,54,89,0.0,2565.62,90.39999999999998,2.976,0.0,167,543721127,222310837,2025-09-05 15:49:36+00:00
1,1,166,54,89,0.0,2577.43,90.60000000000002,2.986,0.5,166,543721152,222309035,2025-09-05 15:49:40+00:00
1,1,167,54,89,0.0,2589.69,90.79999999999995,2.995,0.5,167,543721270,222307205,2025-09-05 15:49:44+00:00
1,1,167,54,88,0.0,2600.43,90.79999999999995,2.995,0.0,167,543721276,222305572,2025-09-05 15:49:48+00:00
1,1,167,54,88,0.0,2614.73,91.0,2.967,0.5,167,543721165,222303359,2025-09-05 15:49:53+00:00
1,1,167,54,89,0.0,2632.78,91.79999999999995,2.967,0.0,167,543721248,222300676,2025-09-05 15:49:59+00:00
1,1,167,54,90,0.0,2647.16,91.0,2.948,0.0,167,543721315,222298450,2025-09-05 15:50:04+00:00
1,1,167,54,88,0.0,2659.36,90.79999999999995,2.967,0.5,167,543721407,222296593,2025-09-05 15:50:08+00:00
1,1,167,54,89,0.0,2670.87,91.20000000000005,2.967,0.0,167,543721481,222294832,2025-09-05 15:50:12+00:00
1,1,167,54,89,0.0,2684.91,92.60000000000002,2.948,0.5,167,543721480,222292622,2025-09-05 15:50:17+00:00
1,1,167,54,89,0.0,2694.24,93.0,2.948,0.0,167,543721480,222291195,2025-09-05 15:50:20+00:00
1,1,168,54,89,0.0,2709.19,93.0,2.967,0.5,168,543721510,222288935,2025-09-05 15:50:25+00:00
1,1,168,54,89,0.0,2725.02,93.0,2.967,0.5,168,543721700,222286554,2025-09-05 15:50:30+00:00
1,1,168,54,89,0.0,2739.39,93.20000000000005,2.976,0.5,168,543721766,222284356,2025-09-05 15:50:35+00:00
1,1,168,54,88,0.0,2754.9,93.39999999999998,2.986,0.5,168,543721919,222281993,2025-09-05 15:50:40+00:00
1,1,169,54,90,0.0,2767.45,93.20000000000005,2.995,0.5,169,543722013,222280064,2025-09-05 15:50:44+00:00
1,2,170,54,90,0.0,2779.1,92.60000000000002,2.995,0.5,170,543722072,222278320,2025-09-05 15:50:48+00:00
1,1,169,54,88,0.0,2787.71,92.20000000000005,2.995,0.5,169,543722108,222277073,2025-09-05 15:50:51+00:00
1,1,169,54,88,0.0,2796.31,91.39999999999998,2.986,0.0,169,543722213,222275718,2025-09-05 15:50:54+00:00
1,1,170,54,89,0.0,2814.35,90.39999999999998,2.976,0.5,170,543722204,222272946,2025-09-05 15:51:00+00:00
1,1,170,54,88,0.0,2825.73,89.79999999999995,2.976,0.5,170,543722296,222271262,2025-09-05 15:51:04+00:00
1,1,169,54,89,0.0,2837.26,89.39999999999998,2.976,0.0,169,543722342,222269515,2025-09-05 15:51:08+00:00
1,1,169,54,88,0.0,2846.15,89.79999999999995,2.967,0.5,169,543722620,222268105,2025-09-05 15:51:11+00:00
1,1,168,54,88,0.0,2858.67,90.0,2.967,0.5,168,543722631,222266254,2025-09-05 15:51:15+00:00
1,1,168,54,89,0.0,2867.15,90.0,2.967,0.0,168,543722622,222264996,2025-09-05 15:51:18+00:00
1,1,169,54,89,0.0,2878.7,90.39999999999998,2.967,0.0,169,543722661,222263229,2025-09-05 15:51:22+00:00
1,2,169,54,88,0.0,2893.38,90.60000000000002,2.948,0.5,169,543722962,222261032,2025-09-05 15:51:27+00:00
1,2,169,54,89,0.0,2905.3,90.60000000000002,2.958,0.0,169,543723204,222259254,2025-09-05 15:51:31+00:00
1,2,169,54,89,0.0,2914.34,90.79999999999995,2.958,0.5,169,543723464,222257898,2025-09-05 15:51:34+00:00
1,2,169,54,89,0.0,2926.82,90.60000000000002,2.958,0.5,169,543723774,222256022,2025-09-05 15:51:38+00:00
1,1,169,54,88,0.0,2935.68,90.60000000000002,2.976,0.5,169,543723917,222254796,2025-09-05 15:51:41+00:00
1,1,168,54,89,0.0,2944.04,89.79999999999995,2.967,0.5,168,543724143,222253497,2025-09-05 15:51:44+00:00
1,1,169,54,88,0.0,2952.41,89.60000000000002,2.958,0.5,169,543724282,222252280,2025-09-05 15:51:47+00:00
1,1,168,54,89,0.0,2962.69,89.39999999999998,2.967,0.5,168,543724504,222250703,2025-09-05 15:51:50+00:00
1,1,169,54,88,0.0,2975.01,89.60000000000002,2.986,0.5,169,543724660,222248829,2025-09-05 15:51:54+00:00
1,1,169,54,89,0.0,2990.27,89.79999999999995,3.014,0.5,169,543725111,222246637,2025-09-05 15:51:59+00:00
1,1,169,54,89,0.0,3004.42,89.79999999999995,2.986,0.0,169,543725513,222244488,2025-09-05 15:52:04+00:00
1,1,170,54,89,0.0,3007.49,89.60000000000002,2.986,0.0,170,543725618,222244069,2025-09-05 15:52:05+00:00
1,1,170,54,91,0.0,3022.41,89.60000000000002,2.986,0.0,170,543726017,222241876,2025-09-05 15:52:10+00:00
1,1,170,54,89,0.0,3037.22,89.60000000000002,2.995,0.5,170,543726438,222239697,2025-09-05 15:52:15+00:00
1,1,170,54,89,0.0,3047.68,90.0,2.967,0.5,170,543726719,222238086,2025-09-05 15:52:19+00:00
1,1,170,54,88,0.0,3056.85,90.0,2.958,0.5,170,543726887,222236776,2025-09-05 15:52:22+00:00
1,1,170,54,88,0.0,3069.36,89.79999999999995,2.958,0.5,170,543727192,222234964,2025-09-05 15:52:26+00:00
1,2,170,54,88,0.0,3078.1,89.60000000000002,2.967,0.0,170,543727434,222233649,2025-09-05 15:52:29+00:00
1,2,171,54,89,0.0,3087.06,89.60000000000002,2.967,0.5,171,543727573,222232337,2025-09-05 15:52:32+00:00
1,1,170,54,88,0.0,3096.32,89.39999999999998,2.986,0.5,170,543727821,222230890,2025-09-05 15:52:35+00:00
1,1,171,54,89,0.0,3108.43,89.39999999999998,2.986,0.5,171,543728092,222229107,2025-09-05 15:52:39+00:00
1,2,170,54,88,0.0,3122.76,89.20000000000005,2.986,0.5,170,543728487,222226988,2025-09-05 15:52:44+00:00
1,2,170,54,89,0.0,3142.98,88.20000000000005,2.958,0.5,170,543729050,222224053,2025-09-05 15:52:51+00:00
1,2,170,54,89,0.0,3158.91,87.60000000000002,2.967,0.0,170,543729584,222221772,2025-09-05 15:52:56+00:00
1,2,171,54,89,0.0,3166.98,87.60000000000002,2.967,0.5,171,543729804,222220558,2025-09-05 15:52:59+00:00
1,2,171,53,87,0.0,3179.05,87.20000000000005,2.958,0.5,171,543730068,222218760,2025-09-05 15:53:03+00:00
1,2,170,53,89,0.0,3188.96,87.20000000000005,2.976,0.5,170,543730322,222217257,2025-09-05 15:53:06+00:00
1,2,171,53,89,0.0,3197.52,87.79999999999995,2.986,0.5,171,543730463,222216012,2025-09-05 15:53:09+00:00
1,2,170,53,88,0.0,3208.8,87.60000000000002,2.976,0.5,170,543730704,222214320,2025-09-05 15:53:13+00:00
1,2,170,53,88,0.0,3223.14,87.0,2.967,0.5,170,543731065,222212162,2025-09-05 15:53:18+00:00
1,1,170,53,88,0.0,3235.73,87.0,2.967,0.0,170,543731314,222210361,2025-09-05 15:53:22+00:00
1,1,169,53,86,0.0,3244.48,87.79999999999995,2.967,0.0,169,543731616,222209064,2025-09-05 15:53:25+00:00
1,1,169,53,90,0.0,3256.49,88.0,2.958,0.0,169,543731997,222207291,2025-09-05 15:53:29+00:00
1,1,169,53,90,0.0,3264.86,87.79999999999995,2.976,0.5,169,543732163,222206093,2025-09-05 15:53:32+00:00
1,1,170,53,89,0.0,3273.55,87.20000000000005,2.948,0.5,170,543732430,222204764,2025-09-05 15:53:35+00:00
1,2,169,53,89,0.0,3285.88,87.20000000000005,2.939,0.5,169,543732753,222202903,2025-09-05 15:53:39+00:00
1,2,169,53,89,0.0,3298.23,86.39999999999998,2.986,0.5,169,543732972,222201070,2025-09-05 15:53:43+00:00
1,1,170,53,89,0.0,3313.09,87.0,2.995,0.0,170,543733433,222198926,2025-09-05 15:53:48+00:00
1,1,170,53,88,0.0,3324.13,87.20000000000005,2.976,0.5,170,543733689,222197283,2025-09-05 15:53:52+00:00
1,1,171,53,90,0.0,3339.56,87.39999999999998,2.976,0.0,171,543734077,222195057,2025-09-05 15:53:57+00:00
1,1,171,53,89,0.0,3348.06,87.39999999999998,2.967,0.5,171,543734276,222193752,2025-09-05 15:54:00+00:00
1,1,172,53,89,0.0,3359.81,87.79999999999995,2.958,0.5,172,543734582,222192030,2025-09-05 15:54:04+00:00
1,1,172,53,88,0.0,3368.38,88.0,2.958,0.5,172,543734800,222190781,2025-09-05 15:54:07+00:00
1,2,171,53,89,0.0,3379.87,87.60000000000002,2.948,0.5,171,543735048,222189057,2025-09-05 15:54:11+00:00
1,1,171,53,89,0.0,3392.16,87.60000000000002,2.948,0.5,171,543735357,222187186,2025-09-05 15:54:15+00:00
1,1,171,53,88,0.0,3410.53,87.39999999999998,2.967,0.5,171,543735874,222184517,2025-09-05 15:54:21+00:00
1,1,170,53,89,0.0,3422.22,87.60000000000002,2.958,0.5,170,543736238,222182793,2025-09-05 15:54:25+00:00
1,1,170,53,89,0.0,3430.76,88.0,2.958,0.5,170,543736322,222181552,2025-09-05 15:54:28+00:00
1,1,170,53,89,0.0,3433.72,88.0,2.958,0.5,170,543736508,222181086,2025-09-05 15:54:29+00:00
1,1,170,53,89,0.0,3439.24,88.0,2.958,0.5,170,543736609,222180232,2025-09-05 15:54:31+00:00
1,1,170,53,88,0.0,3448.49,87.79999999999995,2.948,0.5,170,543736713,222178961,2025-09-05 15:54:34+00:00
1,1,171,53,89,0.0,3457.38,87.79999999999995,2.948,0.5,171,543737042,222177568,2025-09-05 15:54:37+00:00
1,1,171,53,88,0.0,3466.14,88.20000000000005,2.958,0.5,171,543737134,222176281,2025-09-05 15:54:40+00:00
1,1,170,53,89,0.0,3478.17,88.39999999999998,2.958,0.5,170,543737485,222174498,2025-09-05 15:54:44+00:00
1,1,171,53,89,0.0,3492.8,89.0,2.958,0.5,171,543737863,222172346,2025-09-05 15:54:49+00:00
1,1,170,53,88,0.0,3510.46,89.0,2.948,0.5,170,543738321,222169708,2025-09-05 15:54:55+00:00
1,1,169,53,89,0.0,3521.99,89.39999999999998,2.939,0.5,169,543738653,222168056,2025-09-05 15:54:59+00:00
1,1,169,53,88,0.0,3531.1,90.0,2.948,0.5,169,543739046,222166732,2025-09-05 15:55:02+00:00
1,1,170,53,90,0.0,3539.44,90.20000000000005,2.939,0.5,170,543739205,222165585,2025-09-05 15:55:05+00:00
1,1,171,53,88,0.0,3548.49,90.39999999999998,2.93,0.5,171,543739580,222164223,2025-09-05 15:55:08+00:00
1,1,171,53,87,0.0,3559.55,90.20000000000005,2.921,0.5,171,543739784,222162545,2025-09-05 15:55:12+00:00
1,1,171,53,89,0.0,3571.02,89.39999999999998,2.911,0.5,171,543740021,222160831,2025-09-05 15:55:16+00:00
1,3,171,53,87,0.0,3585.54,89.20000000000005,2.902,0.5,171,543740410,222158670,2025-09-05 15:55:21+00:00
1,3,171,53,89,0.0,3594.82,89.0,2.902,0.0,171,543740680,222157361,2025-09-05 15:55:24+00:00
1,3,172,53,89,0.0,3604.23,88.39999999999998,2.921,0.0,172,543740942,222155978,2025-09-05 15:55:27+00:00
1,1,171,53,86,0.0,3612.86,88.0,2.93,0.0,171,543741104,222154737,2025-09-05 15:55:30+00:00
1,1,172,53,86,0.0,3621.34,87.79999999999995,2.93,0.0,172,543741368,222153430,2025-09-05 15:55:33+00:00
1,1,171,53,89,0.0,3629.68,87.60000000000002,2.893,0.5,171,543741547,222152290,2025-09-05 15:55:36+00:00
1,1,172,53,89,0.0,3638.66,87.79999999999995,2.911,0.0,172,543741728,222150892,2025-09-05 15:55:39+00:00
1,1,172,53,88,0.0,3656.21,89.20000000000005,2.93,0.5,172,543742137,222148303,2025-09-05 15:55:45+00:00
1,3,171,53,87,0.0,3667.39,89.60000000000002,2.893,0.5,171,543742503,222146633,2025-09-05 15:55:49+00:00
1,1,172,53,89,0.0,3676.86,89.79999999999995,2.911,0.5,172,543742864,222145245,2025-09-05 15:55:52+00:00
1,1,172,53,88,0.0,3685.72,90.20000000000005,2.911,0.5,172,543743000,222143988,2025-09-05 15:55:55+00:00
1,1,172,53,89,0.0,3694.78,90.39999999999998,2.93,0.5,172,543743241,222142591,2025-09-05 15:55:58+00:00
1,1,172,52,90,0.0,3702.85,90.0,2.911,0.0,172,543743370,222141451,2025-09-05 15:56:01+00:00
1,1,172,52,89,0.0,3711.81,89.60000000000002,2.911,0.5,172,543743682,222140153,2025-09-05 15:56:04+00:00
1,1,172,52,90,0.0,3723.3,89.20000000000005,2.921,0.0,172,543744006,222138429,2025-09-05 15:56:08+00:00
1,1,171,52,88,0.0,3735.66,89.39999999999998,2.921,0.5,171,543744204,222136572,2025-09-05 15:56:12+00:00
1,1,171,52,88,0.0,3750.63,89.39999999999998,2.93,0.5,171,543744694,222134379,2025-09-05 15:56:17+00:00
1,1,171,52,89,0.0,3762.61,89.79999999999995,2.948,0.5,171,543745073,222132621,2025-09-05 15:56:21+00:00
1,1,172,52,89,0.0,3775.08,89.79999999999995,2.958,0.5,172,543745487,222130848,2025-09-05 15:56:25+00:00
1,1,171,52,90,0.0,3784.14,89.79999999999995,2.967,0.5,171,543745658,222129547,2025-09-05 15:56:28+00:00
1,1,172,52,88,0.0,3793.21,89.20000000000005,2.967,0.5,172,543745919,222128152,2025-09-05 15:56:31+00:00
1,1,172,52,89,0.0,3801.25,88.60000000000002,2.967,0.0,172,543746047,222126935,2025-09-05 15:56:34+00:00
1,1,171,52,90,0.0,3813.34,89.0,2.967,0.5,171,543745995,222125197,2025-09-05 15:56:38+00:00
1,1,172,52,91,0.0,3822.56,89.0,2.967,0.0,172,543745916,222123682,2025-09-05 15:56:41+00:00
1,1,172,52,88,0.0,3831.87,89.79999999999995,2.976,0.5,172,543745738,222122346,2025-09-05 15:56:44+00:00
1,1,173,52,88,0.0,3850.08,90.39999999999998,2.976,0.5,173,543745399,222119585,2025-09-05 15:56:50+00:00
1,1,172,52,89,0.0,3861.2,91.20000000000005,2.976,0.5,172,543745077,222117916,2025-09-05 15:56:54+00:00
1,1,171,52,88,0.0,3873.22,91.0,2.958,0.5,171,543744509,222116270,2025-09-05 15:56:58+00:00
1,1,170,52,88,0.0,3880.91,91.0,2.958,0.5,170,543744054,222115308,2025-09-05 15:57:01+00:00
1,1,170,52,88,0.0,3890.86,90.60000000000002,2.939,0.5,170,543743496,222113983,2025-09-05 15:57:04+00:00
1,1,171,52,88,0.0,3893.47,90.39999999999998,2.948,0.5,171,543743259,222113803,2025-09-05 15:57:05+00:00
1,1,171,52,88,0.0,3899.11,90.39999999999998,2.958,0.5,171,543742907,222113087,2025-09-05 15:57:07+00:00
1,1,170,52,87,0.0,3910.59,89.79999999999995,2.939,0.5,170,543742180,222111644,2025-09-05 15:57:11+00:00
1,1,171,52,89,0.0,3924.71,90.20000000000005,2.921,0.0,171,543741334,222109900,2025-09-05 15:57:16+00:00
1,2,170,52,88,0.0,3936.3,90.60000000000002,2.911,0.5,170,543740666,222108419,2025-09-05 15:57:20+00:00
1,2,171,52,89,0.0,3945.44,90.60000000000002,2.911,0.0,171,543740262,222107099,2025-09-05 15:57:23+00:00
1,2,170,52,88,0.0,3954.64,91.60000000000002,2.921,0.5,170,543739710,222106022,2025-09-05 15:57:26+00:00
1,2,170,52,89,0.0,3964.24,92.39999999999998,2.939,0.5,170,543739238,222104640,2025-09-05 15:57:29+00:00
1,2,170,52,88,0.0,3972.61,92.39999999999998,2.948,0.0,170,543738672,222103735,2025-09-05 15:57:32+00:00
1,1,170,52,89,0.0,3981.31,92.20000000000005,2.948,0.5,170,543738123,222102680,2025-09-05 15:57:35+00:00
1,2,171,52,88,0.0,3998.35,91.79999999999995,2.93,0.5,171,543737103,222100491,2025-09-05 15:57:41+00:00
1,2,171,52,89,0.0,4004.49,91.39999999999998,2.93,0.5,171,543736679,222099755,2025-09-05 15:57:43+00:00
1,2,171,52,89,0.0,4013.37,91.0,2.93,0.0,171,543736194,222098580,2025-09-05 15:57:46+00:00
1,1,171,52,88,0.0,4024.25,91.20000000000005,2.93,0.5,171,543735554,222097176,2025-09-05 15:57:50+00:00
1,1,171,52,89,0.0,4033.35,91.0,2.911,0.0,171,543735081,222096016,2025-09-05 15:57:53+00:00
1,1,170,52,88,0.0,4042.7,90.39999999999998,2.921,0.5,170,543734522,222094791,2025-09-05 15:57:56+00:00
1,1,171,52,89,0.0,4051.17,91.20000000000005,2.93,0.0,171,543733911,222093881,2025-09-05 15:57:59+00:00
1,1,170,52,89,0.0,4060.42,91.0,2.93,0.5,170,543733225,222092825,2025-09-05 15:58:02+00:00
1,1,170,52,90,0.0,4069.24,91.0,2.939,0.0,170,543732604,222091859,2025-09-05 15:58:05+00:00
1,1,171,52,88,0.0,4077.88,90.39999999999998,2.93,0.5,171,543732010,222090755,2025-09-05 15:58:08+00:00
1,2,171,52,89,0.0,4089.19,90.39999999999998,2.93,0.5,171,543731230,222089490,2025-09-05 15:58:12+00:00
1,2,171,52,88,0.0,4106.62,90.79999999999995,2.911,0.5,171,543730037,222087437,2025-09-05 15:58:18+00:00
1,2,171,52,90,0.0,4124.51,90.79999999999995,2.921,0.5,171,543728791,222085341,2025-09-05 15:58:24+00:00
1,2,171,52,89,0.0,4136.63,91.39999999999998,2.93,0.0,171,543727901,222084035,2025-09-05 15:58:28+00:00
1,1,170,52,89,0.0,4145.78,91.39999999999998,2.939,0.5,170,543727275,222082889,2025-09-05 15:58:31+00:00
1,1,171,52,90,0.0,4154.14,90.79999999999995,2.948,0.0,171,543726590,222082137,2025-09-05 15:58:34+00:00
1,1,172,52,88,0.0,4163.33,90.20000000000005,2.948,0.5,172,543725828,222081162,2025-09-05 15:58:37+00:00
1,1,171,52,89,0.0,4172.01,89.39999999999998,2.948,0.5,171,543725000,222080712,2025-09-05 15:58:40+00:00
1,1,172,52,89,0.0,4180.78,88.79999999999995,2.948,0.0,172,543724066,222080285,2025-09-05 15:58:43+00:00
1,1,172,52,89,0.0,4195.15,88.60000000000002,2.939,0.0,172,543722579,222079770,2025-09-05 15:58:48+00:00
1,2,172,52,88,0.0,4211.7,88.79999999999995,2.911,0.5,172,543720806,222079207,2025-09-05 15:58:54+00:00
1,2,172,52,88,0.0,4224.22,88.79999999999995,2.921,0.5,172,543719502,222078736,2025-09-05 15:58:58+00:00
1,2,172,52,90,0.0,4235.36,88.60000000000002,2.921,0.5,172,543718313,222078528,2025-09-05 15:59:02+00:00
1,2,173,52,87,0.0,4247.9,88.39999999999998,2.93,0.5,173,543716992,222078339,2025-09-05 15:59:06+00:00
1,2,172,52,89,0.0,4260.03,88.39999999999998,2.976,0.0,172,543715725,222078209,2025-09-05 15:59:10+00:00
1,2,172,52,89,0.0,4274.44,88.79999999999995,2.948,0.0,172,543714151,222077913,2025-09-05 15:59:15+00:00
1,1,171,52,88,0.0,4286.83,88.79999999999995,2.948,0.0,171,543712852,222077483,2025-09-05 15:59:19+00:00
1,2,172,52,89,0.0,4299.52,88.39999999999998,2.976,0.5,172,543711485,222077040,2025-09-05 15:59:23+00:00
1,1,171,52,89,0.0,4307.22,88.39999999999998,2.995,0.5,171,543710717,222077349,2025-09-05 15:59:26+00:00
1,1,171,52,87,0.0,4307.22,88.39999999999998,2.995,0.0,171,543710832,222077370,2025-09-05 15:59:27+00:00
1,1,171,52,86,0.0,4309.39,88.20000000000005,2.995,0.0,171,543711113,222077292,2025-09-05 15:59:28+00:00
1,1,171,52,83,0.0,4314.92,88.0,2.93,0.5,171,543711706,222077290,2025-09-05 15:59:30+00:00
1,1,171,52,87,0.0,4332.14,88.79999999999995,2.874,0.5,171,543713516,222077395,2025-09-05 15:59:36+00:00
1,1,170,52,88,0.0,4343.95,88.79999999999995,2.921,0.0,170,543714765,222077623,2025-09-05 15:59:40+00:00
1,1,171,52,89,0.0,4357.04,89.39999999999998,2.995,0.5,171,543716137,222077890,2025-09-05 15:59:44+00:00
1,1,171,52,89,0.0,4368.99,89.20000000000005,3.051,0.0,171,543717383,222078345,2025-09-05 15:59:48+00:00
1,1,171,52,86,0.0,4383.28,90.20000000000005,2.874,0.0,171,543718921,222078580,2025-09-05 15:59:53+00:00
1,1,170,52,89,0.0,4397.1,90.79999999999995,2.921,0.5,170,543720397,222078917,2025-09-05 15:59:58+00:00
1,3,171,52,89,0.0,4409.19,91.79999999999995,2.874,0.0,171,543721678,222079199,2025-09-05 16:00:02+00:00
1,3,171,52,88,0.0,4423.33,91.79999999999995,2.902,0.0,171,543723131,222079684,2025-09-05 16:00:07+00:00
1,2,172,52,88,0.0,4438.28,92.0,2.921,0.5,172,543724717,222080181,2025-09-05 16:00:12+00:00
1,2,172,52,88,0.0,4450.27,92.0,2.93,0.0,172,543725835,222080989,2025-09-05 16:00:16+00:00
1,2,172,52,88,0.0,4463.54,92.0,2.939,0.5,172,543726992,222082202,2025-09-05 16:00:20+00:00
1,2,171,52,89,0.0,4473.82,92.39999999999998,2.995,0.5,171,543727746,222083344,2025-09-05 16:00:23+00:00
1,2,171,52,89,0.0,4488.02,93.39999999999998,3.051,0.5,171,543728814,222084749,2025-09-05 16:00:27+00:00
1,2,170,52,89,0.0,4499.92,93.20000000000005,3.163,0.0,170,543729706,222086029,2025-09-05 16:00:31+00:00
1,2,172,52,88,0.0,4513.4,92.0,2.995,0.0,172,543730575,222087707,2025-09-05 16:00:36+00:00
1,2,172,52,88,0.0,4523.91,91.0,2.865,0.5,172,543731229,222089059,2025-09-05 16:00:40+00:00
1,2,171,52,88,0.0,4533.25,91.20000000000005,2.883,0.5,171,543731927,222090045,2025-09-05 16:00:43+00:00
1,1,172,52,89,0.0,4543.62,90.79999999999995,3.144,0.0,172,543732631,222091243,2025-09-05 16:00:46+00:00
1,1,172,52,87,0.0,4551.86,90.20000000000005,3.116,0.5,172,543733191,222092222,2025-09-05 16:00:49+00:00
1,2,172,52,87,0.0,4566.11,89.0,2.967,0.5,172,543734142,222093922,2025-09-05 16:00:54+00:00
1,2,172,52,89,0.0,4580.6,88.79999999999995,2.939,0.5,172,543735020,222095893,2025-09-05 16:00:59+00:00
1,2,172,52,89,0.0,4590.1,89.0,2.967,0.5,172,543735659,222096897,2025-09-05 16:01:02+00:00
1,2,172,52,88,0.0,4599.27,89.39999999999998,2.976,0.5,172,543736240,222098053,2025-09-05 16:01:05+00:00
1,1,172,52,88,0.0,4608.71,89.60000000000002,2.995,0.5,172,543736875,222099109,2025-09-05 16:01:08+00:00
1,1,172,52,87,0.0,4622.59,89.39999999999998,2.995,0.5,172,543737699,222100880,2025-09-05 16:01:13+00:00
1,1,172,52,89,0.0,4634.48,89.79999999999995,2.986,0.0,172,543738325,222102441,2025-09-05 16:01:17+00:00
1,1,172,52,88,0.0,4644.48,90.0,2.995,0.5,172,543738947,222103738,2025-09-05 16:01:20+00:00
1,2,171,52,89,0.0,4656.25,90.39999999999998,3.014,0.0,171,543739630,222105224,2025-09-05 16:01:24+00:00
1,1,172,52,88,0.0,4667.56,90.20000000000005,3.004,0.5,172,543740329,222106669,2025-09-05 16:01:28+00:00
1,2,172,52,87,0.0,4688.54,90.0,2.995,0.5,172,543741519,222109429,2025-09-05 16:01:35+00:00
1,2,171,52,89,0.0,4701.19,90.0,3.014,0.5,171,543742347,222110972,2025-09-05 16:01:39+00:00
1,3,171,52,89,0.0,4710.37,90.39999999999998,3.014,0.5,171,543742849,222112011,2025-09-05 16:01:42+00:00
1,3,171,52,89,0.0,4719.86,90.20000000000005,3.023,0.5,171,543743338,222113304,2025-09-05 16:01:45+00:00
1,3,171,52,88,0.0,4727.9,89.60000000000002,3.023,0.5,171,543743802,222114326,2025-09-05 16:01:48+00:00
1,3,172,52,89,0.0,4739.61,88.60000000000002,3.004,0.0,172,543744380,222115945,2025-09-05 16:01:52+00:00
1,3,171,52,87,0.0,4750.87,88.60000000000002,2.995,0.5,171,543744967,222117501,2025-09-05 16:01:56+00:00
1,2,171,51,89,0.0,4765.76,89.60000000000002,2.986,0.0,171,543745643,222119556,2025-09-05 16:02:01+00:00
1,1,172,51,88,0.0,4775.6,89.60000000000002,2.995,0.5,172,543745944,222120998,2025-09-05 16:02:04+00:00
1,1,172,51,89,0.0,4787.85,89.79999999999995,3.004,0.0,172,543746200,222122850,2025-09-05 16:02:08+00:00
1,2,172,51,88,0.0,4800.16,89.39999999999998,3.014,0.5,172,543746353,222124695,2025-09-05 16:02:12+00:00
1,3,172,51,88,0.0,4814.37,89.79999999999995,3.004,0.0,172,543746293,222126843,2025-09-05 16:02:17+00:00
1,3,172,51,89,0.0,4824.47,89.60000000000002,2.948,0.0,172,543746193,222128405,2025-09-05 16:02:21+00:00
1,2,172,51,87,0.0,4836.32,89.79999999999995,2.893,0.5,172,543745836,222130163,2025-09-05 16:02:25+00:00
1,2,171,51,87,0.0,4848.83,89.60000000000002,2.939,0.5,171,543745387,222131889,2025-09-05 16:02:29+00:00
1,3,172,51,87,0.0,4863.0,90.39999999999998,2.939,0.5,172,543744901,222133997,2025-09-05 16:02:34+00:00
1,2,171,51,88,0.0,4877.95,90.39999999999998,2.958,0.5,171,543744603,222136171,2025-09-05 16:02:39+00:00
1,2,172,51,87,0.0,4886.83,90.60000000000002,2.948,0.0,172,543744336,222137520,2025-09-05 16:02:42+00:00
1,2,171,51,89,0.0,4894.94,90.60000000000002,2.948,0.0,171,543744208,222138693,2025-09-05 16:02:45+00:00
1,1,170,51,88,0.0,4906.91,89.0,2.93,0.5,170,543743872,222140513,2025-09-05 16:02:49+00:00
1,2,170,51,88,0.0,4924.9,89.20000000000005,2.948,0.5,170,543743314,222143138,2025-09-05 16:02:55+00:00
1,2,171,51,88,0.0,4936.37,90.0,2.939,0.0,171,543743022,222144876,2025-09-05 16:02:59+00:00
1,2,171,51,88,0.0,4945.25,90.39999999999998,2.939,0.0,171,543742922,222146154,2025-09-05 16:03:02+00:00
1,2,171,51,88,0.0,4957.29,90.60000000000002,2.939,0.5,171,543742699,222148019,2025-09-05 16:03:06+00:00
1,2,171,51,87,0.0,4973.03,91.20000000000005,2.958,0.5,171,543742263,222150287,2025-09-05 16:03:11+00:00
1,2,171,51,90,0.0,4988.07,91.79999999999995,2.967,0.0,171,543741790,222152498,2025-09-05 16:03:16+00:00
1,2,172,51,88,0.0,4999.32,91.60000000000002,2.958,0.5,172,543741510,222154191,2025-09-05 16:03:20+00:00
1,2,171,51,88,26.7,5005.11,91.20000000000005,2.948,0.0,171,543741368,222155091,2025-09-05 16:03:22+00:00
1,2,172,51,88,26.04,5010.53,91.20000000000005,2.948,0.0,172,543741233,222155917,2025-09-05 16:03:24+00:00
1,2,171,51,0,0.0,5014.42,90.79999999999995,2.893,0.0,171,543741148,222156437,2025-09-05 16:03:28+00:00
1,3,172,51,56,0.0,5020.59,90.60000000000002,1.941,0.5,172,543740969,222157328,2025-09-05 16:03:32+00:00
1,3,172,51,50,0.0,5026.0,89.39999999999998,1.026,0.0,172,543740798,222158089,2025-09-05 16:03:37+00:00
1,3,169,51,50,0.0,5034.42,88.20000000000005,1.288,0.0,169,543740534,222159455,2025-09-05 16:03:44+00:00
1,3,169,51,57,0.0,5036.37,88.0,1.362,0.5,169,543740459,222159682,2025-09-05 16:03:45+00:00
1,6,167,51,56,0.0,5045.35,88.39999999999998,1.53,0.5,167,543740094,222160881,2025-09-05 16:03:51+00:00
1,3,163,51,56,0.0,5050.52,88.79999999999995,1.502,0.5,163,543739983,222161624,2025-09-05 16:03:55+00:00
1,2,160,51,56,0.0,5052.7,89.0,1.474,0.5,160,543739966,222161983,2025-09-05 16:03:57+00:00
1,1,157,51,58,0.0,5056.41,88.39999999999998,1.362,0.5,157,543739899,222162600,2025-09-05 16:04:00+00:00
1,1,154,51,60,0.0,5059.01,88.39999999999998,1.381,0.0,154,543739833,222162985,2025-09-05 16:04:02+00:00
1,1,152,51,57,0.0,5066.11,88.60000000000002,1.409,0.5,152,543739759,222164054,2025-09-05 16:04:07+00:00
1,2,151,51,0,0.0,5076.88,88.20000000000005,1.456,0.0,151,543739385,222165551,2025-09-05 16:04:14+00:00
1,2,149,51,0,0.0,5086.01,87.39999999999998,1.437,0.0,149,543739100,222166951,2025-09-05 16:04:21+00:00
1,2,148,51,117,0.0,5095.94,86.79999999999995,1.428,0.5,148,543738746,222168326,2025-09-05 16:04:26+00:00
1,1,145,51,83,0.0,5110.93,87.20000000000005,2.678,0.5,145,543738333,222170539,2025-09-05 16:04:31+00:00
1,1,145,51,87,0.0,5122.16,88.0,2.51,0.0,145,543738076,222172218,2025-09-05 16:04:35+00:00
1,0,146,51,86,0.0,5135.71,89.0,2.575,0.5,146,543737802,222174226,2025-09-05 16:04:40+00:00
1,0,146,51,87,0.0,5145.04,89.39999999999998,2.575,0.0,146,543737565,222175676,2025-09-05 16:04:43+00:00
1,0,149,51,87,0.0,5156.33,89.60000000000002,2.65,0.0,149,543737325,222177305,2025-09-05 16:04:47+00:00
1,0,152,51,88,0.0,5164.44,90.60000000000002,2.631,0.0,152,543737117,222178563,2025-09-05 16:04:50+00:00
1,0,153,51,87,0.0,5170.08,91.20000000000005,2.641,0.0,153,543737050,222179428,2025-09-05 16:04:52+00:00
1,0,153,51,86,0.0,5180.94,90.79999999999995,2.687,0.0,153,543736873,222181039,2025-09-05 16:04:56+00:00
1,1,155,51,88,0.0,5195.68,91.39999999999998,2.715,0.0,155,543736509,222183248,2025-09-05 16:05:01+00:00
1,1,157,51,87,0.0,5206.94,91.20000000000005,2.743,0.0,157,543736207,222184899,2025-09-05 16:05:05+00:00
1,1,160,51,87,0.0,5218.23,90.79999999999995,2.762,0.0,160,543735988,222186571,2025-09-05 16:05:09+00:00
1,1,161,51,87,0.0,5223.79,90.79999999999995,2.771,0.5,161,543735868,222187386,2025-09-05 16:05:11+00:00
1,1,162,51,88,0.0,5234.63,90.39999999999998,2.781,0.0,162,543735489,222188987,2025-09-05 16:05:15+00:00
1,2,163,51,89,0.0,5248.88,90.20000000000005,2.771,0.0,163,543735166,222191117,2025-09-05 16:05:20+00:00
1,2,166,51,87,0.0,5263.28,89.79999999999995,2.818,0.5,166,543734703,222193240,2025-09-05 16:05:25+00:00
1,2,166,51,87,0.0,5277.69,88.60000000000002,2.837,0.0,166,543734123,222195282,2025-09-05 16:05:30+00:00
1,2,167,51,87,0.0,5290.43,88.20000000000005,2.837,0.0,167,543733882,222197149,2025-09-05 16:05:35+00:00
1,2,168,51,86,0.0,5301.16,89.0,2.809,0.0,168,543733575,222198745,2025-09-05 16:05:39+00:00
1,1,169,51,88,0.0,5312.63,89.39999999999998,2.809,0.0,169,543733227,222200474,2025-09-05 16:05:43+00:00
1,1,169,51,87,0.0,5326.82,90.60000000000002,2.855,0.0,169,543732926,222202565,2025-09-05 16:05:48+00:00
1,2,170,51,88,0.0,5338.0,91.20000000000005,2.846,0.0,170,543732659,222204207,2025-09-05 16:05:52+00:00
1,2,170,51,88,0.0,5351.54,92.20000000000005,2.837,0.5,170,543732257,222206206,2025-09-05 16:05:57+00:00
1,2,169,50,87,0.0,5363.37,92.39999999999998,2.837,0.0,169,543731944,222207939,2025-09-05 16:06:01+00:00
1,3,169,50,88,0.0,5374.49,91.79999999999995,2.855,0.5,169,543731644,222209609,2025-09-05 16:06:05+00:00
1,2,170,50,87,0.0,5389.04,91.79999999999995,2.855,0.5,170,543731320,222211737,2025-09-05 16:06:10+00:00
1,3,169,50,87,0.0,5399.48,91.39999999999998,2.855,0.0,169,543731079,222213304,2025-09-05 16:06:14+00:00
1,2,168,50,87,0.0,5412.41,91.60000000000002,2.827,0.0,168,543730753,222215261,2025-09-05 16:06:19+00:00
1,2,169,50,86,0.0,5426.68,91.79999999999995,2.818,0.5,169,543730479,222217385,2025-09-05 16:06:24+00:00
1,2,169,50,87,0.0,5440.3,92.0,2.818,0.0,169,543730011,222219359,2025-09-05 16:06:29+00:00
1,2,169,50,88,0.0,5451.31,91.79999999999995,2.809,0.0,169,543729683,222220946,2025-09-05 16:06:33+00:00
1,1,170,50,87,0.0,5464.71,92.20000000000005,2.799,0.0,170,543729392,222222943,2025-09-05 16:06:38+00:00
1,1,169,50,88,0.0,5478.09,92.79999999999995,2.79,0.0,169,543729089,222224909,2025-09-05 16:06:43+00:00
1,2,170,50,87,0.0,5489.11,92.20000000000005,2.79,0.5,170,543728814,222226555,2025-09-05 16:06:47+00:00
1,2,169,50,86,0.0,5503.1,91.0,2.781,0.5,169,543728491,222228680,2025-09-05 16:06:52+00:00
1,1,170,50,88,0.0,5517.13,90.60000000000002,2.79,0.0,170,543728082,222230760,2025-09-05 16:06:57+00:00
1,1,170,50,87,0.0,5528.39,91.0,2.79,0.5,170,543727859,222232429,2025-09-05 16:07:01+00:00
1,1,170,50,88,0.0,5539.12,91.39999999999998,2.79,0.0,170,543727637,222233992,2025-09-05 16:07:05+00:00
1,1,170,50,89,0.0,5552.67,92.0,2.781,0.5,170,543727310,222236064,2025-09-05 16:07:10+00:00
1,1,169,50,86,0.0,5565.16,92.0,2.818,0.5,169,543726923,222237874,2025-09-05 16:07:14+00:00
1,1,169,50,87,0.0,5575.53,91.0,2.827,0.0,169,543726705,222239430,2025-09-05 16:07:18+00:00
1,1,169,50,88,0.0,5592.39,91.60000000000002,2.818,0.0,169,543726235,222241835,2025-09-05 16:07:24+00:00
1,1,169,50,89,0.0,5603.02,92.39999999999998,2.79,0.0,169,543725941,222243469,2025-09-05 16:07:28+00:00
1,2,170,50,88,0.0,5620.64,92.39999999999998,2.809,0.0,170,543725415,222246031,2025-09-05 16:07:34+00:00
1,2,170,50,87,0.0,5631.59,93.0,2.799,0.5,170,543725326,222247764,2025-09-05 16:07:38+00:00
1,2,170,50,88,0.0,5643.09,92.39999999999998,2.818,0.0,170,543725119,222249397,2025-09-05 16:07:42+00:00
1,2,170,50,88,0.0,5656.48,92.39999999999998,2.799,0.0,170,543724680,222251367,2025-09-05 16:07:47+00:00
1,2,170,50,87,0.0,5668.71,92.0,2.771,0.5,170,543724350,222253167,2025-09-05 16:07:52+00:00
1,2,170,50,89,0.0,5680.52,91.79999999999995,2.771,0.5,170,543724139,222254945,2025-09-05 16:07:56+00:00
1,2,170,50,88,0.0,5694.3,91.60000000000002,2.771,0.5,170,543723967,222257034,2025-09-05 16:08:01+00:00
1,2,171,50,87,0.0,5706.05,91.20000000000005,2.799,0.0,171,543723641,222258740,2025-09-05 16:08:05+00:00
1,1,170,50,86,0.0,5716.81,91.20000000000005,2.781,0.0,170,543723307,222260373,2025-09-05 16:08:09+00:00
1,1,171,50,88,0.0,5731.76,91.39999999999998,2.781,0.5,171,543723137,222262597,2025-09-05 16:08:14+00:00
1,2,171,50,88,0.0,5742.5,91.0,2.818,0.5,171,543723118,222264202,2025-09-05 16:08:18+00:00
1,1,170,50,87,0.0,5750.48,90.20000000000005,2.799,0.0,170,543723029,222265475,2025-09-05 16:08:21+00:00
1,2,170,50,89,0.0,5762.73,89.60000000000002,2.762,0.0,170,543722881,222267334,2025-09-05 16:08:26+00:00
1,2,170,50,87,0.0,5776.84,89.79999999999995,2.743,0.5,170,543722810,222269469,2025-09-05 16:08:31+00:00
1,2,171,50,86,0.0,5788.45,89.79999999999995,2.762,0.5,171,543722717,222271277,2025-09-05 16:08:35+00:00
1,2,170,50,88,0.0,5805.59,90.20000000000005,2.781,0.0,170,543722538,222273837,2025-09-05 16:08:41+00:00
1,2,170,50,88,0.0,5816.44,90.39999999999998,2.762,0.0,170,543722609,222275529,2025-09-05 16:08:45+00:00
1,2,170,50,87,0.0,5830.99,91.20000000000005,2.771,0.0,170,543722513,222277743,2025-09-05 16:08:50+00:00
1,1,170,50,88,0.0,5843.66,91.39999999999998,2.79,0.0,170,543722425,222279639,2025-09-05 16:08:54+00:00
1,1,171,50,86,0.0,5854.06,91.39999999999998,2.799,0.5,171,543722429,222281279,2025-09-05 16:08:58+00:00
1,2,170,49,88,0.0,5868.68,91.39999999999998,2.809,0.0,170,543722230,222283468,2025-09-05 16:09:03+00:00
1,1,171,49,87,0.0,5879.88,91.39999999999998,2.827,0.0,171,543722164,222285124,2025-09-05 16:09:07+00:00
1,2,170,49,87,0.0,5895.77,91.0,2.799,0.5,170,543722122,222287621,2025-09-05 16:09:13+00:00
1,1,170,49,88,0.0,5910.12,91.20000000000005,2.799,0.0,170,543722065,222289771,2025-09-05 16:09:18+00:00
1,2,170,49,87,0.0,5917.51,91.60000000000002,2.799,0.0,170,543722107,222290836,2025-09-05 16:09:21+00:00
1,2,170,49,86,0.0,5933.28,91.39999999999998,2.762,0.5,170,543721937,222293317,2025-09-05 16:09:27+00:00
1,1,171,49,87,0.0,5944.08,91.60000000000002,2.762,0.5,171,543721862,222294936,2025-09-05 16:09:31+00:00
1,2,170,49,88,0.0,5957.71,91.39999999999998,2.753,0.0,170,543721690,222296982,2025-09-05 16:09:36+00:00
1,4,170,49,87,0.0,5972.53,91.0,2.753,0.5,170,543721691,222299177,2025-09-05 16:09:41+00:00
1,5,169,49,87,0.0,5982.32,90.79999999999995,2.762,0.0,169,543721786,222300709,2025-09-05 16:09:45+00:00
1,6,169,49,87,0.0,5996.63,91.39999999999998,2.743,0.5,169,543721828,222302842,2025-09-05 16:09:50+00:00
1,2,169,49,89,0.0,6005.24,91.20000000000005,2.753,0.0,169,543721745,222304234,2025-09-05 16:09:53+00:00
1,2,169,49,86,0.0,6013.47,91.20000000000005,2.753,0.5,169,543721781,222305432,2025-09-05 16:09:56+00:00
1,2,169,49,86,1.99,6027.23,91.20000000000005,2.771,0.5,169,543721831,222307494,2025-09-05 16:10:01+00:00
1,2,169,49,87,1.99,6035.49,91.60000000000002,2.753,0.0,169,543721621,222308786,2025-09-05 16:10:04+00:00
1,1,169,49,89,1.99,6042.92,91.60000000000002,2.743,0.0,169,543721646,222309909,2025-09-05 16:10:07+00:00
1,1,169,49,86,1.99,6057.23,91.60000000000002,2.753,0.5,169,543721589,222312084,2025-09-05 16:10:12+00:00
1,1,169,49,86,1.99,6068.43,91.39999999999998,2.734,0.0,169,543721431,222313782,2025-09-05 16:10:16+00:00
1,2,170,49,88,1.99,6080.07,91.20000000000005,2.762,0.0,170,543721462,222315564,2025-09-05 16:10:20+00:00
1,2,170,49,86,1.99,6094.2,91.79999999999995,2.771,0.5,170,543721355,222317670,2025-09-05 16:10:25+00:00
1,2,170,49,87,1.99,6105.28,92.20000000000005,2.771,0.0,170,543721293,222319389,2025-09-05 16:10:29+00:00
1,3,170,49,86,1.99,6116.83,91.60000000000002,2.781,0.5,170,543721089,222321172,2025-09-05 16:10:33+00:00
1,3,171,49,87,1.99,6131.52,91.60000000000002,2.799,0.0,171,543721101,222323344,2025-09-05 16:10:38+00:00
1,2,172,49,87,1.99,6142.42,92.60000000000002,2.799,0.0,172,543720992,222325004,2025-09-05 16:10:42+00:00
1,2,171,49,87,1.99,6153.49,92.0,2.799,0.5,171,543721006,222326712,2025-09-05 16:10:46+00:00
1,2,170,49,87,1.99,6166.64,91.79999999999995,2.79,0.0,170,543720924,222328651,2025-09-05 16:10:51+00:00
1,2,170,49,87,1.99,6176.91,91.60000000000002,2.771,0.0,170,543720839,222330248,2025-09-05 16:10:55+00:00
1,2,169,49,88,1.99,6188.43,90.79999999999995,2.762,0.0,169,543720753,222332015,2025-09-05 16:10:59+00:00
1,2,169,49,87,1.99,6199.05,90.0,2.753,0.0,169,543720693,222333676,2025-09-05 16:11:03+00:00
1,1,168,49,87,1.99,6207.27,90.0,2.743,0.0,168,543720817,222334891,2025-09-05 16:11:06+00:00
1,1,169,49,87,1.99,6220.34,90.79999999999995,2.743,0.5,169,543720763,222336849,2025-09-05 16:11:11+00:00
1,1,168,49,88,1.99,6232.13,90.79999999999995,2.743,0.0,168,543720529,222338576,2025-09-05 16:11:15+00:00
1,1,169,49,88,1.99,6240.01,90.60000000000002,2.743,0.5,169,543720503,222339858,2025-09-05 16:11:18+00:00
1,1,169,49,88,1.99,6251.64,90.0,2.734,0.0,169,543720431,222341559,2025-09-05 16:11:22+00:00
1,1,169,49,88,1.99,6262.79,89.39999999999998,2.753,0.5,169,543720120,222343185,2025-09-05 16:11:26+00:00
1,1,169,49,88,1.99,6271.86,88.60000000000002,2.762,0.0,169,543719962,222344603,2025-09-05 16:11:29+00:00
1,1,169,49,87,1.99,6286.02,88.0,2.781,0.0,169,543719732,222346728,2025-09-05 16:11:34+00:00
1,2,169,49,87,1.99,6293.55,88.0,2.771,0.0,169,543719659,222347825,2025-09-05 16:11:37+00:00
1,2,169,49,87,1.99,6302.11,87.79999999999995,2.762,0.5,169,543719477,222349158,2025-09-05 16:11:40+00:00
1,2,169,49,86,1.99,6316.09,87.39999999999998,2.771,0.0,169,543719158,222351231,2025-09-05 16:11:45+00:00
1,2,169,49,88,1.99,6323.63,87.79999999999995,2.762,0.0,169,543718965,222352312,2025-09-05 16:11:48+00:00
1,2,169,49,87,1.99,6335.76,88.0,2.762,0.0,169,543718593,222354178,2025-09-05 16:11:52+00:00
1,1,169,49,87,1.99,6348.89,87.79999999999995,2.762,0.0,169,543718230,222355997,2025-09-05 16:11:57+00:00
1,3,168,49,87,1.99,6359.8,88.20000000000005,2.762,0.5,168,543717895,222357623,2025-09-05 16:12:01+00:00
1,4,171,49,89,1.99,6377.09,88.0,2.753,0.0,171,543717431,222360217,2025-09-05 16:12:07+00:00
1,2,171,49,88,1.99,6388.02,88.20000000000005,2.762,0.5,171,543717119,222361803,2025-09-05 16:12:11+00:00
1,1,170,49,88,1.99,6395.99,88.60000000000002,2.762,0.0,170,543716912,222362922,2025-09-05 16:12:14+00:00
1,1,171,49,87,1.99,6404.61,88.79999999999995,2.753,0.0,171,543716581,222364227,2025-09-05 16:12:17+00:00
1,1,171,49,87,1.99,6416.07,88.20000000000005,2.762,0.0,171,543716241,222365859,2025-09-05 16:12:21+00:00
1,2,170,49,87,1.99,6426.72,88.79999999999995,2.771,0.5,170,543716088,222367461,2025-09-05 16:12:25+00:00
1,2,170,49,89,1.99,6435.8,88.60000000000002,2.771,0.0,170,543715920,222368888,2025-09-05 16:12:28+00:00
1,2,170,49,87,1.99,6448.07,88.39999999999998,2.79,0.5,170,543715767,222370681,2025-09-05 16:12:32+00:00
1,2,170,49,86,1.99,6464.45,89.0,2.79,0.5,170,543715617,222373145,2025-09-05 16:12:38+00:00
1,2,169,49,89,1.99,6475.27,89.39999999999998,2.79,0.0,169,543715620,222374826,2025-09-05 16:12:42+00:00
1,2,170,49,87,1.99,6490.25,89.60000000000002,2.771,0.0,170,543715514,222377145,2025-09-05 16:12:48+00:00
1,1,170,49,87,1.99,6500.63,89.79999999999995,2.734,0.0,170,543715435,222378712,2025-09-05 16:12:52+00:00
1,1,170,49,87,1.99,6511.11,89.39999999999998,2.715,0.5,170,543715293,222380253,2025-09-05 16:12:56+00:00
1,1,171,49,86,1.99,6521.08,89.79999999999995,2.697,0.5,171,543715359,222381783,2025-09-05 16:13:00+00:00
1,1,171,49,88,1.99,6529.74,90.0,2.687,0.0,171,543715369,222383146,2025-09-05 16:13:03+00:00
1,2,170,49,86,1.99,6546.07,90.0,2.697,0.0,170,543715406,222385572,2025-09-05 16:13:09+00:00
1,1,171,49,88,1.99,6557.38,89.79999999999995,2.687,0.0,171,543715452,222387297,2025-09-05 16:13:13+00:00
1,2,170,49,87,1.99,6565.45,89.39999999999998,2.697,0.5,170,543715491,222388559,2025-09-05 16:13:16+00:00
1,2,170,49,87,1.99,6576.03,89.0,2.697,0.0,170,543715514,222390147,2025-09-05 16:13:20+00:00
1,2,171,49,88,1.99,6585.85,89.79999999999995,2.678,0.0,171,543715586,222391635,2025-09-05 16:13:24+00:00
1,1,170,49,89,1.99,6593.85,90.39999999999998,2.669,0.0,170,543715560,222392916,2025-09-05 16:13:27+00:00
1,1,170,49,87,1.99,6604.51,90.39999999999998,2.659,0.5,170,543715603,222394492,2025-09-05 16:13:31+00:00
1,1,171,49,88,1.99,6614.87,90.39999999999998,2.65,0.0,171,543715429,222396081,2025-09-05 16:13:35+00:00
1,2,170,49,87,1.99,6625.56,90.0,2.65,0.5,170,543715395,222397710,2025-09-05 16:13:39+00:00
1,1,170,49,88,1.99,6639.1,89.60000000000002,2.641,0.0,170,543715181,222399738,2025-09-05 16:13:44+00:00
1,1,170,49,88,1.99,6650.11,89.79999999999995,2.65,0.0,170,543714825,222401323,2025-09-05 16:13:48+00:00
1,1,170,49,86,1.99,6661.22,89.39999999999998,2.669,0.0,170,543714428,222402943,2025-09-05 16:13:52+00:00
1,1,170,49,88,1.99,6675.22,89.20000000000005,2.678,0.0,170,543713940,222404902,2025-09-05 16:13:57+00:00
1,1,169,49,86,1.99,6683.99,88.79999999999995,2.687,0.5,169,543713528,222406184,2025-09-05 16:14:00+00:00
1,1,169,49,87,1.99,6697.53,88.0,2.697,0.0,169,543712989,222408092,2025-09-05 16:14:05+00:00
1,1,170,49,87,1.99,6705.64,88.39999999999998,2.697,0.5,170,543712733,222409189,2025-09-05 16:14:08+00:00
1,1,169,49,87,1.99,6714.12,88.60000000000002,2.697,0.5,169,543712279,222410370,2025-09-05 16:14:11+00:00
1,3,169,49,88,1.99,6725.25,88.60000000000002,2.706,0.5,169,543711847,222411964,2025-09-05 16:14:15+00:00
1,2,169,49,88,1.99,6739.01,88.39999999999998,2.725,0.5,169,543711293,222413907,2025-09-05 16:14:20+00:00
1,2,169,49,86,1.99,6746.37,88.20000000000005,2.706,0.5,169,543711040,222414924,2025-09-05 16:14:23+00:00
1,2,168,49,87,1.99,6754.56,87.60000000000002,2.706,0.0,168,543710662,222416112,2025-09-05 16:14:26+00:00
1,1,170,49,87,1.99,6770.39,88.20000000000005,2.706,0.0,170,543710105,222418350,2025-09-05 16:14:32+00:00
1,1,169,49,88,1.99,6779.32,88.0,2.697,0.0,169,543709705,222419635,2025-09-05 16:14:35+00:00
1,1,169,49,87,1.99,6792.96,87.60000000000002,2.706,0.0,169,543709222,222421618,2025-09-05 16:14:40+00:00
1,1,169,49,87,1.99,6804.15,87.79999999999995,2.706,0.0,169,543708795,222423198,2025-09-05 16:14:44+00:00
1,1,169,49,88,1.99,6812.08,88.0,2.715,0.0,169,543708611,222424326,2025-09-05 16:14:47+00:00
1,1,169,49,86,1.99,6824.46,89.20000000000005,2.697,0.5,169,543708087,222426071,2025-09-05 16:14:52+00:00
1,1,169,49,88,1.99,6835.39,89.39999999999998,2.687,0.0,169,543707725,222427627,2025-09-05 16:14:56+00:00
1,1,169,49,87,1.99,6844.09,89.20000000000005,2.697,0.5,169,543707371,222428879,2025-09-05 16:14:59+00:00
1,1,169,48,89,1.99,6857.56,89.0,2.697,0.0,169,543706827,222430803,2025-09-05 16:15:04+00:00
1,1,171,48,87,1.99,6868.37,88.79999999999995,2.697,0.0,171,543706299,222432318,2025-09-05 16:15:08+00:00
1,1,172,48,88,0.0,6879.78,89.0,2.715,0.0,172,543705918,222433927,2025-09-05 16:15:12+00:00
1,3,171,48,88,0.0,6893.22,88.60000000000002,2.706,0.5,171,543705337,222435831,2025-09-05 16:15:17+00:00
1,2,170,48,87,0.0,6904.8,88.79999999999995,2.715,0.0,170,543704832,222437400,2025-09-05 16:15:21+00:00
1,2,171,48,88,0.0,6912.49,89.0,2.725,0.0,171,543704583,222438479,2025-09-05 16:15:24+00:00
1,2,171,48,88,0.0,6920.94,88.60000000000002,2.725,0.0,171,543704267,222439694,2025-09-05 16:15:27+00:00
1,2,171,48,88,0.0,6931.33,88.60000000000002,2.715,0.5,171,543703888,222441225,2025-09-05 16:15:31+00:00
1,3,170,48,87,0.0,6945.5,88.79999999999995,2.715,0.5,170,543703228,222443160,2025-09-05 16:15:36+00:00
1,3,170,48,88,0.0,6953.74,89.0,2.725,0.5,170,543702903,222444300,2025-09-05 16:15:39+00:00
1,3,170,48,87,0.0,6965.2,88.79999999999995,2.734,0.0,170,543702481,222445927,2025-09-05 16:15:43+00:00
1,4,170,48,88,0.0,6978.78,88.39999999999998,2.734,0.0,170,543701845,222447801,2025-09-05 16:15:48+00:00
1,3,169,48,87,0.0,6989.93,88.60000000000002,2.734,0.5,169,543701448,222449418,2025-09-05 16:15:52+00:00
1,3,169,48,88,0.0,7001.63,88.39999999999998,2.753,0.0,169,543701062,222451078,2025-09-05 16:15:56+00:00
1,3,169,48,88,0.0,7004.18,88.39999999999998,2.762,0.0,169,543700969,222451447,2025-09-05 16:15:57+00:00
1,2,170,48,88,0.0,7014.64,88.20000000000005,2.743,0.0,170,543700625,222452986,2025-09-05 16:16:01+00:00
1,3,171,48,88,0.0,7025.91,89.0,2.743,0.0,171,543700120,222454538,2025-09-05 16:16:05+00:00
1,3,171,48,88,0.0,7034.67,89.0,2.762,0.5,171,543699688,222455771,2025-09-05 16:16:08+00:00
1,3,171,48,89,0.0,7043.59,89.0,2.762,0.0,171,543699373,222457011,2025-09-05 16:16:11+00:00
1,2,172,48,88,0.0,7057.58,88.79999999999995,2.79,0.0,172,543698835,222459028,2025-09-05 16:16:16+00:00
1,5,171,48,87,0.0,7070.87,88.79999999999995,2.771,0.5,171,543698212,222460915,2025-09-05 16:16:21+00:00
1,5,172,48,88,0.0,7079.48,89.20000000000005,2.771,0.5,172,543697903,222462070,2025-09-05 16:16:24+00:00
1,2,172,48,88,0.0,7091.21,89.0,2.781,0.0,172,543697454,222463714,2025-09-05 16:16:28+00:00
1,3,171,48,89,0.0,7101.72,88.0,2.79,0.0,171,543697132,222465295,2025-09-05 16:16:32+00:00
1,3,171,48,87,0.0,7118.75,87.39999999999998,2.771,0.5,171,543696370,222467618,2025-09-05 16:16:38+00:00
1,3,171,48,87,0.0,7125.8,87.60000000000002,2.781,0.0,171,543696082,222468590,2025-09-05 16:16:41+00:00
1,2,170,48,86,0.0,7136.35,87.60000000000002,2.762,0.5,170,543695674,222470180,2025-09-05 16:16:45+00:00
1,2,171,48,88,0.0,7147.79,87.60000000000002,2.762,0.0,171,543695183,222471749,2025-09-05 16:16:49+00:00
1,2,172,48,87,0.0,7158.44,88.20000000000005,2.753,0.5,172,543694910,222473333,2025-09-05 16:16:53+00:00
1,2,171,48,87,0.0,7172.0,88.20000000000005,2.762,0.5,171,543694440,222475283,2025-09-05 16:16:58+00:00
1,2,170,48,88,0.0,7185.87,88.39999999999998,2.734,0.5,170,543693894,222477188,2025-09-05 16:17:03+00:00
1,2,170,48,86,0.0,7194.51,88.20000000000005,2.753,0.5,170,543693583,222478413,2025-09-05 16:17:06+00:00
1,2,170,48,87,0.0,7209.48,88.79999999999995,2.734,0.0,170,543693087,222480613,2025-09-05 16:17:12+00:00
1,2,170,48,88,0.0,7220.13,89.0,2.697,0.5,170,543692626,222482107,2025-09-05 16:17:16+00:00
1,2,170,48,87,0.0,7231.47,89.0,2.697,0.5,170,543692373,222483793,2025-09-05 16:17:20+00:00
1,2,170,48,89,0.0,7243.17,89.60000000000002,2.715,0.0,170,543692066,222485554,2025-09-05 16:17:24+00:00
1,2,169,48,87,0.0,7256.81,90.20000000000005,2.725,0.5,169,543691703,222487530,2025-09-05 16:17:29+00:00
1,2,169,48,88,0.0,7265.11,90.60000000000002,2.734,0.0,169,543691500,222488820,2025-09-05 16:17:32+00:00
1,2,169,48,86,0.0,7275.51,90.20000000000005,2.725,0.5,169,543691431,222490368,2025-09-05 16:17:36+00:00
1,2,169,48,88,0.0,7288.61,90.39999999999998,2.706,0.0,169,543691227,222492396,2025-09-05 16:17:41+00:00
1,2,169,48,87,0.0,7296.4,89.79999999999995,2.697,0.5,169,543691163,222493532,2025-09-05 16:17:44+00:00
1,2,170,48,87,0.0,7309.83,89.60000000000002,2.697,0.0,170,543690905,222495555,2025-09-05 16:17:49+00:00
1,3,170,48,87,0.0,7321.84,89.60000000000002,2.706,0.5,170,543690639,222497327,2025-09-05 16:17:53+00:00
1,3,170,48,87,0.0,7333.22,89.60000000000002,2.715,0.0,170,543690413,222499026,2025-09-05 16:17:57+00:00
1,3,170,48,88,0.0,7346.19,90.39999999999998,2.725,0.0,170,543690147,222501004,2025-09-05 16:18:02+00:00
1,3,170,48,86,0.0,7356.86,90.79999999999995,2.715,0.5,170,543689918,222502568,2025-09-05 16:18:06+00:00
1,2,170,48,88,0.0,7368.4,90.60000000000002,2.715,0.0,170,543689590,222504331,2025-09-05 16:18:10+00:00
1,2,171,48,88,0.0,7382.27,91.0,2.725,0.0,171,543689381,222506360,2025-09-05 16:18:15+00:00
1,2,172,48,89,0.0,7393.04,91.0,2.725,0.0,172,543689201,222507995,2025-09-05 16:18:19+00:00
1,2,172,48,88,0.0,7404.21,90.39999999999998,2.734,0.0,172,543688946,222509717,2025-09-05 16:18:23+00:00
1,2,171,48,86,0.0,7418.35,90.79999999999995,2.743,0.5,171,543688599,222511694,2025-09-05 16:18:28+00:00
1,2,170,48,88,0.0,7426.41,90.60000000000002,2.743,0.0,170,543688381,222512961,2025-09-05 16:18:31+00:00
1,2,172,48,87,0.0,7439.85,90.20000000000005,2.734,0.5,172,543688043,222514955,2025-09-05 16:18:36+00:00
1,1,173,48,88,0.0,7447.35,90.20000000000005,2.725,0.0,173,543687906,222516051,2025-09-05 16:18:39+00:00
1,2,170,48,86,0.0,7458.64,90.39999999999998,2.725,0.5,170,543687600,222517737,2025-09-05 16:18:43+00:00
1,1,171,48,86,0.0,7472.11,90.39999999999998,2.725,0.5,171,543687319,222519740,2025-09-05 16:18:48+00:00
1,2,170,48,88,0.0,7483.35,91.20000000000005,2.725,0.0,170,543686973,222521364,2025-09-05 16:18:52+00:00
1,1,170,48,87,0.0,7493.93,90.39999999999998,2.725,0.0,170,543686649,222522934,2025-09-05 16:18:56+00:00
1,1,170,47,88,0.0,7509.48,89.60000000000002,2.706,0.0,170,543686121,222525291,2025-09-05 16:19:02+00:00
1,1,169,47,87,0.0,7520.68,89.20000000000005,2.706,0.0,169,543685965,222526929,2025-09-05 16:19:06+00:00
1,1,169,47,87,0.0,7531.97,88.39999999999998,2.706,0.0,169,543685638,222528590,2025-09-05 16:19:11+00:00
1,1,168,47,60,0.0,7544.77,88.20000000000005,1.894,0.0,168,543685002,222530411,2025-09-05 16:19:20+00:00
1,1,166,47,61,0.0,7553.25,87.0,1.67,0.5,166,543684836,222531737,2025-09-05 16:19:27+00:00
1,2,163,47,62,0.0,7563.44,86.39999999999998,1.81,0.0,163,543684421,222533113,2025-09-05 16:19:33+00:00
1,2,163,47,61,0.0,7566.35,86.20000000000005,1.745,0.5,163,543684291,222533508,2025-09-05 16:19:35+00:00
1,2,160,47,61,0.0,7572.71,86.39999999999998,1.67,0.5,160,543683931,222534315,2025-09-05 16:19:39+00:00
1,1,158,47,63,0.0,7580.5,86.20000000000005,1.652,0.0,158,543683511,222535334,2025-09-05 16:19:44+00:00
1,1,155,47,62,0.0,7589.35,85.79999999999995,1.586,0.5,155,543682978,222536402,2025-09-05 16:19:50+00:00
1,1,152,47,62,0.0,7593.06,86.0,1.577,0.5,152,543682769,222536912,2025-09-05 16:19:53+00:00
1,1,152,47,62,0.0,7594.53,86.20000000000005,1.549,0.5,152,543682680,222537101,2025-09-05 16:19:54+00:00
1,1,149,47,62,0.0,7607.62,86.79999999999995,1.512,0.0,149,543681703,222538717,2025-09-05 16:20:02+00:00
1,2,147,47,85,0.0,7628.83,87.20000000000005,2.323,0.5,147,543680241,222541140,2025-09-05 16:20:09+00:00
1,0,149,47,85,0.0,7640.38,87.39999999999998,2.351,0.0,149,543679603,222542565,2025-09-05 16:20:13+00:00
1,0,149,47,87,0.0,7650.91,87.79999999999995,2.361,0.0,149,543678965,222543839,2025-09-05 16:20:17+00:00
1,1,151,47,86,0.0,7661.41,87.79999999999995,2.417,0.0,151,543678184,222545053,2025-09-05 16:20:21+00:00
1,0,153,47,86,0.0,7671.78,88.60000000000002,2.351,0.0,153,543677536,222546329,2025-09-05 16:20:25+00:00
1,1,154,47,86,655.32,7682.14,89.39999999999998,2.351,0.0,154,543676982,222547629,2025-09-05 16:20:29+00:00
1,1,155,47,85,655.32,7693.36,89.79999999999995,2.417,0.0,155,543676183,222548941,2025-09-05 16:20:33+00:00
1,1,158,47,86,655.32,7703.97,90.79999999999995,2.454,0.0,158,543675401,222550189,2025-09-05 16:20:37+00:00
1,1,159,47,86,655.32,7707.08,91.0,2.482,0.0,159,543675280,222550552,2025-09-05 16:20:38+00:00
1,1,160,47,87,655.32,7718.39,90.60000000000002,2.585,0.0,160,543674573,222551942,2025-09-05 16:20:42+00:00
1,2,161,47,88,655.32,7729.11,90.20000000000005,2.603,0.0,161,543673836,222553263,2025-09-05 16:20:46+00:00
1,1,163,47,88,655.32,7742.56,90.39999999999998,2.603,0.0,163,543672859,222554740,2025-09-05 16:20:51+00:00
1,2,164,47,86,655.32,7753.89,89.79999999999995,2.631,0.5,164,543672132,222556129,2025-09-05 16:20:55+00:00
1,2,165,47,87,655.32,7767.83,89.79999999999995,2.659,0.0,165,543671134,222557676,2025-09-05 16:21:00+00:00
1,5,166,47,87,655.32,7776.22,90.0,2.669,0.0,166,543670608,222558714,2025-09-05 16:21:03+00:00
1,4,167,47,86,655.32,7791.24,90.60000000000002,2.659,0.5,167,543669692,222560584,2025-09-05 16:21:09+00:00
1,2,166,47,86,655.32,7802.12,90.60000000000002,2.65,0.0,166,543669004,222561975,2025-09-05 16:21:13+00:00
1,2,167,47,87,655.32,7815.56,90.39999999999998,2.669,0.0,167,543668195,222563650,2025-09-05 16:21:18+00:00
1,2,167,47,88,655.32,7826.12,90.60000000000002,2.669,0.0,167,543667598,222565005,2025-09-05 16:21:22+00:00
1,2,168,47,88,655.32,7837.04,90.79999999999995,2.669,0.0,168,543667053,222566543,2025-09-05 16:21:26+00:00
1,1,167,47,86,655.32,7849.48,90.60000000000002,2.669,0.5,167,543666555,222568238,2025-09-05 16:21:31+00:00
1,1,167,47,88,655.32,7857.24,90.39999999999998,2.659,0.0,167,543666173,222569374,2025-09-05 16:21:34+00:00
1,1,168,47,86,655.32,7870.98,90.39999999999998,2.669,0.5,168,543665539,222571282,2025-09-05 16:21:39+00:00
1,1,169,47,88,655.32,7882.53,90.60000000000002,2.678,0.0,169,543664994,222572873,2025-09-05 16:21:43+00:00
1,1,169,47,87,655.32,7893.42,91.0,2.706,0.0,169,543664636,222574405,2025-09-05 16:21:47+00:00
1,1,170,47,87,655.32,7903.37,91.20000000000005,2.697,0.0,170,543664145,222575758,2025-09-05 16:21:51+00:00
1,1,171,47,87,655.32,7914.71,90.39999999999998,2.697,0.5,171,543663645,222577354,2025-09-05 16:21:55+00:00
1,1,169,47,86,655.32,7928.83,91.20000000000005,2.725,0.5,169,543663062,222579281,2025-09-05 16:22:00+00:00
1,1,170,47,88,655.32,7939.4,91.20000000000005,2.725,0.0,170,543662566,222580735,2025-09-05 16:22:04+00:00
1,1,169,47,87,655.32,7950.87,90.60000000000002,2.725,0.0,169,543662114,222582397,2025-09-05 16:22:08+00:00
1,1,169,47,88,655.32,7964.65,90.39999999999998,2.743,0.0,169,543661542,222584291,2025-09-05 16:22:13+00:00
1,1,170,47,88,655.32,7976.36,89.79999999999995,2.753,0.0,170,543660940,222585880,2025-09-05 16:22:17+00:00
1,2,170,47,86,655.32,7987.23,90.0,2.762,0.5,170,543660522,222587428,2025-09-05 16:22:21+00:00
1,2,169,47,88,655.32,8000.19,90.20000000000005,2.753,0.0,169,543659951,222589201,2025-09-05 16:22:26+00:00
1,2,169,47,88,655.32,8003.01,90.20000000000005,2.753,0.0,169,543659797,222589666,2025-09-05 16:22:27+00:00
1,2,169,47,87,655.32,8008.76,90.0,2.753,0.0,169,543659580,222590452,2025-09-05 16:22:29+00:00
1,2,169,47,89,0.0,8022.38,89.60000000000002,2.771,0.0,169,543658890,222592296,2025-09-05 16:22:34+00:00
1,2,169,47,88,0.0,8033.33,89.60000000000002,2.771,0.0,169,543658418,222593821,2025-09-05 16:22:38+00:00
1,2,170,47,89,0.0,8041.36,89.39999999999998,2.753,0.0,170,543658136,222594946,2025-09-05 16:22:41+00:00
1,2,169,47,88,0.0,8052.72,88.20000000000005,2.771,0.5,169,543657633,222596554,2025-09-05 16:22:45+00:00
1,1,170,47,87,0.0,8069.72,89.0,2.79,0.0,170,543656877,222598907,2025-09-05 16:22:51+00:00
1,1,169,47,87,0.0,8077.24,89.39999999999998,2.79,0.0,169,543656618,222599900,2025-09-05 16:22:54+00:00
1,1,170,47,87,0.0,8087.53,89.20000000000005,2.762,0.5,170,543656129,222601404,2025-09-05 16:22:58+00:00
1,1,173,47,87,0.0,8093.32,89.0,2.753,0.5,173,543655855,222602185,2025-09-05 16:23:00+00:00
1,2,175,46,89,0.0,8098.58,88.60000000000002,2.762,0.5,175,543655598,222602926,2025-09-05 16:23:02+00:00
1,2,176,46,87,0.0,8109.71,89.20000000000005,2.762,0.5,176,543655082,222604454,2025-09-05 16:23:06+00:00
1,2,172,46,88,0.0,8117.59,89.60000000000002,2.762,0.0,172,543654762,222605538,2025-09-05 16:23:09+00:00
1,1,169,46,88,0.0,8123.43,89.60000000000002,2.753,0.0,169,543654512,222606358,2025-09-05 16:23:11+00:00
1,1,169,46,87,0.0,8128.86,89.60000000000002,2.762,0.5,169,543654317,222607135,2025-09-05 16:23:13+00:00
1,1,169,46,88,0.0,8142.27,90.0,2.762,0.0,169,543653704,222608979,2025-09-05 16:23:18+00:00
1,1,169,46,87,0.0,8150.52,90.0,2.753,0.5,169,543653254,222610092,2025-09-05 16:23:21+00:00
1,1,169,46,88,0.0,8158.03,89.20000000000005,2.743,0.0,169,543652992,222611154,2025-09-05 16:23:24+00:00
1,1,169,46,87,0.0,8168.4,89.39999999999998,2.734,0.0,169,543652512,222612602,2025-09-05 16:23:28+00:00
1,1,168,46,88,0.0,8180.86,88.60000000000002,2.706,0.0,168,543651963,222614324,2025-09-05 16:23:33+00:00
1,1,168,46,88,0.0,8189.56,88.60000000000002,2.697,0.5,168,543651516,222615523,2025-09-05 16:23:36+00:00
1,1,169,46,89,0.0,8197.19,88.39999999999998,2.697,0.0,169,543651235,222616596,2025-09-05 16:23:39+00:00
1,1,169,46,88,0.0,8211.2,89.39999999999998,2.697,0.0,169,543650659,222618618,2025-09-05 16:23:44+00:00
1,1,168,46,86,0.0,8222.23,90.39999999999998,2.715,0.5,168,543650175,222620051,2025-09-05 16:23:48+00:00
1,1,169,46,88,0.0,8230.35,90.39999999999998,2.706,0.0,169,543649839,222621242,2025-09-05 16:23:51+00:00
1,1,169,46,87,0.0,8240.88,91.20000000000005,2.697,0.5,169,543649482,222622758,2025-09-05 16:23:55+00:00
1,1,169,46,88,0.0,8254.68,91.20000000000005,2.697,0.0,169,543648757,222624626,2025-09-05 16:24:00+00:00
1,1,168,46,87,0.0,8262.56,91.20000000000005,2.706,0.5,168,543648526,222625707,2025-09-05 16:24:03+00:00
1,1,169,46,88,0.0,8273.38,91.0,2.706,0.0,169,543648025,222627254,2025-09-05 16:24:07+00:00
1,1,169,46,87,0.0,8286.14,91.39999999999998,2.687,0.0,169,543647515,222628992,2025-09-05 16:24:12+00:00
1,2,169,46,87,0.0,8294.41,91.39999999999998,2.678,0.0,169,543647084,222630135,2025-09-05 16:24:15+00:00
1,2,169,46,87,0.0,8302.69,91.20000000000005,2.687,0.5,169,543646732,222631294,2025-09-05 16:24:18+00:00
1,2,169,46,88,0.0,8316.3,90.60000000000002,2.697,0.0,169,543646075,222633147,2025-09-05 16:24:23+00:00
1,2,169,46,88,0.0,8327.75,90.0,2.697,0.0,169,543645398,222634591,2025-09-05 16:24:27+00:00
1,2,169,46,86,0.0,8339.46,90.0,2.725,0.5,169,543644508,222635873,2025-09-05 16:24:31+00:00
1,2,169,46,86,0.0,8350.2,89.20000000000005,2.725,0.5,169,543643716,222637057,2025-09-05 16:24:35+00:00
1,2,168,46,85,0.0,8363.12,89.20000000000005,2.734,0.0,168,543642776,222638507,2025-09-05 16:24:40+00:00
1,2,167,46,85,0.0,8376.78,88.39999999999998,2.715,0.5,167,543641669,222639917,2025-09-05 16:24:45+00:00
1,2,167,46,87,0.0,8388.3,88.20000000000005,2.715,0.0,167,543640734,222641071,2025-09-05 16:24:49+00:00
1,2,165,46,87,0.0,8400.89,87.79999999999995,2.743,0.0,165,543639815,222642431,2025-09-05 16:24:53+00:00
1,1,165,46,89,0.0,8417.28,88.20000000000005,2.781,0.0,165,543638579,222644157,2025-09-05 16:24:59+00:00
1,1,165,46,88,0.0,8428.27,87.79999999999995,2.79,0.0,165,543637660,222645215,2025-09-05 16:25:03+00:00
1,1,164,46,88,0.0,8440.27,87.39999999999998,2.79,0.0,164,543636649,222646383,2025-09-05 16:25:07+00:00
1,1,166,46,88,0.0,8456.74,88.20000000000005,2.799,0.0,166,543635300,222648035,2025-09-05 16:25:13+00:00
1,1,167,46,88,0.0,8468.39,88.79999999999995,2.799,0.5,167,543634391,222649261,2025-09-05 16:25:17+00:00
1,2,168,46,87,0.0,8479.9,88.39999999999998,2.827,0.0,168,543633375,222650199,2025-09-05 16:25:21+00:00
1,2,169,46,88,0.0,8493.72,87.79999999999995,2.818,0.0,169,543632332,222651776,2025-09-05 16:25:26+00:00
1,1,169,46,87,0.0,8505.4,88.0,2.827,0.0,169,543631533,222653047,2025-09-05 16:25:30+00:00
1,2,169,46,88,0.0,8515.21,88.0,2.818,0.0,169,543630700,222654010,2025-09-05 16:25:34+00:00
1,2,169,46,87,0.0,8531.89,87.39999999999998,2.809,0.0,169,543629389,222655737,2025-09-05 16:25:40+00:00
1,2,169,46,87,0.0,8540.89,87.60000000000002,2.809,0.5,169,543628637,222656588,2025-09-05 16:25:43+00:00
1,4,170,46,89,0.0,8555.0,87.20000000000005,2.809,0.5,170,543627486,222658031,2025-09-05 16:25:48+00:00
1,2,169,46,88,0.0,8568.7,87.0,2.818,0.5,169,543626429,222659342,2025-09-05 16:25:53+00:00
1,2,169,46,87,0.0,8578.57,86.20000000000005,2.799,0.0,169,543625563,222660271,2025-09-05 16:25:57+00:00
1,2,169,46,87,0.0,8588.96,86.20000000000005,2.781,0.0,169,543624761,222661381,2025-09-05 16:26:01+00:00
1,2,169,46,87,0.0,8602.44,86.39999999999998,2.753,0.0,169,543623667,222662717,2025-09-05 16:26:06+00:00
1,2,169,46,87,0.0,8610.9,86.39999999999998,2.753,0.0,169,543622846,222663497,2025-09-05 16:26:09+00:00
1,2,169,46,87,0.0,8621.27,86.60000000000002,2.753,0.5,169,543622061,222664646,2025-09-05 16:26:13+00:00
1,2,169,46,88,0.0,8623.43,86.79999999999995,2.743,0.0,169,543622102,222665081,2025-09-05 16:26:14+00:00
1,2,168,46,88,0.0,8627.82,86.60000000000002,2.725,0.0,168,543622425,222665660,2025-09-05 16:26:16+00:00
1,2,168,46,86,0.0,8635.4,86.0,2.697,0.0,168,543623080,222666265,2025-09-05 16:26:19+00:00
1,2,170,46,86,0.0,8650.38,86.20000000000005,2.669,0.5,170,543624366,222667713,2025-09-05 16:26:25+00:00
1,2,170,46,86,0.0,8667.03,86.60000000000002,2.65,0.5,170,543625775,222669200,2025-09-05 16:26:31+00:00
1,4,169,46,87,0.0,8678.07,86.79999999999995,2.669,0.0,169,543626633,222670321,2025-09-05 16:26:35+00:00
1,2,170,46,87,0.0,8690.94,86.79999999999995,2.669,0.0,170,543627742,222671534,2025-09-05 16:26:40+00:00
1,2,169,46,87,0.0,8703.61,87.39999999999998,2.641,0.0,169,543628823,222672805,2025-09-05 16:26:45+00:00
1,2,170,46,88,0.0,8717.78,87.20000000000005,2.641,0.0,170,543629979,222674161,2025-09-05 16:26:50+00:00
1,2,171,46,86,0.0,8730.04,88.0,2.687,0.5,171,543630941,222675347,2025-09-05 16:26:54+00:00
1,2,172,46,88,0.0,8739.07,88.20000000000005,2.687,0.0,172,543631661,222676222,2025-09-05 16:26:58+00:00
1,2,172,45,84,0.0,8749.43,88.79999999999995,2.659,0.5,172,543632342,222677498,2025-09-05 16:27:02+00:00
1,3,171,45,84,0.0,8762.41,88.39999999999998,2.622,0.5,171,543633407,222678791,2025-09-05 16:27:07+00:00
1,4,172,45,84,0.0,8773.26,87.79999999999995,2.622,0.5,172,543634222,222680007,2025-09-05 16:27:11+00:00
1,4,172,45,84,0.0,8780.59,88.0,2.613,0.5,172,543634617,222680956,2025-09-05 16:27:14+00:00
1,4,172,45,86,0.0,8789.63,87.60000000000002,2.622,0.0,172,543634605,222682391,2025-09-05 16:27:17+00:00
1,8,171,45,87,0.0,8799.67,88.60000000000002,2.631,0.0,171,543634193,222683756,2025-09-05 16:27:21+00:00
1,4,172,45,84,0.0,8813.26,88.20000000000005,2.631,0.5,172,543633549,222685547,2025-09-05 16:27:26+00:00
1,1,171,45,87,0.0,8823.46,89.0,2.622,0.0,171,543633082,222686974,2025-09-05 16:27:30+00:00
1,0,172,45,86,0.0,8834.05,89.20000000000005,2.622,0.0,172,543632603,222688498,2025-09-05 16:27:34+00:00
1,0,173,45,87,0.0,8845.51,90.39999999999998,2.622,0.0,173,543632251,222690185,2025-09-05 16:27:38+00:00
1,1,172,45,88,0.0,8854.02,90.79999999999995,2.641,0.0,172,543632004,222691386,2025-09-05 16:27:41+00:00
1,1,173,45,87,0.0,8867.47,90.60000000000002,2.669,0.0,173,543631591,222693332,2025-09-05 16:27:46+00:00
1,1,173,45,87,0.0,8875.78,90.60000000000002,2.669,0.0,173,543631245,222694531,2025-09-05 16:27:49+00:00
1,1,172,45,88,0.0,8886.58,90.39999999999998,2.669,0.0,172,543630818,222696099,2025-09-05 16:27:53+00:00
1,1,172,45,87,0.0,8900.27,90.0,2.687,0.5,172,543630186,222697947,2025-09-05 16:27:58+00:00
1,1,172,45,88,0.0,8911.67,89.39999999999998,2.687,0.0,172,543629716,222699594,2025-09-05 16:28:02+00:00
1,1,172,45,87,0.0,8920.6,89.20000000000005,2.706,0.5,172,543629379,222700824,2025-09-05 16:28:05+00:00
1,1,172,45,88,0.0,8928.27,89.60000000000002,2.725,0.5,172,543629205,222701998,2025-09-05 16:28:09+00:00
1,2,173,45,0,0.0,8935.47,89.60000000000002,2.491,0.0,173,543628872,222703061,2025-09-05 16:28:14+00:00
1,4,171,45,61,0.0,8943.67,88.60000000000002,1.726,0.0,171,543628513,222704207,2025-09-05 16:28:20+00:00
1,1,168,45,62,0.0,8951.48,89.39999999999998,1.717,0.5,168,543628131,222705208,2025-09-05 16:28:25+00:00
1,1,167,45,62,0.0,8954.51,89.39999999999998,1.67,0.5,167,543627987,222705608,2025-09-05 16:28:27+00:00
1,1,165,45,62,,8968.45,88.20000000000005,1.689,0.5,165,543627585,222707608,2025-09-05 16:28:36+00:00
1,1,162,45,62,0.0,8977.12,88.20000000000005,1.652,0.0,162,543627219,222708837,2025-09-05 16:28:42+00:00
1,1,159,45,62,0.0,8981.92,88.0,1.633,0.0,159,543627011,222709512,2025-09-05 16:28:45+00:00
1,1,157,45,62,0.0,8985.16,87.60000000000002,1.633,0.0,157,543626887,222709970,2025-09-05 16:28:47+00:00
1,1,154,45,60,0.0,8991.28,88.20000000000005,1.614,0.0,154,543626661,222710876,2025-09-05 16:28:51+00:00
1,2,152,45,59,0.0,8998.43,88.60000000000002,1.577,0.0,152,543626385,222711923,2025-09-05 16:28:56+00:00
1,3,151,45,57,0.0,9001.85,88.79999999999995,1.558,0.5,151,543626251,222712359,2025-09-05 16:28:58+00:00
1,3,151,45,83,654.72,9013.69,89.0,1.661,0.5,151,543625822,222714128,2025-09-05 16:29:03+00:00
1,1,151,45,85,654.72,9031.62,89.60000000000002,2.361,0.0,151,543625048,222716621,2025-09-05 16:29:09+00:00
1,0,153,45,87,654.72,9039.76,90.20000000000005,2.51,0.0,153,543624823,222717757,2025-09-05 16:29:12+00:00
1,0,153,45,86,654.72,9050.26,90.0,2.351,0.5,153,543624397,222719316,2025-09-05 16:29:16+00:00
1,1,154,45,87,654.72,9061.12,89.79999999999995,2.426,0.0,154,543624031,222720875,2025-09-05 16:29:20+00:00
1,0,157,45,86,654.72,9072.59,89.39999999999998,2.529,0.0,157,543623638,222722521,2025-09-05 16:29:24+00:00
1,0,158,45,86,654.72,9084.19,90.20000000000005,2.575,0.0,158,543623217,222724116,2025-09-05 16:29:28+00:00
1,0,158,45,86,654.72,9094.99,90.39999999999998,2.594,0.0,158,543622851,222725723,2025-09-05 16:29:32+00:00
1,1,160,45,87,654.72,9111.14,90.0,2.594,0.5,160,543622876,222728229,2025-09-05 16:29:38+00:00
1,1,160,45,88,654.72,9119.08,89.20000000000005,2.594,0.0,160,543622903,222729364,2025-09-05 16:29:41+00:00
1,1,161,45,87,654.72,9130.33,89.0,2.622,0.0,161,543622778,222731111,2025-09-05 16:29:45+00:00
1,1,163,45,87,654.72,9147.48,89.39999999999998,2.659,0.5,163,543622455,222733721,2025-09-05 16:29:51+00:00
1,1,163,45,89,654.72,9158.12,89.20000000000005,2.678,0.5,163,543622245,222735301,2025-09-05 16:29:55+00:00
1,2,164,45,88,654.72,9169.64,89.79999999999995,2.678,0.5,164,543621908,222736976,2025-09-05 16:29:59+00:00
1,2,164,45,89,654.72,9178.02,89.60000000000002,2.697,0.0,164,543621771,222738221,2025-09-05 16:30:02+00:00
1,5,165,45,87,654.72,9189.3,89.79999999999995,2.725,0.5,165,543621719,222739952,2025-09-05 16:30:06+00:00
1,6,166,45,88,654.72,9199.72,90.20000000000005,2.715,0.0,166,543621366,222741393,2025-09-05 16:30:10+00:00
1,2,167,45,86,654.72,9211.85,89.39999999999998,2.734,0.0,167,543620245,222742372,2025-09-05 16:30:14+00:00
1,2,169,45,87,655.33,9225.45,88.60000000000002,2.753,0.0,169,543619259,222743902,2025-09-05 16:30:19+00:00
1,2,169,45,88,655.32,9236.94,88.20000000000005,2.762,0.0,169,543618773,222745499,2025-09-05 16:30:23+00:00
1,2,169,45,86,655.32,9248.66,88.20000000000005,2.781,0.5,169,543618259,222747119,2025-09-05 16:30:27+00:00
1,1,169,45,88,655.32,9262.36,89.60000000000002,2.799,0.0,169,543617553,222748966,2025-09-05 16:30:32+00:00
1,1,169,45,87,655.32,9271.32,89.79999999999995,2.799,0.0,169,543617157,222750174,2025-09-05 16:30:35+00:00
1,2,169,45,88,655.32,9282.74,89.0,2.837,0.0,169,543616578,222751708,2025-09-05 16:30:39+00:00
1,2,170,45,88,655.32,9292.63,89.20000000000005,2.827,0.5,170,543616102,222753114,2025-09-05 16:30:43+00:00
1,2,171,45,88,655.32,9301.01,90.20000000000005,2.809,0.5,171,543615820,222754238,2025-09-05 16:30:46+00:00
1,4,170,45,87,655.32,9309.09,90.20000000000005,2.809,0.0,170,543615406,222755366,2025-09-05 16:30:49+00:00
1,1,170,45,88,655.32,9323.69,90.0,2.809,0.0,170,543614750,222757417,2025-09-05 16:30:54+00:00
1,1,170,45,88,655.32,9335.1,90.60000000000002,2.827,0.5,170,543614249,222758998,2025-09-05 16:30:58+00:00
1,1,170,45,89,655.32,9343.46,90.79999999999995,2.827,0.0,170,543613989,222760169,2025-09-05 16:31:01+00:00
1,1,170,45,87,655.32,9352.8,90.79999999999995,2.846,0.5,170,543613582,222761460,2025-09-05 16:31:04+00:00
1,1,169,45,87,655.32,9366.53,91.0,2.855,0.5,169,543613049,222763461,2025-09-05 16:31:09+00:00
1,1,169,45,89,655.32,9383.6,91.0,2.865,0.5,169,543612332,222765863,2025-09-05 16:31:15+00:00
1,1,170,45,87,655.32,9395.19,89.79999999999995,2.865,0.5,170,543611798,222767472,2025-09-05 16:31:19+00:00
1,1,170,45,89,655.32,9403.69,89.39999999999998,2.874,0.0,170,543611595,222768656,2025-09-05 16:31:22+00:00
1,1,170,45,88,655.32,9411.99,89.60000000000002,2.874,0.5,170,543611239,222769888,2025-09-05 16:31:25+00:00
1,1,170,45,89,655.32,9424.09,89.79999999999995,2.883,0.0,170,543610785,222771606,2025-09-05 16:31:29+00:00
1,2,170,45,89,655.32,9440.43,90.39999999999998,2.893,0.0,170,543610071,222773854,2025-09-05 16:31:35+00:00
1,2,170,45,88,655.32,9451.51,89.79999999999995,2.883,0.5,170,543609563,222775337,2025-09-05 16:31:39+00:00
1,3,170,45,88,655.32,9462.63,89.39999999999998,2.865,0.0,170,543609133,222776971,2025-09-05 16:31:43+00:00
1,5,171,45,88,655.32,9475.98,89.79999999999995,2.855,0.0,171,543608772,222778907,2025-09-05 16:31:48+00:00
1,3,170,45,87,0.0,9486.43,90.39999999999998,2.846,0.0,170,543608358,222780388,2025-09-05 16:31:52+00:00
1,2,170,45,88,0.0,9497.85,90.0,2.837,0.0,170,543607770,222782007,2025-09-05 16:31:56+00:00
1,2,171,45,86,0.0,9512.14,90.20000000000005,2.837,0.5,171,543607190,222783987,2025-09-05 16:32:01+00:00
1,2,171,45,87,0.0,9521.1,90.39999999999998,2.837,0.5,171,543606692,222785200,2025-09-05 16:32:04+00:00
1,2,171,45,88,0.0,9529.02,89.79999999999995,2.846,0.5,171,543606442,222786291,2025-09-05 16:32:07+00:00
1,2,170,45,88,0.0,9540.78,89.20000000000005,2.846,0.5,170,543605971,222787971,2025-09-05 16:32:11+00:00
1,1,170,45,89,0.0,9556.4,89.20000000000005,2.827,0.0,170,543605303,222790160,2025-09-05 16:32:17+00:00
1,1,170,45,88,0.0,9564.3,89.39999999999998,2.818,0.0,170,543605097,222791300,2025-09-05 16:32:20+00:00
1,2,171,45,88,0.0,9576.15,89.39999999999998,2.818,0.0,171,543604616,222792999,2025-09-05 16:32:24+00:00
1,3,171,45,89,0.0,9591.77,90.20000000000005,2.79,0.5,171,543603947,222795227,2025-09-05 16:32:30+00:00
1,3,171,45,88,0.0,9600.29,90.39999999999998,2.79,0.0,171,543603658,222796399,2025-09-05 16:32:33+00:00
1,3,171,45,87,0.0,9608.61,90.20000000000005,2.809,0.5,171,543603332,222797625,2025-09-05 16:32:36+00:00
1,2,170,45,88,0.01,9619.97,89.79999999999995,2.79,0.0,170,543602998,222799253,2025-09-05 16:32:40+00:00
1,2,170,45,87,0.01,9630.58,89.79999999999995,2.79,0.5,170,543602624,222800745,2025-09-05 16:32:44+00:00
1,2,170,45,89,0.01,9638.4,89.79999999999995,2.771,0.0,170,543602270,222801890,2025-09-05 16:32:47+00:00
1,2,170,45,87,0.01,9649.03,90.20000000000005,2.762,0.0,170,543601943,222803457,2025-09-05 16:32:51+00:00
1,2,170,45,87,0.01,9660.62,90.39999999999998,2.743,0.0,170,543601541,222805090,2025-09-05 16:32:55+00:00
1,2,170,45,88,0.01,9672.15,90.60000000000002,2.762,0.5,170,543601093,222806696,2025-09-05 16:32:59+00:00
1,2,170,45,88,0.01,9682.96,90.79999999999995,2.771,0.0,170,543600683,222808239,2025-09-05 16:33:03+00:00
1,2,171,45,89,0.01,9695.7,90.79999999999995,2.743,0.0,171,543600261,222810120,2025-09-05 16:33:08+00:00
1,2,171,45,87,0.01,9707.22,90.60000000000002,2.743,0.5,171,543599819,222811775,2025-09-05 16:33:12+00:00
1,2,171,45,88,0.01,9718.84,90.60000000000002,2.762,0.0,171,543599432,222813453,2025-09-05 16:33:16+00:00
1,2,170,45,87,0.01,9732.45,91.0,2.762,0.5,170,543599008,222815413,2025-09-05 16:33:21+00:00
1,2,170,45,88,0.01,9743.45,90.79999999999995,2.762,0.0,170,543598572,222816945,2025-09-05 16:33:25+00:00
1,2,170,45,88,0.01,9754.33,91.20000000000005,2.762,0.0,170,543598133,222818513,2025-09-05 16:33:29+00:00
1,1,170,45,87,0.01,9767.34,91.20000000000005,2.743,0.5,170,543597736,222820397,2025-09-05 16:33:34+00:00
1,1,170,45,88,0.01,9775.59,90.60000000000002,2.734,0.0,170,543597444,222821644,2025-09-05 16:33:37+00:00
1,3,171,45,86,0.01,9790.06,90.0,2.743,0.0,171,543596726,222823587,2025-09-05 16:33:42+00:00
1,4,170,45,88,0.01,9794.74,89.79999999999995,2.743,0.0,170,543596406,222824187,2025-09-05 16:33:44+00:00
1,5,171,45,88,0.0,9799.53,89.79999999999995,2.734,0.0,171,543595901,222824354,2025-09-05 16:33:46+00:00
1,5,170,45,87,0.0,9815.51,89.39999999999998,2.706,0.0,170,543594246,222823927,2025-09-05 16:33:52+00:00
1,5,170,45,87,0.01,9823.98,89.60000000000002,2.697,0.5,170,543593309,222823588,2025-09-05 16:33:55+00:00
1,1,170,45,87,0.01,9838.38,89.0,2.715,0.0,170,543591799,222823151,2025-09-05 16:34:00+00:00
1,1,171,44,87,655.33,9849.62,89.0,2.725,0.0,171,543590622,222822861,2025-09-05 16:34:04+00:00
1,2,173,44,85,655.34,9864.12,88.0,2.743,0.0,173,543589064,222822480,2025-09-05 16:34:09+00:00
1,2,173,44,86,655.34,9869.19,88.39999999999998,2.743,0.0,173,543588621,222822892,2025-09-05 16:34:11+00:00
1,2,173,44,86,655.34,9871.76,88.60000000000002,2.743,0.0,173,543588467,222823189,2025-09-05 16:34:12+00:00
1,2,174,44,83,655.34,9881.67,89.20000000000005,2.725,0.0,174,543587606,222824105,2025-09-05 16:34:16+00:00
1,2,173,44,85,0.01,9895.93,89.39999999999998,2.715,0.5,173,543586032,222823811,2025-09-05 16:34:21+00:00
1,4,174,44,87,0.01,9909.4,89.39999999999998,2.725,0.0,174,543584609,222823710,2025-09-05 16:34:26+00:00
1,8,174,44,86,0.01,9924.13,89.39999999999998,2.734,0.5,174,543583098,222823163,2025-09-05 16:34:31+00:00
1,10,173,44,88,0.01,9938.29,90.39999999999998,2.753,0.0,173,543581546,222823020,2025-09-05 16:34:36+00:00
1,4,172,44,86,0.01,9949.61,91.0,2.771,0.0,172,543580367,222822829,2025-09-05 16:34:40+00:00
1,5,172,44,83,0.01,9959.8,92.0,2.781,0.0,172,543579260,222822528,2025-09-05 16:34:44+00:00
1,5,172,44,84,0.01,9972.78,94.60000000000002,2.734,0.5,172,543578059,222821789,2025-09-05 16:34:49+00:00
1,1,172,44,87,0.01,9985.77,96.60000000000002,2.715,0.0,172,543576884,222821297,2025-09-05 16:34:55+00:00
1,1,171,44,85,0.01,9993.88,97.39999999999998,2.491,0.0,171,543576122,222822110,2025-09-05 16:34:59+00:00
1,2,173,44,87,0.0,10004.83,96.79999999999995,2.585,0.0,173,543575163,222823022,2025-09-05 16:35:03+00:00
1,2,173,44,87,0.0,10007.61,96.60000000000002,2.622,0.0,173,543574935,222823223,2025-09-05 16:35:04+00:00
1,2,173,44,87,0.0,10010.02,96.60000000000002,2.706,0.0,173,543574703,222823411,2025-09-05 16:35:05+00:00
1,2,141,44,0,0.0,10010.16,96.39999999999998,0.868,0.0,141,543569461,222828427,2025-09-05 16:39:44+00:00
1,1,140,44,0,1.99,10012.97,95.0,0.0,0.0,140,543569097,222828909,2025-09-05 16:39:46+00:00
1,1,140,44,82,1.99,10024.45,93.39999999999998,2.333,0.5,140,543568170,222830129,2025-09-05 16:39:51+00:00
1,1,138,44,83,1.99,10034.85,92.39999999999998,2.622,0.0,138,543567353,222831034,2025-09-05 16:39:55+00:00
1,0,135,44,85,1.99,10039.67,92.20000000000005,2.454,0.0,135,543566992,222831542,2025-09-05 16:39:57+00:00
1,0,134,44,86,1.99,10046.1,92.39999999999998,2.445,0.5,134,543566574,222832426,2025-09-05 16:40:00+00:00
1,0,137,44,84,1.99,10055.46,95.0,2.305,0.5,137,543566384,222833870,2025-09-05 16:40:04+00:00
1,0,138,44,84,1.99,10060.26,96.0,2.351,0.5,138,543566538,222834670,2025-09-05 16:40:06+00:00
1,0,141,44,87,1.99,10073.95,98.20000000000005,2.473,0.0,141,543566615,222836709,2025-09-05 16:40:11+00:00
1,0,144,44,87,1.99,10082.16,98.20000000000005,2.594,0.0,144,543566590,222837896,2025-09-05 16:40:14+00:00
1,0,146,44,86,655.34,10089.64,97.60000000000002,2.622,0.0,146,543566511,222839096,2025-09-05 16:40:17+00:00
1,0,149,44,87,0.0,10097.15,96.79999999999995,2.613,0.0,149,543566406,222840229,2025-09-05 16:40:20+00:00
1,0,149,44,88,0.0,10100.43,96.39999999999998,2.603,0.0,149,543566416,222840733,2025-09-05 16:40:21+00:00
1,0,151,44,87,0.0,10112.25,96.20000000000005,2.641,0.0,151,543566503,222842618,2025-09-05 16:40:26+00:00
1,0,153,44,87,0.0,10122.01,95.60000000000002,2.575,0.0,153,543566390,222844193,2025-09-05 16:40:30+00:00
1,1,154,44,87,0.0,10134.35,96.20000000000005,2.603,0.0,154,543566349,222845885,2025-09-05 16:40:34+00:00
1,1,155,44,88,0.0,10147.45,97.79999999999995,2.622,0.0,155,543566198,222847953,2025-09-05 16:40:39+00:00
1,1,157,44,87,0.0,10161.63,98.20000000000005,2.65,0.0,157,543566301,222849999,2025-09-05 16:40:44+00:00
1,1,158,44,88,0.0,10171.86,99.20000000000005,2.65,0.0,158,543566227,222851635,2025-09-05 16:40:48+00:00
1,1,159,44,88,0.0,10183.31,99.39999999999998,2.659,0.0,159,543566303,222853356,2025-09-05 16:40:52+00:00
1,1,160,44,87,0.0,10198.41,99.60000000000002,2.678,0.0,160,543566234,222855638,2025-09-05 16:40:58+00:00
1,1,161,44,88,0.0,10209.73,99.0,2.678,0.0,161,543566202,222857250,2025-09-05 16:41:02+00:00
1,1,162,44,88,,10222.73,98.60000000000002,2.669,0.0,162,543566342,222859364,2025-09-05 16:41:07+00:00
1,1,163,44,87,0.0,10238.97,98.39999999999998,2.678,0.0,163,543566504,222861790,2025-09-05 16:41:13+00:00
1,1,163,44,87,3.63,10249.56,97.39999999999998,2.678,0.0,163,543566899,222863386,2025-09-05 16:41:17+00:00
1,2,163,44,86,0.0,10267.76,98.20000000000005,2.697,0.0,163,543567128,222866005,2025-09-05 16:41:24+00:00
1,2,164,44,88,0.0,10280.48,99.0,2.678,0.0,164,543567101,222868017,2025-09-05 16:41:29+00:00
1,1,165,44,88,655.25,10296.62,98.20000000000005,2.697,0.0,165,543567123,222870415,2025-09-05 16:41:34+00:00
1,1,164,44,87,655.25,10312.7,97.0,2.725,0.0,164,543567293,222872847,2025-09-05 16:41:40+00:00
1,1,164,44,87,0.0,10325.99,95.60000000000002,2.725,0.0,164,543567335,222874893,2025-09-05 16:41:45+00:00
1,1,165,44,88,0.0,10339.06,94.79999999999995,2.715,0.0,165,543567326,222876920,2025-09-05 16:41:50+00:00
1,1,164,44,88,0.0,10356.1,94.0,2.715,0.5,164,543566882,222879442,2025-09-05 16:41:56+00:00
1,1,164,44,87,0.0,10366.08,94.20000000000005,2.725,0.0,164,543566646,222880894,2025-09-05 16:42:00+00:00
1,1,164,43,88,0.0,10378.7,94.0,2.706,0.0,164,543566229,222882739,2025-09-05 16:42:05+00:00
1,1,164,43,88,0.0,10392.43,92.39999999999998,2.697,0.0,164,543565790,222884817,2025-09-05 16:42:10+00:00
1,1,165,43,87,0.0,10406.94,92.60000000000002,2.706,0.5,165,543565553,222887023,2025-09-05 16:42:15+00:00
1,1,164,43,87,0.0,10414.87,93.20000000000005,2.706,0.0,164,543566158,222887911,2025-09-05 16:42:19+00:00
1,2,164,43,87,0.0,10426.21,93.60000000000002,2.669,0.0,164,543567401,222887822,2025-09-05 16:42:23+00:00
1,1,165,43,88,0.0,10442.8,93.60000000000002,2.678,0.0,165,543569156,222887438,2025-09-05 16:42:29+00:00
1,1,165,43,87,0.0,10452.86,93.0,2.678,0.0,165,543570226,222887139,2025-09-05 16:42:33+00:00
1,1,164,43,88,0.0,10464.98,94.0,2.669,0.0,164,543571538,222887024,2025-09-05 16:42:38+00:00
1,1,164,43,89,655.34,10478.5,94.79999999999995,2.659,0.5,164,543572898,222886939,2025-09-05 16:42:43+00:00
1,1,165,43,88,655.34,10487.89,95.20000000000005,2.631,0.0,165,543573939,222887309,2025-09-05 16:42:47+00:00
1,2,164,43,88,655.34,10500.74,95.0,2.613,0.0,164,543575302,222888193,2025-09-05 16:42:52+00:00
1,2,164,43,87,655.34,10513.46,95.79999999999995,2.669,0.5,164,543576534,222888754,2025-09-05 16:42:56+00:00
1,2,164,43,88,655.34,10525.86,95.60000000000002,2.706,0.0,164,543577660,222889685,2025-09-05 16:43:00+00:00
1,2,165,43,88,655.34,10528.94,95.39999999999998,2.734,0.0,165,543577786,222890174,2025-09-05 16:43:01+00:00
1,2,164,43,87,655.34,10534.92,94.79999999999995,2.753,0.0,164,543577928,222891075,2025-09-05 16:43:03+00:00
1,2,164,43,88,655.34,10549.9,94.0,2.799,0.0,164,543577975,222893342,2025-09-05 16:43:08+00:00
1,2,164,43,87,655.34,10558.45,93.20000000000005,2.809,0.0,164,543578025,222894563,2025-09-05 16:43:11+00:00
1,2,165,43,89,655.34,10566.86,92.39999999999998,2.818,0.0,165,543578014,222895905,2025-09-05 16:43:14+00:00
1,2,166,43,87,655.34,10577.73,92.20000000000005,2.809,0.0,166,543577957,222897527,2025-09-05 16:43:18+00:00
1,2,166,43,88,655.34,10588.05,92.39999999999998,2.79,0.0,166,543577999,222899070,2025-09-05 16:43:22+00:00
1,2,166,43,88,655.34,10598.14,91.39999999999998,2.753,0.5,166,543577990,222900658,2025-09-05 16:43:26+00:00
1,2,167,43,87,655.34,10614.82,91.20000000000005,2.762,0.5,167,543578096,222903226,2025-09-05 16:43:32+00:00
1,1,166,43,89,655.34,10629.21,91.79999999999995,2.743,0.0,166,543578208,222905360,2025-09-05 16:43:37+00:00
1,1,166,43,88,655.34,10637.26,91.79999999999995,2.771,0.5,166,543578377,222906625,2025-09-05 16:43:40+00:00
1,1,167,43,89,655.34,10648.39,91.60000000000002,2.753,0.0,167,543578669,222908278,2025-09-05 16:43:44+00:00
1,1,167,43,89,655.34,10659.63,92.20000000000005,2.762,0.5,167,543578953,222909905,2025-09-05 16:43:48+00:00
1,1,167,43,87,655.34,10672.75,92.60000000000002,2.753,0.5,167,543579163,222911905,2025-09-05 16:43:53+00:00
1,1,166,43,89,0.01,10683.64,92.60000000000002,2.753,0.0,166,543579371,222913548,2025-09-05 16:43:57+00:00
1,1,167,43,88,0.01,10694.55,92.60000000000002,2.753,0.5,167,543579542,222915215,2025-09-05 16:44:01+00:00
1,1,167,43,89,0.01,10705.92,92.20000000000005,2.753,0.0,167,543579759,222916931,2025-09-05 16:44:05+00:00
1,1,167,43,87,0.01,10714.5,91.79999999999995,2.762,0.5,167,543579953,222918173,2025-09-05 16:44:08+00:00
1,1,167,43,87,0.01,10730.81,92.20000000000005,2.762,0.5,167,543580078,222920674,2025-09-05 16:44:14+00:00
1,1,167,43,89,0.01,10744.61,92.0,2.762,0.5,167,543580292,222922719,2025-09-05 16:44:19+00:00
1,1,167,43,88,0.01,10755.17,92.39999999999998,2.762,0.5,167,543580423,222924283,2025-09-05 16:44:23+00:00
1,1,167,43,89,0.01,10763.49,91.79999999999995,2.753,0.0,167,543580512,222925600,2025-09-05 16:44:26+00:00
1,1,167,43,87,0.01,10774.0,91.60000000000002,2.743,0.5,167,543580811,222927154,2025-09-05 16:44:30+00:00
1,1,167,43,88,0.01,10790.94,91.60000000000002,2.743,0.5,167,543581113,222929680,2025-09-05 16:44:36+00:00
1,1,167,43,88,0.01,10799.34,91.79999999999995,2.753,0.5,167,543581221,222931004,2025-09-05 16:44:39+00:00
1,1,166,43,89,0.01,10807.3,91.60000000000002,2.753,0.0,166,543581363,222932121,2025-09-05 16:44:42+00:00
1,1,166,43,88,0.01,10815.38,91.60000000000002,2.743,0.5,166,543581475,222933395,2025-09-05 16:44:45+00:00
1,1,166,43,89,0.01,10825.95,91.79999999999995,2.743,0.0,166,543581634,222934990,2025-09-05 16:44:49+00:00
1,1,166,43,89,0.01,10843.0,91.39999999999998,2.743,0.0,166,543581920,222937513,2025-09-05 16:44:55+00:00
1,1,166,43,87,0.01,10853.18,91.39999999999998,2.743,0.5,166,543582068,222939058,2025-09-05 16:44:59+00:00
1,1,166,43,88,0.01,10861.11,90.60000000000002,2.734,0.0,166,543582060,222940343,2025-09-05 16:45:02+00:00
1,1,166,43,88,0.01,10872.15,90.39999999999998,2.725,0.0,166,543582227,222941981,2025-09-05 16:45:06+00:00
1,1,166,43,89,0.01,10888.39,90.0,2.715,0.0,166,543582285,222944420,2025-09-05 16:45:12+00:00
1,2,166,43,87,,10896.62,89.39999999999998,2.725,0.5,166,543582524,222945710,2025-09-05 16:45:15+00:00
1,2,166,43,90,,10908.21,89.79999999999995,2.725,0.0,166,543582660,222947443,2025-09-05 16:45:19+00:00
1,2,166,43,88,,10919.47,89.20000000000005,2.734,0.5,166,543582774,222949136,2025-09-05 16:45:23+00:00
1,2,166,43,88,,10930.54,89.0,2.734,0.0,166,543582984,222950794,2025-09-05 16:45:27+00:00
1,1,167,43,89,0.01,10943.38,89.0,2.743,0.0,167,543583165,222952776,2025-09-05 16:45:32+00:00
1,1,167,43,90,,10950.97,88.79999999999995,2.725,0.0,167,543583482,222953842,2025-09-05 16:45:35+00:00
1,1,167,43,89,,10962.06,89.20000000000005,2.715,0.5,167,543583735,222955482,2025-09-05 16:45:39+00:00
1,1,167,43,89,0.0,10973.44,89.39999999999998,2.734,0.0,167,543584012,222957123,2025-09-05 16:45:43+00:00
1,1,167,43,88,0.01,10984.79,89.79999999999995,2.743,0.5,167,543584209,222958837,2025-09-05 16:45:47+00:00
1,1,166,43,87,0.01,10999.25,90.39999999999998,2.753,0.5,166,543584512,222960981,2025-09-05 16:45:52+00:00
1,1,167,43,88,0.0,11004.52,90.60000000000002,2.762,0.5,167,543584461,222961779,2025-09-05 16:45:54+00:00
1,1,167,43,88,0.01,11011.41,91.20000000000005,2.753,0.5,167,543584580,222962869,2025-09-05 16:45:57+00:00
1,1,166,43,87,0.01,11019.53,91.39999999999998,2.725,0.5,166,543584646,222964032,2025-09-05 16:46:00+00:00
1,1,166,42,88,0.0,11029.63,91.20000000000005,2.715,0.0,166,543584760,222965601,2025-09-05 16:46:04+00:00
1,1,166,42,88,0.0,11045.53,91.20000000000005,2.687,0.5,166,543584977,222968061,2025-09-05 16:46:10+00:00
1,1,167,42,89,0.0,11053.49,91.0,2.687,0.0,167,543585151,222969218,2025-09-05 16:46:13+00:00
1,1,166,42,87,0.0,11062.26,90.60000000000002,2.669,0.5,166,543585165,222970535,2025-09-05 16:46:18+00:00
1,1,164,42,58,0.0,11073.11,90.0,1.642,0.0,164,543585367,222972168,2025-09-05 16:46:27+00:00
1,1,164,42,59,0.0,11083.08,89.20000000000005,1.568,0.5,164,543585560,222973680,2025-09-05 16:46:35+00:00
1,2,163,42,0,0.0,11094.92,89.39999999999998,1.866,0.0,163,543585768,222975488,2025-09-05 16:46:40+00:00
1,1,162,42,86,0.0,11109.2,89.20000000000005,2.165,0.5,162,543586018,222977594,2025-09-05 16:46:45+00:00
1,1,161,42,88,0.0,11118.92,89.20000000000005,2.379,0.5,161,543585958,222979145,2025-09-05 16:46:48+00:00
1,1,160,42,89,0.01,11127.53,89.39999999999998,2.473,0.0,160,543586141,222980373,2025-09-05 16:46:51+00:00
1,0,157,42,89,0.01,11140.91,89.0,2.538,0.5,157,543586398,222982438,2025-09-05 16:46:56+00:00
1,0,158,42,89,0.01,11152.97,88.79999999999995,2.65,0.0,158,543586647,222984225,2025-09-05 16:47:00+00:00
1,0,159,42,90,0.01,11164.97,88.79999999999995,2.715,0.0,159,543586871,222985995,2025-09-05 16:47:04+00:00
1,1,160,42,90,0.01,11177.34,88.60000000000002,2.799,0.5,160,543587171,222987861,2025-09-05 16:47:08+00:00
1,1,160,42,89,1.99,11188.68,88.79999999999995,2.809,0.5,160,543587222,222989588,2025-09-05 16:47:12+00:00
1,1,161,42,89,1.99,11202.32,89.0,2.715,0.5,161,543587421,222991713,2025-09-05 16:47:17+00:00
1,1,161,42,89,1.99,11210.43,89.60000000000002,2.753,0.0,161,543587642,222992833,2025-09-05 16:47:20+00:00
1,1,161,42,86,1.99,11219.01,89.39999999999998,2.725,0.5,161,543587927,222994135,2025-09-05 16:47:23+00:00
1,2,161,42,88,1.99,11230.43,89.20000000000005,2.781,0.5,161,543588244,222995788,2025-09-05 16:47:27+00:00
1,1,162,42,87,1.99,11243.88,89.79999999999995,2.762,0.5,162,543588112,222997868,2025-09-05 16:47:32+00:00
1,1,163,42,89,0.0,11256.24,90.0,2.79,0.0,163,543587797,222999637,2025-09-05 16:47:36+00:00
1,1,163,42,89,0.0,11271.18,89.39999999999998,2.781,0.0,163,543587813,223001960,2025-09-05 16:47:42+00:00
1,1,162,42,88,0.0,11287.73,88.79999999999995,2.762,0.5,162,543588059,223004418,2025-09-05 16:47:48+00:00
1,1,163,42,89,0.0,11298.57,89.39999999999998,2.762,0.0,163,543588281,223006038,2025-09-05 16:47:52+00:00
1,1,164,42,87,0.0,11309.76,89.20000000000005,2.762,0.5,164,543588455,223007708,2025-09-05 16:47:56+00:00
1,1,165,42,89,0.0,11320.25,88.79999999999995,2.762,0.5,165,543588558,223009364,2025-09-05 16:48:00+00:00
1,1,167,42,89,0.0,11337.39,89.0,2.762,0.5,167,543588947,223011931,2025-09-05 16:48:06+00:00
1,1,167,42,90,655.33,11357.45,89.60000000000002,2.781,0.5,167,543589288,223014914,2025-09-05 16:48:13+00:00
1,1,168,42,88,0.0,11373.42,90.0,2.781,0.5,168,543589541,223017323,2025-09-05 16:48:19+00:00
1,1,167,42,89,0.0,11384.04,89.79999999999995,2.762,0.0,167,543589531,223018970,2025-09-05 16:48:23+00:00
1,1,167,42,88,0.0,11393.85,89.20000000000005,2.762,0.0,167,543589651,223020405,2025-09-05 16:48:27+00:00
1,1,168,42,89,0.0,11404.79,88.79999999999995,2.725,0.0,168,543589934,223022104,2025-09-05 16:48:31+00:00
1,1,167,42,87,0.0,11410.68,89.20000000000005,2.734,0.0,167,543589848,223023019,2025-09-05 16:48:33+00:00
1,1,168,42,88,,11416.34,89.60000000000002,2.734,0.0,168,543589689,223023837,2025-09-05 16:48:35+00:00
1,1,167,42,88,,11427.89,89.79999999999995,2.753,0.0,167,543589450,223025502,2025-09-05 16:48:39+00:00
1,1,169,42,88,0.0,11443.64,89.0,2.753,0.0,169,543589334,223027867,2025-09-05 16:48:45+00:00
1,3,168,42,86,0.0,11452.7,88.79999999999995,2.743,0.5,168,543589493,223029291,2025-09-05 16:48:48+00:00
1,3,168,42,87,0.01,11468.13,88.39999999999998,2.743,0.0,168,543589567,223031658,2025-09-05 16:48:54+00:00
1,1,168,42,88,0.01,11479.31,88.79999999999995,2.743,0.5,168,543589531,223033353,2025-09-05 16:48:58+00:00
1,1,167,42,89,0.01,11490.16,88.79999999999995,2.743,0.0,167,543589474,223034991,2025-09-05 16:49:02+00:00
1,2,168,42,88,0.01,11501.84,88.0,2.743,0.5,168,543589382,223036810,2025-09-05 16:49:06+00:00
1,1,167,42,89,0.01,11518.23,88.39999999999998,2.818,0.5,167,543589091,223039219,2025-09-05 16:49:11+00:00
1,1,167,42,88,0.01,11537.54,89.39999999999998,2.837,0.5,167,543588687,223042108,2025-09-05 16:49:18+00:00
1,1,168,42,90,0.01,11549.2,89.20000000000005,2.827,0.5,168,543588381,223043857,2025-09-05 16:49:22+00:00
1,1,167,42,89,0.01,11566.74,89.0,2.846,0.5,167,543588069,223046466,2025-09-05 16:49:28+00:00
1,1,167,42,89,0.01,11583.52,89.60000000000002,2.855,0.5,167,543587638,223048981,2025-09-05 16:49:34+00:00
1,1,167,42,89,0.01,11597.14,89.60000000000002,2.846,0.0,167,543587355,223051009,2025-09-05 16:49:39+00:00
1,1,167,42,89,0.0,11609.0,89.60000000000002,2.846,0.5,167,543587092,223052767,2025-09-05 16:49:43+00:00
1,2,167,42,89,0.0,11620.01,89.79999999999995,2.846,0.0,167,543586669,223054326,2025-09-05 16:49:47+00:00
1,2,167,42,88,0.0,11631.63,89.79999999999995,2.846,0.5,167,543586217,223055979,2025-09-05 16:49:51+00:00
1,2,167,42,90,0.0,11643.42,90.0,2.855,0.5,167,543585867,223057707,2025-09-05 16:49:55+00:00
1,2,168,42,90,0.0,11654.53,90.0,2.865,0.5,168,543585464,223059314,2025-09-05 16:49:59+00:00
1,2,167,41,89,,11665.44,89.79999999999995,2.865,0.5,167,543585150,223060922,2025-09-05 16:50:03+00:00
1,1,168,41,89,,11674.14,89.60000000000002,2.855,0.5,168,543584893,223062234,2025-09-05 16:50:06+00:00
1,1,167,41,90,,11681.88,89.79999999999995,2.846,0.0,167,543584845,223063346,2025-09-05 16:50:09+00:00
1,1,167,41,89,,11690.4,89.39999999999998,2.827,0.0,167,543584597,223064620,2025-09-05 16:50:12+00:00
1,1,167,41,88,,11701.24,90.0,2.827,0.5,167,543584185,223066180,2025-09-05 16:50:16+00:00
1,1,167,41,88,,11715.09,90.60000000000002,2.818,0.5,167,543583507,223068045,2025-09-05 16:50:21+00:00
1,1,167,41,90,,11727.9,91.0,2.799,0.0,167,543582810,223069680,2025-09-05 16:50:26+00:00
1,1,166,41,89,0.0,11744.08,90.79999999999995,2.762,0.5,166,543581939,223071843,2025-09-05 16:50:32+00:00
1,1,166,41,89,0.0,11756.05,90.60000000000002,2.771,0.5,166,543581286,223073405,2025-09-05 16:50:36+00:00
1,1,165,41,90,0.0,11767.15,90.39999999999998,2.781,0.5,165,543580726,223074864,2025-09-05 16:50:40+00:00
1,1,166,41,90,,11778.37,90.39999999999998,2.79,0.5,166,543580114,223076338,2025-09-05 16:50:44+00:00
1,1,167,41,90,,11789.74,90.60000000000002,2.781,0.5,167,543579446,223077820,2025-09-05 16:50:48+00:00
1,1,167,41,88,,11800.88,91.20000000000005,2.79,0.5,167,543578722,223079139,2025-09-05 16:50:52+00:00
1,1,168,41,89,0.0,11815.01,90.79999999999995,2.781,0.0,168,543577923,223081044,2025-09-05 16:50:57+00:00
1,1,167,41,87,0.0,11829.15,90.60000000000002,2.799,0.5,167,543577135,223082859,2025-09-05 16:51:02+00:00
1,1,168,41,90,0.0,11849.1,89.79999999999995,2.827,0.5,168,543576060,223085499,2025-09-05 16:51:09+00:00
1,1,168,41,90,0.0,11860.06,90.0,2.818,0.5,168,543575514,223086956,2025-09-05 16:51:13+00:00
1,1,169,41,89,0.0,11876.78,89.79999999999995,2.799,0.5,169,543574586,223089197,2025-09-05 16:51:19+00:00
1,1,169,41,89,0.0,11896.4,90.0,2.809,0.5,169,543573497,223091776,2025-09-05 16:51:26+00:00
1,1,169,41,89,0.0,11914.09,90.20000000000005,2.818,0.5,169,543572522,223094049,2025-09-05 16:51:32+00:00
1,1,168,41,90,0.0,11928.62,90.0,2.827,0.0,168,543571585,223095863,2025-09-05 16:51:37+00:00
1,1,168,41,91,0.0,11943.08,89.39999999999998,2.846,0.0,168,543570814,223097723,2025-09-05 16:51:42+00:00
1,1,168,41,89,,11956.71,89.39999999999998,2.846,0.5,168,543570051,223099527,2025-09-05 16:51:47+00:00
1,1,168,41,86,,11973.66,90.0,2.837,0.5,168,543569097,223101691,2025-09-05 16:51:53+00:00
1,1,169,41,89,,11984.86,90.0,2.827,0.0,169,543568431,223103165,2025-09-05 16:51:57+00:00
1,2,169,41,87,,11996.5,90.20000000000005,2.837,0.5,169,543567864,223105185,2025-09-05 16:52:01+00:00
1,2,169,41,88,0.0,12004.42,90.39999999999998,2.827,0.5,169,543567584,223106313,2025-09-05 16:52:04+00:00
1,2,168,41,87,0.0,12006.48,90.39999999999998,2.827,0.0,168,543567482,223106522,2025-09-05 16:52:05+00:00
