107,135,136,143,cadence,cycle_length16,distance,enhanced_altitude,enhanced_speed,fractional_cadence,heart_rate,position_lat,position_long,timestamp
0,0,87,48,0,0.0,1.58,85.39999999999998,1.232,0.0,87,543624477,222661266,2025-07-19 16:54:07+00:00
1,1,89,48,71,0.04,11.3,85.39999999999998,2.37,0.5,89,543625318,222660369,2025-07-19 16:54:11+00:00
1,1,93,48,83,0.05,20.53,85.60000000000002,2.921,0.0,93,543626069,222659572,2025-07-19 16:54:14+00:00
1,1,95,48,83,0.05,23.47,85.60000000000002,3.004,0.5,95,543626363,222659316,2025-07-19 16:54:15+00:00
1,1,100,48,84,0.05,28.46,86.39999999999998,2.958,0.5,100,543626755,222658748,2025-07-19 16:54:17+00:00
1,0,105,48,84,0.05,30.83,86.39999999999998,2.65,0.5,105,543626904,222658467,2025-07-19 16:54:18+00:00
1,0,107,48,85,0.05,33.78,86.60000000000002,2.631,0.5,107,543627144,222658163,2025-07-19 16:54:19+00:00
1,0,110,48,87,0.05,39.08,86.39999999999998,2.687,0.0,110,543627542,222657631,2025-07-19 16:54:21+00:00
1,0,113,48,87,0.05,44.94,86.60000000000002,2.687,0.0,113,543628042,222657081,2025-07-19 16:54:23+00:00
1,0,114,48,87,0.05,47.87,86.39999999999998,2.753,0.0,114,543628358,222656848,2025-07-19 16:54:24+00:00
1,0,117,48,87,0.05,53.55,86.79999999999995,2.781,0.0,117,543628812,222656284,2025-07-19 16:54:26+00:00
1,0,118,48,86,0.05,55.76,86.60000000000002,2.799,0.0,118,543628897,222655981,2025-07-19 16:54:27+00:00
1,0,121,48,86,0.08,64.18,86.20000000000005,2.771,0.5,121,543629554,222655164,2025-07-19 16:54:30+00:00
1,0,122,48,86,0.08,68.6,86.60000000000002,2.771,0.5,122,543629892,222654666,2025-07-19 16:54:32+00:00
1,0,124,48,85,0.08,76.35,86.20000000000005,2.706,0.0,124,543630518,222653821,2025-07-19 16:54:35+00:00
1,0,127,48,86,0.03,86.85,86.0,2.659,0.5,127,543631313,222652696,2025-07-19 16:54:39+00:00
1,0,127,48,85,0.03,89.9,86.20000000000005,2.659,0.5,127,543631607,222652369,2025-07-19 16:54:40+00:00
1,0,129,48,86,0.03,101.06,86.0,2.669,0.0,129,543632508,222651326,2025-07-19 16:54:44+00:00
1,0,132,48,86,0.03,111.98,86.20000000000005,2.715,0.0,132,543633411,222650329,2025-07-19 16:54:48+00:00
1,0,135,48,86,0.03,122.44,86.20000000000005,2.687,0.0,135,543634311,222649295,2025-07-19 16:54:52+00:00
1,0,135,48,86,0.03,125.1,86.60000000000002,2.678,0.0,135,543634522,222649050,2025-07-19 16:54:53+00:00
1,0,136,48,87,0.03,133.75,87.0,2.678,0.0,136,543635288,222648220,2025-07-19 16:54:56+00:00
1,1,138,48,86,0.03,141.43,86.20000000000005,2.687,0.0,138,543635844,222647440,2025-07-19 16:54:59+00:00
1,0,137,48,87,0.03,152.33,85.79999999999995,2.678,0.0,137,543636786,222646414,2025-07-19 16:55:03+00:00
1,0,139,48,87,0.03,159.47,85.39999999999998,2.669,0.0,139,543637267,222645597,2025-07-19 16:55:06+00:00
1,0,140,48,86,0.03,170.78,85.60000000000002,2.669,0.0,140,543638223,222644475,2025-07-19 16:55:10+00:00
1,0,141,48,86,0.03,177.98,85.39999999999998,2.669,0.0,141,543638716,222643665,2025-07-19 16:55:13+00:00
1,1,142,48,85,0.03,189.39,85.39999999999998,2.659,0.0,142,543639736,222642596,2025-07-19 16:55:17+00:00
1,0,142,48,86,0.03,197.6,85.0,2.669,0.0,142,543640237,222641642,2025-07-19 16:55:20+00:00
1,1,143,48,86,0.03,210.72,84.79999999999995,2.678,0.0,143,543641321,222640422,2025-07-19 16:55:25+00:00
1,1,143,48,87,0.03,219.59,85.39999999999998,2.678,0.0,143,543642206,222639707,2025-07-19 16:55:28+00:00
1,1,145,48,89,0.03,227.54,85.79999999999995,2.687,0.5,145,543642724,222638842,2025-07-19 16:55:31+00:00
1,1,145,48,89,0.03,236.87,86.20000000000005,2.706,0.5,145,543643470,222637807,2025-07-19 16:55:34+00:00
1,1,146,48,89,0.03,245.13,86.79999999999995,2.771,0.5,146,543644019,222636900,2025-07-19 16:55:37+00:00
1,1,147,48,89,0.03,253.41,86.60000000000002,2.771,0.5,147,543644631,222635943,2025-07-19 16:55:40+00:00
1,1,149,48,88,0.03,269.84,87.39999999999998,2.762,0.0,149,543645720,222634031,2025-07-19 16:55:46+00:00
1,1,150,48,86,0.03,278.52,87.60000000000002,2.771,0.5,150,543646135,222632810,2025-07-19 16:55:49+00:00
1,1,149,48,88,0.03,289.53,87.20000000000005,2.771,0.0,149,543646570,222631270,2025-07-19 16:55:53+00:00
1,1,150,48,87,0.03,300.32,89.0,2.771,0.0,150,543647120,222629868,2025-07-19 16:55:57+00:00
1,1,149,48,88,0.03,308.9,89.0,2.762,0.0,149,543647518,222628629,2025-07-19 16:56:00+00:00
1,1,149,47,87,0.03,319.29,88.39999999999998,2.762,0.0,149,543647969,222627238,2025-07-19 16:56:04+00:00
1,1,148,47,87,0.03,327.93,88.79999999999995,2.753,0.0,148,543648460,222626029,2025-07-19 16:56:07+00:00
1,1,149,47,86,0.03,336.29,88.79999999999995,2.762,0.0,149,543648760,222624858,2025-07-19 16:56:10+00:00
1,1,150,47,86,0.03,350.28,89.79999999999995,2.771,0.0,150,543649336,222622947,2025-07-19 16:56:15+00:00
1,1,149,47,88,0.03,359.43,89.79999999999995,2.781,0.0,149,543649710,222621615,2025-07-19 16:56:18+00:00
1,1,149,47,87,0.03,370.59,89.0,2.79,0.0,149,543650253,222620146,2025-07-19 16:56:22+00:00
1,1,150,47,87,0.03,378.41,89.20000000000005,2.799,0.0,150,543650649,222619020,2025-07-19 16:56:25+00:00
1,1,150,47,86,0.03,389.31,88.60000000000002,2.79,0.0,150,543651109,222617554,2025-07-19 16:56:29+00:00
1,1,151,47,88,0.03,399.98,89.39999999999998,2.781,0.0,151,543651597,222616076,2025-07-19 16:56:33+00:00
1,2,151,47,86,0.03,408.87,89.0,2.781,0.5,151,543651983,222614812,2025-07-19 16:56:36+00:00
1,1,152,47,88,0.03,419.93,87.39999999999998,2.781,0.0,152,543652439,222613268,2025-07-19 16:56:40+00:00
1,1,153,47,87,0.03,431.65,88.0,2.79,0.0,153,543653029,222611720,2025-07-19 16:56:44+00:00
1,1,153,47,88,0.03,441.0,88.79999999999995,2.809,0.0,153,543653460,222610414,2025-07-19 16:56:47+00:00
1,1,153,47,87,0.03,448.53,88.20000000000005,2.818,0.5,153,543653703,222609326,2025-07-19 16:56:50+00:00
1,1,154,47,88,0.03,463.59,88.60000000000002,2.827,0.0,154,543654358,222607254,2025-07-19 16:56:55+00:00
1,1,153,47,87,0.03,472.48,89.20000000000005,2.846,0.0,153,543654730,222605970,2025-07-19 16:56:58+00:00
1,2,154,47,87,0.03,480.9,88.60000000000002,2.846,0.0,154,543655003,222604770,2025-07-19 16:57:01+00:00
1,2,153,47,87,0.03,494.87,89.39999999999998,2.846,0.0,153,543655702,222602926,2025-07-19 16:57:06+00:00
1,1,153,47,87,0.03,503.46,88.79999999999995,2.855,0.0,153,543656092,222601681,2025-07-19 16:57:09+00:00
1,1,153,47,88,0.03,514.89,89.0,2.855,0.0,153,543656532,222600120,2025-07-19 16:57:13+00:00
1,1,154,47,87,0.03,526.01,89.39999999999998,2.846,0.0,154,543657058,222598605,2025-07-19 16:57:17+00:00
1,1,153,47,87,0.03,534.84,89.20000000000005,2.855,0.0,153,543657461,222597336,2025-07-19 16:57:20+00:00
1,1,154,47,87,0.03,545.85,88.60000000000002,2.846,0.5,154,543657841,222595743,2025-07-19 16:57:24+00:00
1,1,154,47,88,0.03,557.83,89.39999999999998,2.865,0.0,154,543658357,222594133,2025-07-19 16:57:28+00:00
1,1,155,47,87,0.03,566.43,88.79999999999995,2.865,0.0,155,543658762,222592877,2025-07-19 16:57:31+00:00
1,1,155,47,88,0.03,574.8,88.20000000000005,2.865,0.0,155,543659012,222591677,2025-07-19 16:57:34+00:00
1,1,156,47,88,0.03,589.37,88.60000000000002,2.874,0.5,156,543659646,222589657,2025-07-19 16:57:39+00:00
1,1,156,47,87,0.03,598.29,89.0,2.874,0.0,156,543660107,222588435,2025-07-19 16:57:42+00:00
1,1,157,47,87,0.03,609.57,89.0,2.883,0.0,157,543660588,222586893,2025-07-19 16:57:46+00:00
1,1,157,47,87,0.03,624.29,90.39999999999998,2.874,0.0,157,543661367,222584912,2025-07-19 16:57:51+00:00
1,1,157,47,88,0.03,632.81,90.39999999999998,2.883,0.0,157,543661678,222583749,2025-07-19 16:57:54+00:00
1,1,157,47,87,0.03,641.12,89.20000000000005,2.883,0.5,157,543662075,222582543,2025-07-19 16:57:57+00:00
1,1,156,47,87,0.03,655.19,89.39999999999998,2.883,0.5,156,543662629,222580568,2025-07-19 16:58:02+00:00
1,1,156,47,88,0.03,667.45,89.39999999999998,2.883,0.0,156,543663200,222578893,2025-07-19 16:58:06+00:00
1,1,156,47,88,0.03,679.06,90.39999999999998,2.893,0.5,156,543663756,222577305,2025-07-19 16:58:10+00:00
1,1,157,47,89,0.03,687.78,90.0,2.893,0.0,157,543664041,222576113,2025-07-19 16:58:13+00:00
1,1,158,47,88,0.03,696.08,88.79999999999995,2.893,0.5,158,543664342,222574823,2025-07-19 16:58:16+00:00
1,1,158,47,89,0.03,712.26,90.79999999999995,2.921,0.5,158,543665085,222572630,2025-07-19 16:58:21+00:00
1,1,159,47,87,0.03,720.96,91.60000000000002,2.939,0.5,159,543665409,222571468,2025-07-19 16:58:24+00:00
1,1,160,47,88,0.03,729.66,91.0,2.93,0.0,160,543665811,222570149,2025-07-19 16:58:27+00:00
1,1,160,47,87,0.03,739.0,91.60000000000002,2.939,0.5,160,543666108,222568867,2025-07-19 16:58:30+00:00
1,1,160,47,89,0.03,750.09,91.39999999999998,2.939,0.5,160,543666635,222567347,2025-07-19 16:58:34+00:00
1,1,160,47,88,0.03,764.04,91.79999999999995,2.883,0.0,160,543667339,222565511,2025-07-19 16:58:39+00:00
1,1,160,47,87,0.03,775.35,91.79999999999995,2.902,0.5,160,543667780,222563886,2025-07-19 16:58:43+00:00
1,1,160,47,88,0.03,787.23,91.20000000000005,2.883,0.0,160,543668498,222562317,2025-07-19 16:58:47+00:00
1,1,160,47,89,0.03,805.21,91.79999999999995,2.911,0.0,160,543669582,222560048,2025-07-19 16:58:53+00:00
1,1,160,47,88,0.03,817.87,92.39999999999998,2.939,0.0,160,543670407,222558527,2025-07-19 16:58:57+00:00
1,1,160,47,88,0.03,826.41,92.39999999999998,2.948,0.5,160,543670965,222557567,2025-07-19 16:59:00+00:00
1,1,160,47,87,0.03,837.49,91.20000000000005,2.939,0.0,160,543671799,222556345,2025-07-19 16:59:04+00:00
1,1,160,47,88,0.03,851.36,91.39999999999998,2.93,0.0,160,543672719,222554681,2025-07-19 16:59:09+00:00
1,1,160,47,87,0.03,863.6,91.20000000000005,2.921,0.5,160,543673482,222553182,2025-07-19 16:59:13+00:00
1,1,160,47,87,0.03,874.82,90.79999999999995,2.921,0.5,160,543674227,222551819,2025-07-19 16:59:17+00:00
1,1,160,47,89,0.03,889.29,91.39999999999998,2.911,0.0,160,543675203,222550138,2025-07-19 16:59:22+00:00
1,1,161,47,87,0.03,898.11,92.20000000000005,2.921,0.5,161,543675870,222549078,2025-07-19 16:59:25+00:00
1,1,161,47,89,0.03,906.69,92.39999999999998,2.921,0.0,161,543676389,222548064,2025-07-19 16:59:28+00:00
1,1,161,47,87,0.03,916.36,91.79999999999995,2.93,0.5,161,543676985,222546879,2025-07-19 16:59:31+00:00
1,1,162,47,87,0.03,932.97,91.60000000000002,2.921,0.0,162,543678138,222544965,2025-07-19 16:59:37+00:00
1,1,163,47,87,0.03,940.96,90.79999999999995,2.921,0.0,163,543678636,222543921,2025-07-19 16:59:40+00:00
1,1,163,47,86,0.03,955.07,91.0,2.883,0.5,163,543679606,222542219,2025-07-19 16:59:45+00:00
1,1,161,47,88,0.03,967.88,90.79999999999995,2.902,0.0,161,543680441,222540673,2025-07-19 16:59:49+00:00
1,1,161,47,87,0.03,975.96,90.60000000000002,2.911,0.0,161,543680858,222539639,2025-07-19 16:59:52+00:00
1,1,161,47,88,0.03,989.84,90.60000000000002,2.883,0.0,161,543681811,222537992,2025-07-19 16:59:57+00:00
1,1,163,47,89,0.03,1004.95,90.60000000000002,2.902,0.0,163,543682967,222536362,2025-07-19 17:00:02+00:00
1,1,162,47,86,0.03,1015.99,89.79999999999995,2.911,0.5,162,543683676,222535011,2025-07-19 17:00:06+00:00
1,1,163,47,89,0.03,1030.13,88.0,2.874,0.0,163,543684381,222533107,2025-07-19 17:00:11+00:00
1,1,162,47,88,0.03,1045.09,87.79999999999995,2.855,0.0,162,543684925,222531006,2025-07-19 17:00:16+00:00
1,1,162,47,89,0.03,1053.59,88.0,2.902,0.0,162,543685146,222529668,2025-07-19 17:00:19+00:00
1,1,163,47,89,0.03,1067.49,88.39999999999998,2.883,0.0,163,543685537,222527621,2025-07-19 17:00:24+00:00
1,1,163,47,87,0.03,1079.81,89.20000000000005,2.883,0.5,163,543685953,222525861,2025-07-19 17:00:28+00:00
1,1,163,47,88,0.03,1088.74,89.20000000000005,2.902,0.0,163,543686112,222524553,2025-07-19 17:00:31+00:00
1,1,164,47,87,0.03,1097.78,89.0,2.911,0.5,164,543686378,222523228,2025-07-19 17:00:34+00:00
1,1,164,47,88,0.03,1109.21,89.0,2.911,0.0,164,543686599,222521500,2025-07-19 17:00:38+00:00
1,1,164,47,87,0.03,1123.99,90.0,2.911,0.5,164,543687234,222519428,2025-07-19 17:00:43+00:00
1,1,164,47,88,0.03,1132.74,89.79999999999995,2.911,0.0,164,543687397,222518155,2025-07-19 17:00:46+00:00
1,1,164,47,87,0.03,1141.5,89.60000000000002,2.921,0.5,164,543687587,222516783,2025-07-19 17:00:49+00:00
1,1,165,47,89,0.03,1152.82,89.79999999999995,2.921,0.0,165,543687808,222515119,2025-07-19 17:00:53+00:00
1,1,164,47,88,0.03,1167.23,90.60000000000002,2.902,0.5,164,543688281,222513010,2025-07-19 17:00:58+00:00
1,1,164,47,87,0.03,1175.83,90.39999999999998,2.902,0.0,164,543688449,222511782,2025-07-19 17:01:01+00:00
1,1,164,47,88,0.03,1184.57,89.60000000000002,2.902,0.0,164,543688610,222510397,2025-07-19 17:01:04+00:00
1,1,164,47,87,0.03,1198.56,90.20000000000005,2.902,0.5,164,543688919,222508386,2025-07-19 17:01:09+00:00
1,1,164,47,88,0.03,1209.1,90.79999999999995,2.865,0.0,164,543689337,222506858,2025-07-19 17:01:13+00:00
1,1,164,47,86,0.03,1217.44,90.20000000000005,2.855,0.5,164,543689353,222505588,2025-07-19 17:01:16+00:00
1,1,164,47,88,0.03,1229.19,90.0,2.855,0.0,164,543689581,222503822,2025-07-19 17:01:20+00:00
1,1,164,47,87,0.03,1240.66,90.39999999999998,2.855,0.5,164,543689886,222502143,2025-07-19 17:01:24+00:00
1,1,164,47,88,0.03,1248.54,90.79999999999995,2.846,0.0,164,543689949,222500961,2025-07-19 17:01:27+00:00
1,1,165,47,87,0.03,1257.56,89.60000000000002,2.837,0.5,165,543690114,222499542,2025-07-19 17:01:30+00:00
1,1,165,47,88,0.03,1272.8,89.79999999999995,2.865,0.5,165,543690489,222497325,2025-07-19 17:01:35+00:00
1,1,164,47,88,0.03,1283.41,90.79999999999995,2.865,0.5,164,543690728,222495712,2025-07-19 17:01:39+00:00
1,1,164,47,89,0.03,1291.88,89.79999999999995,2.846,0.0,164,543690779,222494475,2025-07-19 17:01:42+00:00
1,1,164,47,87,0.03,1306.0,89.60000000000002,2.837,0.0,164,543691064,222492321,2025-07-19 17:01:47+00:00
1,1,164,47,87,0.03,1318.18,91.0,2.855,0.5,164,543691243,222490547,2025-07-19 17:01:51+00:00
1,1,164,47,89,0.03,1326.95,91.0,2.855,0.0,164,543691401,222489176,2025-07-19 17:01:54+00:00
1,1,164,47,87,0.03,1338.3,90.20000000000005,2.865,0.5,164,543691544,222487479,2025-07-19 17:01:58+00:00
1,1,164,46,88,0.03,1356.48,90.79999999999995,2.874,0.0,164,543692159,222484898,2025-07-19 17:02:04+00:00
1,1,164,46,88,0.03,1364.84,90.79999999999995,2.883,0.5,164,543692428,222483645,2025-07-19 17:02:07+00:00
1,1,165,46,87,0.03,1376.25,89.79999999999995,2.874,0.0,165,543692690,222481955,2025-07-19 17:02:11+00:00
1,1,164,46,87,0.03,1387.9,90.79999999999995,2.883,0.0,164,543693117,222480322,2025-07-19 17:02:15+00:00
1,1,165,46,86,0.03,1399.3,90.20000000000005,2.883,0.0,165,543693427,222478663,2025-07-19 17:02:19+00:00
1,1,164,46,88,0.03,1410.51,89.79999999999995,2.855,0.5,164,543693943,222477057,2025-07-19 17:02:23+00:00
1,1,164,46,87,0.03,1422.76,90.39999999999998,2.893,0.0,164,543694447,222475327,2025-07-19 17:02:27+00:00
1,1,164,46,88,0.03,1431.06,90.39999999999998,2.902,0.0,164,543694687,222474148,2025-07-19 17:02:30+00:00
1,1,164,46,87,0.03,1442.48,89.79999999999995,2.883,0.0,164,543695192,222472545,2025-07-19 17:02:34+00:00
1,1,164,46,87,0.03,1453.18,90.20000000000005,2.874,0.0,164,543695634,222471031,2025-07-19 17:02:38+00:00
1,1,165,46,88,0.03,1464.93,89.60000000000002,2.865,0.5,165,543696060,222469334,2025-07-19 17:02:42+00:00
1,1,165,46,90,0.03,1476.29,88.79999999999995,2.865,0.0,165,543696415,222467682,2025-07-19 17:02:46+00:00
1,1,165,46,88,0.03,1488.39,89.60000000000002,2.911,0.0,165,543696911,222466053,2025-07-19 17:02:50+00:00
1,1,166,46,88,0.03,1497.14,89.60000000000002,2.902,0.0,166,543697354,222464799,2025-07-19 17:02:53+00:00
1,1,166,46,89,0.03,1505.63,90.20000000000005,2.902,0.5,166,543697601,222463628,2025-07-19 17:02:56+00:00
1,1,166,46,88,0.03,1517.18,89.79999999999995,2.874,0.0,166,543698071,222461946,2025-07-19 17:03:00+00:00
1,1,166,46,88,0.03,1528.76,90.39999999999998,2.883,0.0,166,543698605,222460333,2025-07-19 17:03:04+00:00
1,1,166,46,88,0.03,1537.4,91.0,2.883,0.0,166,543698797,222459106,2025-07-19 17:03:07+00:00
1,1,165,46,88,0.03,1545.82,89.60000000000002,2.874,0.0,165,543699085,222457840,2025-07-19 17:03:10+00:00
1,1,164,46,86,0.03,1559.72,89.79999999999995,2.865,0.5,164,543699748,222455931,2025-07-19 17:03:15+00:00
1,1,164,46,88,0.03,1568.83,90.0,2.855,0.0,164,543700027,222454627,2025-07-19 17:03:18+00:00
1,1,165,46,88,0.03,1578.41,89.60000000000002,2.883,0.0,165,543700342,222453169,2025-07-19 17:03:21+00:00
1,1,164,46,88,0.03,1589.65,89.20000000000005,2.893,0.5,164,543700797,222451638,2025-07-19 17:03:25+00:00
1,1,165,46,89,0.03,1607.56,90.39999999999998,2.902,0.0,165,543701472,222449139,2025-07-19 17:03:31+00:00
1,1,166,46,88,0.03,1616.37,90.60000000000002,2.902,0.0,166,543701827,222447805,2025-07-19 17:03:34+00:00
1,1,166,46,88,0.03,1627.04,90.20000000000005,2.883,0.0,166,543702304,222446380,2025-07-19 17:03:38+00:00
1,1,166,46,87,0.03,1642.11,90.39999999999998,2.883,0.5,166,543702858,222444201,2025-07-19 17:03:43+00:00
1,1,167,46,88,0.03,1653.09,89.79999999999995,2.883,0.0,167,543703251,222442636,2025-07-19 17:03:47+00:00
1,1,167,46,87,0.03,1663.76,89.20000000000005,2.865,0.0,167,543703692,222441141,2025-07-19 17:03:51+00:00
1,1,166,46,88,0.03,1677.74,89.0,2.846,0.0,166,543704253,222439119,2025-07-19 17:03:56+00:00
1,1,167,46,88,0.03,1686.22,89.0,2.837,0.0,167,543704655,222438027,2025-07-19 17:03:59+00:00
1,1,167,46,87,0.03,1700.54,89.0,2.837,0.0,167,543705249,222436017,2025-07-19 17:04:04+00:00
1,1,167,46,88,0.03,1712.4,89.20000000000005,2.837,0.0,167,543705660,222434323,2025-07-19 17:04:08+00:00
1,1,167,46,86,0.03,1720.86,88.79999999999995,2.846,0.5,167,543705998,222433056,2025-07-19 17:04:11+00:00
1,1,167,46,88,0.03,1735.68,88.39999999999998,2.846,0.0,167,543706608,222430991,2025-07-19 17:04:16+00:00
1,1,167,46,88,0.03,1747.91,89.60000000000002,2.865,0.5,167,543706986,222429169,2025-07-19 17:04:20+00:00
1,1,167,46,88,0.03,1756.39,89.60000000000002,2.874,0.0,167,543707238,222428006,2025-07-19 17:04:23+00:00
1,1,167,46,88,0.03,1764.87,88.79999999999995,2.874,0.5,167,543707685,222426813,2025-07-19 17:04:26+00:00
1,1,166,46,86,0.03,1779.23,89.60000000000002,2.874,0.5,166,543708204,222424785,2025-07-19 17:04:31+00:00
1,1,167,46,88,0.03,1790.29,89.20000000000005,2.865,0.0,167,543708610,222423142,2025-07-19 17:04:35+00:00
1,1,167,46,87,0.03,1799.45,88.60000000000002,2.865,0.5,167,543708942,222421928,2025-07-19 17:04:38+00:00
1,1,167,46,88,0.03,1808.8,87.79999999999995,2.874,0.5,167,543709481,222420626,2025-07-19 17:04:41+00:00
1,1,167,46,89,0.03,1817.47,87.79999999999995,2.883,0.0,167,543709782,222419392,2025-07-19 17:04:44+00:00
1,1,167,46,89,0.03,1838.09,88.79999999999995,2.902,0.0,167,543710634,222416566,2025-07-19 17:04:51+00:00
1,1,167,46,88,0.03,1847.22,89.39999999999998,2.902,0.0,167,543710940,222415201,2025-07-19 17:04:54+00:00
1,1,168,46,88,0.03,1855.85,89.79999999999995,2.902,0.0,168,543711179,222413960,2025-07-19 17:04:57+00:00
1,2,168,46,88,0.03,1867.3,89.60000000000002,2.911,0.5,168,543711574,222412300,2025-07-19 17:05:01+00:00
1,2,168,46,87,0.03,1884.66,89.60000000000002,2.902,0.5,168,543712242,222409780,2025-07-19 17:05:07+00:00
1,2,169,46,89,0.03,1896.08,90.39999999999998,2.902,0.0,169,543712703,222408186,2025-07-19 17:05:11+00:00
1,1,169,46,88,0.03,1906.6,90.20000000000005,2.883,0.0,169,543713136,222406698,2025-07-19 17:05:15+00:00
1,1,169,46,87,0.03,1923.46,90.20000000000005,2.837,0.5,169,543713826,222404336,2025-07-19 17:05:21+00:00
1,1,169,46,90,0.03,1938.59,91.0,2.865,0.0,169,543714360,222402117,2025-07-19 17:05:26+00:00
1,1,169,46,88,0.03,1947.31,91.60000000000002,2.883,0.0,169,543714548,222400891,2025-07-19 17:05:29+00:00
1,1,169,46,88,0.03,1958.61,91.0,2.874,0.0,169,543714793,222399164,2025-07-19 17:05:33+00:00
1,1,169,46,87,0.03,1972.73,91.0,2.865,0.5,169,543715008,222397060,2025-07-19 17:05:38+00:00
1,1,169,46,87,0.03,1984.52,91.0,2.865,0.5,169,543714973,222395270,2025-07-19 17:05:42+00:00
1,1,170,46,88,0.03,1993.19,90.60000000000002,2.874,0.5,170,543714971,222393859,2025-07-19 17:05:45+00:00
1,1,169,46,87,0.03,2004.53,89.60000000000002,2.874,0.5,169,543715009,222392189,2025-07-19 17:05:49+00:00
1,1,169,46,88,0.0,2019.71,90.20000000000005,2.874,0.0,169,543715154,222389824,2025-07-19 17:05:54+00:00
1,1,170,46,89,0.0,2032.0,90.39999999999998,2.893,0.0,170,543715116,222387924,2025-07-19 17:05:58+00:00
1,1,169,45,88,0.0,2041.14,90.20000000000005,2.911,0.0,169,543715155,222386559,2025-07-19 17:06:01+00:00
1,1,169,45,89,0.0,2053.68,89.20000000000005,2.93,0.0,169,543715178,222384622,2025-07-19 17:06:05+00:00
1,1,169,45,88,0.0,2065.64,89.20000000000005,2.948,0.5,169,543715136,222382769,2025-07-19 17:06:09+00:00
1,1,169,45,90,0.0,2084.88,89.60000000000002,2.967,0.0,169,543715128,222379824,2025-07-19 17:06:15+00:00
1,1,169,45,91,0.0,2107.9,89.20000000000005,3.032,0.0,169,543715171,222376298,2025-07-19 17:06:22+00:00
1,1,170,45,90,0.0,2111.64,89.20000000000005,3.032,0.5,170,543715176,222375782,2025-07-19 17:06:23+00:00
1,1,171,45,91,0.0,2131.27,89.0,3.088,0.0,171,543715289,222372873,2025-07-19 17:06:29+00:00
1,1,171,45,90,0.0,2140.89,88.79999999999995,3.107,0.5,171,543715356,222371335,2025-07-19 17:06:32+00:00
1,1,172,45,91,0.0,2153.97,89.0,3.135,0.0,172,543715539,222369395,2025-07-19 17:06:36+00:00
1,1,172,45,91,0.0,2166.55,89.60000000000002,3.144,0.0,172,543715745,222367483,2025-07-19 17:06:40+00:00
1,1,172,45,90,0.0,2176.28,91.20000000000005,3.154,0.5,172,543715823,222366022,2025-07-19 17:06:43+00:00
1,1,172,45,92,0.0,2186.81,91.60000000000002,3.182,0.0,172,543716163,222364466,2025-07-19 17:06:46+00:00
1,1,172,45,93,0.0,2199.49,91.60000000000002,3.2,0.0,172,543716673,222362648,2025-07-19 17:06:50+00:00
1,1,172,45,91,0.0,2211.4,91.20000000000005,3.21,0.0,172,543717115,222360912,2025-07-19 17:06:54+00:00
1,1,173,45,88,0.0,2224.47,91.60000000000002,3.21,0.5,173,543717559,222359010,2025-07-19 17:06:58+00:00
1,1,174,45,90,0.0,2236.65,91.20000000000005,3.219,0.0,174,543718000,222357310,2025-07-19 17:07:02+00:00
1,1,173,45,90,0.0,2248.46,90.39999999999998,3.2,0.5,173,543718377,222355599,2025-07-19 17:07:06+00:00
1,1,174,45,90,0.0,2260.3,90.20000000000005,3.172,0.5,174,543718776,222353802,2025-07-19 17:07:10+00:00
1,1,173,45,87,0.0,2271.89,91.39999999999998,3.163,0.5,173,543718994,222352127,2025-07-19 17:07:14+00:00
1,1,173,45,89,0.0,2283.12,91.0,3.088,0.5,173,543719298,222350436,2025-07-19 17:07:18+00:00
1,1,173,45,88,0.0,2305.31,91.60000000000002,3.098,0.5,173,543719705,222347147,2025-07-19 17:07:25+00:00
1,1,174,45,89,0.0,2325.58,90.0,3.088,0.5,174,543720101,222344061,2025-07-19 17:07:32+00:00
1,1,174,45,90,0.0,2346.86,89.20000000000005,3.06,0.5,174,543720296,222340804,2025-07-19 17:07:39+00:00
1,1,175,45,90,0.0,2352.75,88.79999999999995,3.06,0.5,175,543720335,222339907,2025-07-19 17:07:41+00:00
1,1,174,45,90,0.0,2371.78,88.20000000000005,3.06,0.5,174,543720412,222337031,2025-07-19 17:07:47+00:00
1,1,173,45,91,0.0,2383.76,87.39999999999998,3.07,0.5,173,543720446,222335181,2025-07-19 17:07:51+00:00
1,1,173,45,91,0.0,2393.19,87.0,3.07,0.5,173,543720442,222333674,2025-07-19 17:07:54+00:00
1,1,174,45,90,0.0,2403.44,87.20000000000005,3.079,0.5,174,543720335,222332182,2025-07-19 17:07:57+00:00
1,1,173,45,89,0.0,2413.52,87.0,3.098,0.5,173,543720294,222330595,2025-07-19 17:08:00+00:00
1,1,174,45,89,0.0,2426.09,86.60000000000002,3.126,0.5,174,543720245,222328704,2025-07-19 17:08:04+00:00
1,1,175,45,88,0.0,2436.78,86.79999999999995,3.107,0.5,175,543720306,222327060,2025-07-19 17:08:08+00:00
1,1,175,45,89,0.0,2458.16,88.0,3.088,0.5,175,543720471,222323801,2025-07-19 17:08:15+00:00
1,1,174,45,89,0.0,2479.1,88.39999999999998,3.079,0.5,174,543720573,222320665,2025-07-19 17:08:22+00:00
1,1,175,45,90,0.0,2485.47,89.0,3.07,0.5,175,543720618,222319688,2025-07-19 17:08:24+00:00
1,1,174,45,88,0.0,2501.24,89.39999999999998,3.079,0.5,174,543720659,222317273,2025-07-19 17:08:29+00:00
1,1,175,45,89,0.0,2510.1,90.20000000000005,3.079,0.5,175,543720580,222315935,2025-07-19 17:08:32+00:00
1,1,175,45,87,0.0,2523.13,90.60000000000002,3.088,0.0,175,543720607,222314056,2025-07-19 17:08:36+00:00
1,1,175,45,87,0.0,2531.87,91.0,3.079,0.0,175,543720660,222312654,2025-07-19 17:08:39+00:00
1,1,175,45,88,0.0,2540.09,91.20000000000005,3.07,0.5,175,543720688,222311427,2025-07-19 17:08:42+00:00
1,1,174,45,89,0.0,2549.59,91.0,3.07,0.5,174,543720788,222309881,2025-07-19 17:08:45+00:00
1,1,174,45,89,0.0,2558.48,90.79999999999995,3.07,0.0,174,543720854,222308603,2025-07-19 17:08:48+00:00
1,1,175,45,89,0.0,2569.97,90.60000000000002,3.06,0.5,175,543720977,222306821,2025-07-19 17:08:52+00:00
1,1,175,45,88,0.0,2581.06,90.60000000000002,3.032,0.5,175,543721117,222305083,2025-07-19 17:08:56+00:00
1,1,175,45,89,0.0,2593.92,90.20000000000005,3.023,0.5,175,543721135,222303095,2025-07-19 17:09:00+00:00
1,1,175,44,90,0.0,2616.33,89.39999999999998,3.051,0.0,175,543721291,222299699,2025-07-19 17:09:07+00:00
1,1,175,44,90,0.0,2622.19,89.20000000000005,3.051,0.0,175,543721317,222298884,2025-07-19 17:09:09+00:00
1,1,175,44,91,0.0,2637.23,90.60000000000002,3.042,0.0,175,543721210,222296567,2025-07-19 17:09:14+00:00
1,1,175,44,90,0.0,2649.76,91.60000000000002,3.06,0.5,175,543721283,222294719,2025-07-19 17:09:18+00:00
1,1,175,44,90,0.0,2660.02,92.60000000000002,3.032,0.5,175,543721328,222292996,2025-07-19 17:09:22+00:00
1,1,175,44,90,0.0,2679.99,93.39999999999998,3.032,0.5,175,543721407,222290007,2025-07-19 17:09:28+00:00
1,1,174,44,89,0.0,2697.61,93.20000000000005,3.042,0.5,174,543721497,222287282,2025-07-19 17:09:34+00:00
1,1,175,44,89,0.0,2717.13,92.39999999999998,3.06,0.0,175,543721728,222284324,2025-07-19 17:09:40+00:00
1,1,174,44,89,0.0,2729.56,92.60000000000002,3.07,0.0,174,543721854,222282463,2025-07-19 17:09:44+00:00
1,1,175,44,90,0.0,2745.03,92.39999999999998,3.079,0.0,175,543721963,222280124,2025-07-19 17:09:49+00:00
1,1,176,44,90,0.0,2757.64,92.0,3.088,0.5,176,543722067,222278211,2025-07-19 17:09:53+00:00
1,1,176,44,91,0.0,2769.38,91.20000000000005,3.088,0.0,176,543722177,222276435,2025-07-19 17:09:57+00:00
1,1,177,44,92,0.0,2787.06,89.79999999999995,3.06,0.0,177,543722215,222273690,2025-07-19 17:10:03+00:00
1,1,175,44,90,0.0,2805.85,89.60000000000002,3.07,0.5,175,543722275,222270817,2025-07-19 17:10:09+00:00
1,1,174,44,88,0.0,2820.76,91.20000000000005,3.07,0.5,174,543722431,222268559,2025-07-19 17:10:14+00:00
1,1,175,44,90,0.0,2835.88,91.39999999999998,3.06,0.0,175,543722624,222266280,2025-07-19 17:10:19+00:00
1,1,175,44,90,0.0,2851.2,90.60000000000002,3.07,0.5,175,543722998,222264046,2025-07-19 17:10:24+00:00
1,1,175,44,89,0.0,2862.57,90.39999999999998,3.042,0.5,175,543723165,222262292,2025-07-19 17:10:28+00:00
1,1,175,44,90,0.0,2878.21,88.79999999999995,3.032,0.0,175,543723368,222259923,2025-07-19 17:10:33+00:00
1,1,175,44,90,0.0,2897.08,88.20000000000005,3.06,0.5,175,543723768,222257087,2025-07-19 17:10:39+00:00
1,1,175,44,91,0.0,2912.62,88.0,3.07,0.5,175,543723997,222254762,2025-07-19 17:10:44+00:00
1,1,176,44,90,0.0,2928.98,88.39999999999998,3.088,0.5,176,543724253,222252281,2025-07-19 17:10:49+00:00
1,1,176,44,92,0.0,2938.9,89.0,3.098,0.0,176,543724355,222250867,2025-07-19 17:10:52+00:00
1,1,177,44,91,0.0,2947.71,89.60000000000002,3.107,0.0,177,543724557,222249465,2025-07-19 17:10:55+00:00
1,1,176,44,90,0.0,2960.98,90.0,3.116,0.5,176,543724862,222247518,2025-07-19 17:10:59+00:00
1,1,176,44,90,0.0,2969.76,90.60000000000002,3.126,0.5,176,543725043,222246283,2025-07-19 17:11:02+00:00
1,1,176,44,90,0.0,2979.34,91.60000000000002,3.116,0.5,176,543725412,222244848,2025-07-19 17:11:05+00:00
1,1,175,44,90,0.0,2991.25,91.60000000000002,3.126,0.5,175,543725770,222243109,2025-07-19 17:11:09+00:00
1,1,175,44,90,0.0,3000.16,91.39999999999998,3.107,0.5,175,543725900,222241817,2025-07-19 17:11:12+00:00
1,1,175,44,90,0.0,3003.58,91.39999999999998,3.107,0.5,175,543726079,222241298,2025-07-19 17:11:13+00:00
1,1,175,44,90,0.0,3009.74,91.20000000000005,3.107,0.5,175,543726304,222240412,2025-07-19 17:11:15+00:00
1,1,175,44,90,0.0,3018.49,91.60000000000002,3.098,0.5,175,543726530,222239164,2025-07-19 17:11:18+00:00
1,1,176,44,90,0.0,3027.58,91.60000000000002,3.098,0.5,176,543726883,222237819,2025-07-19 17:11:21+00:00
1,1,176,44,89,0.0,3036.79,91.20000000000005,3.088,0.5,176,543727005,222236432,2025-07-19 17:11:24+00:00
1,1,175,44,90,0.0,3048.92,91.0,3.088,0.5,175,543727272,222234640,2025-07-19 17:11:28+00:00
1,1,176,44,90,0.0,3061.54,90.39999999999998,3.088,0.5,176,543727521,222232726,2025-07-19 17:11:32+00:00
1,1,176,44,91,0.0,3074.05,90.39999999999998,3.098,0.0,176,543727897,222230932,2025-07-19 17:11:36+00:00
1,1,176,44,90,0.0,3086.02,90.0,3.088,0.5,176,543728309,222229187,2025-07-19 17:11:40+00:00
1,1,177,44,90,0.07,3100.85,90.0,3.07,0.0,177,543728790,222227004,2025-07-19 17:11:45+00:00
1,1,176,44,90,0.07,3122.57,88.60000000000002,3.07,0.5,176,543729262,222223757,2025-07-19 17:11:52+00:00
1,1,176,44,90,0.07,3125.51,88.60000000000002,3.07,0.5,176,543729361,222223336,2025-07-19 17:11:53+00:00
1,1,177,44,90,0.07,3141.4,88.79999999999995,3.088,0.5,177,543729575,222220924,2025-07-19 17:11:58+00:00
1,1,177,44,91,0.07,3157.37,89.39999999999998,3.088,0.0,177,543729866,222218547,2025-07-19 17:12:03+00:00
1,1,177,44,90,0.07,3169.8,89.39999999999998,3.098,0.5,177,543730146,222216704,2025-07-19 17:12:07+00:00
1,1,177,44,90,0.07,3182.51,90.20000000000005,3.098,0.0,177,543730380,222214806,2025-07-19 17:12:11+00:00
1,0,178,44,90,0.07,3191.94,90.0,3.116,0.5,178,543730669,222213389,2025-07-19 17:12:14+00:00
1,1,178,44,91,0.07,3201.41,90.0,3.116,0.5,178,543730798,222212057,2025-07-19 17:12:17+00:00
1,1,177,44,91,0.07,3210.59,90.0,3.116,0.0,177,543731111,222210669,2025-07-19 17:12:20+00:00
1,1,177,44,90,0.07,3222.67,90.79999999999995,3.116,0.5,177,543731542,222208892,2025-07-19 17:12:24+00:00
1,1,177,44,89,0.07,3232.09,90.60000000000002,3.107,0.0,177,543731713,222207484,2025-07-19 17:12:27+00:00
1,2,177,44,90,0.07,3244.29,90.39999999999998,3.116,0.5,177,543732021,222205693,2025-07-19 17:12:31+00:00
1,2,177,44,90,0.07,3256.43,90.60000000000002,3.098,0.5,177,543732331,222203926,2025-07-19 17:12:35+00:00
1,2,177,44,91,0.07,3265.84,90.39999999999998,3.098,0.5,177,543732622,222202485,2025-07-19 17:12:38+00:00
1,2,177,44,91,0.07,3275.0,91.20000000000005,3.098,0.0,177,543732738,222201170,2025-07-19 17:12:41+00:00
1,2,177,44,90,0.07,3283.82,90.79999999999995,3.098,0.5,177,543733026,222199823,2025-07-19 17:12:44+00:00
1,2,177,44,90,0.07,3293.18,91.20000000000005,3.088,0.5,177,543733184,222198499,2025-07-19 17:12:47+00:00
1,1,176,44,90,0.07,3305.85,91.60000000000002,3.098,0.5,176,543733583,222196710,2025-07-19 17:12:51+00:00
1,1,177,44,90,0.07,3315.27,91.39999999999998,3.098,0.0,177,543733836,222195243,2025-07-19 17:12:54+00:00
1,1,177,44,89,0.07,3324.61,91.39999999999998,3.098,0.5,177,543733982,222193878,2025-07-19 17:12:57+00:00
1,1,178,44,89,0.07,3333.66,91.0,3.098,0.5,178,543734283,222192527,2025-07-19 17:13:00+00:00
1,1,178,44,89,0.07,3345.34,91.20000000000005,3.088,0.5,178,543734564,222190779,2025-07-19 17:13:04+00:00
1,1,177,44,90,0.07,3354.3,91.79999999999995,3.079,0.5,177,543734719,222189502,2025-07-19 17:13:07+00:00
1,1,178,44,88,0.07,3369.21,91.20000000000005,3.06,0.5,178,543735156,222187274,2025-07-19 17:13:12+00:00
1,1,177,44,89,0.07,3383.61,91.39999999999998,3.042,0.5,177,543735625,222185190,2025-07-19 17:13:17+00:00
1,1,177,44,89,0.05,3395.14,91.79999999999995,3.014,0.5,177,543736089,222183576,2025-07-19 17:13:21+00:00
1,1,178,44,88,0.05,3403.67,92.20000000000005,3.004,0.5,178,543736270,222182340,2025-07-19 17:13:24+00:00
1,1,178,44,90,0.05,3412.63,92.39999999999998,2.986,0.5,178,543736569,222180989,2025-07-19 17:13:27+00:00
1,1,178,44,90,0.03,3421.17,92.20000000000005,2.986,0.0,178,543736704,222179752,2025-07-19 17:13:30+00:00
1,1,177,44,89,0.03,3429.66,92.20000000000005,2.976,0.5,177,543736959,222178450,2025-07-19 17:13:33+00:00
1,1,177,44,90,0.03,3439.43,92.60000000000002,2.967,0.0,177,543737082,222177056,2025-07-19 17:13:36+00:00
1,1,177,44,89,0.03,3448.81,92.39999999999998,2.976,0.5,177,543737394,222175639,2025-07-19 17:13:39+00:00
1,1,176,44,89,0.03,3457.55,92.79999999999995,2.976,0.5,176,543737563,222174423,2025-07-19 17:13:42+00:00
1,1,177,44,90,0.03,3466.4,93.0,2.967,0.5,177,543737734,222172980,2025-07-19 17:13:45+00:00
1,1,177,44,90,0.03,3472.89,93.0,2.976,0.5,177,543737939,222172053,2025-07-19 17:13:47+00:00
1,1,177,44,90,0.03,3475.86,93.20000000000005,2.976,0.5,177,543737930,222171628,2025-07-19 17:13:48+00:00
1,1,177,44,90,0.03,3485.97,93.79999999999995,2.995,0.0,177,543738234,222170136,2025-07-19 17:13:51+00:00
1,1,177,44,90,0.03,3497.95,93.60000000000002,3.004,0.5,177,543738491,222168372,2025-07-19 17:13:55+00:00
1,1,178,44,90,0.03,3509.58,93.60000000000002,3.004,0.5,178,543738851,222166688,2025-07-19 17:13:59+00:00
1,1,178,43,90,0.03,3518.68,93.20000000000005,2.995,0.5,178,543739077,222165387,2025-07-19 17:14:02+00:00
1,1,177,43,90,0.03,3527.85,92.79999999999995,3.004,0.0,177,543739346,222164036,2025-07-19 17:14:05+00:00
1,1,176,43,89,0.03,3539.28,92.0,2.995,0.5,176,543739732,222162369,2025-07-19 17:14:09+00:00
1,1,176,43,90,0.03,3547.62,92.0,2.986,0.0,176,543739884,222161150,2025-07-19 17:14:12+00:00
1,1,176,43,90,0.03,3557.29,91.79999999999995,2.986,0.5,176,543740211,222159667,2025-07-19 17:14:15+00:00
1,1,177,43,90,0.03,3566.34,91.60000000000002,2.986,0.5,177,543740375,222158412,2025-07-19 17:14:18+00:00
1,1,176,43,89,0.03,3575.08,91.39999999999998,2.986,0.5,176,543740734,222157053,2025-07-19 17:14:21+00:00
1,1,177,43,90,0.03,3583.57,91.20000000000005,2.986,0.5,177,543740895,222155862,2025-07-19 17:14:24+00:00
1,1,176,43,88,0.03,3592.76,91.79999999999995,2.967,0.5,176,543741167,222154457,2025-07-19 17:14:27+00:00
1,1,176,43,90,0.03,3602.42,92.39999999999998,2.976,0.5,176,543741271,222153065,2025-07-19 17:14:30+00:00
1,1,177,43,90,0.03,3611.14,91.60000000000002,2.986,0.0,177,543741518,222151729,2025-07-19 17:14:33+00:00
1,1,177,43,90,0.03,3620.49,92.20000000000005,2.986,0.5,177,543741663,222150383,2025-07-19 17:14:36+00:00
1,1,177,43,92,0.03,3630.57,92.0,3.032,0.0,177,543742049,222148878,2025-07-19 17:14:39+00:00
1,1,176,43,91,0.03,3640.1,91.39999999999998,3.051,0.5,176,543742238,222147547,2025-07-19 17:14:42+00:00
1,1,177,43,90,0.03,3649.9,91.60000000000002,3.079,0.5,177,543742580,222146075,2025-07-19 17:14:45+00:00
1,1,178,43,91,0.03,3658.75,92.0,3.079,0.5,178,543742819,222144808,2025-07-19 17:14:48+00:00
1,1,177,43,91,0.03,3670.3,92.39999999999998,3.079,0.0,177,543743183,222143132,2025-07-19 17:14:52+00:00
1,1,177,43,89,0.03,3681.8,92.60000000000002,3.042,0.5,177,543743456,222141456,2025-07-19 17:14:56+00:00
1,1,176,43,89,0.03,3691.14,92.60000000000002,3.023,0.5,176,543743784,222140032,2025-07-19 17:14:59+00:00
1,1,177,43,88,0.03,3700.13,92.60000000000002,3.023,0.5,177,543743866,222138752,2025-07-19 17:15:02+00:00
1,4,177,43,89,0.03,3709.09,92.39999999999998,3.023,0.5,177,543744171,222137387,2025-07-19 17:15:05+00:00
1,3,177,43,89,0.03,3721.34,92.60000000000002,3.023,0.5,177,543744588,222135592,2025-07-19 17:15:09+00:00
1,2,178,43,90,0.03,3730.58,92.60000000000002,3.023,0.5,178,543744728,222134291,2025-07-19 17:15:12+00:00
1,2,178,43,90,0.03,3739.81,92.20000000000005,3.023,0.0,178,543744984,222132849,2025-07-19 17:15:15+00:00
1,1,177,43,90,0.03,3749.34,92.60000000000002,3.032,0.5,177,543745157,222131501,2025-07-19 17:15:18+00:00
1,2,178,43,90,0.03,3758.5,92.39999999999998,3.042,0.5,178,543745480,222130106,2025-07-19 17:15:21+00:00
1,2,178,43,89,0.03,3767.65,92.60000000000002,3.042,0.5,178,543745549,222128791,2025-07-19 17:15:24+00:00
1,1,179,43,89,0.03,3776.04,91.39999999999998,3.032,0.5,179,543745768,222127457,2025-07-19 17:15:27+00:00
1,1,179,43,88,0.03,3788.2,91.79999999999995,3.023,0.5,179,543745900,222125634,2025-07-19 17:15:31+00:00
1,1,179,43,89,0.03,3802.92,92.0,3.014,0.0,179,543745882,222123433,2025-07-19 17:15:36+00:00
1,8,178,43,89,0.03,3814.23,92.20000000000005,2.986,0.5,178,543745740,222121651,2025-07-19 17:15:40+00:00
1,5,176,43,89,0.03,3823.08,92.20000000000005,2.986,0.0,176,543745478,222120427,2025-07-19 17:15:43+00:00
1,5,176,43,89,0.03,3832.12,92.39999999999998,2.976,0.5,176,543745307,222119018,2025-07-19 17:15:46+00:00
1,5,176,43,90,0.03,3841.28,92.0,2.976,0.0,176,543744863,222117876,2025-07-19 17:15:49+00:00
1,5,176,43,89,0.03,3850.2,92.0,2.976,0.5,176,543744467,222116554,2025-07-19 17:15:52+00:00
1,2,177,43,90,0.03,3862.99,93.0,2.995,0.5,177,543743857,222114829,2025-07-19 17:15:56+00:00
1,2,177,43,89,0.03,3870.97,93.0,2.995,0.5,177,543743386,222113863,2025-07-19 17:15:59+00:00
1,2,177,43,90,0.03,3879.54,92.20000000000005,2.976,0.0,177,543742924,222112665,2025-07-19 17:16:02+00:00
1,1,178,43,88,0.03,3888.14,92.0,2.967,0.5,178,543742343,222111701,2025-07-19 17:16:05+00:00
1,1,178,43,89,0.03,3897.45,90.79999999999995,2.958,0.5,178,543741779,222110476,2025-07-19 17:16:08+00:00
1,2,177,43,90,0.03,3910.12,90.79999999999995,2.976,0.5,177,543741070,222108841,2025-07-19 17:16:12+00:00
1,1,176,43,90,0.03,3918.89,91.39999999999998,2.976,0.5,176,543740529,222107858,2025-07-19 17:16:15+00:00
1,1,176,43,90,0.03,3928.06,91.79999999999995,2.976,0.0,176,543740003,222106573,2025-07-19 17:16:18+00:00
1,1,176,43,89,0.03,3940.86,90.79999999999995,2.976,0.5,176,543739202,222104980,2025-07-19 17:16:22+00:00
1,1,176,43,90,0.03,3950.42,90.60000000000002,3.004,0.0,176,543738556,222103875,2025-07-19 17:16:25+00:00
1,1,176,43,89,0.03,3963.02,90.20000000000005,3.042,0.5,176,543737834,222102264,2025-07-19 17:16:29+00:00
1,1,176,43,89,0.03,3974.41,91.39999999999998,3.032,0.5,176,543737132,222100803,2025-07-19 17:16:33+00:00
1,1,175,43,90,0.03,3986.67,92.60000000000002,3.032,0.0,175,543736380,222099210,2025-07-19 17:16:37+00:00
1,1,175,43,89,0.03,3999.18,91.79999999999995,3.042,0.5,175,543735636,222097677,2025-07-19 17:16:41+00:00
1,2,176,43,89,0.03,4005.16,91.39999999999998,3.042,0.5,176,543735245,222096899,2025-07-19 17:16:43+00:00
1,2,176,43,89,0.0,4008.39,91.39999999999998,3.042,0.5,176,543735039,222096538,2025-07-19 17:16:44+00:00
1,1,147,43,0,0.0,4008.39,91.79999999999995,0.0,0.0,147,543735622,222096785,2025-07-19 17:18:08+00:00
1,1,147,43,0,0.0,4009.79,91.79999999999995,0.0,0.0,147,543735519,222096628,2025-07-19 17:18:09+00:00
1,2,147,43,0,0.0,4019.28,91.20000000000005,2.529,0.0,147,543734774,222095583,2025-07-19 17:18:12+00:00
1,1,148,43,88,0.0,4035.14,90.39999999999998,3.107,0.0,148,543733799,222093605,2025-07-19 17:18:17+00:00
1,1,149,43,87,0.0,4047.28,90.39999999999998,3.107,0.5,149,543733105,222092090,2025-07-19 17:18:21+00:00
1,1,148,43,88,0.0,4054.79,89.79999999999995,2.771,0.5,148,543732510,222091295,2025-07-19 17:18:24+00:00
1,1,148,43,87,0.0,4066.64,90.20000000000005,2.799,0.5,148,543731686,222089879,2025-07-19 17:18:28+00:00
1,0,151,43,89,0.0,4078.64,90.60000000000002,2.883,0.5,151,543730849,222088495,2025-07-19 17:18:32+00:00
1,0,152,43,89,0.0,4081.5,90.79999999999995,2.883,0.5,152,543730607,222088193,2025-07-19 17:18:33+00:00
1,0,155,43,88,0.0,4090.29,90.39999999999998,2.883,0.5,155,543730042,222087109,2025-07-19 17:18:36+00:00
1,0,157,43,89,0.0,4097.07,90.79999999999995,2.893,0.0,157,543729563,222086344,2025-07-19 17:18:38+00:00
1,0,160,43,89,0.0,4109.05,90.60000000000002,3.042,0.0,160,543728704,222084984,2025-07-19 17:18:42+00:00
1,0,162,43,88,0.0,4117.37,90.60000000000002,2.967,0.5,162,543728083,222084151,2025-07-19 17:18:45+00:00
1,0,162,43,88,0.0,4126.7,90.60000000000002,2.939,0.5,162,543727307,222083133,2025-07-19 17:18:48+00:00
1,1,163,43,88,0.0,4135.82,91.0,2.967,0.5,163,543726573,222082318,2025-07-19 17:18:51+00:00
1,1,164,43,89,0.0,4145.3,91.20000000000005,2.986,0.5,164,543725722,222081434,2025-07-19 17:18:54+00:00
1,1,165,43,90,0.0,4154.32,91.79999999999995,3.004,0.5,165,543724913,222080795,2025-07-19 17:18:57+00:00
1,1,167,43,90,0.0,4163.53,91.39999999999998,3.023,0.5,167,543723973,222080190,2025-07-19 17:19:00+00:00
1,1,169,42,91,0.0,4176.19,91.0,3.023,0.0,169,543722642,222079683,2025-07-19 17:19:04+00:00
1,1,170,42,89,0.0,4185.43,90.79999999999995,3.042,0.0,170,543721711,222079465,2025-07-19 17:19:07+00:00
1,1,170,42,90,0.0,4194.88,90.79999999999995,3.051,0.0,170,543720681,222079121,2025-07-19 17:19:10+00:00
1,1,171,42,91,0.0,4207.68,91.0,3.06,0.5,171,543719328,222078664,2025-07-19 17:19:14+00:00
1,1,172,42,90,0.0,4220.06,90.60000000000002,3.079,0.0,172,543718004,222078453,2025-07-19 17:19:18+00:00
1,1,172,42,88,0.0,4229.63,90.20000000000005,3.098,0.5,172,543717048,222078273,2025-07-19 17:19:21+00:00
1,2,173,42,88,0.0,4238.67,90.39999999999998,3.107,0.5,173,543716069,222077946,2025-07-19 17:19:24+00:00
1,2,174,42,92,0.0,4251.42,90.39999999999998,3.107,0.0,174,543714725,222077577,2025-07-19 17:19:28+00:00
1,2,175,42,90,0.0,4271.18,90.20000000000005,3.154,0.5,175,543712652,222077113,2025-07-19 17:19:34+00:00
1,2,176,42,89,0.0,4283.97,89.79999999999995,3.163,0.5,176,543711275,222076743,2025-07-19 17:19:38+00:00
1,2,175,42,89,0.0,4287.36,89.60000000000002,3.163,0.5,175,543710956,222076920,2025-07-19 17:19:39+00:00
1,2,176,42,88,0.0,4293.8,89.20000000000005,3.182,0.5,176,543710358,222077411,2025-07-19 17:19:41+00:00
1,2,175,42,89,0.0,4306.78,89.20000000000005,3.191,0.5,175,543709198,222078590,2025-07-19 17:19:45+00:00
1,2,176,42,89,0.0,4310.2,89.60000000000002,3.2,0.5,176,543708812,222078649,2025-07-19 17:19:46+00:00
1,2,176,42,90,0.0,4316.31,89.60000000000002,3.2,0.0,176,543708156,222078611,2025-07-19 17:19:48+00:00
1,2,176,42,90,0.0,4319.34,89.60000000000002,3.2,0.5,176,543707848,222078512,2025-07-19 17:19:49+00:00
1,2,176,42,90,0.0,4328.36,90.20000000000005,3.191,0.0,176,543706959,222077782,2025-07-19 17:19:52+00:00
1,2,176,42,90,0.0,4331.53,90.20000000000005,3.191,0.0,176,543706670,222077640,2025-07-19 17:19:53+00:00
1,1,175,42,88,0.0,4341.44,90.0,3.2,0.5,175,543705736,222076825,2025-07-19 17:19:56+00:00
1,1,176,42,89,0.0,4349.52,89.79999999999995,3.191,0.5,176,543704905,222076694,2025-07-19 17:19:59+00:00
1,3,177,42,87,0.0,4361.05,89.20000000000005,3.154,0.5,177,543703769,222077556,2025-07-19 17:20:03+00:00
1,3,178,42,89,0.0,4375.93,89.60000000000002,3.116,0.0,178,543702989,222079480,2025-07-19 17:20:08+00:00
1,4,179,42,87,0.0,4385.48,90.39999999999998,3.107,0.5,179,543702407,222080712,2025-07-19 17:20:11+00:00
1,4,179,42,88,0.0,4394.37,90.20000000000005,3.107,0.0,179,543701934,222081859,2025-07-19 17:20:14+00:00
1,2,177,42,88,0.0,4412.45,90.0,3.088,0.0,177,543700900,222084207,2025-07-19 17:20:20+00:00
1,2,177,42,89,0.0,4424.77,90.39999999999998,3.079,0.0,177,543700161,222085812,2025-07-19 17:20:24+00:00
1,7,178,42,88,0.0,4434.42,90.39999999999998,3.088,0.5,178,543699666,222087031,2025-07-19 17:20:27+00:00
1,8,177,42,86,0.0,4449.73,90.39999999999998,3.088,0.5,177,543698760,222088991,2025-07-19 17:20:32+00:00
1,10,178,42,88,0.0,4462.55,90.79999999999995,3.107,0.5,178,543698091,222090654,2025-07-19 17:20:36+00:00
1,11,179,42,87,0.0,4477.59,90.0,3.107,0.5,179,543697236,222092667,2025-07-19 17:20:41+00:00
1,11,180,42,89,0.0,4490.82,89.60000000000002,3.107,0.5,180,543696493,222094392,2025-07-19 17:20:45+00:00
1,14,181,42,87,0.0,4500.08,89.39999999999998,3.116,0.5,181,543695909,222095559,2025-07-19 17:20:48+00:00
1,14,181,42,88,0.0,4503.04,89.39999999999998,3.116,0.0,181,543695655,222095829,2025-07-19 17:20:49+00:00
1,14,181,42,87,0.0,4508.15,89.20000000000005,3.116,0.0,181,543695140,222096016,2025-07-19 17:20:52+00:00
1,14,181,42,85,0.0,4514.21,88.79999999999995,3.107,0.5,181,543695753,222095622,2025-07-19 17:20:54+00:00
1,14,181,42,85,0.0,4524.61,88.60000000000002,3.098,0.0,181,543696534,222094431,2025-07-19 17:20:57+00:00
1,22,181,42,88,0.0,4537.37,88.79999999999995,3.172,0.0,181,543697239,222092756,2025-07-19 17:21:01+00:00
1,22,181,42,89,0.0,4553.43,89.0,3.154,0.0,181,543698081,222090644,2025-07-19 17:21:06+00:00
1,27,181,42,87,0.0,4562.53,89.60000000000002,3.116,0.5,181,543698453,222089413,2025-07-19 17:21:09+00:00
1,27,181,42,89,0.0,4572.33,90.20000000000005,3.098,0.0,181,543699071,222088097,2025-07-19 17:21:12+00:00
1,23,179,42,89,0.0,4581.89,90.39999999999998,3.163,0.0,179,543699535,222086887,2025-07-19 17:21:15+00:00
1,23,179,42,88,0.0,4593.46,89.79999999999995,3.079,0.0,179,543700179,222085332,2025-07-19 17:21:19+00:00
1,23,179,42,88,0.0,4609.29,90.60000000000002,3.107,0.5,179,543701080,222083345,2025-07-19 17:21:24+00:00
1,29,179,42,89,0.0,4617.9,91.0,3.098,0.0,179,543701586,222082202,2025-07-19 17:21:27+00:00
1,29,179,42,88,0.0,4629.93,91.0,3.06,0.5,179,543702186,222080522,2025-07-19 17:21:31+00:00
1,35,179,42,88,0.0,4639.94,90.79999999999995,3.06,0.0,179,543702751,222079311,2025-07-19 17:21:34+00:00
1,35,179,42,86,0.0,4652.3,90.39999999999998,3.088,0.5,179,543703729,222078005,2025-07-19 17:21:38+00:00
1,35,179,42,89,0.0,4663.48,91.0,3.079,0.0,179,543704508,222076658,2025-07-19 17:21:42+00:00
1,35,179,42,89,0.0,4668.78,91.0,3.042,0.0,179,543705173,222076707,2025-07-19 17:21:44+00:00
1,24,179,42,87,0.0,4675.65,91.0,3.004,0.0,179,543705858,222076985,2025-07-19 17:21:46+00:00
1,10,179,42,88,0.0,4688.91,91.39999999999998,3.07,0.0,179,543707132,222077796,2025-07-19 17:21:50+00:00
1,3,180,42,89,0.0,4708.49,91.79999999999995,3.088,0.0,180,543709118,222078363,2025-07-19 17:21:56+00:00
1,2,180,42,88,0.0,4720.94,92.0,3.098,0.5,180,543710247,222077517,2025-07-19 17:22:00+00:00
1,3,181,42,89,0.0,4731.67,92.20000000000005,3.079,0.5,181,543711295,222076809,2025-07-19 17:22:04+00:00
1,3,181,42,89,0.0,4735.37,92.20000000000005,3.06,0.5,181,543711727,222076965,2025-07-19 17:22:05+00:00
1,2,182,42,88,0.0,4741.63,92.20000000000005,3.07,0.5,182,543712404,222077005,2025-07-19 17:22:07+00:00
1,2,182,42,88,0.0,4753.81,92.0,3.079,0.0,182,543713650,222077365,2025-07-19 17:22:11+00:00
1,3,181,42,87,0.0,4768.36,92.39999999999998,3.06,0.5,181,543715187,222077801,2025-07-19 17:22:16+00:00
1,3,180,42,88,0.0,4781.4,92.79999999999995,3.06,0.0,180,543716548,222078103,2025-07-19 17:22:20+00:00
1,3,179,42,88,0.0,4793.21,92.79999999999995,3.07,0.5,179,543717778,222078484,2025-07-19 17:22:24+00:00
1,3,180,42,89,0.0,4805.19,93.0,3.06,0.0,180,543719068,222078667,2025-07-19 17:22:28+00:00
1,3,180,42,89,0.0,4816.53,92.60000000000002,3.051,0.0,180,543720284,222078947,2025-07-19 17:22:32+00:00
1,2,179,42,88,0.0,4831.09,92.39999999999998,3.014,0.5,179,543721783,222079396,2025-07-19 17:22:37+00:00
1,2,179,42,88,0.0,4842.8,93.20000000000005,3.014,0.0,179,543722986,222079753,2025-07-19 17:22:41+00:00
1,1,177,42,89,0.0,4854.72,93.79999999999995,3.004,0.5,177,543724261,222080233,2025-07-19 17:22:45+00:00
1,1,177,42,89,0.0,4863.45,94.0,2.995,0.5,177,543725153,222080591,2025-07-19 17:22:48+00:00
1,1,176,42,89,0.0,4874.3,94.39999999999998,2.995,0.5,176,543726217,222081392,2025-07-19 17:22:51+00:00
1,2,177,42,89,0.0,4883.6,94.0,3.004,0.0,177,543726999,222082103,2025-07-19 17:22:54+00:00
1,2,177,42,89,0.0,4893.65,93.79999999999995,3.032,0.0,177,543727742,222083194,2025-07-19 17:22:57+00:00
1,2,178,41,90,0.0,4904.95,93.79999999999995,3.032,0.5,178,543728651,222084403,2025-07-19 17:23:01+00:00
1,2,178,41,88,0.0,4918.21,93.39999999999998,2.995,0.5,178,543729565,222085939,2025-07-19 17:23:06+00:00
1,2,178,41,89,0.0,4934.1,93.39999999999998,2.995,0.5,178,543730683,222087688,2025-07-19 17:23:11+00:00
1,3,177,41,89,0.0,4946.25,93.79999999999995,2.995,0.5,177,543731610,222089041,2025-07-19 17:23:15+00:00
1,3,177,41,88,0.0,4958.75,93.0,3.014,0.0,177,543732402,222090545,2025-07-19 17:23:19+00:00
1,3,177,41,90,0.0,4968.24,92.60000000000002,3.014,0.5,177,543733004,222091751,2025-07-19 17:23:22+00:00
1,2,176,41,90,0.0,4976.81,92.0,3.023,0.5,176,543733604,222092686,2025-07-19 17:23:25+00:00
1,2,176,41,88,0.0,4986.8,91.79999999999995,3.032,0.5,176,543734303,222093938,2025-07-19 17:23:28+00:00
1,5,177,41,90,0.0,4995.36,91.60000000000002,3.042,0.0,177,543734857,222094880,2025-07-19 17:23:31+00:00
1,5,177,41,89,0.0,5004.16,91.79999999999995,3.023,0.5,177,543735442,222096086,2025-07-19 17:23:34+00:00
1,5,177,41,88,0.0,5007.23,92.0,3.014,0.5,177,543735588,222096424,2025-07-19 17:23:35+00:00
1,6,178,41,88,0.0,5016.61,91.79999999999995,3.023,0.5,178,543736095,222097684,2025-07-19 17:23:38+00:00
1,2,160,41,0,0.0,5016.61,91.0,0.0,0.0,160,543738096,222102290,2025-07-19 17:24:31+00:00
1,2,160,41,0,0.0,5018.67,91.0,0.0,0.0,160,543738285,222102487,2025-07-19 17:24:32+00:00
1,1,159,41,81,0.0,5024.56,91.0,1.857,0.0,159,543738694,222103216,2025-07-19 17:24:34+00:00
1,9,156,41,88,0.0,5041.56,91.39999999999998,3.247,0.0,156,543739734,222105268,2025-07-19 17:24:39+00:00
1,5,157,41,89,0.0,5059.52,91.60000000000002,3.07,0.0,157,543740759,222107547,2025-07-19 17:24:45+00:00
1,5,157,41,87,0.0,5072.35,92.0,3.098,0.5,157,543741544,222109190,2025-07-19 17:24:49+00:00
1,5,157,41,89,0.0,5081.81,92.0,3.135,0.0,157,543742136,222110424,2025-07-19 17:24:52+00:00
1,0,158,41,87,0.0,5095.08,92.0,3.144,0.5,158,543742939,222112087,2025-07-19 17:24:56+00:00
1,0,159,41,89,0.0,5103.72,91.60000000000002,3.154,0.5,159,543743434,222113164,2025-07-19 17:24:59+00:00
1,1,162,41,89,0.0,5113.11,91.20000000000005,3.107,0.0,162,543743991,222114435,2025-07-19 17:25:02+00:00
1,0,165,41,89,0.0,5122.12,91.20000000000005,3.126,0.5,165,543744419,222115652,2025-07-19 17:25:05+00:00
1,0,166,41,89,0.0,5125.4,91.0,3.116,0.5,166,543744610,222116052,2025-07-19 17:25:06+00:00
1,1,168,41,88,0.0,5140.43,92.0,3.088,0.5,168,543745356,222118047,2025-07-19 17:25:11+00:00
1,1,169,41,89,0.0,5153.07,93.0,3.079,0.5,169,543745770,222119886,2025-07-19 17:25:15+00:00
1,2,170,41,89,0.0,5162.49,93.0,3.107,0.0,170,543746009,222121233,2025-07-19 17:25:18+00:00
1,2,171,41,89,0.0,5175.08,93.39999999999998,3.116,0.5,171,543746266,222123093,2025-07-19 17:25:22+00:00
1,1,173,41,88,0.0,5187.3,93.0,3.116,0.5,173,543746275,222124975,2025-07-19 17:25:26+00:00
1,5,174,41,89,0.0,5202.24,92.20000000000005,3.107,0.5,174,543746152,222127262,2025-07-19 17:25:31+00:00
1,3,175,41,89,0.0,5217.14,92.20000000000005,3.088,0.5,175,543745808,222129508,2025-07-19 17:25:36+00:00
1,3,175,41,89,0.0,5232.86,92.79999999999995,3.079,0.5,175,543745414,222131822,2025-07-19 17:25:41+00:00
1,2,176,41,89,0.0,5248.13,92.60000000000002,3.088,0.5,176,543744946,222134058,2025-07-19 17:25:46+00:00
1,2,176,41,89,0.0,5259.35,92.39999999999998,3.079,0.5,176,543744577,222135686,2025-07-19 17:25:50+00:00
1,2,176,41,89,0.0,5268.44,92.39999999999998,3.07,0.5,176,543744494,222137023,2025-07-19 17:25:53+00:00
1,2,176,41,88,0.0,5277.67,91.79999999999995,3.06,0.5,176,543744150,222138416,2025-07-19 17:25:56+00:00
1,2,176,41,89,0.0,5286.54,91.39999999999998,3.051,0.5,176,543743977,222139705,2025-07-19 17:25:59+00:00
1,2,176,41,90,0.0,5296.25,91.60000000000002,3.051,0.0,176,543743642,222141085,2025-07-19 17:26:02+00:00
1,2,177,41,89,0.0,5308.7,91.39999999999998,3.06,0.5,177,543743223,222142921,2025-07-19 17:26:06+00:00
1,2,176,41,89,0.0,5321.2,91.39999999999998,3.07,0.0,176,543742885,222144740,2025-07-19 17:26:10+00:00
1,2,176,41,89,0.0,5332.64,91.39999999999998,3.06,0.5,176,543742624,222146406,2025-07-19 17:26:14+00:00
1,2,177,41,89,0.0,5347.03,91.0,3.032,0.5,177,543742161,222148563,2025-07-19 17:26:19+00:00
1,2,178,41,89,0.0,5365.0,89.60000000000002,3.004,0.5,178,543741834,222151279,2025-07-19 17:26:25+00:00
1,2,178,41,90,0.0,5382.75,89.60000000000002,3.004,0.0,178,543741396,222153973,2025-07-19 17:26:31+00:00
1,2,178,41,89,0.0,5398.25,90.39999999999998,3.004,0.5,178,543741014,222156200,2025-07-19 17:26:36+00:00
1,3,178,41,90,0.0,5410.81,91.0,3.004,0.0,178,543740620,222158038,2025-07-19 17:26:40+00:00
1,3,177,41,89,0.0,5423.4,91.60000000000002,3.023,0.0,177,543740397,222159937,2025-07-19 17:26:44+00:00
1,3,178,41,89,0.0,5432.96,92.0,3.032,0.5,178,543740087,222161349,2025-07-19 17:26:47+00:00
1,4,177,41,88,0.0,5442.54,91.79999999999995,3.042,0.5,177,543739744,222162663,2025-07-19 17:26:50+00:00
1,2,177,41,89,0.0,5451.36,91.39999999999998,3.051,0.0,177,543739485,222163988,2025-07-19 17:26:53+00:00
1,2,176,41,89,0.0,5472.21,91.39999999999998,3.032,0.5,176,543738944,222167110,2025-07-19 17:27:00+00:00
1,6,177,40,90,0.0,5488.19,91.79999999999995,3.032,0.5,177,543738552,222169486,2025-07-19 17:27:05+00:00
1,9,177,40,89,0.0,5504.24,91.79999999999995,3.051,0.0,177,543738079,222171838,2025-07-19 17:27:10+00:00
1,4,178,40,89,0.0,5516.2,91.20000000000005,3.06,0.5,178,543737777,222173598,2025-07-19 17:27:14+00:00
1,2,179,40,89,0.0,5525.44,91.0,3.06,0.0,179,543737638,222174964,2025-07-19 17:27:17+00:00
1,2,180,40,88,0.0,5535.9,90.79999999999995,3.07,0.5,180,543737330,222176544,2025-07-19 17:27:20+00:00
1,5,180,40,90,0.0,5545.45,91.0,3.098,0.0,180,543737205,222177936,2025-07-19 17:27:23+00:00
1,5,180,40,89,0.0,5558.07,90.0,3.107,0.5,180,543736868,222179804,2025-07-19 17:27:27+00:00
1,5,180,40,89,0.0,5567.42,89.60000000000002,3.116,0.0,180,543736646,222181233,2025-07-19 17:27:30+00:00
1,5,180,40,90,0.0,5579.24,89.20000000000005,3.116,0.5,180,543736299,222182980,2025-07-19 17:27:34+00:00
1,18,181,40,90,0.0,5592.22,89.39999999999998,3.116,0.0,181,543736016,222184901,2025-07-19 17:27:38+00:00
1,18,181,40,89,0.0,5604.56,89.60000000000002,3.116,0.5,181,543735624,222186707,2025-07-19 17:27:42+00:00
1,11,181,40,90,0.0,5617.99,90.0,3.126,0.5,181,543735167,222188628,2025-07-19 17:27:46+00:00
1,5,180,40,91,0.0,5626.75,90.20000000000005,3.135,0.5,180,543735035,222189956,2025-07-19 17:27:49+00:00
1,5,180,40,90,0.0,5637.46,90.39999999999998,3.135,0.5,180,543734715,222191648,2025-07-19 17:27:52+00:00
1,8,180,40,91,0.0,5648.29,90.39999999999998,3.172,0.0,180,543734487,222193125,2025-07-19 17:27:55+00:00
1,10,181,40,90,0.0,5658.03,91.0,3.191,0.5,181,543734147,222194610,2025-07-19 17:27:58+00:00
1,14,181,40,90,0.0,5666.79,91.39999999999998,3.2,0.5,181,543733890,222195840,2025-07-19 17:28:01+00:00
1,14,181,40,90,0.0,5676.67,91.79999999999995,3.191,0.5,181,543733613,222197358,2025-07-19 17:28:04+00:00
1,14,181,40,91,0.0,5686.12,91.39999999999998,3.2,0.0,181,543733435,222198731,2025-07-19 17:28:07+00:00
1,14,181,40,91,0.0,5698.9,91.0,3.2,0.5,181,543733109,222200632,2025-07-19 17:28:11+00:00
1,22,181,40,90,0.0,5708.88,91.39999999999998,3.21,0.5,181,543732706,222202096,2025-07-19 17:28:14+00:00
1,21,182,40,89,0.0,5717.72,92.0,3.21,0.0,182,543732584,222203377,2025-07-19 17:28:17+00:00
1,23,181,40,90,0.0,5730.18,92.60000000000002,3.191,0.5,181,543732313,222205246,2025-07-19 17:28:21+00:00
1,23,182,40,91,0.0,5740.07,92.79999999999995,3.191,0.0,182,543732006,222206771,2025-07-19 17:28:24+00:00
1,23,182,40,92,0.0,5753.87,92.39999999999998,3.219,0.0,182,543731758,222208769,2025-07-19 17:28:28+00:00
1,15,181,40,90,0.0,5772.36,91.79999999999995,3.21,0.5,181,543731213,222211537,2025-07-19 17:28:34+00:00
1,9,181,40,91,0.0,5788.47,91.39999999999998,3.219,0.0,181,543730869,222213932,2025-07-19 17:28:39+00:00
1,10,181,40,92,0.0,5802.21,90.79999999999995,3.219,0.0,181,543730495,222215958,2025-07-19 17:28:43+00:00
1,12,181,40,91,0.0,5815.35,90.79999999999995,3.294,0.0,181,543730102,222217834,2025-07-19 17:28:47+00:00
1,3,182,40,91,0.0,5827.82,91.39999999999998,3.256,0.5,182,543729796,222219692,2025-07-19 17:28:51+00:00
1,3,182,40,91,0.0,5836.35,92.0,3.228,0.0,182,543729595,222220933,2025-07-19 17:28:54+00:00
1,6,182,40,90,0.0,5848.42,92.0,3.2,0.5,182,543729299,222222738,2025-07-19 17:28:58+00:00
1,7,183,40,90,0.0,5860.78,92.39999999999998,3.182,0.0,183,543729063,222224590,2025-07-19 17:29:02+00:00
1,7,183,40,90,0.0,5869.85,92.20000000000005,3.172,0.5,183,543728774,222225971,2025-07-19 17:29:05+00:00
1,3,182,40,90,0.0,5882.89,92.0,3.163,0.0,182,543728436,222227892,2025-07-19 17:29:09+00:00
1,3,182,40,90,0.0,5896.49,92.60000000000002,3.172,0.5,182,543728077,222229885,2025-07-19 17:29:13+00:00
1,3,182,40,91,0.0,5905.95,93.0,3.182,0.0,182,543727804,222231244,2025-07-19 17:29:16+00:00
1,3,182,40,91,0.0,5915.49,93.0,3.191,0.5,182,543727561,222232753,2025-07-19 17:29:19+00:00
1,9,181,40,90,0.0,5924.75,92.60000000000002,3.191,0.5,181,543727462,222234072,2025-07-19 17:29:22+00:00
1,6,182,40,89,0.0,5934.02,92.20000000000005,3.182,0.0,182,543727143,222235430,2025-07-19 17:29:25+00:00
1,4,183,40,88,0.0,5942.38,92.60000000000002,3.135,0.5,183,543726910,222236669,2025-07-19 17:29:28+00:00
1,4,183,40,90,0.0,5954.52,93.60000000000002,3.107,0.0,183,543726617,222238496,2025-07-19 17:29:32+00:00
1,3,181,40,89,0.0,5970.58,94.0,3.107,0.5,181,543726214,222240893,2025-07-19 17:29:37+00:00
1,6,181,40,89,0.0,5989.78,93.60000000000002,3.135,0.5,181,543725765,222243713,2025-07-19 17:29:43+00:00
1,10,180,40,88,0.0,6005.39,93.0,3.135,0.5,180,543725421,222246077,2025-07-19 17:29:48+00:00
1,11,181,40,89,0.0,6008.7,93.0,3.135,0.5,181,543725332,222246551,2025-07-19 17:29:49+00:00
1,0,152,40,0,0.0,6008.7,91.39999999999998,0.0,0.0,152,543724962,222247846,2025-07-19 17:31:14+00:00
1,0,152,40,0,0.0,6010.11,91.39999999999998,0.0,0.0,152,543724945,222248038,2025-07-19 17:31:15+00:00
1,0,152,40,79,0.0,6020.16,91.0,2.669,0.0,152,543724798,222249531,2025-07-19 17:31:19+00:00
1,0,152,40,83,0.0,6028.74,90.20000000000005,2.697,0.5,152,543724615,222250925,2025-07-19 17:31:22+00:00
1,1,152,40,87,0.0,6042.74,90.0,2.837,0.0,152,543724314,222252970,2025-07-19 17:31:27+00:00
1,0,150,40,88,0.0,6053.7,90.39999999999998,2.79,0.0,150,543724095,222254601,2025-07-19 17:31:31+00:00
1,0,150,40,88,0.0,6062.12,89.79999999999995,2.79,0.0,150,543723937,222255786,2025-07-19 17:31:34+00:00
1,0,151,40,88,0.0,6069.87,90.0,2.79,0.0,151,543723749,222256973,2025-07-19 17:31:37+00:00
1,1,154,40,88,0.0,6084.39,90.39999999999998,2.743,0.5,154,543723451,222259174,2025-07-19 17:31:42+00:00
1,0,157,40,89,0.0,6090.25,90.60000000000002,2.809,0.0,157,543723340,222260099,2025-07-19 17:31:44+00:00
1,1,160,40,89,0.0,6099.45,91.0,2.874,0.0,160,543723179,222261375,2025-07-19 17:31:47+00:00
1,1,160,40,88,23.4,6109.81,91.39999999999998,2.865,0.5,160,543723089,222262927,2025-07-19 17:31:51+00:00
1,1,161,40,87,23.4,6117.38,91.20000000000005,2.799,0.5,161,543723040,222264206,2025-07-19 17:31:54+00:00
1,1,162,40,88,23.4,6126.73,90.60000000000002,2.79,0.5,162,543722948,222265570,2025-07-19 17:31:57+00:00
1,1,165,40,89,23.4,6132.6,90.60000000000002,2.818,0.0,165,543722877,222266485,2025-07-19 17:31:59+00:00
1,1,166,40,87,23.4,6143.37,91.0,2.818,0.5,166,543722808,222268124,2025-07-19 17:32:03+00:00
1,1,168,40,88,23.4,6157.14,90.0,2.818,0.0,168,543722649,222270203,2025-07-19 17:32:08+00:00
1,5,169,40,89,23.4,6169.05,89.79999999999995,2.799,0.0,169,543722618,222272016,2025-07-19 17:32:12+00:00
1,5,171,40,88,23.4,6189.03,90.60000000000002,2.818,0.5,171,543722525,222275069,2025-07-19 17:32:19+00:00
1,2,171,40,87,0.0,6202.85,90.79999999999995,2.827,0.5,171,543722335,222277176,2025-07-19 17:32:24+00:00
1,1,172,40,89,0.0,6213.36,90.60000000000002,2.809,0.0,172,543722361,222278819,2025-07-19 17:32:28+00:00
1,2,172,40,87,0.0,6224.89,90.79999999999995,2.809,0.5,172,543722249,222280535,2025-07-19 17:32:32+00:00
1,3,173,40,88,0.0,6239.94,90.79999999999995,2.809,0.0,173,543722168,222282807,2025-07-19 17:32:37+00:00
1,3,173,40,89,0.0,6253.08,91.39999999999998,2.827,0.0,173,543722098,222284865,2025-07-19 17:32:42+00:00
1,1,173,40,89,0.0,6265.16,91.60000000000002,2.818,0.0,173,543721961,222286642,2025-07-19 17:32:46+00:00
1,1,173,40,89,0.0,6276.1,91.79999999999995,2.818,0.5,173,543722006,222288336,2025-07-19 17:32:50+00:00
1,2,173,40,88,0.0,6290.54,92.39999999999998,2.827,0.5,173,543721981,222290575,2025-07-19 17:32:55+00:00
1,2,174,39,88,0.0,6307.67,93.79999999999995,2.827,0.0,174,543721906,222293132,2025-07-19 17:33:01+00:00
1,2,174,39,88,0.0,6318.42,93.60000000000002,2.827,0.5,174,543721857,222294805,2025-07-19 17:33:05+00:00
1,2,174,39,88,0.0,6332.8,93.20000000000005,2.818,0.5,174,543721613,222296980,2025-07-19 17:33:10+00:00
1,2,175,39,89,0.0,6344.61,92.60000000000002,2.827,0.0,175,543721586,222298731,2025-07-19 17:33:14+00:00
1,2,175,39,88,0.0,6355.91,91.79999999999995,2.837,0.5,175,543721527,222300458,2025-07-19 17:33:18+00:00
1,2,175,39,89,0.0,6370.08,91.0,2.837,0.0,175,543721417,222302626,2025-07-19 17:33:23+00:00
1,1,176,39,90,0.0,6384.34,90.39999999999998,2.846,0.0,176,543721380,222304818,2025-07-19 17:33:28+00:00
1,1,176,39,89,0.0,6401.77,90.39999999999998,2.846,0.5,176,543721350,222307464,2025-07-19 17:33:34+00:00
1,1,177,39,89,0.0,6409.96,90.39999999999998,2.846,0.0,177,543721313,222308730,2025-07-19 17:33:37+00:00
1,1,177,39,88,0.0,6420.96,90.79999999999995,2.837,0.5,177,543721254,222310423,2025-07-19 17:33:41+00:00
1,2,177,39,89,0.0,6433.31,90.0,2.846,0.0,177,543721157,222312236,2025-07-19 17:33:45+00:00
1,2,176,39,89,0.0,6443.98,90.0,2.846,0.5,176,543721187,222313908,2025-07-19 17:33:49+00:00
1,5,176,39,87,0.0,6458.25,90.0,2.846,0.5,176,543721102,222316085,2025-07-19 17:33:54+00:00
1,6,177,39,89,0.0,6469.46,89.79999999999995,2.837,0.5,177,543721052,222317809,2025-07-19 17:33:58+00:00
1,6,177,39,87,0.0,6481.59,90.39999999999998,2.846,0.5,177,543720885,222319662,2025-07-19 17:34:02+00:00
1,6,177,39,89,0.0,6489.75,90.60000000000002,2.855,0.5,177,543720902,222320826,2025-07-19 17:34:05+00:00
1,9,178,39,88,0.0,6501.03,90.39999999999998,2.846,0.5,178,543720832,222322579,2025-07-19 17:34:09+00:00
1,3,177,39,89,0.0,6516.09,89.60000000000002,2.865,0.0,177,543720878,222324857,2025-07-19 17:34:14+00:00
1,2,176,39,87,0.0,6527.45,90.0,2.874,0.5,176,543720750,222326545,2025-07-19 17:34:18+00:00
1,2,176,39,88,0.0,6535.89,90.60000000000002,2.874,0.0,176,543720619,222327888,2025-07-19 17:34:21+00:00
1,2,176,39,88,0.0,6543.6,90.20000000000005,2.855,0.0,176,543720743,222328999,2025-07-19 17:34:24+00:00
1,2,176,39,89,0.0,6552.07,90.20000000000005,2.846,0.0,176,543720735,222330356,2025-07-19 17:34:27+00:00
1,2,176,39,89,0.0,6560.6,90.0,2.846,0.0,176,543720712,222331614,2025-07-19 17:34:30+00:00
1,2,177,39,89,0.0,6575.39,90.20000000000005,2.855,0.5,177,543720687,222333855,2025-07-19 17:34:35+00:00
1,2,178,39,89,0.0,6591.91,89.79999999999995,2.837,0.5,178,543720411,222336360,2025-07-19 17:34:41+00:00
1,1,177,39,91,0.0,6605.75,89.20000000000005,2.827,0.0,177,543720297,222338501,2025-07-19 17:34:46+00:00
1,1,178,39,90,0.0,6621.52,88.39999999999998,2.855,0.5,178,543720184,222340894,2025-07-19 17:34:51+00:00
1,2,178,39,90,0.0,6640.44,88.0,2.902,0.5,178,543719862,222343803,2025-07-19 17:34:57+00:00
1,3,176,39,92,0.0,6653.3,88.39999999999998,2.948,0.0,176,543719778,222345750,2025-07-19 17:35:01+00:00
1,3,177,39,93,0.0,6664.73,89.0,2.976,0.0,177,543719645,222347452,2025-07-19 17:35:05+00:00
1,2,177,39,91,0.0,6679.08,89.79999999999995,2.958,0.5,177,543719264,222349590,2025-07-19 17:35:10+00:00
1,1,168,39,0,0.0,6679.08,90.20000000000005,0.0,0.0,168,543718721,222352427,2025-07-19 17:35:53+00:00
1,0,167,39,0,0.0,6682.66,90.20000000000005,0.0,0.0,167,543718700,222353075,2025-07-19 17:35:55+00:00
1,1,164,39,86,0.0,6691.97,88.79999999999995,2.51,0.5,164,543718471,222354336,2025-07-19 17:35:58+00:00
1,1,164,39,87,0.0,6694.74,88.60000000000002,2.538,0.5,164,543718339,222354842,2025-07-19 17:35:59+00:00
1,0,163,39,87,0.0,6709.17,89.0,3.284,0.5,163,543718018,222356890,2025-07-19 17:36:03+00:00
1,0,163,39,88,0.0,6723.24,89.79999999999995,2.986,0.0,163,543717534,222358977,2025-07-19 17:36:08+00:00
1,1,162,39,89,0.0,6737.75,90.0,2.874,0.5,162,543717131,222361077,2025-07-19 17:36:13+00:00
1,0,161,39,87,0.0,6749.04,90.39999999999998,2.911,0.5,161,543716747,222362714,2025-07-19 17:36:17+00:00
1,0,163,39,88,0.0,6759.0,90.20000000000005,2.921,0.5,163,543716363,222364160,2025-07-19 17:36:20+00:00
1,0,166,39,89,0.0,6767.63,90.39999999999998,2.967,0.0,166,543716214,222365418,2025-07-19 17:36:23+00:00
1,0,166,39,88,0.0,6778.96,89.60000000000002,2.911,0.5,166,543715967,222367126,2025-07-19 17:36:27+00:00
1,1,167,39,88,0.0,6792.33,90.20000000000005,2.846,0.0,167,543715905,222369189,2025-07-19 17:36:32+00:00
1,1,168,39,88,0.0,6801.5,90.39999999999998,2.846,0.5,168,543715756,222370612,2025-07-19 17:36:35+00:00
1,1,169,39,88,0.0,6809.8,90.39999999999998,2.865,0.0,169,543715791,222371835,2025-07-19 17:36:38+00:00
1,1,169,39,88,0.0,6821.39,90.20000000000005,2.865,0.0,169,543715601,222373625,2025-07-19 17:36:42+00:00
1,2,171,39,87,0.0,6834.22,90.39999999999998,2.846,0.5,171,543715657,222375534,2025-07-19 17:36:47+00:00
1,2,172,39,88,0.0,6842.05,90.60000000000002,2.827,0.0,172,543715582,222376787,2025-07-19 17:36:50+00:00
1,2,172,39,87,0.0,6853.53,91.39999999999998,2.809,0.5,172,543715503,222378452,2025-07-19 17:36:54+00:00
1,1,172,39,89,0.0,6870.27,91.39999999999998,2.799,0.0,172,543715428,222381026,2025-07-19 17:37:00+00:00
1,1,173,38,88,0.0,6881.0,91.20000000000005,2.799,0.0,173,543715390,222382663,2025-07-19 17:37:04+00:00
1,1,173,38,88,0.0,6890.7,90.79999999999995,2.79,0.0,173,543715403,222384170,2025-07-19 17:37:07+00:00
1,1,172,38,88,0.0,6901.94,90.0,2.809,0.5,172,543715521,222385851,2025-07-19 17:37:11+00:00
1,1,173,38,87,0.0,6915.99,89.39999999999998,2.809,0.5,173,543715450,222388021,2025-07-19 17:37:16+00:00
1,1,175,38,89,0.0,6927.08,89.39999999999998,2.809,0.0,175,543715444,222389742,2025-07-19 17:37:20+00:00
1,1,174,38,88,0.0,6938.88,89.60000000000002,2.818,0.0,174,543715554,222391502,2025-07-19 17:37:24+00:00
1,2,173,38,89,0.0,6950.31,90.39999999999998,2.809,0.0,173,543715682,222393221,2025-07-19 17:37:28+00:00
1,2,174,38,88,0.0,6964.43,91.0,2.827,0.5,174,543715580,222395389,2025-07-19 17:37:33+00:00
1,2,175,38,88,0.0,6979.02,91.0,2.837,0.0,175,543715447,222397621,2025-07-19 17:37:38+00:00
1,2,175,38,89,0.0,6990.68,91.39999999999998,2.837,0.5,175,543715227,222399308,2025-07-19 17:37:42+00:00
1,2,175,38,89,0.0,6999.18,92.0,2.846,0.0,175,543714966,222400585,2025-07-19 17:37:45+00:00
1,2,175,38,88,0.0,7004.43,92.20000000000005,2.837,0.5,175,543714853,222401326,2025-07-19 17:37:47+00:00
1,2,175,38,88,0.0,7007.31,92.20000000000005,2.837,0.5,175,543714733,222401741,2025-07-19 17:37:48+00:00
1,1,174,38,89,0.0,7020.02,92.20000000000005,2.855,0.0,174,543714261,222403573,2025-07-19 17:37:52+00:00
1,1,175,38,89,0.0,7036.16,91.79999999999995,2.865,0.0,175,543713620,222405895,2025-07-19 17:37:58+00:00
1,1,175,38,88,0.0,7050.0,91.79999999999995,2.846,0.5,175,543713155,222407810,2025-07-19 17:38:03+00:00
1,1,175,38,89,0.0,7058.7,91.60000000000002,2.837,0.0,175,543712738,222409061,2025-07-19 17:38:06+00:00
1,1,175,38,88,0.0,7070.46,91.20000000000005,2.846,0.5,175,543712286,222410727,2025-07-19 17:38:10+00:00
1,2,175,38,88,0.0,7087.4,91.20000000000005,2.846,0.5,175,543711655,222413151,2025-07-19 17:38:16+00:00
1,2,176,38,89,0.0,7100.69,92.0,2.827,0.0,176,543711029,222415030,2025-07-19 17:38:21+00:00
1,2,176,38,87,0.0,7109.09,91.79999999999995,2.818,0.5,176,543710781,222416175,2025-07-19 17:38:24+00:00
1,2,177,38,89,0.0,7118.24,91.60000000000002,2.818,0.5,177,543710441,222417513,2025-07-19 17:38:27+00:00
1,3,176,38,86,0.0,7129.94,91.20000000000005,2.827,0.5,176,543709951,222419179,2025-07-19 17:38:31+00:00
1,6,178,38,90,0.0,7146.49,91.0,2.818,0.0,178,543709346,222421514,2025-07-19 17:38:37+00:00
1,3,180,38,87,0.0,7155.51,91.20000000000005,2.827,0.5,180,543708930,222422779,2025-07-19 17:38:40+00:00
1,3,180,38,88,0.0,7163.61,91.0,2.846,0.0,180,543708643,222423886,2025-07-19 17:38:43+00:00
1,2,178,38,88,0.0,7174.73,90.20000000000005,2.818,0.5,178,543708184,222425467,2025-07-19 17:38:47+00:00
1,1,175,38,89,0.0,7182.61,90.39999999999998,2.799,0.0,175,543707893,222426634,2025-07-19 17:38:50+00:00
1,1,174,38,89,0.0,7191.0,90.60000000000002,2.79,0.0,174,543707509,222427802,2025-07-19 17:38:53+00:00
1,1,176,38,88,0.0,7201.51,91.39999999999998,2.771,0.0,176,543707060,222429304,2025-07-19 17:38:57+00:00
1,1,177,38,89,0.0,7212.81,91.39999999999998,2.762,0.5,177,543706641,222430930,2025-07-19 17:39:01+00:00
1,1,177,38,90,0.0,7221.54,91.39999999999998,2.79,0.5,177,543706372,222432112,2025-07-19 17:39:04+00:00
1,1,178,38,89,0.0,7230.12,90.79999999999995,2.79,0.0,178,543706017,222433366,2025-07-19 17:39:07+00:00
1,1,177,38,88,0.0,7241.96,90.39999999999998,2.809,0.5,177,543705621,222435078,2025-07-19 17:39:11+00:00
1,1,177,38,87,0.0,7256.38,90.60000000000002,2.827,0.5,177,543705088,222437136,2025-07-19 17:39:16+00:00
1,2,177,38,89,0.0,7272.41,92.39999999999998,2.809,0.0,177,543704416,222439420,2025-07-19 17:39:22+00:00
1,2,176,38,90,0.0,7283.93,92.20000000000005,2.799,0.0,176,543703921,222441013,2025-07-19 17:39:26+00:00
1,1,177,38,89,0.0,7294.93,91.79999999999995,2.799,0.5,177,543703468,222442542,2025-07-19 17:39:30+00:00
1,1,177,38,89,0.0,7303.41,92.0,2.799,0.5,177,543703110,222443662,2025-07-19 17:39:33+00:00
1,1,178,38,89,0.0,7314.68,91.39999999999998,2.799,0.5,178,543702637,222445250,2025-07-19 17:39:37+00:00
1,1,178,38,87,0.0,7323.92,90.20000000000005,2.809,0.5,178,543702271,222446600,2025-07-19 17:39:40+00:00
1,3,179,38,88,0.0,7335.05,89.0,2.818,0.0,179,543701875,222448237,2025-07-19 17:39:44+00:00
1,4,181,38,90,0.0,7349.54,89.20000000000005,2.827,0.0,181,543701375,222450270,2025-07-19 17:39:49+00:00
1,3,177,38,88,0.0,7364.05,90.20000000000005,2.818,0.5,177,543700819,222452368,2025-07-19 17:39:54+00:00
1,2,176,38,90,0.0,7374.95,90.79999999999995,2.837,0.0,176,543700310,222453860,2025-07-19 17:39:58+00:00
1,1,175,37,89,0.0,7386.77,91.0,2.827,0.5,175,543699794,222455510,2025-07-19 17:40:02+00:00
1,2,176,37,89,0.0,7398.94,91.0,2.846,0.5,176,543699316,222457214,2025-07-19 17:40:06+00:00
1,2,176,37,88,0.0,7408.16,90.79999999999995,2.874,0.5,176,543698932,222458525,2025-07-19 17:40:09+00:00
1,2,176,37,89,0.0,7416.61,91.0,2.874,0.0,176,543698725,222459766,2025-07-19 17:40:12+00:00
1,3,176,37,89,0.0,7433.33,91.79999999999995,2.855,0.0,176,543698070,222462183,2025-07-19 17:40:18+00:00
1,2,176,37,88,0.0,7444.78,92.20000000000005,2.855,0.5,176,543697608,222463782,2025-07-19 17:40:22+00:00
1,2,176,37,88,0.0,7452.98,92.0,2.846,0.5,176,543697344,222464921,2025-07-19 17:40:25+00:00
1,2,176,37,89,0.0,7462.52,92.0,2.855,0.0,176,543696886,222466257,2025-07-19 17:40:28+00:00
1,2,176,37,88,0.0,7471.52,91.20000000000005,2.883,0.5,176,543696561,222467505,2025-07-19 17:40:31+00:00
1,2,178,37,89,0.0,7483.31,91.39999999999998,2.902,0.0,178,543696072,222469161,2025-07-19 17:40:35+00:00
1,3,178,37,89,0.0,7499.79,91.60000000000002,2.883,0.0,178,543695377,222471534,2025-07-19 17:40:41+00:00
1,4,177,37,88,0.0,7511.1,91.79999999999995,2.893,0.5,177,543694931,222473137,2025-07-19 17:40:45+00:00
1,4,177,37,90,0.0,7522.84,91.39999999999998,2.874,0.0,177,543694515,222474835,2025-07-19 17:40:49+00:00
1,7,176,37,88,0.0,7534.73,92.0,2.883,0.5,176,543694069,222476505,2025-07-19 17:40:53+00:00
1,7,176,37,88,0.0,7543.42,91.79999999999995,2.893,0.5,176,543693793,222477731,2025-07-19 17:40:56+00:00
1,6,177,37,87,0.0,7555.36,91.20000000000005,2.902,0.5,177,543693419,222479478,2025-07-19 17:41:00+00:00
1,9,177,37,89,0.0,7572.49,91.39999999999998,2.893,0.0,177,543692832,222481991,2025-07-19 17:41:06+00:00
1,10,178,37,89,0.0,7583.9,91.39999999999998,2.893,0.0,178,543692284,222483556,2025-07-19 17:41:10+00:00
1,13,178,37,88,0.0,7595.41,91.79999999999995,2.893,0.5,178,543691953,222485231,2025-07-19 17:41:14+00:00
1,13,178,37,90,0.01,7606.66,92.20000000000005,2.893,0.0,178,543691676,222486888,2025-07-19 17:41:18+00:00
1,13,178,37,89,0.01,7614.52,91.79999999999995,2.874,0.0,178,543691553,222488062,2025-07-19 17:41:21+00:00
1,4,179,37,89,0.01,7626.72,91.60000000000002,2.874,0.5,179,543691381,222489907,2025-07-19 17:41:25+00:00
1,2,181,37,87,0.01,7641.22,90.79999999999995,2.883,0.5,181,543691253,222492126,2025-07-19 17:41:30+00:00
1,2,181,37,89,0.01,7652.42,91.79999999999995,2.874,0.0,181,543691038,222493783,2025-07-19 17:41:34+00:00
1,2,181,37,88,0.01,7663.51,92.60000000000002,2.865,0.5,181,543690813,222495474,2025-07-19 17:41:38+00:00
1,2,181,37,89,0.01,7676.36,92.60000000000002,2.865,0.0,181,543690499,222497383,2025-07-19 17:41:42+00:00
1,10,180,37,89,0.01,7687.7,92.20000000000005,2.893,0.5,180,543690380,222499086,2025-07-19 17:41:46+00:00
1,6,179,37,89,0.01,7699.65,92.0,2.893,0.5,179,543690107,222500865,2025-07-19 17:41:50+00:00
1,5,179,37,89,0.01,7708.5,91.79999999999995,2.902,0.5,179,543689911,222502221,2025-07-19 17:41:53+00:00
1,8,179,37,90,0.01,7720.69,91.39999999999998,2.911,0.0,179,543689765,222504019,2025-07-19 17:41:57+00:00
1,13,180,37,89,0.01,7737.21,92.0,2.902,0.0,180,543689414,222506518,2025-07-19 17:42:03+00:00
1,17,180,37,89,0.01,7752.23,92.79999999999995,2.902,0.5,180,543688985,222508760,2025-07-19 17:42:08+00:00
1,21,179,37,90,0.01,7767.59,92.60000000000002,2.93,0.0,179,543688685,222511030,2025-07-19 17:42:13+00:00
1,23,180,37,90,0.01,7785.53,92.20000000000005,2.939,0.5,180,543688258,222513697,2025-07-19 17:42:19+00:00
1,20,182,37,91,0.01,7800.59,92.20000000000005,2.958,0.0,182,543687824,222515937,2025-07-19 17:42:24+00:00
1,10,185,37,90,0.01,7808.94,92.0,2.958,0.0,185,543687766,222517223,2025-07-19 17:42:27+00:00
1,10,185,37,88,0.01,7812.11,92.0,2.958,0.5,185,543687700,222517703,2025-07-19 17:42:28+00:00
1,5,184,37,90,0.01,7827.24,91.60000000000002,2.967,0.0,184,543687352,222519914,2025-07-19 17:42:33+00:00
1,4,181,37,90,0.01,7833.52,91.79999999999995,2.976,0.0,181,543687132,222520792,2025-07-19 17:42:35+00:00
1,3,179,37,89,0.01,7839.22,92.20000000000005,2.995,0.5,179,543686949,222521629,2025-07-19 17:42:37+00:00
1,2,178,37,89,0.01,7851.25,92.39999999999998,2.995,0.5,178,543686547,222523345,2025-07-19 17:42:41+00:00
1,5,178,37,89,0.01,7859.17,92.39999999999998,2.986,0.5,178,543686288,222524544,2025-07-19 17:42:44+00:00
1,6,177,37,88,0.01,7872.27,92.39999999999998,2.93,0.0,177,543686001,222526494,2025-07-19 17:42:49+00:00
1,4,180,37,89,0.01,7884.25,92.39999999999998,2.911,0.5,180,543685692,222528301,2025-07-19 17:42:53+00:00
1,4,180,37,89,0.01,7887.21,92.39999999999998,2.921,0.5,180,543685662,222528717,2025-07-19 17:42:54+00:00
1,3,181,37,88,0.01,7901.0,93.79999999999995,2.911,0.5,181,543685141,222530679,2025-07-19 17:42:59+00:00
1,2,181,37,88,0.01,7912.79,93.79999999999995,2.893,0.5,181,543684614,222532321,2025-07-19 17:43:03+00:00
1,2,180,37,88,0.01,7923.89,93.0,2.893,0.5,180,543684227,222533918,2025-07-19 17:43:07+00:00
1,4,181,37,89,0.01,7935.72,92.60000000000002,2.883,0.0,181,543683616,222535484,2025-07-19 17:43:11+00:00
1,8,180,37,89,0.01,7947.81,92.60000000000002,2.893,0.5,180,543682857,222536973,2025-07-19 17:43:15+00:00
1,7,178,37,87,0.0,7961.9,93.20000000000005,2.902,0.5,178,543681847,222538496,2025-07-19 17:43:20+00:00
1,7,178,37,89,0.0,7969.6,93.20000000000005,2.865,0.0,178,543681347,222539417,2025-07-19 17:43:23+00:00
1,7,178,37,88,0.0,7978.97,92.79999999999995,2.846,0.0,178,543680666,222540543,2025-07-19 17:43:26+00:00
1,7,178,37,88,0.0,7990.71,92.79999999999995,2.874,0.0,178,543679941,222541994,2025-07-19 17:43:30+00:00
1,3,175,37,87,0.0,8005.57,93.0,2.883,0.5,175,543678810,222543706,2025-07-19 17:43:35+00:00
1,3,175,37,87,0.0,8008.46,93.20000000000005,2.883,0.5,175,543678607,222544049,2025-07-19 17:43:36+00:00
1,1,149,37,0,0.0,8009.06,90.20000000000005,0.0,0.0,149,543679219,222543033,2025-07-19 17:45:15+00:00
1,1,150,37,0,0.0,8011.05,90.20000000000005,0.0,0.0,150,543679010,222543344,2025-07-19 17:45:16+00:00
1,1,150,37,0,0.0,8014.07,90.0,0.0,0.0,150,543678850,222543691,2025-07-19 17:45:17+00:00
1,0,153,37,88,0.0,8030.6,90.39999999999998,3.219,0.0,153,543677839,222545690,2025-07-19 17:45:22+00:00
1,0,154,37,87,0.0,8041.53,90.79999999999995,2.967,0.5,154,543677118,222547012,2025-07-19 17:45:26+00:00
1,0,154,37,89,0.0,8050.44,91.0,2.893,0.0,154,543676488,222548077,2025-07-19 17:45:29+00:00
1,0,154,37,87,0.0,8062.75,91.0,2.902,0.5,154,543675652,222549503,2025-07-19 17:45:33+00:00
1,0,154,37,89,0.0,8071.58,90.79999999999995,2.976,0.0,154,543675108,222550543,2025-07-19 17:45:36+00:00
1,0,156,37,89,0.0,8080.37,90.79999999999995,2.976,0.0,156,543674487,222551643,2025-07-19 17:45:39+00:00
1,0,156,37,89,0.0,8092.51,90.39999999999998,2.967,0.5,156,543673723,222553117,2025-07-19 17:45:43+00:00
1,0,159,37,89,0.0,8104.42,90.79999999999995,2.995,0.5,159,543672962,222554589,2025-07-19 17:45:47+00:00
1,0,160,37,89,0.0,8107.39,90.79999999999995,3.004,0.5,160,543672790,222554963,2025-07-19 17:45:48+00:00
1,0,163,37,90,0.0,8113.56,91.20000000000005,3.014,0.5,163,543672368,222555696,2025-07-19 17:45:50+00:00
1,1,164,37,90,0.0,8122.81,92.0,3.014,0.0,164,543671806,222556793,2025-07-19 17:45:53+00:00
1,0,166,37,89,0.0,8134.2,92.39999999999998,3.004,0.5,166,543671018,222558134,2025-07-19 17:45:57+00:00
1,0,167,37,89,0.0,8143.26,92.20000000000005,2.995,0.0,167,543670374,222559215,2025-07-19 17:46:00+00:00
1,1,168,37,88,0.0,8152.01,92.20000000000005,2.986,0.5,168,543669907,222560326,2025-07-19 17:46:03+00:00
1,1,169,37,89,0.0,8162.23,91.79999999999995,3.014,0.0,169,543669263,222561559,2025-07-19 17:46:06+00:00
1,1,170,37,88,0.0,8171.14,91.79999999999995,3.032,0.5,170,543668789,222562753,2025-07-19 17:46:09+00:00
1,1,171,37,89,0.0,8180.83,91.60000000000002,3.042,0.5,171,543668198,222563907,2025-07-19 17:46:12+00:00
1,1,171,37,89,0.0,8183.75,91.79999999999995,3.042,0.5,171,543668005,222564302,2025-07-19 17:46:13+00:00
1,1,171,37,89,0.0,8186.19,91.79999999999995,3.051,0.0,171,543667817,222564633,2025-07-19 17:46:14+00:00
1,2,171,37,0,1.99,8200.22,91.60000000000002,2.995,0.0,171,543666958,222566307,2025-07-19 17:46:20+00:00
1,1,172,37,88,0.0,8210.24,91.20000000000005,2.697,0.5,172,543666486,222567709,2025-07-19 17:46:24+00:00
1,1,171,37,88,0.0,8227.4,91.39999999999998,2.865,0.0,171,543665782,222570191,2025-07-19 17:46:30+00:00
1,1,173,37,89,0.0,8241.0,91.60000000000002,2.781,0.0,173,543665151,222572061,2025-07-19 17:46:35+00:00
1,1,172,37,88,0.0,8245.77,91.20000000000005,2.771,0.5,172,543664982,222572705,2025-07-19 17:46:37+00:00
1,0,171,37,89,0.0,8258.86,91.39999999999998,2.678,0.5,171,543664345,222574534,2025-07-19 17:46:42+00:00
1,0,172,37,90,0.0,8276.11,91.79999999999995,2.734,0.5,172,543663651,222576965,2025-07-19 17:46:48+00:00
1,1,173,37,86,0.0,8287.57,92.0,2.827,0.0,173,543663127,222578525,2025-07-19 17:46:52+00:00
1,2,172,37,88,0.0,8298.75,91.79999999999995,2.818,0.5,172,543662670,222580104,2025-07-19 17:46:56+00:00
1,1,173,37,87,0.0,8309.75,91.79999999999995,2.809,0.5,173,543662260,222581698,2025-07-19 17:47:00+00:00
1,1,174,37,88,0.0,8320.88,91.79999999999995,2.79,0.0,174,543661216,222582455,2025-07-19 17:47:04+00:00
1,1,175,37,85,0.0,8328.83,91.0,2.762,0.5,175,543660382,222582525,2025-07-19 17:47:08+00:00
1,3,176,37,79,0.0,8336.32,90.20000000000005,2.631,0.0,176,543659587,222582560,2025-07-19 17:47:11+00:00
1,4,175,37,77,0.0,8342.31,90.0,2.659,0.5,175,543658956,222582534,2025-07-19 17:47:13+00:00
1,4,175,37,80,0.0,8344.88,90.0,2.669,0.5,175,543658722,222582603,2025-07-19 17:47:14+00:00
1,4,175,37,85,0.0,8355.8,90.0,2.706,0.5,175,543657528,222582511,2025-07-19 17:47:18+00:00
1,8,175,37,81,0.0,8364.91,90.39999999999998,2.566,0.5,175,543656563,222582510,2025-07-19 17:47:22+00:00
1,8,175,37,82,0.0,8375.61,89.39999999999998,2.575,0.5,175,543655399,222582660,2025-07-19 17:47:26+00:00
1,10,174,37,86,0.0,8383.03,89.79999999999995,2.585,0.0,174,543654664,222582706,2025-07-19 17:47:29+00:00
1,10,174,37,87,0.0,8390.72,90.0,2.547,0.0,174,543653780,222582776,2025-07-19 17:47:32+00:00
1,10,174,37,87,0.0,8401.2,90.0,2.547,0.0,174,543652677,222582858,2025-07-19 17:47:36+00:00
1,14,174,37,88,0.0,8412.46,89.79999999999995,2.585,0.0,174,543651488,222582647,2025-07-19 17:47:40+00:00
1,15,174,37,87,0.0,8421.0,89.0,2.594,0.5,174,543650546,222582532,2025-07-19 17:47:43+00:00
1,18,174,37,88,0.0,8428.93,88.79999999999995,2.613,0.0,174,543649733,222582634,2025-07-19 17:47:46+00:00
1,3,173,37,87,0.0,8439.21,88.60000000000002,2.613,0.5,173,543648581,222582519,2025-07-19 17:47:50+00:00
1,3,173,37,88,0.0,8450.34,88.60000000000002,2.622,0.0,173,543647390,222582332,2025-07-19 17:47:54+00:00
1,2,173,37,86,0.0,8458.73,88.60000000000002,2.631,0.5,173,543646533,222582621,2025-07-19 17:47:57+00:00
1,1,172,36,87,0.0,8469.35,88.60000000000002,2.641,0.0,172,543645789,222583902,2025-07-19 17:48:01+00:00
1,1,172,36,86,0.0,8477.0,89.0,2.641,0.5,172,543645689,222585024,2025-07-19 17:48:04+00:00
1,1,172,36,86,0.0,8487.31,88.79999999999995,2.631,0.5,172,543645299,222586573,2025-07-19 17:48:08+00:00
1,1,172,36,86,0.0,8489.65,89.0,2.631,0.5,172,543645101,222586784,2025-07-19 17:48:09+00:00
1,4,173,36,85,0.0,8492.28,89.0,2.622,0.5,173,543644773,222586701,2025-07-19 17:48:10+00:00
1,3,174,36,86,0.0,8497.57,89.0,2.613,0.0,174,543644214,222586655,2025-07-19 17:48:12+00:00
1,6,173,36,87,0.0,8511.36,89.0,2.631,0.0,173,543642783,222586663,2025-07-19 17:48:17+00:00
1,6,173,36,86,0.0,8518.91,89.39999999999998,2.622,0.5,173,543642007,222586692,2025-07-19 17:48:20+00:00
1,8,173,36,86,0.0,8527.37,89.60000000000002,2.603,0.5,173,543641082,222587266,2025-07-19 17:48:24+00:00
1,10,172,36,85,0.0,8537.53,89.39999999999998,2.575,0.0,172,543640685,222588630,2025-07-19 17:48:28+00:00
1,9,173,36,87,0.0,8552.68,89.60000000000002,2.557,0.0,173,543640594,222590949,2025-07-19 17:48:34+00:00
1,7,174,36,88,0.0,8562.52,90.0,2.557,0.0,174,543640527,222592399,2025-07-19 17:48:38+00:00
1,10,173,36,87,0.0,8572.83,89.79999999999995,2.538,0.5,173,543640380,222593989,2025-07-19 17:48:42+00:00
1,13,173,36,88,0.0,8583.48,90.39999999999998,2.538,0.0,173,543640301,222595632,2025-07-19 17:48:46+00:00
1,11,173,36,89,0.0,8594.66,90.0,2.547,0.5,173,543640209,222597350,2025-07-19 17:48:50+00:00
1,3,173,36,87,0.0,8608.39,89.39999999999998,2.594,0.0,173,543640107,222599404,2025-07-19 17:48:55+00:00
1,1,173,36,88,0.0,8622.62,90.0,2.566,0.0,173,543640066,222601613,2025-07-19 17:49:01+00:00
1,2,172,36,88,0.0,8637.18,89.20000000000005,2.566,0.0,172,543639586,222603697,2025-07-19 17:49:06+00:00
1,2,173,36,87,0.0,8650.01,90.20000000000005,2.585,0.0,173,543638734,222605217,2025-07-19 17:49:11+00:00
1,2,172,36,87,0.0,8658.03,90.20000000000005,2.594,0.0,172,543638376,222606341,2025-07-19 17:49:14+00:00
1,1,171,36,87,0.0,8671.06,89.79999999999995,2.585,0.0,171,543637776,222608093,2025-07-19 17:49:19+00:00
1,2,172,36,85,0.0,8678.26,90.20000000000005,2.585,0.5,172,543637129,222608523,2025-07-19 17:49:22+00:00
1,2,173,36,85,0.0,8680.58,90.39999999999998,2.585,0.5,173,543636925,222608644,2025-07-19 17:49:23+00:00
1,2,174,36,86,0.0,8688.27,90.79999999999995,2.566,0.0,174,543636056,222608697,2025-07-19 17:49:26+00:00
1,2,174,36,87,0.0,8697.32,90.39999999999998,2.538,0.0,174,543635158,222609269,2025-07-19 17:49:30+00:00
1,9,174,36,86,0.0,8702.72,90.60000000000002,2.529,0.0,174,543634692,222609668,2025-07-19 17:49:32+00:00
1,9,174,36,85,0.0,8705.66,90.20000000000005,2.529,0.0,174,543634401,222610045,2025-07-19 17:49:33+00:00
1,12,175,36,85,0.0,8714.75,89.60000000000002,2.547,0.0,175,543633586,222610712,2025-07-19 17:49:36+00:00
1,13,174,36,83,0.0,8717.27,89.79999999999995,2.566,0.5,174,543633387,222610881,2025-07-19 17:49:37+00:00
1,13,173,36,86,0.0,8725.98,89.39999999999998,2.613,0.0,173,543632507,222611391,2025-07-19 17:49:40+00:00
1,10,172,36,87,0.0,8737.11,88.39999999999998,2.641,0.0,172,543631437,222612101,2025-07-19 17:49:44+00:00
1,11,173,36,87,0.0,8747.28,89.39999999999998,2.659,0.0,173,543630414,222612359,2025-07-19 17:49:48+00:00
1,11,173,36,87,0.0,8755.88,89.39999999999998,2.65,0.0,173,543629529,222612828,2025-07-19 17:49:51+00:00
1,2,171,36,88,0.0,8765.03,90.0,2.641,0.0,171,543628583,222613227,2025-07-19 17:49:55+00:00
1,2,171,36,87,0.0,8775.57,89.79999999999995,2.613,0.5,171,543627535,222613674,2025-07-19 17:49:59+00:00
1,2,171,36,88,0.0,8782.63,89.0,2.603,0.0,171,543626762,222614144,2025-07-19 17:50:02+00:00
1,1,172,36,87,0.0,8793.63,88.20000000000005,2.585,0.0,172,543625742,222615030,2025-07-19 17:50:06+00:00
1,1,172,36,87,0.0,8804.22,88.60000000000002,2.613,0.0,172,543624777,222615754,2025-07-19 17:50:10+00:00
1,1,172,36,87,0.0,8813.03,88.60000000000002,2.622,0.0,172,543624008,222616596,2025-07-19 17:50:13+00:00
1,3,173,36,88,0.0,8826.45,89.20000000000005,2.641,0.0,173,543622857,222617809,2025-07-19 17:50:18+00:00
1,3,173,36,87,0.0,8837.52,89.79999999999995,2.641,0.5,173,543621996,222618991,2025-07-19 17:50:22+00:00
1,3,173,36,88,0.0,8845.64,90.0,2.65,0.0,173,543621481,222619928,2025-07-19 17:50:25+00:00
1,3,173,36,87,0.0,8856.82,89.0,2.669,0.5,173,543620789,222621302,2025-07-19 17:50:29+00:00
1,2,173,36,89,0.0,8866.95,88.79999999999995,2.669,0.0,173,543620054,222622543,2025-07-19 17:50:33+00:00
1,2,174,36,87,0.0,8874.89,89.20000000000005,2.669,0.5,174,543619435,222623195,2025-07-19 17:50:36+00:00
1,2,173,36,88,0.0,8882.78,89.39999999999998,2.669,0.0,173,543618652,222623838,2025-07-19 17:50:39+00:00
1,1,173,36,87,0.0,8890.77,89.20000000000005,2.659,0.5,173,543617916,222624587,2025-07-19 17:50:42+00:00
1,1,173,36,88,0.0,8900.11,89.39999999999998,2.659,0.0,173,543617460,222625874,2025-07-19 17:50:46+00:00
1,1,173,36,87,0.0,8909.69,89.39999999999998,2.613,0.0,173,543617438,222627345,2025-07-19 17:50:50+00:00
1,1,174,36,87,0.0,8914.68,88.79999999999995,2.603,0.0,174,543617772,222627933,2025-07-19 17:50:52+00:00
1,1,175,36,86,0.0,8919.9,89.20000000000005,2.603,0.5,175,543618095,222628575,2025-07-19 17:50:54+00:00
1,1,176,36,85,0.0,8928.2,88.60000000000002,2.594,0.0,176,543618544,222629773,2025-07-19 17:50:57+00:00
1,1,176,36,86,0.0,8930.64,88.79999999999995,2.594,0.0,176,543618507,222630182,2025-07-19 17:50:58+00:00
1,1,175,36,85,0.0,8935.34,89.20000000000005,2.594,0.5,175,543618104,222630637,2025-07-19 17:51:00+00:00
1,1,174,35,84,0.0,8942.73,89.39999999999998,2.538,0.0,174,543617465,222631275,2025-07-19 17:51:03+00:00
1,1,173,35,88,0.0,8954.11,89.20000000000005,2.575,0.0,173,543616377,222632076,2025-07-19 17:51:07+00:00
1,1,172,35,88,0.0,8966.74,89.79999999999995,2.585,0.5,172,543615154,222632822,2025-07-19 17:51:12+00:00
1,1,173,35,89,0.0,8974.79,89.79999999999995,2.575,0.0,173,543614308,222633285,2025-07-19 17:51:15+00:00
1,1,175,35,88,0.0,8982.9,90.0,2.585,0.5,175,543613606,222633834,2025-07-19 17:51:18+00:00
1,1,175,35,89,0.0,8990.69,89.20000000000005,2.594,0.0,175,543612772,222634292,2025-07-19 17:51:21+00:00
1,1,175,35,87,0.0,9000.89,89.0,2.585,0.5,175,543611816,222634987,2025-07-19 17:51:25+00:00
1,4,175,35,88,0.0,9010.5,90.0,2.585,0.0,175,543610832,222635366,2025-07-19 17:51:29+00:00
1,2,175,35,87,0.0,9018.56,90.20000000000005,2.566,0.5,175,543609944,222635645,2025-07-19 17:51:32+00:00
1,2,175,35,88,0.0,9027.02,90.0,2.566,0.0,175,543609078,222635956,2025-07-19 17:51:35+00:00
1,2,174,35,87,0.0,9041.32,90.60000000000002,2.613,0.5,174,543607620,222636510,2025-07-19 17:51:40+00:00
1,2,174,35,89,0.0,9049.41,91.0,2.631,0.0,174,543606729,222636569,2025-07-19 17:51:43+00:00
1,2,176,35,89,0.0,9057.54,91.60000000000002,2.631,0.5,176,543605917,222636869,2025-07-19 17:51:46+00:00
1,1,177,35,89,0.0,9066.32,92.0,2.65,0.5,177,543604947,222636950,2025-07-19 17:51:49+00:00
1,1,177,35,88,0.0,9074.27,92.20000000000005,2.669,0.5,177,543604181,222637348,2025-07-19 17:51:52+00:00
1,1,178,35,88,0.0,9082.38,91.79999999999995,2.678,0.5,178,543603335,222637699,2025-07-19 17:51:55+00:00
1,2,179,35,88,0.0,9097.68,93.20000000000005,2.669,0.5,179,543601763,222638269,2025-07-19 17:52:01+00:00
1,4,178,35,89,0.0,9106.34,93.60000000000002,2.669,0.0,178,543600775,222638523,2025-07-19 17:52:04+00:00
1,4,178,35,86,0.0,9113.38,93.20000000000005,2.669,0.5,178,543600157,222639197,2025-07-19 17:52:07+00:00
1,7,179,35,87,0.0,9115.42,93.20000000000005,2.641,0.0,179,543600112,222639446,2025-07-19 17:52:08+00:00
1,8,179,35,85,0.0,9122.79,93.20000000000005,2.585,0.5,179,543600060,222640618,2025-07-19 17:52:11+00:00
1,3,176,35,85,0.0,9131.62,93.60000000000002,2.575,0.0,176,543600313,222641954,2025-07-19 17:52:14+00:00
1,3,176,35,88,0.0,9139.36,93.60000000000002,2.631,0.0,176,543600464,222643132,2025-07-19 17:52:17+00:00
1,1,178,35,87,0.0,9150.1,94.20000000000005,2.566,0.0,178,543600707,222644762,2025-07-19 17:52:21+00:00
1,1,179,35,88,0.0,9164.39,94.60000000000002,2.65,0.0,179,543600817,222646947,2025-07-19 17:52:26+00:00
1,1,179,35,88,0.0,9176.57,95.0,2.669,0.0,179,543600925,222648826,2025-07-19 17:52:31+00:00
1,1,178,35,88,0.0,9181.37,95.20000000000005,2.65,0.0,178,543601025,222649520,2025-07-19 17:52:33+00:00
1,1,178,35,87,0.0,9190.34,95.20000000000005,2.641,0.5,178,543601248,222650855,2025-07-19 17:52:36+00:00
1,2,177,35,86,0.0,9202.95,95.0,2.659,0.5,177,543601405,222652797,2025-07-19 17:52:41+00:00
1,2,177,35,85,0.0,9218.6,96.79999999999995,2.734,0.5,177,543601769,222655074,2025-07-19 17:52:46+00:00
1,4,177,35,85,0.0,9227.62,97.79999999999995,2.734,0.5,177,543601983,222656422,2025-07-19 17:52:50+00:00
1,4,176,35,83,0.0,9237.71,97.39999999999998,2.659,0.5,176,543602150,222657881,2025-07-19 17:52:54+00:00
1,7,176,35,87,0.0,9251.17,96.39999999999998,2.669,0.0,176,543602333,222659979,2025-07-19 17:52:59+00:00
1,5,176,35,84,0.0,9259.41,95.79999999999995,2.678,0.0,176,543602140,222661223,2025-07-19 17:53:02+00:00
1,5,176,35,83,0.0,9264.45,95.20000000000005,2.669,0.0,176,543601686,222661711,2025-07-19 17:53:04+00:00
1,5,175,35,82,0.0,9276.06,95.39999999999998,2.687,0.5,175,543600774,222662943,2025-07-19 17:53:08+00:00
1,8,176,35,85,0.0,9282.14,95.20000000000005,2.706,0.0,176,543600225,222663460,2025-07-19 17:53:10+00:00
1,2,129,35,0,0.01,9282.14,96.79999999999995,0.0,0.0,129,543599842,222663182,2025-07-19 17:59:40+00:00
1,3,130,35,0,0.0,9282.47,96.60000000000002,0.0,0.0,130,543599751,222663049,2025-07-19 17:59:41+00:00
1,0,133,35,0,0.0,9290.52,96.60000000000002,2.23,0.0,133,543599632,222661834,2025-07-19 17:59:44+00:00
1,0,134,35,0,0.0,9293.68,95.79999999999995,2.426,0.0,134,543599654,222661350,2025-07-19 17:59:45+00:00
1,0,137,35,86,0.0,9302.82,95.39999999999998,2.939,0.0,137,543599466,222660004,2025-07-19 17:59:48+00:00
1,0,138,35,86,0.0,9308.69,95.0,3.042,0.0,138,543599271,222659149,2025-07-19 17:59:50+00:00
1,0,139,35,87,0.0,9319.37,94.20000000000005,2.818,0.0,139,543598903,222657707,2025-07-19 17:59:54+00:00
1,0,142,35,85,0.0,9329.86,94.60000000000002,2.678,0.5,142,543598523,222656251,2025-07-19 17:59:58+00:00
1,0,144,35,85,0.0,9344.11,96.20000000000005,2.594,0.5,144,543598279,222654060,2025-07-19 18:00:04+00:00
1,0,147,35,86,0.0,9351.99,96.20000000000005,2.566,0.0,147,543598158,222652901,2025-07-19 18:00:07+00:00
1,0,149,35,85,0.0,9357.26,96.39999999999998,2.557,0.5,149,543598036,222652094,2025-07-19 18:00:09+00:00
1,1,150,35,83,0.0,9366.65,97.39999999999998,2.594,0.5,150,543597813,222650739,2025-07-19 18:00:13+00:00
1,1,153,35,86,0.0,9376.48,98.39999999999998,2.463,0.5,153,543597657,222649265,2025-07-19 18:00:17+00:00
1,1,154,35,85,0.0,9387.61,97.79999999999995,2.538,0.0,154,543597327,222647524,2025-07-19 18:00:21+00:00
1,1,156,35,84,0.0,9397.57,97.60000000000002,2.547,0.5,156,543597145,222646052,2025-07-19 18:00:25+00:00
1,2,159,35,85,0.0,9408.82,97.20000000000005,2.613,0.5,159,543597148,222644479,2025-07-19 18:00:29+00:00
1,2,159,35,85,0.0,9411.3,97.20000000000005,2.613,0.5,159,543597065,222644080,2025-07-19 18:00:30+00:00
1,2,159,35,85,0.0,9421.11,96.60000000000002,2.585,0.0,159,543597055,222642604,2025-07-19 18:00:34+00:00
1,2,160,35,85,0.0,9433.53,96.39999999999998,2.594,0.5,160,543596867,222640704,2025-07-19 18:00:39+00:00
1,2,160,35,84,0.0,9435.37,96.60000000000002,2.594,0.0,160,543596641,222640575,2025-07-19 18:00:40+00:00
1,2,160,35,83,0.0,9440.34,96.20000000000005,2.547,0.5,160,543596003,222640690,2025-07-19 18:00:43+00:00
1,1,161,35,85,0.0,9454.42,96.60000000000002,2.435,0.0,161,543594456,222640509,2025-07-19 18:00:49+00:00
1,1,161,35,84,0.0,9465.53,97.0,2.473,0.0,161,543593223,222640255,2025-07-19 18:00:53+00:00
1,1,161,35,83,0.0,9480.68,96.20000000000005,2.547,0.5,161,543591681,222640289,2025-07-19 18:00:59+00:00
1,1,161,34,87,0.0,9494.51,96.60000000000002,2.379,0.0,161,543590108,222640197,2025-07-19 18:01:05+00:00
1,1,161,34,86,0.0,9515.25,96.39999999999998,2.641,0.0,161,543587957,222640500,2025-07-19 18:01:12+00:00
1,1,162,34,87,0.0,9528.5,96.20000000000005,2.799,0.5,162,543586526,222640654,2025-07-19 18:01:16+00:00
1,1,163,34,86,0.0,9542.38,97.0,2.837,0.0,163,543585173,222640566,2025-07-19 18:01:21+00:00
1,1,163,34,88,0.0,9550.49,97.0,2.491,0.5,163,543584218,222640447,2025-07-19 18:01:25+00:00
1,1,163,34,87,0.0,9562.6,96.20000000000005,2.538,0.0,163,543582896,222640701,2025-07-19 18:01:29+00:00
1,1,164,34,87,0.0,9570.86,96.20000000000005,2.79,0.0,164,543582069,222640788,2025-07-19 18:01:32+00:00
1,1,165,34,88,0.0,9582.69,96.60000000000002,2.585,0.0,165,543580804,222640791,2025-07-19 18:01:37+00:00
1,1,164,34,85,0.0,9593.7,96.39999999999998,2.547,0.0,164,543579618,222640832,2025-07-19 18:01:41+00:00
1,1,164,34,86,0.0,9606.09,97.0,2.603,0.0,164,543578276,222640844,2025-07-19 18:01:46+00:00
1,2,164,34,85,0.0,9615.22,96.79999999999995,2.566,0.0,164,543577373,222641199,2025-07-19 18:01:50+00:00
1,2,164,34,85,0.0,9617.05,97.0,2.566,0.5,164,543577288,222641432,2025-07-19 18:01:51+00:00
1,2,164,34,83,0.0,9629.22,95.39999999999998,2.473,0.5,164,543577340,222643373,2025-07-19 18:01:56+00:00
1,2,164,34,87,0.0,9639.62,95.39999999999998,2.547,0.0,164,543577323,222644975,2025-07-19 18:02:00+00:00
1,2,164,34,85,0.0,9650.15,96.20000000000005,2.51,0.0,164,543577325,222646575,2025-07-19 18:02:04+00:00
1,2,164,34,83,0.0,9659.61,96.39999999999998,2.51,0.0,164,543577414,222647970,2025-07-19 18:02:08+00:00
1,2,164,34,81,0.0,9671.78,96.20000000000005,2.445,0.5,164,543577204,222649818,2025-07-19 18:02:13+00:00
1,1,164,34,87,0.0,9686.3,95.0,2.445,0.0,164,543577000,222652041,2025-07-19 18:02:19+00:00
1,1,164,34,88,0.0,9699.57,94.0,2.473,0.0,164,543576909,222654019,2025-07-19 18:02:24+00:00
1,1,164,34,87,0.0,9712.45,93.60000000000002,2.482,0.0,164,543576582,222656039,2025-07-19 18:02:29+00:00
1,1,164,34,88,0.0,9728.79,94.60000000000002,2.538,0.0,164,543576386,222658365,2025-07-19 18:02:34+00:00
1,1,164,34,87,0.0,9740.06,94.39999999999998,2.529,0.0,164,543576409,222660212,2025-07-19 18:02:39+00:00
1,2,164,34,86,0.0,9753.12,94.60000000000002,2.529,0.0,164,543576332,222662114,2025-07-19 18:02:44+00:00
1,2,165,34,86,0.0,9768.15,94.79999999999995,2.529,0.0,165,543576302,222664476,2025-07-19 18:02:50+00:00
1,2,166,34,86,0.0,9784.51,93.79999999999995,2.547,0.0,166,543576023,222666962,2025-07-19 18:02:56+00:00
1,2,165,34,87,0.0,9795.46,94.79999999999995,2.585,0.0,165,543576227,222668522,2025-07-19 18:03:00+00:00
1,2,166,34,87,0.0,9797.31,94.60000000000002,2.585,0.0,166,543576361,222668525,2025-07-19 18:03:01+00:00
1,2,166,34,87,0.0,9799.67,95.0,2.585,0.0,166,543576705,222668517,2025-07-19 18:03:02+00:00
1,2,166,34,83,0.0,9803.58,95.20000000000005,2.575,0.0,166,543577135,222668395,2025-07-19 18:03:04+00:00
1,2,166,34,86,0.0,9818.72,95.0,2.501,0.0,166,543578781,222668250,2025-07-19 18:03:10+00:00
1,2,167,34,87,0.0,9834.65,96.20000000000005,2.538,0.0,167,543580478,222668242,2025-07-19 18:03:16+00:00
1,2,167,34,88,0.0,9848.08,97.0,2.585,0.0,167,543581867,222668004,2025-07-19 18:03:21+00:00
1,2,166,34,87,0.0,9865.41,97.39999999999998,2.594,0.0,166,543583743,222668100,2025-07-19 18:03:27+00:00
1,2,167,34,85,0.0,9875.7,98.0,2.622,0.0,167,543584865,222668170,2025-07-19 18:03:31+00:00
1,2,167,34,85,0.0,9878.18,98.20000000000005,2.631,0.0,167,543585053,222668583,2025-07-19 18:03:32+00:00
1,2,167,34,84,0.0,9883.35,98.0,2.631,0.5,167,543585099,222669369,2025-07-19 18:03:34+00:00
1,2,167,34,87,0.0,9901.07,99.60000000000002,2.641,0.0,167,543585205,222672043,2025-07-19 18:03:40+00:00
1,2,167,34,87,0.0,9913.92,99.20000000000005,2.697,0.0,167,543585390,222673911,2025-07-19 18:03:44+00:00
1,1,168,34,87,0.0,9928.81,97.60000000000002,2.846,0.0,168,543585550,222676079,2025-07-19 18:03:49+00:00
1,1,167,34,87,0.0,9938.93,97.39999999999998,2.762,0.0,167,543585629,222677669,2025-07-19 18:03:53+00:00
1,1,167,34,85,0.0,9955.03,96.79999999999995,2.743,0.0,167,543585843,222680194,2025-07-19 18:03:59+00:00
1,1,168,34,86,0.0,9969.75,96.20000000000005,2.818,0.0,168,543585315,222682313,2025-07-19 18:04:04+00:00
1,1,168,34,86,0.0,9982.4,96.20000000000005,2.986,0.0,168,543584683,222683953,2025-07-19 18:04:08+00:00
1,1,168,34,86,0.0,9993.24,95.79999999999995,2.939,0.0,168,543584266,222685473,2025-07-19 18:04:12+00:00
1,1,168,34,87,0.0,10007.55,95.60000000000002,2.883,0.0,168,543583490,222687377,2025-07-19 18:04:17+00:00
1,1,168,34,88,0.0,10010.23,95.39999999999998,2.883,0.0,168,543583368,222687681,2025-07-19 18:04:18+00:00
1,1,156,33,0,0.0,10010.23,94.20000000000005,0.774,0.0,156,543581380,222693322,2025-07-19 18:05:10+00:00
1,1,156,33,0,0.0,10011.42,93.79999999999995,0.0,0.0,156,543581351,222693505,2025-07-19 18:05:11+00:00
1,1,153,33,0,0.0,10018.91,94.79999999999995,2.221,0.0,153,543581014,222694566,2025-07-19 18:05:14+00:00
1,1,152,33,84,0.0,10032.12,95.79999999999995,2.585,0.5,152,543580437,222696378,2025-07-19 18:05:19+00:00
1,1,152,33,86,0.0,10044.63,95.39999999999998,2.575,0.0,152,543579907,222698124,2025-07-19 18:05:24+00:00
1,0,149,33,86,0.0,10055.45,95.20000000000005,2.557,0.5,149,543579486,222699622,2025-07-19 18:05:28+00:00
1,0,148,33,86,0.0,10057.76,95.20000000000005,2.575,0.0,148,543579405,222700012,2025-07-19 18:05:29+00:00
1,0,149,33,87,0.0,10068.57,95.39999999999998,2.585,0.0,149,543579004,222701558,2025-07-19 18:05:33+00:00
1,0,151,33,86,0.0,10076.3,95.60000000000002,2.622,0.0,151,543578711,222702682,2025-07-19 18:05:36+00:00
1,0,153,33,87,0.0,10092.53,96.0,2.725,0.0,153,543577992,222704861,2025-07-19 18:05:42+00:00
1,0,154,33,86,0.0,10101.97,96.39999999999998,2.547,0.0,154,543577652,222706241,2025-07-19 18:05:46+00:00
1,1,156,33,86,0.0,10111.73,96.20000000000005,2.575,0.0,156,543577393,222707687,2025-07-19 18:05:50+00:00
1,1,158,33,87,0.0,10123.98,95.60000000000002,2.547,0.0,158,543577189,222709581,2025-07-19 18:05:55+00:00
1,1,159,33,87,0.0,10134.66,95.60000000000002,2.566,0.0,159,543577087,222711177,2025-07-19 18:05:59+00:00
1,1,160,33,86,0.0,10147.37,95.60000000000002,2.575,0.0,160,543576843,222713111,2025-07-19 18:06:04+00:00
1,1,161,33,88,0.0,10158.15,95.79999999999995,2.575,0.0,161,543576780,222714822,2025-07-19 18:06:08+00:00
1,1,163,33,87,0.0,10168.44,96.20000000000005,2.557,0.0,163,543577478,222716020,2025-07-19 18:06:13+00:00
1,1,163,33,86,0.0,10174.3,96.0,2.51,0.0,163,543578161,222716218,2025-07-19 18:06:16+00:00
1,2,164,33,86,0.0,10180.29,96.39999999999998,2.417,0.0,164,543578870,222716586,2025-07-19 18:06:19+00:00
1,2,164,33,87,0.0,10186.56,96.60000000000002,2.37,0.0,164,543579520,222716822,2025-07-19 18:06:21+00:00
1,2,164,33,86,0.0,10194.85,97.20000000000005,2.65,0.0,164,543580282,222717104,2025-07-19 18:06:24+00:00
1,1,164,33,87,0.0,10206.95,97.79999999999995,2.417,0.0,164,543581587,222717519,2025-07-19 18:06:29+00:00
1,2,164,33,87,0.03,10223.09,98.20000000000005,2.501,0.0,164,543583222,222718296,2025-07-19 18:06:35+00:00
1,2,164,33,87,0.03,10232.96,98.20000000000005,2.286,0.0,164,543584354,222718297,2025-07-19 18:06:40+00:00
1,2,164,33,87,0.03,10234.77,97.60000000000002,2.286,0.0,164,543584510,222718066,2025-07-19 18:06:41+00:00
1,2,164,33,85,0.03,10241.64,97.60000000000002,2.23,0.5,164,543585155,222717308,2025-07-19 18:06:44+00:00
1,1,166,33,86,0.03,10252.46,96.39999999999998,2.314,0.0,166,543586046,222716401,2025-07-19 18:06:48+00:00
1,1,164,33,84,0.03,10262.63,95.60000000000002,2.398,0.0,164,543586482,222714958,2025-07-19 18:06:52+00:00
1,1,165,33,85,0.03,10274.41,95.0,2.389,0.5,165,543587097,222713386,2025-07-19 18:06:57+00:00
1,1,167,33,86,0.03,10282.01,94.79999999999995,2.398,0.0,167,543587654,222712458,2025-07-19 18:07:00+00:00
1,1,167,33,87,0.03,10293.22,94.79999999999995,2.417,0.0,167,543588261,222711010,2025-07-19 18:07:04+00:00
1,1,167,33,85,0.03,10303.31,94.20000000000005,2.454,0.0,167,543589048,222709911,2025-07-19 18:07:08+00:00
1,1,167,33,86,0.03,10310.08,94.0,2.463,0.0,167,543589458,222709230,2025-07-19 18:07:11+00:00
1,1,167,33,84,0.03,10316.24,94.0,2.445,0.0,167,543589707,222708292,2025-07-19 18:07:14+00:00
1,1,166,33,86,0.03,10328.61,94.0,2.445,0.0,166,543589375,222706600,2025-07-19 18:07:18+00:00
1,1,167,33,86,0.03,10340.86,94.20000000000005,2.473,0.0,167,543589246,222704788,2025-07-19 18:07:23+00:00
1,1,167,33,86,0.03,10348.94,94.0,2.463,0.5,167,543589473,222703507,2025-07-19 18:07:26+00:00
1,1,167,33,86,0.03,10360.26,94.60000000000002,2.529,0.0,167,543589819,222701919,2025-07-19 18:07:30+00:00
1,1,168,33,84,0.03,10372.75,95.20000000000005,2.538,0.0,168,543589904,222699998,2025-07-19 18:07:35+00:00
1,1,168,33,86,0.03,10383.66,96.39999999999998,2.547,0.5,168,543589770,222698359,2025-07-19 18:07:39+00:00
1,1,167,33,86,0.03,10393.91,96.60000000000002,2.575,0.0,167,543589712,222696772,2025-07-19 18:07:43+00:00
1,1,168,33,87,0.03,10401.26,96.39999999999998,2.575,0.0,168,543589637,222695683,2025-07-19 18:07:46+00:00
1,1,167,33,86,0.03,10413.26,97.0,2.538,0.5,167,543589823,222693837,2025-07-19 18:07:51+00:00
1,1,167,33,85,0.03,10425.42,96.39999999999998,2.575,0.0,167,543589824,222691966,2025-07-19 18:07:55+00:00
1,1,167,33,86,0.03,10436.33,96.0,2.622,0.0,167,543589839,222690348,2025-07-19 18:07:59+00:00
1,1,168,33,87,0.03,10447.99,95.79999999999995,2.613,0.0,168,543590058,222688541,2025-07-19 18:08:04+00:00
1,1,167,33,86,0.03,10460.22,95.0,2.613,0.0,167,543590194,222686764,2025-07-19 18:08:08+00:00
1,1,168,33,86,0.03,10473.06,94.60000000000002,2.631,0.0,168,543590347,222684771,2025-07-19 18:08:13+00:00
1,1,169,33,87,0.03,10484.05,94.0,2.65,0.0,169,543590397,222683137,2025-07-19 18:08:17+00:00
1,1,167,33,85,0.03,10495.9,94.20000000000005,2.641,0.5,167,543590199,222681333,2025-07-19 18:08:22+00:00
1,1,167,33,84,0.03,10500.43,94.39999999999998,2.622,0.0,167,543589748,222681197,2025-07-19 18:08:24+00:00
1,1,168,33,84,0.03,10505.2,94.60000000000002,2.613,0.5,168,543589223,222681301,2025-07-19 18:08:26+00:00
1,1,168,33,85,0.03,10513.53,94.39999999999998,2.603,0.5,168,543588281,222681004,2025-07-19 18:08:29+00:00
1,2,169,33,82,0.03,10524.4,94.0,2.613,0.5,169,543587295,222680300,2025-07-19 18:08:33+00:00
1,1,169,33,86,0.03,10535.38,94.39999999999998,2.622,0.0,169,543586093,222679889,2025-07-19 18:08:37+00:00
1,1,169,33,85,0.03,10543.64,94.79999999999995,2.669,0.5,169,543585396,222679153,2025-07-19 18:08:40+00:00
1,2,168,33,85,0.03,10553.76,95.0,2.678,0.0,168,543585145,222677559,2025-07-19 18:08:44+00:00
1,2,168,33,85,0.03,10561.76,94.60000000000002,2.65,0.5,168,543585040,222676385,2025-07-19 18:08:47+00:00
1,2,168,33,85,0.03,10574.13,95.20000000000005,2.678,0.0,168,543585032,222674500,2025-07-19 18:08:51+00:00
1,2,169,33,86,0.03,10584.58,94.79999999999995,2.715,0.5,169,543585030,222672934,2025-07-19 18:08:55+00:00
1,2,169,33,86,0.03,10595.32,95.0,2.706,0.0,169,543585160,222671341,2025-07-19 18:08:59+00:00
1,2,169,33,86,0.03,10608.41,94.39999999999998,2.706,0.5,169,543585096,222669400,2025-07-19 18:09:04+00:00
1,2,168,33,86,0.03,10617.99,93.60000000000002,2.678,0.0,168,543585354,222667938,2025-07-19 18:09:08+00:00
1,2,169,33,82,0.03,10628.44,93.39999999999998,2.669,0.5,169,543586290,222667063,2025-07-19 18:09:12+00:00
1,4,171,33,83,0.03,10638.44,93.39999999999998,2.641,0.5,171,543586462,222665479,2025-07-19 18:09:16+00:00
1,4,171,33,83,0.03,10643.87,93.20000000000005,2.631,0.0,171,543586506,222664640,2025-07-19 18:09:18+00:00
1,4,171,33,85,0.03,10649.82,93.20000000000005,2.641,0.0,171,543586545,222663679,2025-07-19 18:09:20+00:00
1,11,171,33,86,0.03,10660.09,93.60000000000002,2.678,0.5,171,543586372,222662161,2025-07-19 18:09:24+00:00
1,11,171,33,85,0.03,10662.73,93.60000000000002,2.678,0.0,171,543585995,222661957,2025-07-19 18:09:25+00:00
1,11,171,33,85,0.03,10667.17,93.60000000000002,2.659,0.0,171,543585535,222661807,2025-07-19 18:09:27+00:00
1,2,169,33,85,0.03,10680.91,93.60000000000002,2.641,0.0,169,543584038,222661355,2025-07-19 18:09:32+00:00
1,2,169,33,85,0.03,10685.87,93.20000000000005,2.641,0.0,169,543583732,222660670,2025-07-19 18:09:34+00:00
1,2,169,33,85,0.03,10688.75,93.60000000000002,2.641,0.0,169,543583725,222660132,2025-07-19 18:09:35+00:00
1,1,171,33,83,0.03,10698.76,94.39999999999998,2.65,0.0,171,543584061,222658850,2025-07-19 18:09:39+00:00
1,3,170,33,83,0.03,10709.6,94.79999999999995,2.631,0.5,170,543585176,222658286,2025-07-19 18:09:43+00:00
1,2,169,33,86,0.03,10723.71,95.79999999999995,2.65,0.0,169,543586677,222658225,2025-07-19 18:09:48+00:00
1,1,169,33,86,0.03,10737.18,96.60000000000002,2.669,0.0,169,543588072,222657856,2025-07-19 18:09:53+00:00
1,1,170,33,86,0.03,10748.9,96.60000000000002,2.678,0.5,170,543589153,222657021,2025-07-19 18:09:57+00:00
1,1,170,33,84,0.03,10758.17,97.20000000000005,2.678,0.0,170,543589915,222656021,2025-07-19 18:10:01+00:00
1,1,170,33,85,0.03,10769.71,97.0,2.65,0.5,170,543591057,222655339,2025-07-19 18:10:05+00:00
1,5,170,33,86,0.03,10778.53,96.60000000000002,2.678,0.0,170,543591985,222654819,2025-07-19 18:10:08+00:00
1,7,171,33,88,0.03,10788.1,96.79999999999995,2.715,0.0,171,543592892,222654455,2025-07-19 18:10:11+00:00
1,2,172,33,87,0.03,10800.07,97.20000000000005,2.771,0.0,172,543594203,222654305,2025-07-19 18:10:15+00:00
1,1,171,33,88,0.03,10807.68,97.39999999999998,2.781,0.0,171,543594990,222654238,2025-07-19 18:10:18+00:00
1,1,171,33,86,0.03,10817.26,97.79999999999995,2.799,0.0,171,543596043,222654312,2025-07-19 18:10:21+00:00
1,1,170,33,86,0.03,10827.34,98.20000000000005,2.799,0.0,170,543597107,222654232,2025-07-19 18:10:25+00:00
1,2,171,33,85,0.03,10839.83,97.60000000000002,2.79,0.5,171,543598403,222654500,2025-07-19 18:10:30+00:00
1,2,171,33,85,0.03,10842.79,97.39999999999998,2.781,0.5,171,543598548,222655025,2025-07-19 18:10:31+00:00
1,2,171,33,85,0.03,10849.29,97.39999999999998,2.79,0.5,171,543598844,222655952,2025-07-19 18:10:33+00:00
1,3,170,33,87,0.03,10861.01,97.0,2.827,0.0,170,543599388,222657541,2025-07-19 18:10:37+00:00
1,3,170,33,87,0.03,10869.25,97.0,2.827,0.0,170,543599652,222658836,2025-07-19 18:10:40+00:00
1,3,170,33,87,0.03,10884.52,97.0,2.855,0.0,170,543599993,222661047,2025-07-19 18:10:45+00:00
1,3,170,33,86,0.03,10892.7,97.39999999999998,2.874,0.5,170,543600084,222662213,2025-07-19 18:10:48+00:00
1,2,171,33,86,0.03,10900.86,97.60000000000002,2.865,0.0,171,543599799,222663609,2025-07-19 18:10:51+00:00
1,2,171,33,87,0.03,10902.37,97.79999999999995,2.865,0.0,171,543599529,222663700,2025-07-19 18:10:52+00:00
1,2,172,33,84,0.03,10905.92,98.0,2.827,0.5,172,543599021,222664004,2025-07-19 18:10:55+00:00
1,2,173,33,86,0.03,10928.45,98.79999999999995,4.479,0.0,173,543597085,222664204,2025-07-19 18:11:00+00:00
1,1,173,33,86,0.03,10935.83,99.20000000000005,4.619,0.0,173,543596354,222664045,2025-07-19 18:11:02+00:00
1,2,174,33,86,0.03,10942.38,99.0,4.078,0.0,174,543595744,222663580,2025-07-19 18:11:04+00:00
1,2,174,33,87,0.03,10945.09,98.79999999999995,3.723,0.0,174,543595480,222663389,2025-07-19 18:11:05+00:00
1,2,174,33,86,0.03,10952.97,97.60000000000002,3.126,0.5,174,543594660,222663523,2025-07-19 18:11:08+00:00
1,4,174,33,85,0.03,10957.66,97.60000000000002,2.911,0.0,174,543594882,222664167,2025-07-19 18:11:10+00:00
1,4,174,33,85,0.03,10961.1,97.60000000000002,2.781,0.0,174,543595281,222664263,2025-07-19 18:11:11+00:00
1,5,173,33,84,0.03,10968.86,97.0,3.032,0.5,173,543596107,222664010,2025-07-19 18:11:14+00:00
1,2,172,33,86,0.03,10980.08,96.60000000000002,2.967,0.0,172,543597443,222663773,2025-07-19 18:11:18+00:00
1,5,172,33,87,0.03,10989.73,96.60000000000002,2.697,0.0,172,543598793,222663979,2025-07-19 18:11:22+00:00
1,9,171,33,85,0.03,11004.21,98.0,2.771,0.5,171,543600213,222663672,2025-07-19 18:11:27+00:00
1,11,172,33,85,0.03,11008.88,97.79999999999995,2.827,0.5,172,543600428,222663101,2025-07-19 18:11:29+00:00
1,11,171,33,85,0.03,11010.66,98.20000000000005,2.809,0.5,171,543600285,222662834,2025-07-19 18:11:30+00:00
