135,136,143,distance,heart_rate,timestamp
52,78,59,0.0,78,2025-09-30 14:53:29+00:00
54,77,59,0.0,77,2025-09-30 14:53:30+00:00
47,78,59,0.0,78,2025-09-30 14:53:31+00:00
46,81,59,0.0,81,2025-09-30 14:53:32+00:00
43,82,59,0.0,82,2025-09-30 14:53:33+00:00
14,81,59,0.0,81,2025-09-30 14:53:40+00:00
22,82,59,0.0,82,2025-09-30 14:53:41+00:00
31,81,59,0.0,81,2025-09-30 14:53:43+00:00
24,76,59,0.0,76,2025-09-30 14:53:44+00:00
21,74,59,0.0,74,2025-09-30 14:53:45+00:00
14,71,59,0.0,71,2025-09-30 14:53:46+00:00
14,71,59,0.0,71,2025-09-30 14:53:47+00:00
10,70,59,0.0,70,2025-09-30 14:53:48+00:00
17,71,59,0.0,71,2025-09-30 14:53:50+00:00
24,72,59,0.0,72,2025-09-30 14:53:52+00:00
24,73,59,0.0,73,2025-09-30 14:53:54+00:00
1,76,59,0.0,76,2025-09-30 14:53:55+00:00
4,77,59,0.0,77,2025-09-30 14:53:56+00:00
8,76,59,0.0,76,2025-09-30 14:53:58+00:00
1,75,59,0.0,75,2025-09-30 14:53:59+00:00
2,76,58,0.0,76,2025-09-30 14:54:02+00:00
1,75,58,0.0,75,2025-09-30 14:54:05+00:00
0,74,58,0.0,74,2025-09-30 14:54:07+00:00
0,75,58,0.0,75,2025-09-30 14:54:14+00:00
6,74,58,0.0,74,2025-09-30 14:54:15+00:00
30,75,58,0.0,75,2025-09-30 14:54:18+00:00
33,78,58,0.0,78,2025-09-30 14:54:19+00:00
10,76,58,0.0,76,2025-09-30 14:54:21+00:00
18,77,58,0.0,77,2025-09-30 14:54:22+00:00
21,79,58,0.0,79,2025-09-30 14:54:23+00:00
22,81,58,0.0,81,2025-09-30 14:54:24+00:00
26,82,58,0.0,82,2025-09-30 14:54:25+00:00
34,83,58,0.0,83,2025-09-30 14:54:28+00:00
16,81,58,0.0,81,2025-09-30 14:54:29+00:00
9,80,58,0.0,80,2025-09-30 14:54:30+00:00
6,81,58,0.0,81,2025-09-30 14:54:31+00:00
1,82,58,0.0,82,2025-09-30 14:54:35+00:00
1,83,58,0.0,83,2025-09-30 14:54:36+00:00
4,84,58,0.0,84,2025-09-30 14:54:40+00:00
4,85,58,0.0,85,2025-09-30 14:54:42+00:00
6,86,58,0.0,86,2025-09-30 14:54:43+00:00
1,89,58,0.0,89,2025-09-30 14:54:44+00:00
2,91,58,0.0,91,2025-09-30 14:54:45+00:00
3,92,58,0.0,92,2025-09-30 14:54:46+00:00
3,93,58,0.0,93,2025-09-30 14:54:48+00:00
2,92,58,0.0,92,2025-09-30 14:54:51+00:00
2,91,58,0.0,91,2025-09-30 14:54:52+00:00
3,92,58,0.0,92,2025-09-30 14:54:56+00:00
4,93,58,0.0,93,2025-09-30 14:54:58+00:00
5,94,58,0.0,94,2025-09-30 14:54:59+00:00
6,95,58,0.0,95,2025-09-30 14:55:00+00:00
24,96,58,0.0,96,2025-09-30 14:55:05+00:00
25,95,58,0.0,95,2025-09-30 14:55:07+00:00
26,94,58,0.0,94,2025-09-30 14:55:08+00:00
36,93,58,0.0,93,2025-09-30 14:55:14+00:00
40,94,58,0.0,94,2025-09-30 14:55:15+00:00
29,95,58,0.0,95,2025-09-30 14:55:16+00:00
36,96,58,0.0,96,2025-09-30 14:55:18+00:00
27,97,58,0.0,97,2025-09-30 14:55:19+00:00
12,98,58,0.0,98,2025-09-30 14:55:20+00:00
5,99,58,0.0,99,2025-09-30 14:55:23+00:00
3,100,58,0.0,100,2025-09-30 14:55:24+00:00
14,101,58,0.0,101,2025-09-30 14:55:29+00:00
6,102,58,0.0,102,2025-09-30 14:55:30+00:00
11,101,58,0.0,101,2025-09-30 14:55:32+00:00
7,100,58,0.0,100,2025-09-30 14:55:34+00:00
6,101,58,0.0,101,2025-09-30 14:55:36+00:00
6,102,58,0.0,102,2025-09-30 14:55:37+00:00
8,103,58,0.0,103,2025-09-30 14:55:38+00:00
7,104,58,0.0,104,2025-09-30 14:55:39+00:00
6,106,58,0.0,106,2025-09-30 14:55:40+00:00
7,107,58,0.0,107,2025-09-30 14:55:41+00:00
5,108,58,0.0,108,2025-09-30 14:55:44+00:00
15,109,58,0.0,109,2025-09-30 14:55:47+00:00
19,110,58,0.0,110,2025-09-30 14:55:48+00:00
18,112,58,0.0,112,2025-09-30 14:55:49+00:00
9,116,58,0.0,116,2025-09-30 14:55:50+00:00
4,117,58,0.0,117,2025-09-30 14:55:51+00:00
2,118,58,0.0,118,2025-09-30 14:55:56+00:00
5,119,58,0.0,119,2025-09-30 14:55:58+00:00
13,120,58,0.0,120,2025-09-30 14:56:01+00:00
17,121,58,0.0,121,2025-09-30 14:56:03+00:00
14,122,58,0.0,122,2025-09-30 14:56:06+00:00
9,123,58,0.0,123,2025-09-30 14:56:07+00:00
11,124,58,0.0,124,2025-09-30 14:56:10+00:00
11,125,58,0.0,125,2025-09-30 14:56:11+00:00
2,126,58,0.0,126,2025-09-30 14:56:12+00:00
2,125,58,0.0,125,2025-09-30 14:56:16+00:00
1,126,58,0.0,126,2025-09-30 14:56:19+00:00
2,125,58,0.0,125,2025-09-30 14:56:27+00:00
1,126,58,0.0,126,2025-09-30 14:56:28+00:00
1,127,58,0.0,127,2025-09-30 14:56:31+00:00
3,126,58,0.0,126,2025-09-30 14:56:33+00:00
2,127,58,0.0,127,2025-09-30 14:56:36+00:00
10,126,58,0.0,126,2025-09-30 14:56:39+00:00
8,127,58,0.0,127,2025-09-30 14:56:40+00:00
4,126,58,0.0,126,2025-09-30 14:56:43+00:00
4,125,58,0.0,125,2025-09-30 14:56:48+00:00
2,124,58,0.0,124,2025-09-30 14:56:50+00:00
4,125,58,0.0,125,2025-09-30 14:56:52+00:00
28,124,58,0.0,124,2025-09-30 14:56:56+00:00
34,123,57,0.0,123,2025-09-30 14:57:01+00:00
21,122,57,0.0,122,2025-09-30 14:57:02+00:00
23,121,57,0.0,121,2025-09-30 14:57:03+00:00
8,119,57,0.0,119,2025-09-30 14:57:04+00:00
11,118,57,0.0,118,2025-09-30 14:57:06+00:00
11,117,57,0.0,117,2025-09-30 14:57:07+00:00
10,116,57,0.0,116,2025-09-30 14:57:08+00:00
11,115,57,0.0,115,2025-09-30 14:57:10+00:00
21,116,57,0.0,116,2025-09-30 14:57:14+00:00
26,115,57,0.0,115,2025-09-30 14:57:15+00:00
14,112,57,0.0,112,2025-09-30 14:57:17+00:00
8,110,57,0.0,110,2025-09-30 14:57:18+00:00
4,109,57,0.0,109,2025-09-30 14:57:20+00:00
11,108,57,0.0,108,2025-09-30 14:57:22+00:00
22,107,57,0.0,107,2025-09-30 14:57:26+00:00
7,106,57,0.0,106,2025-09-30 14:57:34+00:00
15,105,57,0.0,105,2025-09-30 14:57:36+00:00
9,103,57,0.0,103,2025-09-30 14:57:37+00:00
4,101,57,0.0,101,2025-09-30 14:57:38+00:00
2,100,57,0.0,100,2025-09-30 14:57:41+00:00
10,99,57,0.0,99,2025-09-30 14:57:44+00:00
14,97,57,0.0,97,2025-09-30 14:57:46+00:00
9,96,57,0.0,96,2025-09-30 14:57:47+00:00
7,95,57,0.0,95,2025-09-30 14:57:48+00:00
10,94,57,0.0,94,2025-09-30 14:57:49+00:00
6,93,57,0.0,93,2025-09-30 14:57:51+00:00
13,92,57,0.0,92,2025-09-30 14:57:53+00:00
13,91,57,0.0,91,2025-09-30 14:57:54+00:00
13,90,57,0.0,90,2025-09-30 14:57:56+00:00
16,89,57,0.0,89,2025-09-30 14:57:57+00:00
14,88,57,0.0,88,2025-09-30 14:57:58+00:00
11,86,57,0.0,86,2025-09-30 14:57:59+00:00
7,85,56,0.0,85,2025-09-30 14:58:02+00:00
23,86,56,0.0,86,2025-09-30 14:58:06+00:00
32,85,56,0.0,85,2025-09-30 14:58:10+00:00
28,86,56,0.0,86,2025-09-30 14:58:11+00:00
34,85,56,0.0,85,2025-09-30 14:58:16+00:00
39,86,56,0.0,86,2025-09-30 14:58:17+00:00
47,85,56,0.0,85,2025-09-30 14:58:19+00:00
47,84,56,0.0,84,2025-09-30 14:58:21+00:00
50,85,56,0.0,85,2025-09-30 14:58:22+00:00
55,86,56,0.0,86,2025-09-30 14:58:25+00:00
46,85,56,0.0,85,2025-09-30 14:58:26+00:00
37,84,56,0.0,84,2025-09-30 14:58:28+00:00
28,85,56,0.0,85,2025-09-30 14:58:29+00:00
11,86,56,0.0,86,2025-09-30 14:58:31+00:00
19,85,56,0.0,85,2025-09-30 14:58:35+00:00
27,86,56,0.0,86,2025-09-30 14:58:36+00:00
52,85,56,0.0,85,2025-09-30 14:58:41+00:00
67,84,56,0.0,84,2025-09-30 14:58:44+00:00
26,82,56,0.0,82,2025-09-30 14:58:45+00:00
12,81,56,0.0,81,2025-09-30 14:58:46+00:00
0,80,56,0.0,80,2025-09-30 14:58:59+00:00
0,79,56,0.0,79,2025-09-30 14:59:05+00:00
0,80,56,0.0,80,2025-09-30 14:59:06+00:00
2,79,56,0.0,79,2025-09-30 14:59:07+00:00
1,80,56,0.0,80,2025-09-30 14:59:08+00:00
1,79,56,0.0,79,2025-09-30 14:59:12+00:00
1,78,56,0.0,78,2025-09-30 14:59:17+00:00
15,77,56,0.0,77,2025-09-30 14:59:21+00:00
8,78,56,0.0,78,2025-09-30 14:59:22+00:00
15,77,56,0.0,77,2025-09-30 14:59:24+00:00
10,78,56,0.0,78,2025-09-30 14:59:27+00:00
13,77,56,0.0,77,2025-09-30 14:59:29+00:00
41,76,56,0.0,76,2025-09-30 14:59:33+00:00
40,79,56,0.0,79,2025-09-30 14:59:35+00:00
22,83,56,0.0,83,2025-09-30 14:59:36+00:00
10,85,56,0.0,85,2025-09-30 14:59:37+00:00
3,84,56,0.0,84,2025-09-30 14:59:41+00:00
2,85,56,0.0,85,2025-09-30 14:59:44+00:00
2,86,56,0.0,86,2025-09-30 14:59:45+00:00
1,88,56,0.0,88,2025-09-30 14:59:48+00:00
2,89,56,0.0,89,2025-09-30 14:59:49+00:00
0,91,56,0.0,91,2025-09-30 14:59:50+00:00
0,90,56,0.0,90,2025-09-30 14:59:52+00:00
1,91,56,0.0,91,2025-09-30 14:59:59+00:00
0,92,56,0.0,92,2025-09-30 15:00:02+00:00
0,91,56,0.0,91,2025-09-30 15:00:04+00:00
9,92,56,0.0,92,2025-09-30 15:00:08+00:00
15,93,56,0.0,93,2025-09-30 15:00:09+00:00
17,95,56,0.0,95,2025-09-30 15:00:10+00:00
19,98,56,0.0,98,2025-09-30 15:00:11+00:00
19,101,56,0.0,101,2025-09-30 15:00:12+00:00
16,103,56,0.0,103,2025-09-30 15:00:13+00:00
8,104,56,0.0,104,2025-09-30 15:00:14+00:00
11,103,56,0.0,103,2025-09-30 15:00:15+00:00
13,101,56,0.0,101,2025-09-30 15:00:16+00:00
1,97,56,0.0,97,2025-09-30 15:00:17+00:00
3,96,56,0.0,96,2025-09-30 15:00:18+00:00
11,95,56,0.0,95,2025-09-30 15:00:20+00:00
26,93,56,0.0,93,2025-09-30 15:00:22+00:00
28,88,56,0.0,88,2025-09-30 15:00:23+00:00
23,81,56,0.0,81,2025-09-30 15:00:24+00:00
20,76,56,0.0,76,2025-09-30 15:00:25+00:00
14,73,56,0.0,73,2025-09-30 15:00:26+00:00
12,72,56,0.0,72,2025-09-30 15:00:27+00:00
9,73,56,0.0,73,2025-09-30 15:00:30+00:00
3,74,56,0.0,74,2025-09-30 15:00:31+00:00
4,75,56,0.0,75,2025-09-30 15:00:35+00:00
4,74,56,0.0,74,2025-09-30 15:00:36+00:00
6,75,56,0.0,75,2025-09-30 15:00:40+00:00
16,78,56,0.0,78,2025-09-30 15:00:45+00:00
14,86,56,0.0,86,2025-09-30 15:00:46+00:00
2,94,56,0.0,94,2025-09-30 15:00:47+00:00
2,94,56,0.0,94,2025-09-30 15:00:48+00:00
1,93,56,0.0,93,2025-09-30 15:00:49+00:00
15,92,56,0.0,92,2025-09-30 15:01:01+00:00
17,91,56,0.0,91,2025-09-30 15:01:04+00:00
26,89,56,0.0,89,2025-09-30 15:01:06+00:00
23,85,56,0.0,85,2025-09-30 15:01:07+00:00
13,81,56,0.0,81,2025-09-30 15:01:08+00:00
4,79,56,0.0,79,2025-09-30 15:01:09+00:00
2,80,56,0.0,80,2025-09-30 15:01:11+00:00
5,81,56,0.0,81,2025-09-30 15:01:15+00:00
3,82,56,0.0,82,2025-09-30 15:01:16+00:00
4,81,56,0.0,81,2025-09-30 15:01:19+00:00
4,82,56,0.0,82,2025-09-30 15:01:20+00:00
2,83,56,0.0,83,2025-09-30 15:01:24+00:00
1,82,56,0.0,82,2025-09-30 15:01:25+00:00
0,81,56,0.0,81,2025-09-30 15:01:26+00:00
0,82,56,0.0,82,2025-09-30 15:01:29+00:00
1,83,56,0.0,83,2025-09-30 15:01:32+00:00
6,82,56,0.0,82,2025-09-30 15:01:34+00:00
5,83,56,0.0,83,2025-09-30 15:01:36+00:00
5,84,56,0.0,84,2025-09-30 15:01:38+00:00
4,85,56,0.0,85,2025-09-30 15:01:39+00:00
7,86,56,0.0,86,2025-09-30 15:01:40+00:00
2,89,56,0.0,89,2025-09-30 15:01:41+00:00
2,90,56,0.0,90,2025-09-30 15:01:42+00:00
3,91,56,0.0,91,2025-09-30 15:01:43+00:00
1,90,56,0.0,90,2025-09-30 15:01:48+00:00
1,89,56,0.0,89,2025-09-30 15:01:53+00:00
1,88,56,0.0,88,2025-09-30 15:01:55+00:00
1,87,56,0.0,87,2025-09-30 15:01:57+00:00
1,88,56,0.0,88,2025-09-30 15:02:00+00:00
0,90,56,0.0,90,2025-09-30 15:02:03+00:00
0,92,56,0.0,92,2025-09-30 15:02:04+00:00
0,93,56,0.0,93,2025-09-30 15:02:05+00:00
0,94,56,0.0,94,2025-09-30 15:02:06+00:00
2,93,56,0.0,93,2025-09-30 15:02:08+00:00
1,92,56,0.0,92,2025-09-30 15:02:09+00:00
2,91,56,0.0,91,2025-09-30 15:02:11+00:00
1,90,56,0.0,90,2025-09-30 15:02:12+00:00
14,89,56,0.0,89,2025-09-30 15:02:14+00:00
21,88,56,0.0,88,2025-09-30 15:02:15+00:00
11,89,56,0.0,89,2025-09-30 15:02:17+00:00
4,90,56,0.0,90,2025-09-30 15:02:18+00:00
19,89,56,0.0,89,2025-09-30 15:02:21+00:00
1,86,56,0.0,86,2025-09-30 15:02:22+00:00
0,87,56,0.0,87,2025-09-30 15:02:24+00:00
2,88,56,0.0,88,2025-09-30 15:02:26+00:00
1,87,56,0.0,87,2025-09-30 15:02:27+00:00
7,88,56,0.0,88,2025-09-30 15:02:30+00:00
4,89,56,0.0,89,2025-09-30 15:02:32+00:00
6,88,56,0.0,88,2025-09-30 15:02:35+00:00
9,87,56,0.0,87,2025-09-30 15:02:37+00:00
9,85,56,0.0,85,2025-09-30 15:02:38+00:00
7,82,56,0.0,82,2025-09-30 15:02:39+00:00
8,81,56,0.0,81,2025-09-30 15:02:40+00:00
6,80,56,0.0,80,2025-09-30 15:02:42+00:00
5,81,56,0.0,81,2025-09-30 15:02:43+00:00
1,83,56,0.0,83,2025-09-30 15:02:45+00:00
1,81,56,0.0,81,2025-09-30 15:02:47+00:00
16,82,56,0.0,82,2025-09-30 15:02:49+00:00
50,83,56,0.0,83,2025-09-30 15:02:54+00:00
50,84,56,0.0,84,2025-09-30 15:02:55+00:00
52,85,56,0.0,85,2025-09-30 15:02:56+00:00
56,86,56,0.0,86,2025-09-30 15:02:58+00:00
58,87,56,0.0,87,2025-09-30 15:02:59+00:00
58,85,56,0.0,85,2025-09-30 15:03:01+00:00
67,84,56,0.0,84,2025-09-30 15:03:03+00:00
47,79,56,0.0,79,2025-09-30 15:03:04+00:00
25,75,56,0.0,75,2025-09-30 15:03:05+00:00
14,73,56,0.0,73,2025-09-30 15:03:06+00:00
9,71,56,0.0,71,2025-09-30 15:03:07+00:00
5,70,56,0.0,70,2025-09-30 15:03:09+00:00
3,71,56,0.0,71,2025-09-30 15:03:11+00:00
1,70,56,0.0,70,2025-09-30 15:03:14+00:00
1,71,56,0.0,71,2025-09-30 15:03:15+00:00
1,70,56,0.0,70,2025-09-30 15:03:17+00:00
5,69,56,0.0,69,2025-09-30 15:03:21+00:00
11,68,56,0.0,68,2025-09-30 15:03:22+00:00
23,67,56,0.0,67,2025-09-30 15:03:25+00:00
56,68,56,0.0,68,2025-09-30 15:03:30+00:00
48,73,56,0.0,73,2025-09-30 15:03:31+00:00
30,80,56,0.0,80,2025-09-30 15:03:32+00:00
11,86,56,0.0,86,2025-09-30 15:03:33+00:00
7,87,56,0.0,87,2025-09-30 15:03:34+00:00
5,88,56,0.0,88,2025-09-30 15:03:35+00:00
4,89,56,0.0,89,2025-09-30 15:03:36+00:00
3,90,56,0.0,90,2025-09-30 15:03:37+00:00
2,89,56,0.0,89,2025-09-30 15:03:39+00:00
1,90,56,0.0,90,2025-09-30 15:03:45+00:00
1,89,56,0.0,89,2025-09-30 15:03:46+00:00
1,90,56,0.0,90,2025-09-30 15:03:48+00:00
4,91,56,0.0,91,2025-09-30 15:03:49+00:00
4,92,56,0.0,92,2025-09-30 15:03:50+00:00
8,93,56,0.0,93,2025-09-30 15:03:52+00:00
7,94,56,0.0,94,2025-09-30 15:03:55+00:00
25,95,56,0.0,95,2025-09-30 15:03:59+00:00
18,94,56,0.0,94,2025-09-30 15:04:00+00:00
3,95,56,0.0,95,2025-09-30 15:04:03+00:00
4,94,56,0.0,94,2025-09-30 15:04:04+00:00
17,95,56,0.0,95,2025-09-30 15:04:07+00:00
23,96,56,0.0,96,2025-09-30 15:04:08+00:00
25,101,56,0.0,101,2025-09-30 15:04:09+00:00
27,104,56,0.0,104,2025-09-30 15:04:10+00:00
6,95,56,0.0,95,2025-09-30 15:04:11+00:00
8,93,56,0.0,93,2025-09-30 15:04:12+00:00
9,94,56,0.0,94,2025-09-30 15:04:13+00:00
3,98,56,0.0,98,2025-09-30 15:04:14+00:00
3,100,56,0.0,100,2025-09-30 15:04:15+00:00
1,101,56,0.0,101,2025-09-30 15:04:16+00:00
2,102,56,0.0,102,2025-09-30 15:04:18+00:00
3,103,56,0.0,103,2025-09-30 15:04:19+00:00
6,104,56,0.0,104,2025-09-30 15:04:20+00:00
6,105,56,0.0,105,2025-09-30 15:04:21+00:00
10,106,56,0.0,106,2025-09-30 15:04:22+00:00
25,101,56,0.0,101,2025-09-30 15:04:26+00:00
22,97,56,0.0,97,2025-09-30 15:04:27+00:00
18,94,56,0.0,94,2025-09-30 15:04:28+00:00
20,93,56,0.0,93,2025-09-30 15:04:29+00:00
23,92,56,0.0,92,2025-09-30 15:04:30+00:00
19,90,56,0.0,90,2025-09-30 15:04:31+00:00
20,94,56,0.0,94,2025-09-30 15:04:32+00:00
5,101,56,0.0,101,2025-09-30 15:04:33+00:00
5,101,56,0.0,101,2025-09-30 15:04:34+00:00
20,100,56,0.0,100,2025-09-30 15:04:38+00:00
21,99,56,0.0,99,2025-09-30 15:04:41+00:00
22,96,56,0.0,96,2025-09-30 15:04:42+00:00
26,93,56,0.0,93,2025-09-30 15:04:45+00:00
28,92,56,0.0,92,2025-09-30 15:04:46+00:00
32,91,56,0.0,91,2025-09-30 15:04:47+00:00
33,89,56,0.0,89,2025-09-30 15:04:48+00:00
52,88,56,0.0,88,2025-09-30 15:04:53+00:00
40,84,56,0.0,84,2025-09-30 15:04:54+00:00
30,81,56,0.0,81,2025-09-30 15:04:55+00:00
32,80,56,0.0,80,2025-09-30 15:04:56+00:00
64,81,56,0.0,81,2025-09-30 15:05:00+00:00
72,80,56,0.0,80,2025-09-30 15:05:01+00:00
46,90,56,0.0,90,2025-09-30 15:05:04+00:00
9,98,56,0.0,98,2025-09-30 15:05:05+00:00
9,98,56,0.0,98,2025-09-30 15:05:06+00:00
38,97,56,0.0,97,2025-09-30 15:05:11+00:00
29,96,56,0.0,96,2025-09-30 15:05:14+00:00
28,97,56,0.0,97,2025-09-30 15:05:18+00:00
36,99,56,0.0,99,2025-09-30 15:05:20+00:00
33,104,56,0.0,104,2025-09-30 15:05:21+00:00
18,112,56,0.0,112,2025-09-30 15:05:22+00:00
10,116,56,0.0,116,2025-09-30 15:05:23+00:00
11,117,56,0.0,117,2025-09-30 15:05:24+00:00
7,116,56,0.0,116,2025-09-30 15:05:25+00:00
8,115,56,0.0,115,2025-09-30 15:05:26+00:00
13,114,56,0.0,114,2025-09-30 15:05:27+00:00
14,113,56,0.0,113,2025-09-30 15:05:28+00:00
18,112,56,0.0,112,2025-09-30 15:05:29+00:00
11,110,56,0.0,110,2025-09-30 15:05:30+00:00
11,109,56,0.0,109,2025-09-30 15:05:31+00:00
7,108,56,0.0,108,2025-09-30 15:05:32+00:00
7,107,56,0.0,107,2025-09-30 15:05:33+00:00
36,105,56,0.0,105,2025-09-30 15:05:38+00:00
41,102,56,0.0,102,2025-09-30 15:05:39+00:00
32,93,56,0.0,93,2025-09-30 15:05:40+00:00
23,85,56,0.0,85,2025-09-30 15:05:41+00:00
13,80,56,0.0,80,2025-09-30 15:05:42+00:00
11,78,56,0.0,78,2025-09-30 15:05:43+00:00
7,76,56,0.0,76,2025-09-30 15:05:44+00:00
2,77,56,0.0,77,2025-09-30 15:05:48+00:00
9,76,56,0.0,76,2025-09-30 15:05:50+00:00
18,77,56,0.0,77,2025-09-30 15:05:51+00:00
28,80,56,0.0,80,2025-09-30 15:05:53+00:00
38,82,56,0.0,82,2025-09-30 15:05:55+00:00
19,87,56,0.0,87,2025-09-30 15:05:56+00:00
17,89,56,0.0,89,2025-09-30 15:05:57+00:00
20,90,56,0.0,90,2025-09-30 15:05:58+00:00
18,91,56,0.0,91,2025-09-30 15:05:59+00:00
17,92,56,0.0,92,2025-09-30 15:06:00+00:00
14,93,56,0.0,93,2025-09-30 15:06:01+00:00
2,95,56,0.0,95,2025-09-30 15:06:02+00:00
1,96,56,0.0,96,2025-09-30 15:06:03+00:00
1,97,56,0.0,97,2025-09-30 15:06:04+00:00
1,98,56,0.0,98,2025-09-30 15:06:05+00:00
1,99,56,0.0,99,2025-09-30 15:06:07+00:00
0,100,56,0.0,100,2025-09-30 15:06:08+00:00
1,101,56,0.0,101,2025-09-30 15:06:11+00:00
1,102,56,0.0,102,2025-09-30 15:06:12+00:00
1,103,56,0.0,103,2025-09-30 15:06:15+00:00
1,104,56,0.0,104,2025-09-30 15:06:23+00:00
1,105,56,0.0,105,2025-09-30 15:06:26+00:00
1,106,56,0.0,106,2025-09-30 15:06:27+00:00
1,107,56,0.0,107,2025-09-30 15:06:28+00:00
1,108,56,0.0,108,2025-09-30 15:06:30+00:00
0,109,56,0.0,109,2025-09-30 15:06:32+00:00
0,110,56,0.0,110,2025-09-30 15:06:33+00:00
0,109,56,0.0,109,2025-09-30 15:06:34+00:00
0,110,56,0.0,110,2025-09-30 15:06:36+00:00
0,110,56,0.0,110,2025-09-30 15:06:39+00:00
0,109,56,0.0,109,2025-09-30 15:06:41+00:00
1,107,56,0.0,107,2025-09-30 15:06:42+00:00
0,105,56,0.0,105,2025-09-30 15:06:43+00:00
0,104,56,0.0,104,2025-09-30 15:06:44+00:00
0,103,56,0.0,103,2025-09-30 15:06:45+00:00
1,102,56,0.0,102,2025-09-30 15:06:46+00:00
1,101,56,0.0,101,2025-09-30 15:06:47+00:00
1,100,56,0.0,100,2025-09-30 15:06:48+00:00
1,99,56,0.0,99,2025-09-30 15:06:49+00:00
1,98,56,0.0,98,2025-09-30 15:06:51+00:00
1,99,56,0.0,99,2025-09-30 15:06:52+00:00
1,98,56,0.0,98,2025-09-30 15:06:54+00:00
3,99,56,0.0,99,2025-09-30 15:06:57+00:00
3,98,56,0.0,98,2025-09-30 15:06:58+00:00
1,96,56,0.0,96,2025-09-30 15:07:02+00:00
1,94,56,0.0,94,2025-09-30 15:07:03+00:00
1,91,56,0.0,91,2025-09-30 15:07:04+00:00
1,90,56,0.0,90,2025-09-30 15:07:05+00:00
1,87,56,0.0,87,2025-09-30 15:07:06+00:00
0,83,56,0.0,83,2025-09-30 15:07:07+00:00
1,80,56,0.0,80,2025-09-30 15:07:08+00:00
1,78,56,0.0,78,2025-09-30 15:07:09+00:00
0,76,56,0.0,76,2025-09-30 15:07:10+00:00
0,75,56,0.0,75,2025-09-30 15:07:11+00:00
0,74,56,0.0,74,2025-09-30 15:07:12+00:00
0,73,56,0.0,73,2025-09-30 15:07:13+00:00
0,72,56,0.0,72,2025-09-30 15:07:14+00:00
0,73,56,0.0,73,2025-09-30 15:07:15+00:00
0,72,56,0.0,72,2025-09-30 15:07:17+00:00
0,71,56,0.0,71,2025-09-30 15:07:20+00:00
1,70,56,0.0,70,2025-09-30 15:07:26+00:00
1,71,56,0.0,71,2025-09-30 15:07:28+00:00
1,70,56,0.0,70,2025-09-30 15:07:31+00:00
1,69,56,0.0,69,2025-09-30 15:07:33+00:00
1,69,56,0.0,69,2025-09-30 15:07:39+00:00
10,68,56,0.0,68,2025-09-30 15:07:40+00:00
7,69,56,0.0,69,2025-09-30 15:07:42+00:00
3,70,56,0.0,70,2025-09-30 15:07:43+00:00
2,69,56,0.0,69,2025-09-30 15:07:47+00:00
3,68,56,0.0,68,2025-09-30 15:07:48+00:00
0,67,56,0.0,67,2025-09-30 15:07:49+00:00
0,66,56,0.0,66,2025-09-30 15:07:51+00:00
4,67,56,0.0,67,2025-09-30 15:07:52+00:00
6,66,56,0.0,66,2025-09-30 15:07:54+00:00
1,65,56,0.0,65,2025-09-30 15:07:55+00:00
6,67,56,0.0,67,2025-09-30 15:07:57+00:00
6,72,56,0.0,72,2025-09-30 15:07:58+00:00
7,74,56,0.0,74,2025-09-30 15:07:59+00:00
10,75,56,0.0,75,2025-09-30 15:08:00+00:00
17,76,56,0.0,76,2025-09-30 15:08:01+00:00
21,78,56,0.0,78,2025-09-30 15:08:02+00:00
19,81,56,0.0,81,2025-09-30 15:08:03+00:00
10,85,56,0.0,85,2025-09-30 15:08:04+00:00
6,87,56,0.0,87,2025-09-30 15:08:05+00:00
5,88,56,0.0,88,2025-09-30 15:08:06+00:00
4,89,56,0.0,89,2025-09-30 15:08:07+00:00
3,90,56,0.0,90,2025-09-30 15:08:08+00:00
2,91,56,0.0,91,2025-09-30 15:08:09+00:00
2,92,56,0.0,92,2025-09-30 15:08:10+00:00
2,93,56,0.0,93,2025-09-30 15:08:11+00:00
2,96,56,0.0,96,2025-09-30 15:08:12+00:00
1,98,56,0.0,98,2025-09-30 15:08:13+00:00
1,99,56,0.0,99,2025-09-30 15:08:14+00:00
1,100,56,0.0,100,2025-09-30 15:08:16+00:00
1,101,56,0.0,101,2025-09-30 15:08:17+00:00
1,102,56,0.0,102,2025-09-30 15:08:18+00:00
0,103,56,0.0,103,2025-09-30 15:08:19+00:00
1,105,56,0.0,105,2025-09-30 15:08:21+00:00
0,107,56,0.0,107,2025-09-30 15:08:22+00:00
1,108,56,0.0,108,2025-09-30 15:08:25+00:00
1,109,56,0.0,109,2025-09-30 15:08:29+00:00
1,110,56,0.0,110,2025-09-30 15:08:33+00:00
1,111,56,0.0,111,2025-09-30 15:08:35+00:00
1,112,56,0.0,112,2025-09-30 15:08:37+00:00
0,111,56,0.0,111,2025-09-30 15:08:42+00:00
0,110,56,0.0,110,2025-09-30 15:08:44+00:00
5,108,56,0.0,108,2025-09-30 15:08:47+00:00
5,107,56,0.0,107,2025-09-30 15:08:48+00:00
1,106,56,0.0,106,2025-09-30 15:08:50+00:00
1,105,56,0.0,105,2025-09-30 15:08:51+00:00
0,102,56,0.0,102,2025-09-30 15:08:52+00:00
0,101,56,0.0,101,2025-09-30 15:08:53+00:00
0,100,56,0.0,100,2025-09-30 15:08:54+00:00
0,99,56,0.0,99,2025-09-30 15:08:55+00:00
0,98,56,0.0,98,2025-09-30 15:08:56+00:00
0,96,56,0.0,96,2025-09-30 15:08:57+00:00
0,95,56,0.0,95,2025-09-30 15:08:58+00:00
0,94,56,0.0,94,2025-09-30 15:08:59+00:00
0,92,56,0.0,92,2025-09-30 15:09:00+00:00
0,91,56,0.0,91,2025-09-30 15:09:01+00:00
1,90,56,0.0,90,2025-09-30 15:09:02+00:00
1,89,56,0.0,89,2025-09-30 15:09:04+00:00
1,88,56,0.0,88,2025-09-30 15:09:06+00:00
1,87,56,0.0,87,2025-09-30 15:09:08+00:00
1,86,56,0.0,86,2025-09-30 15:09:12+00:00
3,85,56,0.0,85,2025-09-30 15:09:14+00:00
1,84,56,0.0,84,2025-09-30 15:09:15+00:00
1,83,56,0.0,83,2025-09-30 15:09:16+00:00
4,80,56,0.0,80,2025-09-30 15:09:17+00:00
6,78,56,0.0,78,2025-09-30 15:09:18+00:00
9,76,56,0.0,76,2025-09-30 15:09:19+00:00
10,75,56,0.0,75,2025-09-30 15:09:20+00:00
9,74,56,0.0,74,2025-09-30 15:09:21+00:00
4,75,56,0.0,75,2025-09-30 15:09:24+00:00
2,76,56,0.0,76,2025-09-30 15:09:26+00:00
2,75,56,0.0,75,2025-09-30 15:09:27+00:00
8,76,56,0.0,76,2025-09-30 15:09:33+00:00
8,75,56,0.0,75,2025-09-30 15:09:34+00:00
3,76,56,0.0,76,2025-09-30 15:09:36+00:00
2,75,56,0.0,75,2025-09-30 15:09:39+00:00
1,74,56,0.0,74,2025-09-30 15:09:40+00:00
2,73,56,0.0,73,2025-09-30 15:09:41+00:00
4,72,56,0.0,72,2025-09-30 15:09:42+00:00
0,68,56,0.0,68,2025-09-30 15:09:43+00:00
0,67,56,0.0,67,2025-09-30 15:09:44+00:00
0,66,56,0.0,66,2025-09-30 15:09:46+00:00
0,65,56,0.0,65,2025-09-30 15:09:48+00:00
1,66,56,0.0,66,2025-09-30 15:09:53+00:00
9,65,56,0.0,65,2025-09-30 15:09:54+00:00
7,66,56,0.0,66,2025-09-30 15:09:58+00:00
6,73,56,0.0,73,2025-09-30 15:09:59+00:00
6,76,56,0.0,76,2025-09-30 15:10:00+00:00
3,77,56,0.0,77,2025-09-30 15:10:01+00:00
20,78,56,0.0,78,2025-09-30 15:10:04+00:00
5,83,56,0.0,83,2025-09-30 15:10:05+00:00
3,84,56,0.0,84,2025-09-30 15:10:06+00:00
1,85,56,0.0,85,2025-09-30 15:10:07+00:00
1,86,56,0.0,86,2025-09-30 15:10:08+00:00
1,87,56,0.0,87,2025-09-30 15:10:09+00:00
5,90,56,0.0,90,2025-09-30 15:10:11+00:00
2,95,56,0.0,95,2025-09-30 15:10:12+00:00
1,96,56,0.0,96,2025-09-30 15:10:13+00:00
0,97,56,0.0,97,2025-09-30 15:10:14+00:00
0,98,56,0.0,98,2025-09-30 15:10:15+00:00
0,99,56,0.0,99,2025-09-30 15:10:17+00:00
0,100,56,0.0,100,2025-09-30 15:10:18+00:00
0,101,56,0.0,101,2025-09-30 15:10:19+00:00
1,102,56,0.0,102,2025-09-30 15:10:22+00:00
1,103,56,0.0,103,2025-09-30 15:10:23+00:00
1,104,56,0.0,104,2025-09-30 15:10:24+00:00
1,105,56,0.0,105,2025-09-30 15:10:25+00:00
1,106,56,0.0,106,2025-09-30 15:10:27+00:00
1,107,56,0.0,107,2025-09-30 15:10:28+00:00
1,108,56,0.0,108,2025-09-30 15:10:30+00:00
2,109,56,0.0,109,2025-09-30 15:10:33+00:00
2,111,56,0.0,111,2025-09-30 15:10:35+00:00
2,111,56,0.0,111,2025-09-30 15:10:36+00:00
1,112,56,0.0,112,2025-09-30 15:10:37+00:00
2,111,56,0.0,111,2025-09-30 15:10:39+00:00
2,110,56,0.0,110,2025-09-30 15:10:41+00:00
0,107,56,0.0,107,2025-09-30 15:10:42+00:00
0,106,56,0.0,106,2025-09-30 15:10:44+00:00
0,105,56,0.0,105,2025-09-30 15:10:48+00:00
0,104,56,0.0,104,2025-09-30 15:10:51+00:00
1,102,56,0.0,102,2025-09-30 15:10:52+00:00
0,100,56,0.0,100,2025-09-30 15:10:53+00:00
0,99,56,0.0,99,2025-09-30 15:10:54+00:00
0,98,56,0.0,98,2025-09-30 15:10:55+00:00
0,96,56,0.0,96,2025-09-30 15:10:56+00:00
0,94,56,0.0,94,2025-09-30 15:10:57+00:00
2,92,56,0.0,92,2025-09-30 15:10:58+00:00
3,89,56,0.0,89,2025-09-30 15:10:59+00:00
2,88,56,0.0,88,2025-09-30 15:11:00+00:00
2,87,56,0.0,87,2025-09-30 15:11:01+00:00
1,86,56,0.0,86,2025-09-30 15:11:04+00:00
1,85,56,0.0,85,2025-09-30 15:11:06+00:00
1,84,56,0.0,84,2025-09-30 15:11:07+00:00
1,83,56,0.0,83,2025-09-30 15:11:10+00:00
1,81,56,0.0,81,2025-09-30 15:11:12+00:00
1,79,56,0.0,79,2025-09-30 15:11:13+00:00
1,76,56,0.0,76,2025-09-30 15:11:14+00:00
2,74,56,0.0,74,2025-09-30 15:11:15+00:00
2,73,56,0.0,73,2025-09-30 15:11:16+00:00
4,72,56,0.0,72,2025-09-30 15:11:17+00:00
4,71,56,0.0,71,2025-09-30 15:11:18+00:00
3,72,56,0.0,72,2025-09-30 15:11:20+00:00
3,73,56,0.0,73,2025-09-30 15:11:22+00:00
1,74,56,0.0,74,2025-09-30 15:11:24+00:00
0,73,56,0.0,73,2025-09-30 15:11:26+00:00
0,72,56,0.0,72,2025-09-30 15:11:29+00:00
0,69,56,0.0,69,2025-09-30 15:11:30+00:00
1,68,56,0.0,68,2025-09-30 15:11:31+00:00
3,65,56,0.0,65,2025-09-30 15:11:32+00:00
1,62,56,0.0,62,2025-09-30 15:11:33+00:00
1,62,56,0.0,62,2025-09-30 15:11:34+00:00
0,63,56,0.0,63,2025-09-30 15:11:36+00:00
0,64,56,0.0,64,2025-09-30 15:11:38+00:00
0,65,56,0.0,65,2025-09-30 15:11:40+00:00
17,67,56,0.0,67,2025-09-30 15:11:47+00:00
17,71,56,0.0,71,2025-09-30 15:11:48+00:00
18,74,56,0.0,74,2025-09-30 15:11:49+00:00
13,72,56,0.0,72,2025-09-30 15:11:50+00:00
9,77,56,0.0,77,2025-09-30 15:11:51+00:00
7,79,56,0.0,79,2025-09-30 15:11:52+00:00
8,80,56,0.0,80,2025-09-30 15:11:54+00:00
9,81,56,0.0,81,2025-09-30 15:11:55+00:00
11,84,56,0.0,84,2025-09-30 15:11:56+00:00
14,86,56,0.0,86,2025-09-30 15:11:57+00:00
11,89,56,0.0,89,2025-09-30 15:11:58+00:00
5,91,56,0.0,91,2025-09-30 15:11:59+00:00
3,92,56,0.0,92,2025-09-30 15:12:00+00:00
3,93,56,0.0,93,2025-09-30 15:12:01+00:00
2,94,56,0.0,94,2025-09-30 15:12:05+00:00
2,96,56,0.0,96,2025-09-30 15:12:06+00:00
1,99,56,0.0,99,2025-09-30 15:12:07+00:00
0,102,56,0.0,102,2025-09-30 15:12:08+00:00
0,103,56,0.0,103,2025-09-30 15:12:09+00:00
0,104,56,0.0,104,2025-09-30 15:12:10+00:00
0,105,56,0.0,105,2025-09-30 15:12:11+00:00
1,106,56,0.0,106,2025-09-30 15:12:14+00:00
1,107,56,0.0,107,2025-09-30 15:12:16+00:00
1,108,56,0.0,108,2025-09-30 15:12:19+00:00
1,109,56,0.0,109,2025-09-30 15:12:20+00:00
1,110,56,0.0,110,2025-09-30 15:12:22+00:00
1,111,56,0.0,111,2025-09-30 15:12:24+00:00
1,110,56,0.0,110,2025-09-30 15:12:25+00:00
0,111,56,0.0,111,2025-09-30 15:12:31+00:00
0,112,56,0.0,112,2025-09-30 15:12:32+00:00
0,111,56,0.0,111,2025-09-30 15:12:35+00:00
0,110,56,0.0,110,2025-09-30 15:12:36+00:00
0,108,56,0.0,108,2025-09-30 15:12:38+00:00
0,106,56,0.0,106,2025-09-30 15:12:39+00:00
0,103,56,0.0,103,2025-09-30 15:12:40+00:00
0,100,56,0.0,100,2025-09-30 15:12:41+00:00
0,98,56,0.0,98,2025-09-30 15:12:42+00:00
0,97,56,0.0,97,2025-09-30 15:12:44+00:00
1,95,56,0.0,95,2025-09-30 15:12:45+00:00
1,96,56,0.0,96,2025-09-30 15:12:48+00:00
2,101,56,0.0,101,2025-09-30 15:12:49+00:00
2,103,56,0.0,103,2025-09-30 15:12:50+00:00
1,99,56,0.0,99,2025-09-30 15:12:51+00:00
0,98,56,0.0,98,2025-09-30 15:12:52+00:00
0,97,56,0.0,97,2025-09-30 15:12:54+00:00
0,96,56,0.0,96,2025-09-30 15:12:55+00:00
0,94,56,0.0,94,2025-09-30 15:12:57+00:00
0,93,56,0.0,93,2025-09-30 15:12:58+00:00
0,92,56,0.0,92,2025-09-30 15:12:59+00:00
0,90,56,0.0,90,2025-09-30 15:13:00+00:00
0,87,56,0.0,87,2025-09-30 15:13:01+00:00
0,87,56,0.0,87,2025-09-30 15:13:02+00:00
5,86,56,0.0,86,2025-09-30 15:13:07+00:00
4,85,56,0.0,85,2025-09-30 15:13:08+00:00
1,92,56,0.0,92,2025-09-30 15:13:11+00:00
1,92,56,0.0,92,2025-09-30 15:13:12+00:00
5,90,56,0.0,90,2025-09-30 15:13:13+00:00
0,86,56,0.0,86,2025-09-30 15:13:14+00:00
0,85,56,0.0,85,2025-09-30 15:13:15+00:00
12,84,56,0.0,84,2025-09-30 15:13:17+00:00
10,80,56,0.0,80,2025-09-30 15:13:19+00:00
7,78,56,0.0,78,2025-09-30 15:13:20+00:00
5,76,56,0.0,76,2025-09-30 15:13:21+00:00
6,75,56,0.0,75,2025-09-30 15:13:22+00:00
3,74,56,0.0,74,2025-09-30 15:13:23+00:00
6,73,56,0.0,73,2025-09-30 15:13:24+00:00
1,71,56,0.0,71,2025-09-30 15:13:25+00:00
2,70,56,0.0,70,2025-09-30 15:13:26+00:00
1,69,56,0.0,69,2025-09-30 15:13:27+00:00
1,69,56,0.0,69,2025-09-30 15:13:31+00:00
0,70,56,0.0,70,2025-09-30 15:13:34+00:00
0,69,56,0.0,69,2025-09-30 15:13:36+00:00
0,70,56,0.0,70,2025-09-30 15:13:39+00:00
0,69,56,0.0,69,2025-09-30 15:13:40+00:00
0,70,56,0.0,70,2025-09-30 15:13:42+00:00
0,72,56,0.0,72,2025-09-30 15:13:44+00:00
3,73,56,0.0,73,2025-09-30 15:13:45+00:00
8,75,56,0.0,75,2025-09-30 15:13:46+00:00
12,79,56,0.0,79,2025-09-30 15:13:47+00:00
13,83,56,0.0,83,2025-09-30 15:13:48+00:00
5,87,56,0.0,87,2025-09-30 15:13:49+00:00
5,87,56,0.0,87,2025-09-30 15:13:50+00:00
1,88,56,0.0,88,2025-09-30 15:13:51+00:00
1,89,56,0.0,89,2025-09-30 15:13:54+00:00
2,90,56,0.0,90,2025-09-30 15:13:57+00:00
2,91,56,0.0,91,2025-09-30 15:13:58+00:00
1,93,56,0.0,93,2025-09-30 15:13:59+00:00
1,95,56,0.0,95,2025-09-30 15:14:00+00:00
0,97,56,0.0,97,2025-09-30 15:14:02+00:00
0,99,56,0.0,99,2025-09-30 15:14:03+00:00
1,100,56,0.0,100,2025-09-30 15:14:04+00:00
1,101,56,0.0,101,2025-09-30 15:14:05+00:00
1,102,56,0.0,102,2025-09-30 15:14:06+00:00
0,103,56,0.0,103,2025-09-30 15:14:07+00:00
0,104,56,0.0,104,2025-09-30 15:14:10+00:00
1,105,56,0.0,105,2025-09-30 15:14:12+00:00
1,106,56,0.0,106,2025-09-30 15:14:13+00:00
1,107,56,0.0,107,2025-09-30 15:14:14+00:00
1,108,56,0.0,108,2025-09-30 15:14:15+00:00
0,109,56,0.0,109,2025-09-30 15:14:17+00:00
0,110,56,0.0,110,2025-09-30 15:14:19+00:00
1,111,56,0.0,111,2025-09-30 15:14:23+00:00
1,112,56,0.0,112,2025-09-30 15:14:25+00:00
1,113,56,0.0,113,2025-09-30 15:14:26+00:00
1,114,56,0.0,114,2025-09-30 15:14:28+00:00
1,115,56,0.0,115,2025-09-30 15:14:29+00:00
0,114,56,0.0,114,2025-09-30 15:14:32+00:00
0,113,56,0.0,113,2025-09-30 15:14:37+00:00
0,112,56,0.0,112,2025-09-30 15:14:38+00:00
1,110,56,0.0,110,2025-09-30 15:14:39+00:00
0,106,56,0.0,106,2025-09-30 15:14:40+00:00
0,105,56,0.0,105,2025-09-30 15:14:41+00:00
1,104,56,0.0,104,2025-09-30 15:14:42+00:00
0,103,56,0.0,103,2025-09-30 15:14:43+00:00
0,102,56,0.0,102,2025-09-30 15:14:44+00:00
0,101,56,0.0,101,2025-09-30 15:14:45+00:00
0,98,56,0.0,98,2025-09-30 15:14:46+00:00
0,96,56,0.0,96,2025-09-30 15:14:47+00:00
0,94,56,0.0,94,2025-09-30 15:14:48+00:00
0,93,56,0.0,93,2025-09-30 15:14:49+00:00
0,91,56,0.0,91,2025-09-30 15:14:50+00:00
0,90,56,0.0,90,2025-09-30 15:14:52+00:00
1,89,56,0.0,89,2025-09-30 15:14:55+00:00
2,90,56,0.0,90,2025-09-30 15:14:59+00:00
2,93,56,0.0,93,2025-09-30 15:15:00+00:00
1,98,56,0.0,98,2025-09-30 15:15:01+00:00
5,99,56,0.0,99,2025-09-30 15:15:02+00:00
0,100,56,0.0,100,2025-09-30 15:15:06+00:00
1,101,56,0.0,101,2025-09-30 15:15:07+00:00
3,102,56,0.0,102,2025-09-30 15:15:08+00:00
0,105,56,0.0,105,2025-09-30 15:15:09+00:00
0,107,56,0.0,107,2025-09-30 15:15:10+00:00
2,108,56,0.0,108,2025-09-30 15:15:11+00:00
1,107,56,0.0,107,2025-09-30 15:15:13+00:00
4,106,56,0.0,106,2025-09-30 15:15:14+00:00
19,105,56,0.0,105,2025-09-30 15:15:18+00:00
18,99,56,0.0,99,2025-09-30 15:15:19+00:00
18,99,56,0.0,99,2025-09-30 15:15:20+00:00
27,96,56,0.0,96,2025-09-30 15:15:21+00:00
10,91,56,0.0,91,2025-09-30 15:15:22+00:00
5,90,56,0.0,90,2025-09-30 15:15:23+00:00
3,89,56,0.0,89,2025-09-30 15:15:24+00:00
16,90,56,0.0,90,2025-09-30 15:15:27+00:00
6,100,56,0.0,100,2025-09-30 15:15:28+00:00
9,101,56,0.0,101,2025-09-30 15:15:29+00:00
26,99,56,0.0,99,2025-09-30 15:15:32+00:00
25,97,56,0.0,97,2025-09-30 15:15:33+00:00
33,98,56,0.0,98,2025-09-30 15:15:35+00:00
13,102,56,0.0,102,2025-09-30 15:15:36+00:00
7,103,56,0.0,103,2025-09-30 15:15:37+00:00
6,102,56,0.0,102,2025-09-30 15:15:38+00:00
12,101,56,0.0,101,2025-09-30 15:15:39+00:00
14,99,56,0.0,99,2025-09-30 15:15:41+00:00
14,93,56,0.0,93,2025-09-30 15:15:43+00:00
14,93,56,0.0,93,2025-09-30 15:15:44+00:00
28,92,56,0.0,92,2025-09-30 15:15:45+00:00
34,93,56,0.0,93,2025-09-30 15:15:46+00:00
31,96,56,0.0,96,2025-09-30 15:15:47+00:00
47,95,56,0.0,95,2025-09-30 15:15:50+00:00
64,94,56,0.0,94,2025-09-30 15:15:53+00:00
58,93,56,0.0,93,2025-09-30 15:15:54+00:00
35,90,56,0.0,90,2025-09-30 15:15:55+00:00
26,89,56,0.0,89,2025-09-30 15:15:56+00:00
9,87,56,0.0,87,2025-09-30 15:15:57+00:00
4,85,56,0.0,85,2025-09-30 15:15:58+00:00
36,84,56,0.0,84,2025-09-30 15:16:06+00:00
34,83,56,0.0,83,2025-09-30 15:16:08+00:00
24,80,56,0.0,80,2025-09-30 15:16:09+00:00
36,81,56,0.0,81,2025-09-30 15:16:11+00:00
36,83,56,0.0,83,2025-09-30 15:16:12+00:00
32,87,56,0.0,87,2025-09-30 15:16:13+00:00
22,92,56,0.0,92,2025-09-30 15:16:14+00:00
11,95,56,0.0,95,2025-09-30 15:16:15+00:00
15,96,56,0.0,96,2025-09-30 15:16:16+00:00
16,97,56,0.0,97,2025-09-30 15:16:17+00:00
20,98,56,0.0,98,2025-09-30 15:16:18+00:00
15,99,56,0.0,99,2025-09-30 15:16:20+00:00
15,97,56,0.0,97,2025-09-30 15:16:23+00:00
0,94,56,0.0,94,2025-09-30 15:16:24+00:00
0,94,56,0.0,94,2025-09-30 15:16:25+00:00
0,93,56,0.0,93,2025-09-30 15:16:26+00:00
0,94,56,0.0,94,2025-09-30 15:16:31+00:00
3,92,56,0.0,92,2025-09-30 15:16:32+00:00
2,91,56,0.0,91,2025-09-30 15:16:33+00:00
7,96,56,0.0,96,2025-09-30 15:16:35+00:00
7,98,56,0.0,98,2025-09-30 15:16:36+00:00
9,99,56,0.0,99,2025-09-30 15:16:37+00:00
10,98,56,0.0,98,2025-09-30 15:16:39+00:00
3,97,56,0.0,97,2025-09-30 15:16:41+00:00
24,98,56,0.0,98,2025-09-30 15:16:44+00:00
19,96,56,0.0,96,2025-09-30 15:16:47+00:00
10,93,56,0.0,93,2025-09-30 15:16:48+00:00
3,92,56,0.0,92,2025-09-30 15:16:49+00:00
4,93,56,0.0,93,2025-09-30 15:16:52+00:00
7,94,56,0.0,94,2025-09-30 15:16:54+00:00
12,95,56,0.0,95,2025-09-30 15:16:57+00:00
23,93,56,0.0,93,2025-09-30 15:16:59+00:00
25,88,56,0.0,88,2025-09-30 15:17:00+00:00
21,83,55,0.0,83,2025-09-30 15:17:01+00:00
5,76,55,0.0,76,2025-09-30 15:17:02+00:00
11,75,55,0.0,75,2025-09-30 15:17:03+00:00
16,74,55,0.0,74,2025-09-30 15:17:04+00:00
42,75,55,0.0,75,2025-09-30 15:17:08+00:00
19,78,55,0.0,78,2025-09-30 15:17:09+00:00
16,79,55,0.0,79,2025-09-30 15:17:10+00:00
9,81,55,0.0,81,2025-09-30 15:17:11+00:00
3,80,55,0.0,80,2025-09-30 15:17:13+00:00
3,81,55,0.0,81,2025-09-30 15:17:14+00:00
3,82,55,0.0,82,2025-09-30 15:17:15+00:00
5,83,55,0.0,83,2025-09-30 15:17:17+00:00
5,84,55,0.0,84,2025-09-30 15:17:19+00:00
0,88,55,0.0,88,2025-09-30 15:17:20+00:00
0,88,55,0.0,88,2025-09-30 15:17:21+00:00
1,87,55,0.0,87,2025-09-30 15:17:22+00:00
1,86,55,0.0,86,2025-09-30 15:17:25+00:00
1,87,55,0.0,87,2025-09-30 15:17:27+00:00
1,88,55,0.0,88,2025-09-30 15:17:28+00:00
1,89,55,0.0,89,2025-09-30 15:17:32+00:00
1,90,55,0.0,90,2025-09-30 15:17:34+00:00
3,91,55,0.0,91,2025-09-30 15:17:35+00:00
3,92,55,0.0,92,2025-09-30 15:17:36+00:00
4,93,55,0.0,93,2025-09-30 15:17:37+00:00
7,94,55,0.0,94,2025-09-30 15:17:38+00:00
31,95,55,0.0,95,2025-09-30 15:17:41+00:00
8,97,55,0.0,97,2025-09-30 15:17:45+00:00
22,95,55,0.0,95,2025-09-30 15:17:48+00:00
14,92,55,0.0,92,2025-09-30 15:17:49+00:00
17,90,55,0.0,90,2025-09-30 15:17:50+00:00
1,87,55,0.0,87,2025-09-30 15:17:51+00:00
1,88,55,0.0,88,2025-09-30 15:17:52+00:00
10,89,55,0.0,89,2025-09-30 15:17:54+00:00
15,93,55,0.0,93,2025-09-30 15:17:56+00:00
16,95,55,0.0,95,2025-09-30 15:17:57+00:00
26,94,55,0.0,94,2025-09-30 15:17:59+00:00
18,96,55,0.0,96,2025-09-30 15:18:00+00:00
13,95,55,0.0,95,2025-09-30 15:18:01+00:00
5,94,55,0.0,94,2025-09-30 15:18:02+00:00
2,95,55,0.0,95,2025-09-30 15:18:05+00:00
0,94,55,0.0,94,2025-09-30 15:18:14+00:00
0,95,55,0.0,95,2025-09-30 15:18:15+00:00
0,94,55,0.0,94,2025-09-30 15:18:17+00:00
0,93,55,0.0,93,2025-09-30 15:18:18+00:00
0,92,55,0.0,92,2025-09-30 15:18:19+00:00
0,93,55,0.0,93,2025-09-30 15:18:23+00:00
0,94,55,0.0,94,2025-09-30 15:18:24+00:00
0,95,55,0.0,95,2025-09-30 15:18:26+00:00
0,96,55,0.0,96,2025-09-30 15:18:28+00:00
1,97,55,0.0,97,2025-09-30 15:18:29+00:00
25,98,55,0.0,98,2025-09-30 15:18:38+00:00
26,97,55,0.0,97,2025-09-30 15:18:39+00:00
18,96,55,0.0,96,2025-09-30 15:18:40+00:00
35,97,55,0.0,97,2025-09-30 15:18:44+00:00
51,98,55,0.0,98,2025-09-30 15:18:47+00:00
77,97,55,0.0,97,2025-09-30 15:18:51+00:00
89,100,55,0.0,100,2025-09-30 15:18:54+00:00
75,105,55,0.0,105,2025-09-30 15:18:55+00:00
79,106,55,0.0,106,2025-09-30 15:18:56+00:00
69,109,55,0.0,109,2025-09-30 15:18:57+00:00
45,113,55,0.0,113,2025-09-30 15:18:58+00:00
37,115,55,0.0,115,2025-09-30 15:18:59+00:00
44,116,55,0.0,116,2025-09-30 15:19:00+00:00
42,117,55,0.0,117,2025-09-30 15:19:02+00:00
67,116,55,0.0,116,2025-09-30 15:19:06+00:00
76,115,55,0.0,115,2025-09-30 15:19:09+00:00
44,106,55,0.0,106,2025-09-30 15:19:10+00:00
26,101,55,0.0,101,2025-09-30 15:19:11+00:00
24,100,55,0.0,100,2025-09-30 15:19:12+00:00
32,101,55,0.0,101,2025-09-30 15:19:13+00:00
26,108,55,0.0,108,2025-09-30 15:19:14+00:00
17,114,55,0.0,114,2025-09-30 15:19:15+00:00
2,118,55,0.0,118,2025-09-30 15:19:16+00:00
1,119,55,0.0,119,2025-09-30 15:19:17+00:00
0,118,55,0.0,118,2025-09-30 15:19:22+00:00
0,119,55,0.0,119,2025-09-30 15:19:28+00:00
0,118,55,0.0,118,2025-09-30 15:19:29+00:00
0,119,55,0.0,119,2025-09-30 15:19:32+00:00
0,118,55,0.0,118,2025-09-30 15:19:40+00:00
1,117,55,0.0,117,2025-09-30 15:19:45+00:00
0,116,55,0.0,116,2025-09-30 15:19:47+00:00
0,114,55,0.0,114,2025-09-30 15:19:49+00:00
0,113,55,0.0,113,2025-09-30 15:19:50+00:00
0,112,55,0.0,112,2025-09-30 15:19:51+00:00
0,111,55,0.0,111,2025-09-30 15:19:52+00:00
1,112,55,0.0,112,2025-09-30 15:19:55+00:00
2,113,55,0.0,113,2025-09-30 15:19:57+00:00
4,114,55,0.0,114,2025-09-30 15:19:58+00:00
0,115,55,0.0,115,2025-09-30 15:19:59+00:00
1,114,55,0.0,114,2025-09-30 15:20:02+00:00
0,115,55,0.0,115,2025-09-30 15:20:06+00:00
0,114,55,0.0,114,2025-09-30 15:20:10+00:00
3,113,55,0.0,113,2025-09-30 15:20:16+00:00
2,114,55,0.0,114,2025-09-30 15:20:17+00:00
1,113,55,0.0,113,2025-09-30 15:20:19+00:00
1,114,55,0.0,114,2025-09-30 15:20:21+00:00
2,115,55,0.0,115,2025-09-30 15:20:22+00:00
8,116,55,0.0,116,2025-09-30 15:20:24+00:00
16,117,55,0.0,117,2025-09-30 15:20:26+00:00
28,116,55,0.0,116,2025-09-30 15:20:28+00:00
45,115,55,0.0,115,2025-09-30 15:20:31+00:00
50,114,55,0.0,114,2025-09-30 15:20:32+00:00
32,110,55,0.0,110,2025-09-30 15:20:34+00:00
15,106,55,0.0,106,2025-09-30 15:20:35+00:00
11,105,55,0.0,105,2025-09-30 15:20:36+00:00
10,106,55,0.0,106,2025-09-30 15:20:37+00:00
6,107,55,0.0,107,2025-09-30 15:20:38+00:00
2,106,55,0.0,106,2025-09-30 15:20:41+00:00
6,107,55,0.0,107,2025-09-30 15:20:43+00:00
31,108,55,0.0,108,2025-09-30 15:20:47+00:00
29,110,55,0.0,110,2025-09-30 15:20:48+00:00
12,113,55,0.0,113,2025-09-30 15:20:49+00:00
12,113,55,0.0,113,2025-09-30 15:20:50+00:00
25,114,55,0.0,114,2025-09-30 15:20:51+00:00
32,115,55,0.0,115,2025-09-30 15:20:53+00:00
36,116,55,0.0,116,2025-09-30 15:20:54+00:00
69,115,55,0.0,115,2025-09-30 15:21:00+00:00
69,116,55,0.0,116,2025-09-30 15:21:01+00:00
63,115,55,0.0,115,2025-09-30 15:21:02+00:00
59,116,55,0.0,116,2025-09-30 15:21:03+00:00
71,115,55,0.0,115,2025-09-30 15:21:06+00:00
52,112,55,0.0,112,2025-09-30 15:21:09+00:00
28,111,55,0.0,111,2025-09-30 15:21:11+00:00
6,112,55,0.0,112,2025-09-30 15:21:16+00:00
17,114,55,0.0,114,2025-09-30 15:21:19+00:00
15,115,55,0.0,115,2025-09-30 15:21:20+00:00
25,116,55,0.0,116,2025-09-30 15:21:24+00:00
29,115,55,0.0,115,2025-09-30 15:21:25+00:00
7,114,55,0.0,114,2025-09-30 15:21:30+00:00
14,112,55,0.0,112,2025-09-30 15:21:32+00:00
11,109,55,0.0,109,2025-09-30 15:21:33+00:00
2,107,55,0.0,107,2025-09-30 15:21:34+00:00
1,106,55,0.0,106,2025-09-30 15:21:35+00:00
21,107,55,0.0,107,2025-09-30 15:21:43+00:00
21,106,55,0.0,106,2025-09-30 15:21:46+00:00
28,107,55,0.0,107,2025-09-30 15:21:47+00:00
54,109,55,0.0,109,2025-09-30 15:21:51+00:00
57,110,55,0.0,110,2025-09-30 15:21:52+00:00
62,111,55,0.0,111,2025-09-30 15:21:53+00:00
67,112,55,0.0,112,2025-09-30 15:21:54+00:00
73,111,55,0.0,111,2025-09-30 15:21:55+00:00
73,110,55,0.0,110,2025-09-30 15:21:57+00:00
50,109,55,0.0,109,2025-09-30 15:21:59+00:00
18,110,55,0.0,110,2025-09-30 15:22:02+00:00
15,109,55,0.0,109,2025-09-30 15:22:04+00:00
19,108,55,0.0,108,2025-09-30 15:22:07+00:00
25,107,55,0.0,107,2025-09-30 15:22:08+00:00
48,106,55,0.0,106,2025-09-30 15:22:11+00:00
35,102,55,0.0,102,2025-09-30 15:22:12+00:00
8,95,55,0.0,95,2025-09-30 15:22:13+00:00
8,95,55,0.0,95,2025-09-30 15:22:14+00:00
2,96,55,0.0,96,2025-09-30 15:22:15+00:00
1,97,55,0.0,97,2025-09-30 15:22:16+00:00
0,98,55,0.0,98,2025-09-30 15:22:18+00:00
1,99,55,0.0,99,2025-09-30 15:22:19+00:00
5,98,55,0.0,98,2025-09-30 15:22:21+00:00
5,102,55,0.0,102,2025-09-30 15:22:22+00:00
2,106,55,0.0,106,2025-09-30 15:22:23+00:00
2,108,55,0.0,108,2025-09-30 15:22:24+00:00
1,110,55,0.0,110,2025-09-30 15:22:25+00:00
0,111,55,0.0,111,2025-09-30 15:22:26+00:00
0,113,55,0.0,113,2025-09-30 15:22:27+00:00
0,115,55,0.0,115,2025-09-30 15:22:28+00:00
0,116,55,0.0,116,2025-09-30 15:22:29+00:00
0,117,55,0.0,117,2025-09-30 15:22:30+00:00
0,118,55,0.0,118,2025-09-30 15:22:31+00:00
0,119,55,0.0,119,2025-09-30 15:22:33+00:00
0,120,55,0.0,120,2025-09-30 15:22:35+00:00
0,122,55,0.0,122,2025-09-30 15:22:37+00:00
0,124,55,0.0,124,2025-09-30 15:22:38+00:00
0,126,55,0.0,126,2025-09-30 15:22:39+00:00
0,128,55,0.0,128,2025-09-30 15:22:40+00:00
0,129,55,0.0,129,2025-09-30 15:22:41+00:00
0,130,55,0.0,130,2025-09-30 15:22:43+00:00
0,131,55,0.0,131,2025-09-30 15:22:44+00:00
0,132,55,0.0,132,2025-09-30 15:22:45+00:00
0,133,55,0.0,133,2025-09-30 15:22:46+00:00
0,134,55,0.0,134,2025-09-30 15:22:47+00:00
0,135,55,0.0,135,2025-09-30 15:22:50+00:00
0,136,55,0.0,136,2025-09-30 15:22:51+00:00
1,137,55,0.0,137,2025-09-30 15:22:53+00:00
1,138,55,0.0,138,2025-09-30 15:22:54+00:00
1,139,55,0.0,139,2025-09-30 15:22:55+00:00
0,140,55,0.0,140,2025-09-30 15:22:56+00:00
1,141,55,0.0,141,2025-09-30 15:22:57+00:00
1,142,55,0.0,142,2025-09-30 15:22:59+00:00
2,143,55,0.0,143,2025-09-30 15:23:00+00:00
1,144,55,0.0,144,2025-09-30 15:23:01+00:00
1,145,55,0.0,145,2025-09-30 15:23:03+00:00
1,146,55,0.0,146,2025-09-30 15:23:06+00:00
1,147,55,0.0,147,2025-09-30 15:23:08+00:00
1,148,55,0.0,148,2025-09-30 15:23:10+00:00
1,149,55,0.0,149,2025-09-30 15:23:13+00:00
1,150,55,0.0,150,2025-09-30 15:23:15+00:00
1,151,55,0.0,151,2025-09-30 15:23:17+00:00
1,152,55,0.0,152,2025-09-30 15:23:20+00:00
1,153,55,0.0,153,2025-09-30 15:23:23+00:00
1,154,55,0.0,154,2025-09-30 15:23:25+00:00
1,154,55,0.0,154,2025-09-30 15:23:29+00:00
1,155,55,0.0,155,2025-09-30 15:23:30+00:00
1,154,55,0.0,154,2025-09-30 15:23:33+00:00
1,155,55,0.0,155,2025-09-30 15:23:35+00:00
2,156,55,0.0,156,2025-09-30 15:23:36+00:00
3,155,55,0.0,155,2025-09-30 15:23:38+00:00
3,148,55,0.0,148,2025-09-30 15:23:39+00:00
0,142,55,0.0,142,2025-09-30 15:23:40+00:00
0,140,55,0.0,140,2025-09-30 15:23:41+00:00
0,139,55,0.0,139,2025-09-30 15:23:43+00:00
0,138,55,0.0,138,2025-09-30 15:23:45+00:00
0,137,55,0.0,137,2025-09-30 15:23:48+00:00
1,136,55,0.0,136,2025-09-30 15:23:53+00:00
1,135,55,0.0,135,2025-09-30 15:23:56+00:00
1,133,55,0.0,133,2025-09-30 15:23:57+00:00
0,130,55,0.0,130,2025-09-30 15:23:58+00:00
0,129,55,0.0,129,2025-09-30 15:23:59+00:00
0,128,55,0.0,128,2025-09-30 15:24:00+00:00
0,127,55,0.0,127,2025-09-30 15:24:01+00:00
0,126,55,0.0,126,2025-09-30 15:24:06+00:00
0,125,55,0.0,125,2025-09-30 15:24:08+00:00
0,124,55,0.0,124,2025-09-30 15:24:09+00:00
0,123,55,0.0,123,2025-09-30 15:24:10+00:00
0,121,55,0.0,121,2025-09-30 15:24:11+00:00
0,120,55,0.0,120,2025-09-30 15:24:12+00:00
0,119,55,0.0,119,2025-09-30 15:24:13+00:00
0,118,55,0.0,118,2025-09-30 15:24:14+00:00
0,117,55,0.0,117,2025-09-30 15:24:16+00:00
4,118,55,0.0,118,2025-09-30 15:24:17+00:00
10,119,55,0.0,119,2025-09-30 15:24:18+00:00
4,116,55,0.0,116,2025-09-30 15:24:19+00:00
3,115,55,0.0,115,2025-09-30 15:24:20+00:00
1,113,55,0.0,113,2025-09-30 15:24:21+00:00
0,112,55,0.0,112,2025-09-30 15:24:23+00:00
0,111,55,0.0,111,2025-09-30 15:24:25+00:00
1,110,55,0.0,110,2025-09-30 15:24:27+00:00
2,109,55,0.0,109,2025-09-30 15:24:31+00:00
3,108,55,0.0,108,2025-09-30 15:24:35+00:00
3,109,55,0.0,109,2025-09-30 15:24:36+00:00
2,107,55,0.0,107,2025-09-30 15:24:37+00:00
4,108,55,0.0,108,2025-09-30 15:24:40+00:00
0,110,55,0.0,110,2025-09-30 15:24:42+00:00
2,111,55,0.0,111,2025-09-30 15:24:43+00:00
0,109,55,0.0,109,2025-09-30 15:24:44+00:00
8,108,55,0.0,108,2025-09-30 15:24:46+00:00
6,111,55,0.0,111,2025-09-30 15:24:47+00:00
9,112,55,0.0,112,2025-09-30 15:24:48+00:00
1,113,55,0.0,113,2025-09-30 15:24:51+00:00
0,111,55,0.0,111,2025-09-30 15:24:54+00:00
0,110,55,0.0,110,2025-09-30 15:24:55+00:00
0,109,55,0.0,109,2025-09-30 15:24:58+00:00
0,107,55,0.0,107,2025-09-30 15:24:59+00:00
0,106,55,0.0,106,2025-09-30 15:25:00+00:00
0,104,55,0.0,104,2025-09-30 15:25:01+00:00
0,103,55,0.0,103,2025-09-30 15:25:02+00:00
0,104,55,0.0,104,2025-09-30 15:25:05+00:00
0,105,55,0.0,105,2025-09-30 15:25:07+00:00
1,104,55,0.0,104,2025-09-30 15:25:11+00:00
1,100,55,0.0,100,2025-09-30 15:25:13+00:00
1,99,55,0.0,99,2025-09-30 15:25:14+00:00
0,98,55,0.0,98,2025-09-30 15:25:15+00:00
0,99,55,0.0,99,2025-09-30 15:25:19+00:00
1,100,55,0.0,100,2025-09-30 15:25:21+00:00
0,101,55,0.0,101,2025-09-30 15:25:22+00:00
0,102,55,0.0,102,2025-09-30 15:25:23+00:00
0,104,55,0.0,104,2025-09-30 15:25:25+00:00
0,105,55,0.0,105,2025-09-30 15:25:26+00:00
0,106,55,0.0,106,2025-09-30 15:25:27+00:00
0,107,55,0.0,107,2025-09-30 15:25:28+00:00
1,109,55,0.0,109,2025-09-30 15:25:29+00:00
0,113,55,0.0,113,2025-09-30 15:25:30+00:00
0,115,55,0.0,115,2025-09-30 15:25:31+00:00
0,117,55,0.0,117,2025-09-30 15:25:32+00:00
0,118,55,0.0,118,2025-09-30 15:25:33+00:00
0,121,55,0.0,121,2025-09-30 15:25:34+00:00
0,123,55,0.0,123,2025-09-30 15:25:35+00:00
0,125,55,0.0,125,2025-09-30 15:25:36+00:00
0,127,55,0.0,127,2025-09-30 15:25:38+00:00
0,128,55,0.0,128,2025-09-30 15:25:39+00:00
0,129,55,0.0,129,2025-09-30 15:25:40+00:00
1,130,55,0.0,130,2025-09-30 15:25:42+00:00
1,131,55,0.0,131,2025-09-30 15:25:43+00:00
1,132,55,0.0,132,2025-09-30 15:25:44+00:00
2,133,55,0.0,133,2025-09-30 15:25:45+00:00
1,134,55,0.0,134,2025-09-30 15:25:46+00:00
1,135,55,0.0,135,2025-09-30 15:25:47+00:00
1,136,55,0.0,136,2025-09-30 15:25:49+00:00
3,137,55,0.0,137,2025-09-30 15:25:50+00:00
1,138,55,0.0,138,2025-09-30 15:25:51+00:00
1,140,55,0.0,140,2025-09-30 15:25:52+00:00
1,141,55,0.0,141,2025-09-30 15:25:53+00:00
1,142,55,0.0,142,2025-09-30 15:25:54+00:00
0,144,55,0.0,144,2025-09-30 15:25:55+00:00
1,145,55,0.0,145,2025-09-30 15:25:56+00:00
0,146,55,0.0,146,2025-09-30 15:25:57+00:00
1,147,55,0.0,147,2025-09-30 15:25:58+00:00
1,148,55,0.0,148,2025-09-30 15:26:00+00:00
1,149,54,0.0,149,2025-09-30 15:26:03+00:00
1,150,54,0.0,150,2025-09-30 15:26:04+00:00
1,151,54,0.0,151,2025-09-30 15:26:06+00:00
0,152,54,0.0,152,2025-09-30 15:26:08+00:00
0,153,54,0.0,153,2025-09-30 15:26:09+00:00
0,154,54,0.0,154,2025-09-30 15:26:12+00:00
0,155,54,0.0,155,2025-09-30 15:26:13+00:00
0,155,54,0.0,155,2025-09-30 15:26:18+00:00
1,154,54,0.0,154,2025-09-30 15:26:21+00:00
0,153,54,0.0,153,2025-09-30 15:26:22+00:00
0,152,54,0.0,152,2025-09-30 15:26:23+00:00
0,151,54,0.0,151,2025-09-30 15:26:24+00:00
0,150,54,0.0,150,2025-09-30 15:26:25+00:00
0,149,54,0.0,149,2025-09-30 15:26:26+00:00
0,147,54,0.0,147,2025-09-30 15:26:27+00:00
0,145,54,0.0,145,2025-09-30 15:26:28+00:00
0,143,54,0.0,143,2025-09-30 15:26:29+00:00
0,142,54,0.0,142,2025-09-30 15:26:33+00:00
0,140,54,0.0,140,2025-09-30 15:26:35+00:00
0,139,54,0.0,139,2025-09-30 15:26:36+00:00
0,138,54,0.0,138,2025-09-30 15:26:37+00:00
0,137,54,0.0,137,2025-09-30 15:26:38+00:00
0,136,54,0.0,136,2025-09-30 15:26:39+00:00
0,135,54,0.0,135,2025-09-30 15:26:40+00:00
0,134,54,0.0,134,2025-09-30 15:26:46+00:00
0,133,54,0.0,133,2025-09-30 15:26:47+00:00
0,132,54,0.0,132,2025-09-30 15:26:48+00:00
3,131,54,0.0,131,2025-09-30 15:26:50+00:00
1,130,54,0.0,130,2025-09-30 15:26:51+00:00
2,129,54,0.0,129,2025-09-30 15:26:52+00:00
5,130,54,0.0,130,2025-09-30 15:26:53+00:00
5,131,54,0.0,131,2025-09-30 15:26:55+00:00
6,129,54,0.0,129,2025-09-30 15:26:56+00:00
10,127,54,0.0,127,2025-09-30 15:26:57+00:00
10,125,54,0.0,125,2025-09-30 15:26:58+00:00
5,123,54,0.0,123,2025-09-30 15:26:59+00:00
7,122,54,0.0,122,2025-09-30 15:27:00+00:00
2,121,54,0.0,121,2025-09-30 15:27:02+00:00
2,120,54,0.0,120,2025-09-30 15:27:03+00:00
1,119,54,0.0,119,2025-09-30 15:27:10+00:00
5,118,54,0.0,118,2025-09-30 15:27:11+00:00
3,117,54,0.0,117,2025-09-30 15:27:12+00:00
5,116,54,0.0,116,2025-09-30 15:27:13+00:00
6,115,54,0.0,115,2025-09-30 15:27:15+00:00
1,112,54,0.0,112,2025-09-30 15:27:16+00:00
4,111,54,0.0,111,2025-09-30 15:27:17+00:00
4,110,54,0.0,110,2025-09-30 15:27:18+00:00
3,109,54,0.0,109,2025-09-30 15:27:19+00:00
6,108,54,0.0,108,2025-09-30 15:27:22+00:00
3,109,54,0.0,109,2025-09-30 15:27:25+00:00
3,108,54,0.0,108,2025-09-30 15:27:26+00:00
2,109,54,0.0,109,2025-09-30 15:27:28+00:00
5,108,54,0.0,108,2025-09-30 15:27:29+00:00
3,105,54,0.0,105,2025-09-30 15:27:30+00:00
5,103,54,0.0,103,2025-09-30 15:27:31+00:00
5,102,54,0.0,102,2025-09-30 15:27:32+00:00
4,101,54,0.0,101,2025-09-30 15:27:33+00:00
16,100,54,0.0,100,2025-09-30 15:27:41+00:00
10,99,54,0.0,99,2025-09-30 15:27:42+00:00
4,98,54,0.0,98,2025-09-30 15:27:43+00:00
3,97,54,0.0,97,2025-09-30 15:27:44+00:00
4,98,54,0.0,98,2025-09-30 15:27:45+00:00
3,101,54,0.0,101,2025-09-30 15:27:47+00:00
3,103,54,0.0,103,2025-09-30 15:27:48+00:00
3,103,54,0.0,103,2025-09-30 15:27:49+00:00
6,102,54,0.0,102,2025-09-30 15:27:50+00:00
3,103,54,0.0,103,2025-09-30 15:27:52+00:00
9,104,54,0.0,104,2025-09-30 15:27:55+00:00
4,105,54,0.0,105,2025-09-30 15:27:56+00:00
7,106,54,0.0,106,2025-09-30 15:27:58+00:00
7,107,54,0.0,107,2025-09-30 15:27:59+00:00
3,110,54,0.0,110,2025-09-30 15:28:01+00:00
1,111,54,0.0,111,2025-09-30 15:28:03+00:00
2,112,54,0.0,112,2025-09-30 15:28:04+00:00
6,113,54,0.0,113,2025-09-30 15:28:06+00:00
4,114,54,0.0,114,2025-09-30 15:28:07+00:00
8,115,54,0.0,115,2025-09-30 15:28:08+00:00
12,114,54,0.0,114,2025-09-30 15:28:09+00:00
18,113,54,0.0,113,2025-09-30 15:28:10+00:00
12,112,54,0.0,112,2025-09-30 15:28:11+00:00
12,109,54,0.0,109,2025-09-30 15:28:12+00:00
10,106,54,0.0,106,2025-09-30 15:28:13+00:00
7,105,54,0.0,105,2025-09-30 15:28:14+00:00
7,104,54,0.0,104,2025-09-30 15:28:15+00:00
5,105,54,0.0,105,2025-09-30 15:28:17+00:00
2,106,54,0.0,106,2025-09-30 15:28:18+00:00
0,109,54,0.0,109,2025-09-30 15:28:19+00:00
0,110,54,0.0,110,2025-09-30 15:28:21+00:00
0,111,54,0.0,111,2025-09-30 15:28:23+00:00
0,112,54,0.0,112,2025-09-30 15:28:24+00:00
0,113,54,0.0,113,2025-09-30 15:28:25+00:00
0,114,54,0.0,114,2025-09-30 15:28:27+00:00
2,116,54,0.0,116,2025-09-30 15:28:28+00:00
0,121,54,0.0,121,2025-09-30 15:28:29+00:00
4,119,54,0.0,119,2025-09-30 15:28:30+00:00
1,128,54,0.0,128,2025-09-30 15:28:31+00:00
1,131,54,0.0,131,2025-09-30 15:28:32+00:00
1,133,54,0.0,133,2025-09-30 15:28:33+00:00
1,134,54,0.0,134,2025-09-30 15:28:34+00:00
1,136,54,0.0,136,2025-09-30 15:28:35+00:00
1,138,54,0.0,138,2025-09-30 15:28:36+00:00
2,139,54,0.0,139,2025-09-30 15:28:37+00:00
1,140,54,0.0,140,2025-09-30 15:28:38+00:00
0,141,54,0.0,141,2025-09-30 15:28:39+00:00
0,142,54,0.0,142,2025-09-30 15:28:41+00:00
0,143,54,0.0,143,2025-09-30 15:28:43+00:00
0,144,54,0.0,144,2025-09-30 15:28:45+00:00
0,145,54,0.0,145,2025-09-30 15:28:47+00:00
1,146,54,0.0,146,2025-09-30 15:28:48+00:00
1,147,54,0.0,147,2025-09-30 15:28:49+00:00
1,148,54,0.0,148,2025-09-30 15:28:51+00:00
1,149,54,0.0,149,2025-09-30 15:28:52+00:00
1,150,54,0.0,150,2025-09-30 15:28:54+00:00
1,151,54,0.0,151,2025-09-30 15:28:56+00:00
1,152,54,0.0,152,2025-09-30 15:28:57+00:00
1,153,54,0.0,153,2025-09-30 15:28:59+00:00
1,154,54,0.0,154,2025-09-30 15:29:00+00:00
1,155,54,0.0,155,2025-09-30 15:29:02+00:00
1,154,54,0.0,154,2025-09-30 15:29:05+00:00
0,153,54,0.0,153,2025-09-30 15:29:09+00:00
0,152,54,0.0,152,2025-09-30 15:29:13+00:00
0,151,54,0.0,151,2025-09-30 15:29:14+00:00
0,150,54,0.0,150,2025-09-30 15:29:15+00:00
0,148,54,0.0,148,2025-09-30 15:29:16+00:00
0,147,54,0.0,147,2025-09-30 15:29:17+00:00
0,146,54,0.0,146,2025-09-30 15:29:19+00:00
0,145,54,0.0,145,2025-09-30 15:29:20+00:00
0,144,54,0.0,144,2025-09-30 15:29:21+00:00
0,143,54,0.0,143,2025-09-30 15:29:22+00:00
0,141,54,0.0,141,2025-09-30 15:29:24+00:00
0,140,54,0.0,140,2025-09-30 15:29:25+00:00
0,139,54,0.0,139,2025-09-30 15:29:26+00:00
0,140,54,0.0,140,2025-09-30 15:29:28+00:00
0,139,54,0.0,139,2025-09-30 15:29:30+00:00
0,136,54,0.0,136,2025-09-30 15:29:34+00:00
0,134,54,0.0,134,2025-09-30 15:29:35+00:00
1,133,54,0.0,133,2025-09-30 15:29:36+00:00
7,132,54,0.0,132,2025-09-30 15:29:37+00:00
1,131,54,0.0,131,2025-09-30 15:29:38+00:00
4,132,54,0.0,132,2025-09-30 15:29:40+00:00
7,135,54,0.0,135,2025-09-30 15:29:41+00:00
11,137,54,0.0,137,2025-09-30 15:29:42+00:00
5,143,54,0.0,143,2025-09-30 15:29:43+00:00
5,143,54,0.0,143,2025-09-30 15:29:44+00:00
9,142,54,0.0,142,2025-09-30 15:29:45+00:00
8,140,54,0.0,140,2025-09-30 15:29:46+00:00
4,144,54,0.0,144,2025-09-30 15:29:47+00:00
10,134,54,0.0,134,2025-09-30 15:29:49+00:00
13,128,54,0.0,128,2025-09-30 15:29:50+00:00
13,128,54,0.0,128,2025-09-30 15:29:51+00:00
8,134,54,0.0,134,2025-09-30 15:29:52+00:00
2,135,54,0.0,135,2025-09-30 15:29:53+00:00
1,134,54,0.0,134,2025-09-30 15:29:54+00:00
1,132,54,0.0,132,2025-09-30 15:29:56+00:00
2,130,54,0.0,130,2025-09-30 15:29:57+00:00
2,127,54,0.0,127,2025-09-30 15:29:58+00:00
1,125,54,0.0,125,2025-09-30 15:29:59+00:00
1,124,54,0.0,124,2025-09-30 15:30:00+00:00
2,126,54,0.0,126,2025-09-30 15:30:03+00:00
9,125,54,0.0,125,2025-09-30 15:30:05+00:00
13,122,54,0.0,122,2025-09-30 15:30:06+00:00
12,120,54,0.0,120,2025-09-30 15:30:07+00:00
11,118,54,0.0,118,2025-09-30 15:30:08+00:00
3,106,54,0.0,106,2025-09-30 15:30:09+00:00
3,106,54,0.0,106,2025-09-30 15:30:10+00:00
1,108,54,0.0,108,2025-09-30 15:30:11+00:00
0,109,54,0.0,109,2025-09-30 15:30:12+00:00
0,110,54,0.0,110,2025-09-30 15:30:14+00:00
0,109,54,0.0,109,2025-09-30 15:30:17+00:00
0,108,54,0.0,108,2025-09-30 15:30:19+00:00
1,109,54,0.0,109,2025-09-30 15:30:23+00:00
1,108,54,0.0,108,2025-09-30 15:30:24+00:00
2,109,54,0.0,109,2025-09-30 15:30:26+00:00
1,108,54,0.0,108,2025-09-30 15:30:27+00:00
1,107,54,0.0,107,2025-09-30 15:30:30+00:00
1,106,54,0.0,106,2025-09-30 15:30:31+00:00
1,105,54,0.0,105,2025-09-30 15:30:32+00:00
1,104,54,0.0,104,2025-09-30 15:30:33+00:00
0,103,54,0.0,103,2025-09-30 15:30:34+00:00
0,103,54,0.0,103,2025-09-30 15:30:35+00:00
6,102,54,0.0,102,2025-09-30 15:30:41+00:00
1,101,54,0.0,101,2025-09-30 15:30:43+00:00
0,103,54,0.0,103,2025-09-30 15:30:56+00:00
0,106,54,0.0,106,2025-09-30 15:30:57+00:00
0,108,54,0.0,108,2025-09-30 15:30:58+00:00
0,109,54,0.0,109,2025-09-30 15:30:59+00:00
0,111,54,0.0,111,2025-09-30 15:31:00+00:00
0,112,53,0.0,112,2025-09-30 15:31:01+00:00
0,113,53,0.0,113,2025-09-30 15:31:02+00:00
0,114,53,0.0,114,2025-09-30 15:31:03+00:00
0,116,53,0.0,116,2025-09-30 15:31:04+00:00
0,118,53,0.0,118,2025-09-30 15:31:05+00:00
0,122,53,0.0,122,2025-09-30 15:31:06+00:00
0,125,53,0.0,125,2025-09-30 15:31:07+00:00
0,127,53,0.0,127,2025-09-30 15:31:08+00:00
0,129,53,0.0,129,2025-09-30 15:31:09+00:00
0,131,53,0.0,131,2025-09-30 15:31:10+00:00
0,132,53,0.0,132,2025-09-30 15:31:11+00:00
0,134,53,0.0,134,2025-09-30 15:31:12+00:00
0,135,53,0.0,135,2025-09-30 15:31:13+00:00
0,137,53,0.0,137,2025-09-30 15:31:14+00:00
0,138,53,0.0,138,2025-09-30 15:31:15+00:00
0,140,53,0.0,140,2025-09-30 15:31:16+00:00
0,141,53,0.0,141,2025-09-30 15:31:17+00:00
0,142,53,0.0,142,2025-09-30 15:31:18+00:00
0,144,53,0.0,144,2025-09-30 15:31:19+00:00
0,145,53,0.0,145,2025-09-30 15:31:21+00:00
0,146,53,0.0,146,2025-09-30 15:31:22+00:00
0,147,53,0.0,147,2025-09-30 15:31:23+00:00
0,148,53,0.0,148,2025-09-30 15:31:26+00:00
0,149,53,0.0,149,2025-09-30 15:31:29+00:00
1,148,53,0.0,148,2025-09-30 15:31:38+00:00
1,149,53,0.0,149,2025-09-30 15:31:39+00:00
1,149,53,0.0,149,2025-09-30 15:31:40+00:00
1,148,53,0.0,148,2025-09-30 15:31:41+00:00
8,147,53,0.0,147,2025-09-30 15:31:44+00:00
6,148,53,0.0,148,2025-09-30 15:31:45+00:00
4,149,53,0.0,149,2025-09-30 15:31:46+00:00
5,143,53,0.0,143,2025-09-30 15:31:47+00:00
3,140,53,0.0,140,2025-09-30 15:31:48+00:00
3,139,53,0.0,139,2025-09-30 15:31:49+00:00
2,138,53,0.0,138,2025-09-30 15:31:50+00:00
1,139,53,0.0,139,2025-09-30 15:31:51+00:00
0,140,53,0.0,140,2025-09-30 15:31:55+00:00
1,139,53,0.0,139,2025-09-30 15:32:00+00:00
4,138,53,0.0,138,2025-09-30 15:32:02+00:00
1,136,53,0.0,136,2025-09-30 15:32:03+00:00
0,135,53,0.0,135,2025-09-30 15:32:04+00:00
3,134,53,0.0,134,2025-09-30 15:32:05+00:00
0,135,53,0.0,135,2025-09-30 15:32:06+00:00
8,134,53,0.0,134,2025-09-30 15:32:07+00:00
20,131,53,0.0,131,2025-09-30 15:32:09+00:00
15,126,53,0.0,126,2025-09-30 15:32:10+00:00
8,123,53,0.0,123,2025-09-30 15:32:11+00:00
3,121,53,0.0,121,2025-09-30 15:32:12+00:00
1,122,53,0.0,122,2025-09-30 15:32:13+00:00
2,123,53,0.0,123,2025-09-30 15:32:14+00:00
4,124,53,0.0,124,2025-09-30 15:32:15+00:00
3,125,53,0.0,125,2025-09-30 15:32:17+00:00
4,126,53,0.0,126,2025-09-30 15:32:18+00:00
2,125,53,0.0,125,2025-09-30 15:32:19+00:00
3,124,53,0.0,124,2025-09-30 15:32:23+00:00
19,123,53,0.0,123,2025-09-30 15:32:25+00:00
23,124,53,0.0,124,2025-09-30 15:32:26+00:00
5,125,53,0.0,125,2025-09-30 15:32:31+00:00
7,124,53,0.0,124,2025-09-30 15:32:32+00:00
1,119,53,0.0,119,2025-09-30 15:32:33+00:00
0,117,53,0.0,117,2025-09-30 15:32:34+00:00
0,115,53,0.0,115,2025-09-30 15:32:35+00:00
0,114,53,0.0,114,2025-09-30 15:32:40+00:00
0,113,53,0.0,113,2025-09-30 15:32:42+00:00
0,114,53,0.0,114,2025-09-30 15:32:44+00:00
2,113,53,0.0,113,2025-09-30 15:32:47+00:00
1,112,53,0.0,112,2025-09-30 15:32:52+00:00
3,111,53,0.0,111,2025-09-30 15:32:53+00:00
26,110,53,0.0,110,2025-09-30 15:32:57+00:00
16,111,53,0.0,111,2025-09-30 15:32:58+00:00
1,110,53,0.0,110,2025-09-30 15:33:03+00:00
1,109,53,0.0,109,2025-09-30 15:33:04+00:00
0,110,53,0.0,110,2025-09-30 15:33:07+00:00
0,109,53,0.0,109,2025-09-30 15:33:09+00:00
0,110,53,0.0,110,2025-09-30 15:33:10+00:00
4,111,53,0.0,111,2025-09-30 15:33:12+00:00
23,110,53,0.0,110,2025-09-30 15:33:16+00:00
25,107,53,0.0,107,2025-09-30 15:33:17+00:00
27,104,53,0.0,104,2025-09-30 15:33:18+00:00
27,100,53,0.0,100,2025-09-30 15:33:19+00:00
27,97,53,0.0,97,2025-09-30 15:33:20+00:00
10,91,53,0.0,91,2025-09-30 15:33:21+00:00
7,89,53,0.0,89,2025-09-30 15:33:22+00:00
7,88,53,0.0,88,2025-09-30 15:33:23+00:00
9,87,53,0.0,87,2025-09-30 15:33:25+00:00
6,85,53,0.0,85,2025-09-30 15:33:26+00:00
2,84,53,0.0,84,2025-09-30 15:33:27+00:00
4,85,53,0.0,85,2025-09-30 15:33:29+00:00
1,86,53,0.0,86,2025-09-30 15:33:30+00:00
1,87,53,0.0,87,2025-09-30 15:33:33+00:00
0,86,53,0.0,86,2025-09-30 15:33:34+00:00
0,85,53,0.0,85,2025-09-30 15:33:36+00:00
0,86,53,0.0,86,2025-09-30 15:33:37+00:00
0,85,53,0.0,85,2025-09-30 15:33:40+00:00
1,84,53,0.0,84,2025-09-30 15:33:41+00:00
1,85,53,0.0,85,2025-09-30 15:33:42+00:00
1,86,53,0.0,86,2025-09-30 15:33:44+00:00
2,85,53,0.0,85,2025-09-30 15:33:48+00:00
4,83,53,0.0,83,2025-09-30 15:33:49+00:00
10,82,53,0.0,82,2025-09-30 15:33:50+00:00
0,83,53,0.0,83,2025-09-30 15:33:52+00:00
0,84,53,0.0,84,2025-09-30 15:33:53+00:00
0,85,53,0.0,85,2025-09-30 15:33:54+00:00
1,87,53,0.0,87,2025-09-30 15:33:55+00:00
0,88,53,0.0,88,2025-09-30 15:33:56+00:00
0,89,53,0.0,89,2025-09-30 15:33:57+00:00
1,88,53,0.0,88,2025-09-30 15:34:02+00:00
1,87,53,0.0,87,2025-09-30 15:34:03+00:00
0,85,53,0.0,85,2025-09-30 15:34:04+00:00
0,82,53,0.0,82,2025-09-30 15:34:05+00:00
0,81,53,0.0,81,2025-09-30 15:34:06+00:00
0,82,53,0.0,82,2025-09-30 15:34:07+00:00
0,83,53,0.0,83,2025-09-30 15:34:14+00:00
0,85,53,0.0,85,2025-09-30 15:34:16+00:00
0,87,53,0.0,87,2025-09-30 15:34:17+00:00
0,89,53,0.0,89,2025-09-30 15:34:19+00:00
0,90,53,0.0,90,2025-09-30 15:34:20+00:00
0,91,53,0.0,91,2025-09-30 15:34:21+00:00
0,90,53,0.0,90,2025-09-30 15:34:22+00:00
0,91,53,0.0,91,2025-09-30 15:34:23+00:00
0,92,53,0.0,92,2025-09-30 15:34:24+00:00
0,93,53,0.0,93,2025-09-30 15:34:25+00:00
0,94,53,0.0,94,2025-09-30 15:34:29+00:00
0,95,53,0.0,95,2025-09-30 15:34:32+00:00
0,96,53,0.0,96,2025-09-30 15:34:37+00:00
0,98,53,0.0,98,2025-09-30 15:34:38+00:00
0,100,53,0.0,100,2025-09-30 15:34:39+00:00
0,101,53,0.0,101,2025-09-30 15:34:40+00:00
0,102,53,0.0,102,2025-09-30 15:34:41+00:00
0,103,53,0.0,103,2025-09-30 15:34:46+00:00
0,104,53,0.0,104,2025-09-30 15:34:48+00:00
0,105,53,0.0,105,2025-09-30 15:34:50+00:00
0,108,53,0.0,108,2025-09-30 15:34:51+00:00
0,109,53,0.0,109,2025-09-30 15:34:52+00:00
0,111,53,0.0,111,2025-09-30 15:34:53+00:00
0,113,53,0.0,113,2025-09-30 15:34:54+00:00
0,114,53,0.0,114,2025-09-30 15:34:56+00:00
0,115,53,0.0,115,2025-09-30 15:34:57+00:00
0,116,53,0.0,116,2025-09-30 15:35:00+00:00
0,115,53,0.0,115,2025-09-30 15:35:02+00:00
0,114,53,0.0,114,2025-09-30 15:35:04+00:00
0,113,53,0.0,113,2025-09-30 15:35:06+00:00
0,111,53,0.0,111,2025-09-30 15:35:07+00:00
0,108,53,0.0,108,2025-09-30 15:35:08+00:00
0,105,53,0.0,105,2025-09-30 15:35:09+00:00
0,103,53,0.0,103,2025-09-30 15:35:10+00:00
0,101,53,0.0,101,2025-09-30 15:35:11+00:00
0,100,53,0.0,100,2025-09-30 15:35:12+00:00
0,99,53,0.0,99,2025-09-30 15:35:13+00:00
0,100,53,0.0,100,2025-09-30 15:35:14+00:00
0,101,53,0.0,101,2025-09-30 15:35:16+00:00
0,102,53,0.0,102,2025-09-30 15:35:17+00:00
0,103,53,0.0,103,2025-09-30 15:35:20+00:00
0,106,53,0.0,106,2025-09-30 15:35:21+00:00
0,107,53,0.0,107,2025-09-30 15:35:23+00:00
0,106,53,0.0,106,2025-09-30 15:35:26+00:00
0,105,53,0.0,105,2025-09-30 15:35:27+00:00
0,103,53,0.0,103,2025-09-30 15:35:28+00:00
0,101,53,0.0,101,2025-09-30 15:35:29+00:00
0,100,53,0.0,100,2025-09-30 15:35:30+00:00
0,99,53,0.0,99,2025-09-30 15:35:31+00:00
0,98,53,0.0,98,2025-09-30 15:35:32+00:00
0,97,53,0.0,97,2025-09-30 15:35:34+00:00
0,96,53,0.0,96,2025-09-30 15:35:35+00:00
0,95,53,0.0,95,2025-09-30 15:35:36+00:00
0,94,53,0.0,94,2025-09-30 15:35:37+00:00
0,93,53,0.0,93,2025-09-30 15:35:39+00:00
1,94,53,0.0,94,2025-09-30 15:35:45+00:00
1,93,53,0.0,93,2025-09-30 15:35:46+00:00
1,94,53,0.0,94,2025-09-30 15:35:49+00:00
1,93,53,0.0,93,2025-09-30 15:35:50+00:00
1,92,53,0.0,92,2025-09-30 15:35:56+00:00
1,91,53,0.0,91,2025-09-30 15:35:57+00:00
6,90,53,0.0,90,2025-09-30 15:35:59+00:00
5,87,53,0.0,87,2025-09-30 15:36:00+00:00
2,84,53,0.0,84,2025-09-30 15:36:01+00:00
2,84,53,0.0,84,2025-09-30 15:36:02+00:00
1,83,53,0.0,83,2025-09-30 15:36:03+00:00
1,82,53,0.0,82,2025-09-30 15:36:11+00:00
2,83,53,0.0,83,2025-09-30 15:36:12+00:00
0,82,53,0.0,82,2025-09-30 15:36:15+00:00
0,81,53,0.0,81,2025-09-30 15:36:16+00:00
0,82,53,0.0,82,2025-09-30 15:36:18+00:00
0,83,53,0.0,83,2025-09-30 15:36:20+00:00
1,84,53,0.0,84,2025-09-30 15:36:21+00:00
0,89,53,0.0,89,2025-09-30 15:36:22+00:00
0,90,53,0.0,90,2025-09-30 15:36:23+00:00
0,91,53,0.0,91,2025-09-30 15:36:27+00:00
0,92,53,0.0,92,2025-09-30 15:36:29+00:00
0,94,53,0.0,94,2025-09-30 15:36:30+00:00
0,96,53,0.0,96,2025-09-30 15:36:31+00:00
0,97,53,0.0,97,2025-09-30 15:36:32+00:00
0,99,53,0.0,99,2025-09-30 15:36:33+00:00
0,100,53,0.0,100,2025-09-30 15:36:34+00:00
0,101,53,0.0,101,2025-09-30 15:36:36+00:00
0,100,53,0.0,100,2025-09-30 15:36:39+00:00
0,101,53,0.0,101,2025-09-30 15:36:40+00:00
0,102,53,0.0,102,2025-09-30 15:36:41+00:00
1,103,53,0.0,103,2025-09-30 15:36:47+00:00
0,104,53,0.0,104,2025-09-30 15:36:48+00:00
1,105,53,0.0,105,2025-09-30 15:36:50+00:00
1,107,53,0.0,107,2025-09-30 15:36:52+00:00
1,108,53,0.0,108,2025-09-30 15:36:53+00:00
1,109,53,0.0,109,2025-09-30 15:36:54+00:00
1,110,53,0.0,110,2025-09-30 15:36:55+00:00
1,111,53,0.0,111,2025-09-30 15:36:58+00:00
1,110,53,0.0,110,2025-09-30 15:36:59+00:00
1,109,53,0.0,109,2025-09-30 15:37:03+00:00
0,107,53,0.0,107,2025-09-30 15:37:04+00:00
0,105,53,0.0,105,2025-09-30 15:37:05+00:00
0,102,53,0.0,102,2025-09-30 15:37:06+00:00
0,100,53,0.0,100,2025-09-30 15:37:07+00:00
0,101,53,0.0,101,2025-09-30 15:37:10+00:00
0,102,53,0.0,102,2025-09-30 15:37:12+00:00
0,101,53,0.0,101,2025-09-30 15:37:15+00:00
0,100,53,0.0,100,2025-09-30 15:37:16+00:00
0,101,53,0.0,101,2025-09-30 15:37:19+00:00
0,100,53,0.0,100,2025-09-30 15:37:23+00:00
0,101,53,0.0,101,2025-09-30 15:37:24+00:00
4,100,53,0.0,100,2025-09-30 15:37:28+00:00
2,99,53,0.0,99,2025-09-30 15:37:30+00:00
1,98,53,0.0,98,2025-09-30 15:37:31+00:00
0,97,53,0.0,97,2025-09-30 15:37:33+00:00
0,98,53,0.0,98,2025-09-30 15:37:34+00:00
0,97,53,0.0,97,2025-09-30 15:37:36+00:00
0,96,53,0.0,96,2025-09-30 15:37:37+00:00
0,95,53,0.0,95,2025-09-30 15:37:38+00:00
0,94,53,0.0,94,2025-09-30 15:37:39+00:00
0,92,53,0.0,92,2025-09-30 15:37:41+00:00
0,90,53,0.0,90,2025-09-30 15:37:42+00:00
0,89,53,0.0,89,2025-09-30 15:37:43+00:00
0,88,53,0.0,88,2025-09-30 15:37:45+00:00
0,86,53,0.0,86,2025-09-30 15:37:46+00:00
0,84,53,0.0,84,2025-09-30 15:37:47+00:00
0,83,53,0.0,83,2025-09-30 15:37:48+00:00
1,82,53,0.0,82,2025-09-30 15:37:52+00:00
1,81,53,0.0,81,2025-09-30 15:37:54+00:00
1,81,53,0.0,81,2025-09-30 15:37:59+00:00
1,80,53,0.0,80,2025-09-30 15:38:00+00:00
1,78,53,0.0,78,2025-09-30 15:38:01+00:00
4,77,53,0.0,77,2025-09-30 15:38:02+00:00
5,75,53,0.0,75,2025-09-30 15:38:03+00:00
2,72,53,0.0,72,2025-09-30 15:38:04+00:00
2,71,53,0.0,71,2025-09-30 15:38:05+00:00
5,69,53,0.0,69,2025-09-30 15:38:06+00:00
7,68,53,0.0,68,2025-09-30 15:38:07+00:00
10,75,53,0.0,75,2025-09-30 15:38:09+00:00
1,81,53,0.0,81,2025-09-30 15:38:10+00:00
1,81,53,0.0,81,2025-09-30 15:38:11+00:00
0,82,53,0.0,82,2025-09-30 15:38:19+00:00
0,83,53,0.0,83,2025-09-30 15:38:20+00:00
0,86,53,0.0,86,2025-09-30 15:38:21+00:00
1,88,53,0.0,88,2025-09-30 15:38:22+00:00
0,89,53,0.0,89,2025-09-30 15:38:23+00:00
0,91,53,0.0,91,2025-09-30 15:38:24+00:00
0,93,53,0.0,93,2025-09-30 15:38:25+00:00
3,94,53,0.0,94,2025-09-30 15:38:27+00:00
0,96,53,0.0,96,2025-09-30 15:38:28+00:00
0,97,53,0.0,97,2025-09-30 15:38:29+00:00
0,98,53,0.0,98,2025-09-30 15:38:31+00:00
0,99,53,0.0,99,2025-09-30 15:38:34+00:00
0,100,53,0.0,100,2025-09-30 15:38:35+00:00
0,101,53,0.0,101,2025-09-30 15:38:36+00:00
0,103,53,0.0,103,2025-09-30 15:38:37+00:00
2,104,53,0.0,104,2025-09-30 15:38:38+00:00
0,103,53,0.0,103,2025-09-30 15:38:40+00:00
1,102,53,0.0,102,2025-09-30 15:38:43+00:00
1,103,53,0.0,103,2025-09-30 15:38:49+00:00
0,104,53,0.0,104,2025-09-30 15:38:51+00:00
1,105,53,0.0,105,2025-09-30 15:38:52+00:00
0,106,53,0.0,106,2025-09-30 15:38:53+00:00
1,107,53,0.0,107,2025-09-30 15:38:55+00:00
1,107,53,0.0,107,2025-09-30 15:38:56+00:00
1,106,53,0.0,106,2025-09-30 15:39:01+00:00
0,105,53,0.0,105,2025-09-30 15:39:03+00:00
0,104,53,0.0,104,2025-09-30 15:39:04+00:00
0,103,53,0.0,103,2025-09-30 15:39:05+00:00
0,104,53,0.0,104,2025-09-30 15:39:09+00:00
7,103,53,0.0,103,2025-09-30 15:39:12+00:00
11,105,53,0.0,105,2025-09-30 15:39:13+00:00
17,107,53,0.0,107,2025-09-30 15:39:14+00:00
5,119,53,0.0,119,2025-09-30 15:39:15+00:00
3,106,53,0.0,106,2025-09-30 15:39:16+00:00
1,103,53,0.0,103,2025-09-30 15:39:17+00:00
1,102,53,0.0,102,2025-09-30 15:39:18+00:00
1,103,53,0.0,103,2025-09-30 15:39:21+00:00
1,104,53,0.0,104,2025-09-30 15:39:23+00:00
3,105,53,0.0,105,2025-09-30 15:39:25+00:00
8,106,53,0.0,106,2025-09-30 15:39:26+00:00
2,107,53,0.0,107,2025-09-30 15:39:30+00:00
1,108,53,0.0,108,2025-09-30 15:39:32+00:00
0,107,53,0.0,107,2025-09-30 15:39:35+00:00
0,106,53,0.0,106,2025-09-30 15:39:36+00:00
0,105,53,0.0,105,2025-09-30 15:39:38+00:00
0,106,53,0.0,106,2025-09-30 15:39:39+00:00
0,107,53,0.0,107,2025-09-30 15:39:42+00:00
2,106,53,0.0,106,2025-09-30 15:39:45+00:00
0,105,53,0.0,105,2025-09-30 15:39:48+00:00
1,104,53,0.0,104,2025-09-30 15:39:49+00:00
16,105,53,0.0,105,2025-09-30 15:39:57+00:00
19,106,53,0.0,106,2025-09-30 15:39:59+00:00
17,107,53,0.0,107,2025-09-30 15:40:00+00:00
44,106,53,0.0,106,2025-09-30 15:40:05+00:00
56,105,53,0.0,105,2025-09-30 15:40:08+00:00
49,102,53,0.0,102,2025-09-30 15:40:09+00:00
56,101,53,0.0,101,2025-09-30 15:40:11+00:00
50,99,53,0.0,99,2025-09-30 15:40:12+00:00
46,98,53,0.0,98,2025-09-30 15:40:13+00:00
37,96,53,0.0,96,2025-09-30 15:40:14+00:00
33,94,53,0.0,94,2025-09-30 15:40:15+00:00
24,91,53,0.0,91,2025-09-30 15:40:16+00:00
3,90,53,0.0,90,2025-09-30 15:40:17+00:00
6,89,53,0.0,89,2025-09-30 15:40:18+00:00
35,90,53,0.0,90,2025-09-30 15:40:24+00:00
48,91,53,0.0,91,2025-09-30 15:40:26+00:00
53,92,53,0.0,92,2025-09-30 15:40:27+00:00
55,94,53,0.0,94,2025-09-30 15:40:28+00:00
56,96,53,0.0,96,2025-09-30 15:40:29+00:00
60,97,53,0.0,97,2025-09-30 15:40:30+00:00
39,98,53,0.0,98,2025-09-30 15:40:31+00:00
33,99,53,0.0,99,2025-09-30 15:40:32+00:00
25,101,53,0.0,101,2025-09-30 15:40:34+00:00
16,95,53,0.0,95,2025-09-30 15:40:35+00:00
7,93,53,0.0,93,2025-09-30 15:40:36+00:00
11,92,53,0.0,92,2025-09-30 15:40:38+00:00
6,91,53,0.0,91,2025-09-30 15:40:39+00:00
4,90,53,0.0,90,2025-09-30 15:40:40+00:00
1,88,53,0.0,88,2025-09-30 15:40:41+00:00
1,86,53,0.0,86,2025-09-30 15:40:43+00:00
2,85,53,0.0,85,2025-09-30 15:40:44+00:00
5,83,53,0.0,83,2025-09-30 15:40:45+00:00
8,87,53,0.0,87,2025-09-30 15:40:47+00:00
8,89,53,0.0,89,2025-09-30 15:40:48+00:00
6,90,53,0.0,90,2025-09-30 15:40:49+00:00
4,91,53,0.0,91,2025-09-30 15:40:51+00:00
3,92,53,0.0,92,2025-09-30 15:40:52+00:00
4,91,53,0.0,91,2025-09-30 15:40:56+00:00
10,90,53,0.0,90,2025-09-30 15:40:57+00:00
15,89,53,0.0,89,2025-09-30 15:40:58+00:00
29,88,53,0.0,88,2025-09-30 15:41:00+00:00
34,89,52,0.0,89,2025-09-30 15:41:01+00:00
16,92,52,0.0,92,2025-09-30 15:41:03+00:00
13,94,52,0.0,94,2025-09-30 15:41:04+00:00
10,95,52,0.0,95,2025-09-30 15:41:05+00:00
3,96,52,0.0,96,2025-09-30 15:41:06+00:00
2,95,52,0.0,95,2025-09-30 15:41:07+00:00
5,94,52,0.0,94,2025-09-30 15:41:10+00:00
11,95,52,0.0,95,2025-09-30 15:41:11+00:00
16,96,52,0.0,96,2025-09-30 15:41:17+00:00
21,101,52,0.0,101,2025-09-30 15:41:20+00:00
13,105,52,0.0,105,2025-09-30 15:41:21+00:00
5,106,52,0.0,106,2025-09-30 15:41:22+00:00
4,105,52,0.0,105,2025-09-30 15:41:23+00:00
7,100,52,0.0,100,2025-09-30 15:41:25+00:00
8,98,52,0.0,98,2025-09-30 15:41:26+00:00
5,96,52,0.0,96,2025-09-30 15:41:27+00:00
7,95,52,0.0,95,2025-09-30 15:41:28+00:00
2,92,52,0.0,92,2025-09-30 15:41:29+00:00
2,90,52,0.0,90,2025-09-30 15:41:30+00:00
6,91,52,0.0,91,2025-09-30 15:41:31+00:00
11,95,52,0.0,95,2025-09-30 15:41:33+00:00
1,100,52,0.0,100,2025-09-30 15:41:34+00:00
0,101,52,0.0,101,2025-09-30 15:41:35+00:00
0,102,52,0.0,102,2025-09-30 15:41:36+00:00
0,101,52,0.0,101,2025-09-30 15:41:37+00:00
0,102,52,0.0,102,2025-09-30 15:41:38+00:00
0,103,52,0.0,103,2025-09-30 15:41:41+00:00
0,104,52,0.0,104,2025-09-30 15:41:42+00:00
0,105,52,0.0,105,2025-09-30 15:41:43+00:00
0,107,52,0.0,107,2025-09-30 15:41:45+00:00
0,108,52,0.0,108,2025-09-30 15:41:46+00:00
0,109,52,0.0,109,2025-09-30 15:41:47+00:00
0,108,52,0.0,108,2025-09-30 15:41:49+00:00
0,107,52,0.0,107,2025-09-30 15:41:51+00:00
0,105,52,0.0,105,2025-09-30 15:41:53+00:00
0,103,52,0.0,103,2025-09-30 15:41:54+00:00
0,102,52,0.0,102,2025-09-30 15:41:57+00:00
0,103,52,0.0,103,2025-09-30 15:41:58+00:00
0,104,52,0.0,104,2025-09-30 15:41:59+00:00
0,105,52,0.0,105,2025-09-30 15:42:00+00:00
0,104,52,0.0,104,2025-09-30 15:42:03+00:00
1,103,52,0.0,103,2025-09-30 15:42:09+00:00
1,104,52,0.0,104,2025-09-30 15:42:11+00:00
0,105,52,0.0,105,2025-09-30 15:42:16+00:00
1,107,52,0.0,107,2025-09-30 15:42:17+00:00
0,110,52,0.0,110,2025-09-30 15:42:18+00:00
0,111,52,0.0,111,2025-09-30 15:42:19+00:00
0,112,52,0.0,112,2025-09-30 15:42:20+00:00
0,111,52,0.0,111,2025-09-30 15:42:22+00:00
0,112,52,0.0,112,2025-09-30 15:42:25+00:00
0,111,52,0.0,111,2025-09-30 15:42:26+00:00
0,112,52,0.0,112,2025-09-30 15:42:28+00:00
0,111,52,0.0,111,2025-09-30 15:42:29+00:00
0,112,52,0.0,112,2025-09-30 15:42:31+00:00
0,111,52,0.0,111,2025-09-30 15:42:32+00:00
0,110,52,0.0,110,2025-09-30 15:42:33+00:00
0,110,52,0.0,110,2025-09-30 15:42:37+00:00
2,109,52,0.0,109,2025-09-30 15:42:46+00:00
0,106,52,0.0,106,2025-09-30 15:42:47+00:00
0,103,52,0.0,103,2025-09-30 15:42:48+00:00
0,99,52,0.0,99,2025-09-30 15:42:49+00:00
0,96,52,0.0,96,2025-09-30 15:42:50+00:00
0,94,52,0.0,94,2025-09-30 15:42:51+00:00
0,92,52,0.0,92,2025-09-30 15:42:52+00:00
0,91,52,0.0,91,2025-09-30 15:42:53+00:00
0,92,52,0.0,92,2025-09-30 15:42:54+00:00
2,101,52,0.0,101,2025-09-30 15:42:59+00:00
2,101,52,0.0,101,2025-09-30 15:43:00+00:00
0,100,52,0.0,100,2025-09-30 15:43:01+00:00
0,98,52,0.0,98,2025-09-30 15:43:02+00:00
0,99,52,0.0,99,2025-09-30 15:43:04+00:00
1,100,52,0.0,100,2025-09-30 15:43:05+00:00
5,99,52,0.0,99,2025-09-30 15:43:07+00:00
17,100,52,0.0,100,2025-09-30 15:43:10+00:00
14,103,52,0.0,103,2025-09-30 15:43:11+00:00
7,106,52,0.0,106,2025-09-30 15:43:12+00:00
2,100,52,0.0,100,2025-09-30 15:43:13+00:00
4,103,52,0.0,103,2025-09-30 15:43:14+00:00
6,105,52,0.0,105,2025-09-30 15:43:15+00:00
24,106,52,0.0,106,2025-09-30 15:43:21+00:00
28,105,52,0.0,105,2025-09-30 15:43:22+00:00
28,105,52,0.0,105,2025-09-30 15:43:23+00:00
12,100,52,0.0,100,2025-09-30 15:43:24+00:00
4,98,52,0.0,98,2025-09-30 15:43:25+00:00
2,97,52,0.0,97,2025-09-30 15:43:26+00:00
1,98,52,0.0,98,2025-09-30 15:43:28+00:00
0,97,52,0.0,97,2025-09-30 15:43:29+00:00
1,96,52,0.0,96,2025-09-30 15:43:30+00:00
3,94,52,0.0,94,2025-09-30 15:43:31+00:00
6,93,52,0.0,93,2025-09-30 15:43:32+00:00
4,95,52,0.0,95,2025-09-30 15:43:34+00:00
7,93,52,0.0,93,2025-09-30 15:43:36+00:00
5,94,52,0.0,94,2025-09-30 15:43:37+00:00
5,92,52,0.0,92,2025-09-30 15:43:38+00:00
1,93,52,0.0,93,2025-09-30 15:43:40+00:00
1,95,52,0.0,95,2025-09-30 15:43:41+00:00
0,99,52,0.0,99,2025-09-30 15:43:42+00:00
0,102,52,0.0,102,2025-09-30 15:43:43+00:00
0,103,52,0.0,103,2025-09-30 15:43:44+00:00
0,105,52,0.0,105,2025-09-30 15:43:45+00:00
0,108,52,0.0,108,2025-09-30 15:43:46+00:00
0,111,52,0.0,111,2025-09-30 15:43:47+00:00
0,112,52,0.0,112,2025-09-30 15:43:48+00:00
0,113,52,0.0,113,2025-09-30 15:43:49+00:00
0,114,52,0.0,114,2025-09-30 15:43:50+00:00
0,115,52,0.0,115,2025-09-30 15:43:52+00:00
0,116,52,0.0,116,2025-09-30 15:43:53+00:00
0,117,52,0.0,117,2025-09-30 15:43:54+00:00
0,118,52,0.0,118,2025-09-30 15:43:55+00:00
0,119,52,0.0,119,2025-09-30 15:43:56+00:00
0,120,52,0.0,120,2025-09-30 15:43:58+00:00
1,121,52,0.0,121,2025-09-30 15:43:59+00:00
1,120,52,0.0,120,2025-09-30 15:44:02+00:00
0,119,52,0.0,119,2025-09-30 15:44:05+00:00
0,120,52,0.0,120,2025-09-30 15:44:06+00:00
0,121,52,0.0,121,2025-09-30 15:44:10+00:00
0,122,52,0.0,122,2025-09-30 15:44:12+00:00
0,122,52,0.0,122,2025-09-30 15:44:18+00:00
0,123,52,0.0,123,2025-09-30 15:44:20+00:00
0,124,52,0.0,124,2025-09-30 15:44:22+00:00
0,125,52,0.0,125,2025-09-30 15:44:24+00:00
0,126,52,0.0,126,2025-09-30 15:44:27+00:00
0,127,52,0.0,127,2025-09-30 15:44:29+00:00
0,126,52,0.0,126,2025-09-30 15:44:32+00:00
0,125,52,0.0,125,2025-09-30 15:44:34+00:00
0,124,52,0.0,124,2025-09-30 15:44:36+00:00
0,123,52,0.0,123,2025-09-30 15:44:38+00:00
0,122,52,0.0,122,2025-09-30 15:44:39+00:00
0,121,52,0.0,121,2025-09-30 15:44:40+00:00
11,122,52,0.0,122,2025-09-30 15:44:47+00:00
29,121,52,0.0,121,2025-09-30 15:44:50+00:00
40,119,52,0.0,119,2025-09-30 15:44:53+00:00
41,117,52,0.0,117,2025-09-30 15:44:54+00:00
34,116,52,0.0,116,2025-09-30 15:44:55+00:00
29,113,52,0.0,113,2025-09-30 15:44:56+00:00
25,112,52,0.0,112,2025-09-30 15:44:57+00:00
18,111,52,0.0,111,2025-09-30 15:44:58+00:00
18,110,52,0.0,110,2025-09-30 15:44:59+00:00
18,109,52,0.0,109,2025-09-30 15:45:00+00:00
14,115,52,0.0,115,2025-09-30 15:45:01+00:00
12,117,52,0.0,117,2025-09-30 15:45:02+00:00
8,120,52,0.0,120,2025-09-30 15:45:03+00:00
12,121,52,0.0,121,2025-09-30 15:45:04+00:00
4,120,52,0.0,120,2025-09-30 15:45:05+00:00
14,119,52,0.0,119,2025-09-30 15:45:07+00:00
17,114,52,0.0,114,2025-09-30 15:45:08+00:00
16,110,52,0.0,110,2025-09-30 15:45:09+00:00
12,106,52,0.0,106,2025-09-30 15:45:10+00:00
13,105,52,0.0,105,2025-09-30 15:45:11+00:00
6,104,52,0.0,104,2025-09-30 15:45:13+00:00
25,102,52,0.0,102,2025-09-30 15:45:16+00:00
20,98,52,0.0,98,2025-09-30 15:45:17+00:00
15,95,52,0.0,95,2025-09-30 15:45:18+00:00
9,94,52,0.0,94,2025-09-30 15:45:19+00:00
5,95,52,0.0,95,2025-09-30 15:45:22+00:00
4,99,52,0.0,99,2025-09-30 15:45:23+00:00
4,106,52,0.0,106,2025-09-30 15:45:24+00:00
1,110,52,0.0,110,2025-09-30 15:45:25+00:00
0,112,52,0.0,112,2025-09-30 15:45:26+00:00
0,113,52,0.0,113,2025-09-30 15:45:27+00:00
0,114,52,0.0,114,2025-09-30 15:45:28+00:00
0,115,52,0.0,115,2025-09-30 15:45:29+00:00
0,116,52,0.0,116,2025-09-30 15:45:31+00:00
0,117,52,0.0,117,2025-09-30 15:45:32+00:00
0,118,52,0.0,118,2025-09-30 15:45:33+00:00
0,120,52,0.0,120,2025-09-30 15:45:34+00:00
0,122,52,0.0,122,2025-09-30 15:45:35+00:00
0,123,52,0.0,123,2025-09-30 15:45:36+00:00
0,124,52,0.0,124,2025-09-30 15:45:39+00:00
0,125,52,0.0,125,2025-09-30 15:45:40+00:00
0,124,52,0.0,124,2025-09-30 15:45:46+00:00
1,125,52,0.0,125,2025-09-30 15:45:49+00:00
2,126,52,0.0,126,2025-09-30 15:45:51+00:00
0,129,52,0.0,129,2025-09-30 15:45:53+00:00
0,130,52,0.0,130,2025-09-30 15:45:55+00:00
0,131,52,0.0,131,2025-09-30 15:45:56+00:00
0,131,52,0.0,131,2025-09-30 15:45:57+00:00
0,130,52,0.0,130,2025-09-30 15:46:04+00:00
0,129,52,0.0,129,2025-09-30 15:46:06+00:00
0,130,52,0.0,130,2025-09-30 15:46:09+00:00
1,129,52,0.0,129,2025-09-30 15:46:10+00:00
1,130,52,0.0,130,2025-09-30 15:46:12+00:00
1,129,52,0.0,129,2025-09-30 15:46:13+00:00
1,128,52,0.0,128,2025-09-30 15:46:15+00:00
1,127,52,0.0,127,2025-09-30 15:46:17+00:00
1,125,52,0.0,125,2025-09-30 15:46:18+00:00
2,123,52,0.0,123,2025-09-30 15:46:19+00:00
2,118,52,0.0,118,2025-09-30 15:46:20+00:00
2,116,52,0.0,116,2025-09-30 15:46:21+00:00
0,117,52,0.0,117,2025-09-30 15:46:24+00:00
0,116,52,0.0,116,2025-09-30 15:46:25+00:00
0,115,52,0.0,115,2025-09-30 15:46:28+00:00
0,116,52,0.0,116,2025-09-30 15:46:30+00:00
1,118,52,0.0,118,2025-09-30 15:46:32+00:00
0,117,52,0.0,117,2025-09-30 15:46:37+00:00
0,116,52,0.0,116,2025-09-30 15:46:40+00:00
0,115,52,0.0,115,2025-09-30 15:46:47+00:00
6,116,52,0.0,116,2025-09-30 15:46:48+00:00
16,117,52,0.0,117,2025-09-30 15:46:52+00:00
9,119,52,0.0,119,2025-09-30 15:46:53+00:00
10,120,52,0.0,120,2025-09-30 15:46:55+00:00
27,121,52,0.0,121,2025-09-30 15:47:00+00:00
14,122,52,0.0,122,2025-09-30 15:47:03+00:00
12,121,52,0.0,121,2025-09-30 15:47:06+00:00
14,120,52,0.0,120,2025-09-30 15:47:07+00:00
19,118,52,0.0,118,2025-09-30 15:47:08+00:00
18,115,52,0.0,115,2025-09-30 15:47:09+00:00
14,110,52,0.0,110,2025-09-30 15:47:10+00:00
11,108,52,0.0,108,2025-09-30 15:47:11+00:00
11,107,52,0.0,107,2025-09-30 15:47:12+00:00
14,106,52,0.0,106,2025-09-30 15:47:13+00:00
6,105,52,0.0,105,2025-09-30 15:47:14+00:00
1,104,52,0.0,104,2025-09-30 15:47:16+00:00
2,103,52,0.0,103,2025-09-30 15:47:21+00:00
2,101,52,0.0,101,2025-09-30 15:47:22+00:00
1,99,52,0.0,99,2025-09-30 15:47:23+00:00
2,97,52,0.0,97,2025-09-30 15:47:24+00:00
3,96,52,0.0,96,2025-09-30 15:47:25+00:00
2,95,52,0.0,95,2025-09-30 15:47:29+00:00
3,96,52,0.0,96,2025-09-30 15:47:32+00:00
1,95,52,0.0,95,2025-09-30 15:47:37+00:00
2,96,52,0.0,96,2025-09-30 15:47:41+00:00
5,97,52,0.0,97,2025-09-30 15:47:44+00:00
8,99,52,0.0,99,2025-09-30 15:47:46+00:00
20,100,52,0.0,100,2025-09-30 15:47:51+00:00
19,101,52,0.0,101,2025-09-30 15:47:53+00:00
24,102,52,0.0,102,2025-09-30 15:47:55+00:00
26,103,52,0.0,103,2025-09-30 15:47:57+00:00
36,104,52,0.0,104,2025-09-30 15:47:59+00:00
35,105,52,0.0,105,2025-09-30 15:48:03+00:00
28,106,52,0.0,106,2025-09-30 15:48:06+00:00
28,107,52,0.0,107,2025-09-30 15:48:07+00:00
20,109,52,0.0,109,2025-09-30 15:48:08+00:00
16,110,52,0.0,110,2025-09-30 15:48:09+00:00
15,111,52,0.0,111,2025-09-30 15:48:10+00:00
15,112,52,0.0,112,2025-09-30 15:48:12+00:00
17,113,52,0.0,113,2025-09-30 15:48:14+00:00
11,112,52,0.0,112,2025-09-30 15:48:20+00:00
9,111,52,0.0,111,2025-09-30 15:48:22+00:00
14,110,52,0.0,110,2025-09-30 15:48:25+00:00
4,111,52,0.0,111,2025-09-30 15:48:31+00:00
4,110,52,0.0,110,2025-09-30 15:48:32+00:00
7,109,52,0.0,109,2025-09-30 15:48:35+00:00
4,108,52,0.0,108,2025-09-30 15:48:36+00:00
3,107,52,0.0,107,2025-09-30 15:48:37+00:00
2,108,52,0.0,108,2025-09-30 15:48:40+00:00
2,111,52,0.0,111,2025-09-30 15:48:43+00:00
1,112,52,0.0,112,2025-09-30 15:48:44+00:00
0,113,52,0.0,113,2025-09-30 15:48:45+00:00
0,114,52,0.0,114,2025-09-30 15:48:46+00:00
3,115,52,0.0,115,2025-09-30 15:48:50+00:00
4,114,52,0.0,114,2025-09-30 15:48:52+00:00
3,115,52,0.0,115,2025-09-30 15:48:55+00:00
3,114,52,0.0,114,2025-09-30 15:48:59+00:00
12,113,52,0.0,113,2025-09-30 15:49:01+00:00
9,112,52,0.0,112,2025-09-30 15:49:05+00:00
7,114,52,0.0,114,2025-09-30 15:49:06+00:00
2,115,52,0.0,115,2025-09-30 15:49:08+00:00
2,114,52,0.0,114,2025-09-30 15:49:10+00:00
15,113,52,0.0,113,2025-09-30 15:49:23+00:00
19,114,52,0.0,114,2025-09-30 15:49:26+00:00
20,113,52,0.0,113,2025-09-30 15:49:27+00:00
21,112,52,0.0,112,2025-09-30 15:49:32+00:00
10,111,52,0.0,111,2025-09-30 15:49:40+00:00
9,112,52,0.0,112,2025-09-30 15:49:41+00:00
13,113,52,0.0,113,2025-09-30 15:49:47+00:00
13,112,52,0.0,112,2025-09-30 15:49:54+00:00
20,113,52,0.0,113,2025-09-30 15:49:56+00:00
22,114,52,0.0,114,2025-09-30 15:49:57+00:00
23,115,52,0.0,115,2025-09-30 15:49:58+00:00
27,114,52,0.0,114,2025-09-30 15:50:01+00:00
19,113,52,0.0,113,2025-09-30 15:50:03+00:00
28,114,52,0.0,114,2025-09-30 15:50:08+00:00
25,118,52,0.0,118,2025-09-30 15:50:11+00:00
16,120,52,0.0,120,2025-09-30 15:50:12+00:00
18,119,52,0.0,119,2025-09-30 15:50:17+00:00
15,118,52,0.0,118,2025-09-30 15:50:18+00:00
16,117,52,0.0,117,2025-09-30 15:50:19+00:00
11,116,52,0.0,116,2025-09-30 15:50:20+00:00
9,114,52,0.0,114,2025-09-30 15:50:21+00:00
20,115,52,0.0,115,2025-09-30 15:50:28+00:00
18,116,52,0.0,116,2025-09-30 15:50:31+00:00
20,115,52,0.0,115,2025-09-30 15:50:39+00:00
9,116,52,0.0,116,2025-09-30 15:50:49+00:00
5,117,52,0.0,117,2025-09-30 15:50:52+00:00
4,116,52,0.0,116,2025-09-30 15:50:55+00:00
5,115,52,0.0,115,2025-09-30 15:50:57+00:00
14,116,52,0.0,116,2025-09-30 15:51:02+00:00
5,118,52,0.0,118,2025-09-30 15:51:04+00:00
14,117,52,0.0,117,2025-09-30 15:51:13+00:00
24,118,52,0.0,118,2025-09-30 15:51:16+00:00
25,117,52,0.0,117,2025-09-30 15:51:17+00:00
10,118,52,0.0,118,2025-09-30 15:51:18+00:00
12,117,52,0.0,117,2025-09-30 15:51:21+00:00
12,118,52,0.0,118,2025-09-30 15:51:36+00:00
11,117,52,0.0,117,2025-09-30 15:51:37+00:00
14,118,52,0.0,118,2025-09-30 15:51:39+00:00
6,119,52,0.0,119,2025-09-30 15:51:41+00:00
2,118,52,0.0,118,2025-09-30 15:51:43+00:00
5,119,52,0.0,119,2025-09-30 15:51:46+00:00
3,118,52,0.0,118,2025-09-30 15:51:53+00:00
3,119,52,0.0,119,2025-09-30 15:51:54+00:00
4,118,52,0.0,118,2025-09-30 15:51:57+00:00
4,119,52,0.0,119,2025-09-30 15:51:59+00:00
2,120,52,0.0,120,2025-09-30 15:52:12+00:00
2,121,52,0.0,121,2025-09-30 15:52:16+00:00
3,122,52,0.0,122,2025-09-30 15:52:18+00:00
3,123,52,0.0,123,2025-09-30 15:52:22+00:00
3,124,52,0.0,124,2025-09-30 15:52:23+00:00
6,125,52,0.0,125,2025-09-30 15:52:25+00:00
3,126,52,0.0,126,2025-09-30 15:52:26+00:00
2,127,52,0.0,127,2025-09-30 15:52:27+00:00
0,128,52,0.0,128,2025-09-30 15:52:28+00:00
0,129,52,0.0,129,2025-09-30 15:52:31+00:00
1,130,52,0.0,130,2025-09-30 15:52:32+00:00
0,129,52,0.0,129,2025-09-30 15:52:36+00:00
0,128,52,0.0,128,2025-09-30 15:52:37+00:00
1,127,52,0.0,127,2025-09-30 15:52:39+00:00
1,126,52,0.0,126,2025-09-30 15:52:41+00:00
0,125,52,0.0,125,2025-09-30 15:52:42+00:00
0,124,52,0.0,124,2025-09-30 15:52:43+00:00
2,123,52,0.0,123,2025-09-30 15:52:48+00:00
3,122,52,0.0,122,2025-09-30 15:52:52+00:00
2,121,52,0.0,121,2025-09-30 15:52:59+00:00
2,120,52,0.0,120,2025-09-30 15:53:03+00:00
5,121,52,0.0,121,2025-09-30 15:53:10+00:00
11,120,52,0.0,120,2025-09-30 15:53:11+00:00
14,119,52,0.0,119,2025-09-30 15:53:12+00:00
2,118,52,0.0,118,2025-09-30 15:53:16+00:00
2,119,52,0.0,119,2025-09-30 15:53:17+00:00
3,120,52,0.0,120,2025-09-30 15:53:20+00:00
1,119,52,0.0,119,2025-09-30 15:53:23+00:00
1,120,52,0.0,120,2025-09-30 15:53:24+00:00
1,119,52,0.0,119,2025-09-30 15:53:28+00:00
1,120,52,0.0,120,2025-09-30 15:53:33+00:00
1,119,52,0.0,119,2025-09-30 15:53:36+00:00
1,118,52,0.0,118,2025-09-30 15:53:44+00:00
1,117,52,0.0,117,2025-09-30 15:53:45+00:00
1,116,52,0.0,116,2025-09-30 15:53:48+00:00
1,117,52,0.0,117,2025-09-30 15:53:49+00:00
1,116,52,0.0,116,2025-09-30 15:53:53+00:00
4,115,52,0.0,115,2025-09-30 15:53:57+00:00
7,116,52,0.0,116,2025-09-30 15:53:58+00:00
5,117,52,0.0,117,2025-09-30 15:54:00+00:00
6,118,52,0.0,118,2025-09-30 15:54:08+00:00
3,117,52,0.0,117,2025-09-30 15:54:12+00:00
3,118,52,0.0,118,2025-09-30 15:54:13+00:00
3,117,52,0.0,117,2025-09-30 15:54:14+00:00
4,118,52,0.0,118,2025-09-30 15:54:17+00:00
5,117,52,0.0,117,2025-09-30 15:54:18+00:00
6,118,52,0.0,118,2025-09-30 15:54:20+00:00
7,117,52,0.0,117,2025-09-30 15:54:21+00:00
6,118,52,0.0,118,2025-09-30 15:54:23+00:00
4,117,52,0.0,117,2025-09-30 15:54:24+00:00
4,116,52,0.0,116,2025-09-30 15:54:27+00:00
3,115,52,0.0,115,2025-09-30 15:54:28+00:00
5,114,52,0.0,114,2025-09-30 15:54:32+00:00
4,115,52,0.0,115,2025-09-30 15:54:33+00:00
3,114,52,0.0,114,2025-09-30 15:54:34+00:00
5,115,52,0.0,115,2025-09-30 15:54:37+00:00
1,116,52,0.0,116,2025-09-30 15:54:42+00:00
1,117,52,0.0,117,2025-09-30 15:54:43+00:00
0,118,52,0.0,118,2025-09-30 15:54:46+00:00
0,119,52,0.0,119,2025-09-30 15:54:48+00:00
0,118,52,0.0,118,2025-09-30 15:54:50+00:00
0,117,52,0.0,117,2025-09-30 15:54:51+00:00
0,116,52,0.0,116,2025-09-30 15:54:53+00:00
3,117,52,0.0,117,2025-09-30 15:54:55+00:00
5,116,52,0.0,116,2025-09-30 15:54:58+00:00
2,114,52,0.0,114,2025-09-30 15:54:59+00:00
3,115,52,0.0,115,2025-09-30 15:55:02+00:00
2,114,52,0.0,114,2025-09-30 15:55:03+00:00
0,113,52,0.0,113,2025-09-30 15:55:07+00:00
0,114,52,0.0,114,2025-09-30 15:55:08+00:00
3,113,52,0.0,113,2025-09-30 15:55:13+00:00
1,112,52,0.0,112,2025-09-30 15:55:18+00:00
1,111,52,0.0,111,2025-09-30 15:55:20+00:00
2,110,52,0.0,110,2025-09-30 15:55:21+00:00
2,109,52,0.0,109,2025-09-30 15:55:22+00:00
1,108,52,0.0,108,2025-09-30 15:55:23+00:00
2,107,52,0.0,107,2025-09-30 15:55:24+00:00
6,106,52,0.0,106,2025-09-30 15:55:27+00:00
11,107,52,0.0,107,2025-09-30 15:55:30+00:00
0,106,52,0.0,106,2025-09-30 15:55:44+00:00
0,107,52,0.0,107,2025-09-30 15:55:45+00:00
0,106,52,0.0,106,2025-09-30 15:55:49+00:00
1,105,52,0.0,105,2025-09-30 15:55:52+00:00
1,106,52,0.0,106,2025-09-30 15:55:54+00:00
1,107,52,0.0,107,2025-09-30 15:55:56+00:00
0,106,52,0.0,106,2025-09-30 15:56:00+00:00
0,105,52,0.0,105,2025-09-30 15:56:01+00:00
0,106,52,0.0,106,2025-09-30 15:56:04+00:00
0,105,52,0.0,105,2025-09-30 15:56:05+00:00
0,106,52,0.0,106,2025-09-30 15:56:06+00:00
0,105,52,0.0,105,2025-09-30 15:56:08+00:00
0,104,52,0.0,104,2025-09-30 15:56:10+00:00
0,103,52,0.0,103,2025-09-30 15:56:11+00:00
0,102,52,0.0,102,2025-09-30 15:56:12+00:00
0,103,52,0.0,103,2025-09-30 15:56:16+00:00
0,104,52,0.0,104,2025-09-30 15:56:19+00:00
0,103,52,0.0,103,2025-09-30 15:56:20+00:00
0,102,52,0.0,102,2025-09-30 15:56:22+00:00
0,103,52,0.0,103,2025-09-30 15:56:23+00:00
0,104,52,0.0,104,2025-09-30 15:56:25+00:00
0,103,52,0.0,103,2025-09-30 15:56:30+00:00
0,104,52,0.0,104,2025-09-30 15:56:31+00:00
0,105,52,0.0,105,2025-09-30 15:56:33+00:00
0,106,52,0.0,106,2025-09-30 15:56:35+00:00
0,107,52,0.0,107,2025-09-30 15:56:37+00:00
0,108,52,0.0,108,2025-09-30 15:56:39+00:00
0,109,52,0.0,109,2025-09-30 15:56:41+00:00
0,108,52,0.0,108,2025-09-30 15:56:43+00:00
1,107,52,0.0,107,2025-09-30 15:56:46+00:00
5,108,52,0.0,108,2025-09-30 15:56:49+00:00
5,107,52,0.0,107,2025-09-30 15:56:50+00:00
14,102,52,0.0,102,2025-09-30 15:56:55+00:00
11,97,52,0.0,97,2025-09-30 15:56:56+00:00
8,94,52,0.0,94,2025-09-30 15:56:57+00:00
5,93,52,0.0,93,2025-09-30 15:56:58+00:00
10,94,52,0.0,94,2025-09-30 15:57:00+00:00
9,95,52,0.0,95,2025-09-30 15:57:01+00:00
6,96,52,0.0,96,2025-09-30 15:57:02+00:00
10,97,52,0.0,97,2025-09-30 15:57:05+00:00
4,95,52,0.0,95,2025-09-30 15:57:07+00:00
4,95,52,0.0,95,2025-09-30 15:57:08+00:00
1,93,52,0.0,93,2025-09-30 15:57:13+00:00
0,91,52,0.0,91,2025-09-30 15:57:14+00:00
0,90,52,0.0,90,2025-09-30 15:57:15+00:00
0,91,52,0.0,91,2025-09-30 15:57:17+00:00
0,92,52,0.0,92,2025-09-30 15:57:18+00:00
0,93,52,0.0,93,2025-09-30 15:57:20+00:00
0,94,52,0.0,94,2025-09-30 15:57:22+00:00
0,95,52,0.0,95,2025-09-30 15:57:23+00:00
0,94,52,0.0,94,2025-09-30 15:57:24+00:00
0,93,52,0.0,93,2025-09-30 15:57:29+00:00
0,94,52,0.0,94,2025-09-30 15:57:30+00:00
3,93,52,0.0,93,2025-09-30 15:57:33+00:00
5,94,52,0.0,94,2025-09-30 15:57:34+00:00
2,93,52,0.0,93,2025-09-30 15:57:40+00:00
2,92,52,0.0,92,2025-09-30 15:57:41+00:00
1,91,52,0.0,91,2025-09-30 15:57:42+00:00
4,90,52,0.0,90,2025-09-30 15:57:43+00:00
2,91,52,0.0,91,2025-09-30 15:57:46+00:00
4,92,52,0.0,92,2025-09-30 15:57:47+00:00
13,93,52,0.0,93,2025-09-30 15:57:49+00:00
15,96,52,0.0,96,2025-09-30 15:57:50+00:00
9,95,52,0.0,95,2025-09-30 15:57:51+00:00
12,98,52,0.0,98,2025-09-30 15:57:52+00:00
13,100,52,0.0,100,2025-09-30 15:57:53+00:00
17,101,52,0.0,101,2025-09-30 15:57:54+00:00
18,104,52,0.0,104,2025-09-30 15:57:55+00:00
19,107,52,0.0,107,2025-09-30 15:57:56+00:00
6,114,52,0.0,114,2025-09-30 15:57:57+00:00
3,116,52,0.0,116,2025-09-30 15:57:58+00:00
3,117,52,0.0,117,2025-09-30 15:57:59+00:00
2,118,52,0.0,118,2025-09-30 15:58:00+00:00
1,117,52,0.0,117,2025-09-30 15:58:01+00:00
2,116,52,0.0,116,2025-09-30 15:58:07+00:00
0,113,52,0.0,113,2025-09-30 15:58:08+00:00
0,112,52,0.0,112,2025-09-30 15:58:10+00:00
0,113,52,0.0,113,2025-09-30 15:58:11+00:00
0,114,52,0.0,114,2025-09-30 15:58:13+00:00
0,115,52,0.0,115,2025-09-30 15:58:16+00:00
0,116,52,0.0,116,2025-09-30 15:58:17+00:00
0,115,52,0.0,115,2025-09-30 15:58:18+00:00
0,114,52,0.0,114,2025-09-30 15:58:20+00:00
2,113,52,0.0,113,2025-09-30 15:58:24+00:00
0,112,52,0.0,112,2025-09-30 15:58:25+00:00
0,111,52,0.0,111,2025-09-30 15:58:26+00:00
0,110,52,0.0,110,2025-09-30 15:58:27+00:00
0,109,52,0.0,109,2025-09-30 15:58:29+00:00
0,110,52,0.0,110,2025-09-30 15:58:31+00:00
0,109,52,0.0,109,2025-09-30 15:58:34+00:00
0,108,52,0.0,108,2025-09-30 15:58:35+00:00
0,106,52,0.0,106,2025-09-30 15:58:37+00:00
5,103,52,0.0,103,2025-09-30 15:58:39+00:00
6,106,52,0.0,106,2025-09-30 15:58:40+00:00
7,108,52,0.0,108,2025-09-30 15:58:41+00:00
1,110,52,0.0,110,2025-09-30 15:58:42+00:00
1,109,52,0.0,109,2025-09-30 15:58:44+00:00
3,108,52,0.0,108,2025-09-30 15:58:45+00:00
6,110,52,0.0,110,2025-09-30 15:58:49+00:00
16,109,52,0.0,109,2025-09-30 15:58:52+00:00
13,108,52,0.0,108,2025-09-30 15:58:53+00:00
8,105,52,0.0,105,2025-09-30 15:58:54+00:00
3,103,52,0.0,103,2025-09-30 15:58:55+00:00
2,102,52,0.0,102,2025-09-30 15:58:59+00:00
33,101,52,0.0,101,2025-09-30 15:59:04+00:00
33,98,52,0.0,98,2025-09-30 15:59:05+00:00
24,96,52,0.0,96,2025-09-30 15:59:06+00:00
15,98,52,0.0,98,2025-09-30 15:59:08+00:00
15,96,52,0.0,96,2025-09-30 15:59:09+00:00
12,94,52,0.0,94,2025-09-30 15:59:10+00:00
15,93,52,0.0,93,2025-09-30 15:59:11+00:00
9,90,52,0.0,90,2025-09-30 15:59:12+00:00
13,89,52,0.0,89,2025-09-30 15:59:13+00:00
16,88,52,0.0,88,2025-09-30 15:59:14+00:00
10,90,52,0.0,90,2025-09-30 15:59:19+00:00
7,92,52,0.0,92,2025-09-30 15:59:20+00:00
2,90,52,0.0,90,2025-09-30 15:59:21+00:00
0,89,52,0.0,89,2025-09-30 15:59:23+00:00
1,90,52,0.0,90,2025-09-30 15:59:25+00:00
1,91,52,0.0,91,2025-09-30 15:59:27+00:00
0,92,52,0.0,92,2025-09-30 15:59:28+00:00
1,93,52,0.0,93,2025-09-30 15:59:31+00:00
1,94,52,0.0,94,2025-09-30 15:59:35+00:00
4,95,52,0.0,95,2025-09-30 15:59:36+00:00
3,93,52,0.0,93,2025-09-30 15:59:45+00:00
4,92,52,0.0,92,2025-09-30 15:59:46+00:00
11,91,52,0.0,91,2025-09-30 15:59:47+00:00
15,90,52,0.0,90,2025-09-30 15:59:48+00:00
18,88,52,0.0,88,2025-09-30 15:59:49+00:00
22,87,52,0.0,87,2025-09-30 15:59:50+00:00
11,92,52,0.0,92,2025-09-30 15:59:51+00:00
6,94,52,0.0,94,2025-09-30 15:59:52+00:00
5,95,52,0.0,95,2025-09-30 15:59:53+00:00
4,96,52,0.0,96,2025-09-30 15:59:55+00:00
0,97,52,0.0,97,2025-09-30 15:59:56+00:00
0,96,52,0.0,96,2025-09-30 15:59:57+00:00
1,95,52,0.0,95,2025-09-30 15:59:59+00:00
2,94,52,0.0,94,2025-09-30 16:00:06+00:00
1,95,52,0.0,95,2025-09-30 16:00:08+00:00
6,94,52,0.0,94,2025-09-30 16:00:09+00:00
7,93,52,0.0,93,2025-09-30 16:00:10+00:00
5,90,52,0.0,90,2025-09-30 16:00:11+00:00
4,88,52,0.0,88,2025-09-30 16:00:12+00:00
12,87,52,0.0,87,2025-09-30 16:00:14+00:00
16,86,52,0.0,86,2025-09-30 16:00:15+00:00
6,83,52,0.0,83,2025-09-30 16:00:16+00:00
10,82,52,0.0,82,2025-09-30 16:00:18+00:00
4,95,52,0.0,95,2025-09-30 16:00:19+00:00
2,98,52,0.0,98,2025-09-30 16:00:20+00:00
2,98,52,0.0,98,2025-09-30 16:00:21+00:00
1,99,52,0.0,99,2025-09-30 16:00:25+00:00
2,100,52,0.0,100,2025-09-30 16:00:26+00:00
1,101,52,0.0,101,2025-09-30 16:00:27+00:00
0,102,52,0.0,102,2025-09-30 16:00:29+00:00
0,101,52,0.0,101,2025-09-30 16:00:31+00:00
0,100,52,0.0,100,2025-09-30 16:00:36+00:00
0,101,52,0.0,101,2025-09-30 16:00:37+00:00
0,102,52,0.0,102,2025-09-30 16:00:40+00:00
1,103,52,0.0,103,2025-09-30 16:00:43+00:00
1,102,52,0.0,102,2025-09-30 16:00:44+00:00
0,101,52,0.0,101,2025-09-30 16:00:46+00:00
0,100,52,0.0,100,2025-09-30 16:00:49+00:00
0,99,52,0.0,99,2025-09-30 16:00:51+00:00
1,98,52,0.0,98,2025-09-30 16:00:52+00:00
1,97,52,0.0,97,2025-09-30 16:00:53+00:00
1,96,52,0.0,96,2025-09-30 16:00:54+00:00
1,95,52,0.0,95,2025-09-30 16:00:56+00:00
1,94,52,0.0,94,2025-09-30 16:00:59+00:00
1,93,52,0.0,93,2025-09-30 16:01:00+00:00
2,92,51,0.0,92,2025-09-30 16:01:01+00:00
2,91,51,0.0,91,2025-09-30 16:01:02+00:00
5,94,51,0.0,94,2025-09-30 16:01:04+00:00
4,96,51,0.0,96,2025-09-30 16:01:05+00:00
4,92,51,0.0,92,2025-09-30 16:01:06+00:00
0,93,51,0.0,93,2025-09-30 16:01:07+00:00
0,92,51,0.0,92,2025-09-30 16:01:08+00:00
0,90,51,0.0,90,2025-09-30 16:01:18+00:00
0,88,51,0.0,88,2025-09-30 16:01:19+00:00
0,87,51,0.0,87,2025-09-30 16:01:20+00:00
0,86,51,0.0,86,2025-09-30 16:01:22+00:00
1,85,51,0.0,85,2025-09-30 16:01:25+00:00
1,86,51,0.0,86,2025-09-30 16:01:26+00:00
0,84,51,0.0,84,2025-09-30 16:01:32+00:00
1,83,51,0.0,83,2025-09-30 16:01:36+00:00
1,82,51,0.0,82,2025-09-30 16:01:37+00:00
1,81,51,0.0,81,2025-09-30 16:01:38+00:00
1,80,51,0.0,80,2025-09-30 16:01:39+00:00
1,79,51,0.0,79,2025-09-30 16:01:41+00:00
1,78,51,0.0,78,2025-09-30 16:01:45+00:00
1,77,51,0.0,77,2025-09-30 16:01:46+00:00
1,78,51,0.0,78,2025-09-30 16:01:52+00:00
4,79,51,0.0,79,2025-09-30 16:01:54+00:00
2,80,51,0.0,80,2025-09-30 16:01:55+00:00
3,88,51,0.0,88,2025-09-30 16:01:56+00:00
2,91,51,0.0,91,2025-09-30 16:01:57+00:00
2,91,51,0.0,91,2025-09-30 16:01:58+00:00
2,92,51,0.0,92,2025-09-30 16:02:00+00:00
1,93,51,0.0,93,2025-09-30 16:02:03+00:00
1,94,51,0.0,94,2025-09-30 16:02:05+00:00
1,93,51,0.0,93,2025-09-30 16:02:08+00:00
1,94,51,0.0,94,2025-09-30 16:02:09+00:00
0,95,51,0.0,95,2025-09-30 16:02:10+00:00
0,94,51,0.0,94,2025-09-30 16:02:13+00:00
0,95,51,0.0,95,2025-09-30 16:02:14+00:00
0,94,51,0.0,94,2025-09-30 16:02:16+00:00
0,95,51,0.0,95,2025-09-30 16:02:17+00:00
5,94,51,0.0,94,2025-09-30 16:02:20+00:00
0,95,51,0.0,95,2025-09-30 16:02:21+00:00
0,96,51,0.0,96,2025-09-30 16:02:23+00:00
1,97,51,0.0,97,2025-09-30 16:02:27+00:00
2,98,51,0.0,98,2025-09-30 16:02:34+00:00
0,101,51,0.0,101,2025-09-30 16:02:37+00:00
0,102,51,0.0,102,2025-09-30 16:02:38+00:00
0,101,51,0.0,101,2025-09-30 16:02:41+00:00
0,100,51,0.0,100,2025-09-30 16:02:45+00:00
0,101,51,0.0,101,2025-09-30 16:02:46+00:00
0,102,51,0.0,102,2025-09-30 16:02:47+00:00
0,101,51,0.0,101,2025-09-30 16:02:49+00:00
1,100,51,0.0,100,2025-09-30 16:02:56+00:00
2,101,51,0.0,101,2025-09-30 16:02:57+00:00
0,100,51,0.0,100,2025-09-30 16:03:00+00:00
0,99,51,0.0,99,2025-09-30 16:03:02+00:00
0,100,51,0.0,100,2025-09-30 16:03:03+00:00
1,99,51,0.0,99,2025-09-30 16:03:05+00:00
5,100,51,0.0,100,2025-09-30 16:03:06+00:00
0,99,51,0.0,99,2025-09-30 16:03:07+00:00
0,100,51,0.0,100,2025-09-30 16:03:08+00:00
0,99,51,0.0,99,2025-09-30 16:03:09+00:00
0,95,51,0.0,95,2025-09-30 16:03:12+00:00
0,94,51,0.0,94,2025-09-30 16:03:13+00:00
0,93,51,0.0,93,2025-09-30 16:03:14+00:00
0,92,51,0.0,92,2025-09-30 16:03:15+00:00
1,93,51,0.0,93,2025-09-30 16:03:18+00:00
1,94,51,0.0,94,2025-09-30 16:03:20+00:00
0,97,51,0.0,97,2025-09-30 16:03:21+00:00
0,98,51,0.0,98,2025-09-30 16:03:22+00:00
0,99,51,0.0,99,2025-09-30 16:03:23+00:00
0,101,51,0.0,101,2025-09-30 16:03:24+00:00
0,103,51,0.0,103,2025-09-30 16:03:25+00:00
0,102,51,0.0,102,2025-09-30 16:03:28+00:00
0,101,51,0.0,101,2025-09-30 16:03:33+00:00
0,100,51,0.0,100,2025-09-30 16:03:35+00:00
0,98,51,0.0,98,2025-09-30 16:03:36+00:00
0,96,51,0.0,96,2025-09-30 16:03:37+00:00
0,95,51,0.0,95,2025-09-30 16:03:38+00:00
0,96,51,0.0,96,2025-09-30 16:03:40+00:00
0,97,51,0.0,97,2025-09-30 16:03:41+00:00
0,99,51,0.0,99,2025-09-30 16:03:43+00:00
0,101,51,0.0,101,2025-09-30 16:03:44+00:00
0,102,51,0.0,102,2025-09-30 16:03:45+00:00
0,103,51,0.0,103,2025-09-30 16:03:48+00:00
0,102,51,0.0,102,2025-09-30 16:03:52+00:00
0,103,51,0.0,103,2025-09-30 16:03:56+00:00
7,102,51,0.0,102,2025-09-30 16:04:02+00:00
11,101,51,0.0,101,2025-09-30 16:04:03+00:00
19,100,51,0.0,100,2025-09-30 16:04:04+00:00
30,95,51,0.0,95,2025-09-30 16:04:07+00:00
25,90,51,0.0,90,2025-09-30 16:04:08+00:00
14,84,51,0.0,84,2025-09-30 16:04:09+00:00
13,82,51,0.0,82,2025-09-30 16:04:10+00:00
16,81,51,0.0,81,2025-09-30 16:04:11+00:00
35,80,51,0.0,80,2025-09-30 16:04:14+00:00
55,79,51,0.0,79,2025-09-30 16:04:17+00:00
61,78,51,0.0,78,2025-09-30 16:04:18+00:00
62,77,51,0.0,77,2025-09-30 16:04:19+00:00
56,74,51,0.0,74,2025-09-30 16:04:20+00:00
46,71,51,0.0,71,2025-09-30 16:04:21+00:00
38,69,51,0.0,69,2025-09-30 16:04:22+00:00
32,68,51,0.0,68,2025-09-30 16:04:23+00:00
29,67,51,0.0,67,2025-09-30 16:04:24+00:00
28,66,51,0.0,66,2025-09-30 16:04:25+00:00
25,65,51,0.0,65,2025-09-30 16:04:26+00:00
23,64,51,0.0,64,2025-09-30 16:04:31+00:00
33,65,51,0.0,65,2025-09-30 16:04:34+00:00
43,67,51,0.0,67,2025-09-30 16:04:36+00:00
38,70,51,0.0,70,2025-09-30 16:04:37+00:00
25,73,51,0.0,73,2025-09-30 16:04:38+00:00
16,75,51,0.0,75,2025-09-30 16:04:39+00:00
13,76,51,0.0,76,2025-09-30 16:04:40+00:00
7,77,51,0.0,77,2025-09-30 16:04:43+00:00
15,78,51,0.0,78,2025-09-30 16:04:45+00:00
21,79,51,0.0,79,2025-09-30 16:04:46+00:00
22,81,51,0.0,81,2025-09-30 16:04:48+00:00
7,85,51,0.0,85,2025-09-30 16:04:49+00:00
2,87,51,0.0,87,2025-09-30 16:04:50+00:00
3,88,51,0.0,88,2025-09-30 16:04:51+00:00
3,89,51,0.0,89,2025-09-30 16:04:52+00:00
10,88,51,0.0,88,2025-09-30 16:04:56+00:00
7,87,51,0.0,87,2025-09-30 16:04:58+00:00
5,88,51,0.0,88,2025-09-30 16:05:01+00:00
1,89,51,0.0,89,2025-09-30 16:05:03+00:00
2,90,51,0.0,90,2025-09-30 16:05:05+00:00
8,91,51,0.0,91,2025-09-30 16:05:07+00:00
6,93,51,0.0,93,2025-09-30 16:05:08+00:00
5,94,51,0.0,94,2025-09-30 16:05:09+00:00
22,93,51,0.0,93,2025-09-30 16:05:13+00:00
12,92,51,0.0,92,2025-09-30 16:05:14+00:00
2,93,51,0.0,93,2025-09-30 16:05:17+00:00
4,95,51,0.0,95,2025-09-30 16:05:18+00:00
6,98,51,0.0,98,2025-09-30 16:05:19+00:00
0,103,51,0.0,103,2025-09-30 16:05:20+00:00
0,103,51,0.0,103,2025-09-30 16:05:21+00:00
0,104,51,0.0,104,2025-09-30 16:05:22+00:00
0,105,51,0.0,105,2025-09-30 16:05:26+00:00
0,104,51,0.0,104,2025-09-30 16:05:28+00:00
7,103,51,0.0,103,2025-09-30 16:05:32+00:00
4,100,51,0.0,100,2025-09-30 16:05:33+00:00
2,98,51,0.0,98,2025-09-30 16:05:34+00:00
2,97,51,0.0,97,2025-09-30 16:05:35+00:00
2,96,51,0.0,96,2025-09-30 16:05:36+00:00
1,94,51,0.0,94,2025-09-30 16:05:37+00:00
2,92,51,0.0,92,2025-09-30 16:05:38+00:00
4,91,51,0.0,91,2025-09-30 16:05:39+00:00
12,92,51,0.0,92,2025-09-30 16:05:42+00:00
9,93,51,0.0,93,2025-09-30 16:05:44+00:00
0,97,51,0.0,97,2025-09-30 16:05:45+00:00
0,97,51,0.0,97,2025-09-30 16:05:46+00:00
0,96,51,0.0,96,2025-09-30 16:05:48+00:00
0,95,51,0.0,95,2025-09-30 16:05:50+00:00
0,96,51,0.0,96,2025-09-30 16:05:54+00:00
1,97,51,0.0,97,2025-09-30 16:05:56+00:00
0,98,51,0.0,98,2025-09-30 16:05:57+00:00
0,101,51,0.0,101,2025-09-30 16:05:58+00:00
0,102,51,0.0,102,2025-09-30 16:05:59+00:00
1,101,51,0.0,101,2025-09-30 16:06:02+00:00
2,100,51,0.0,100,2025-09-30 16:06:03+00:00
3,99,51,0.0,99,2025-09-30 16:06:04+00:00
0,97,51,0.0,97,2025-09-30 16:06:05+00:00
0,98,51,0.0,98,2025-09-30 16:06:07+00:00
0,99,51,0.0,99,2025-09-30 16:06:08+00:00
0,98,51,0.0,98,2025-09-30 16:06:11+00:00
1,97,51,0.0,97,2025-09-30 16:06:16+00:00
12,96,51,0.0,96,2025-09-30 16:06:18+00:00
7,95,51,0.0,95,2025-09-30 16:06:19+00:00
3,96,51,0.0,96,2025-09-30 16:06:20+00:00
11,95,51,0.0,95,2025-09-30 16:06:21+00:00
5,96,51,0.0,96,2025-09-30 16:06:24+00:00
8,95,51,0.0,95,2025-09-30 16:06:26+00:00
6,94,51,0.0,94,2025-09-30 16:06:27+00:00
6,92,51,0.0,92,2025-09-30 16:06:28+00:00
0,90,51,0.0,90,2025-09-30 16:06:29+00:00
0,91,51,0.0,91,2025-09-30 16:06:32+00:00
0,90,51,0.0,90,2025-09-30 16:06:36+00:00
0,91,51,0.0,91,2025-09-30 16:06:37+00:00
0,92,51,0.0,92,2025-09-30 16:06:38+00:00
1,93,51,0.0,93,2025-09-30 16:06:39+00:00
1,94,51,0.0,94,2025-09-30 16:06:42+00:00
1,93,51,0.0,93,2025-09-30 16:06:48+00:00
0,94,51,0.0,94,2025-09-30 16:06:49+00:00
1,93,51,0.0,93,2025-09-30 16:06:52+00:00
1,92,51,0.0,92,2025-09-30 16:06:58+00:00
1,91,51,0.0,91,2025-09-30 16:07:01+00:00
1,90,51,0.0,90,2025-09-30 16:07:02+00:00
1,89,51,0.0,89,2025-09-30 16:07:03+00:00
3,90,51,0.0,90,2025-09-30 16:07:05+00:00
2,91,51,0.0,91,2025-09-30 16:07:06+00:00
1,90,51,0.0,90,2025-09-30 16:07:07+00:00
12,89,51,0.0,89,2025-09-30 16:07:10+00:00
18,88,51,0.0,88,2025-09-30 16:07:11+00:00
9,84,51,0.0,84,2025-09-30 16:07:12+00:00
7,83,51,0.0,83,2025-09-30 16:07:13+00:00
3,84,51,0.0,84,2025-09-30 16:07:18+00:00
1,86,51,0.0,86,2025-09-30 16:07:19+00:00
0,88,51,0.0,88,2025-09-30 16:07:20+00:00
0,89,51,0.0,89,2025-09-30 16:07:21+00:00
0,91,51,0.0,91,2025-09-30 16:07:22+00:00
0,92,51,0.0,92,2025-09-30 16:07:24+00:00
0,93,51,0.0,93,2025-09-30 16:07:28+00:00
0,94,51,0.0,94,2025-09-30 16:07:29+00:00
0,95,51,0.0,95,2025-09-30 16:07:31+00:00
0,96,51,0.0,96,2025-09-30 16:07:34+00:00
2,97,51,0.0,97,2025-09-30 16:07:39+00:00
1,98,51,0.0,98,2025-09-30 16:07:41+00:00
0,99,51,0.0,99,2025-09-30 16:07:42+00:00
1,100,51,0.0,100,2025-09-30 16:07:43+00:00
1,99,51,0.0,99,2025-09-30 16:07:44+00:00
1,100,51,0.0,100,2025-09-30 16:07:47+00:00
1,101,51,0.0,101,2025-09-30 16:07:49+00:00
1,100,51,0.0,100,2025-09-30 16:07:51+00:00
2,99,51,0.0,99,2025-09-30 16:07:53+00:00
2,98,51,0.0,98,2025-09-30 16:07:54+00:00
0,96,51,0.0,96,2025-09-30 16:07:55+00:00
0,97,51,0.0,97,2025-09-30 16:07:56+00:00
0,98,51,0.0,98,2025-09-30 16:07:58+00:00
0,99,51,0.0,99,2025-09-30 16:07:59+00:00
0,100,51,0.0,100,2025-09-30 16:08:02+00:00
0,101,51,0.0,101,2025-09-30 16:08:03+00:00
0,102,51,0.0,102,2025-09-30 16:08:04+00:00
1,103,51,0.0,103,2025-09-30 16:08:05+00:00
1,102,51,0.0,102,2025-09-30 16:08:06+00:00
0,101,51,0.0,101,2025-09-30 16:08:08+00:00
0,102,51,0.0,102,2025-09-30 16:08:09+00:00
0,103,51,0.0,103,2025-09-30 16:08:10+00:00
0,104,51,0.0,104,2025-09-30 16:08:12+00:00
0,103,51,0.0,103,2025-09-30 16:08:14+00:00
0,102,51,0.0,102,2025-09-30 16:08:18+00:00
1,103,51,0.0,103,2025-09-30 16:08:22+00:00
1,102,51,0.0,102,2025-09-30 16:08:23+00:00
0,103,51,0.0,103,2025-09-30 16:08:24+00:00
1,104,51,0.0,104,2025-09-30 16:08:26+00:00
0,103,51,0.0,103,2025-09-30 16:08:30+00:00
0,104,51,0.0,104,2025-09-30 16:08:31+00:00
0,103,51,0.0,103,2025-09-30 16:08:33+00:00
0,100,51,0.0,100,2025-09-30 16:08:34+00:00
0,99,51,0.0,99,2025-09-30 16:08:35+00:00
0,100,51,0.0,100,2025-09-30 16:08:36+00:00
0,101,51,0.0,101,2025-09-30 16:08:41+00:00
14,100,51,0.0,100,2025-09-30 16:08:49+00:00
2,104,51,0.0,104,2025-09-30 16:08:50+00:00
1,105,51,0.0,105,2025-09-30 16:08:51+00:00
0,104,51,0.0,104,2025-09-30 16:08:58+00:00
0,105,51,0.0,105,2025-09-30 16:09:03+00:00
0,106,51,0.0,106,2025-09-30 16:09:06+00:00
0,106,51,0.0,106,2025-09-30 16:09:08+00:00
1,105,51,0.0,105,2025-09-30 16:09:13+00:00
1,104,51,0.0,104,2025-09-30 16:09:14+00:00
15,103,51,0.0,103,2025-09-30 16:09:17+00:00
7,102,51,0.0,102,2025-09-30 16:09:18+00:00
2,100,51,0.0,100,2025-09-30 16:09:19+00:00
18,99,51,0.0,99,2025-09-30 16:09:21+00:00
30,98,51,0.0,98,2025-09-30 16:09:24+00:00
34,95,51,0.0,95,2025-09-30 16:09:25+00:00
30,90,51,0.0,90,2025-09-30 16:09:26+00:00
24,86,51,0.0,86,2025-09-30 16:09:27+00:00
18,84,51,0.0,84,2025-09-30 16:09:28+00:00
16,83,51,0.0,83,2025-09-30 16:09:29+00:00
18,90,51,0.0,90,2025-09-30 16:09:31+00:00
14,92,51,0.0,92,2025-09-30 16:09:32+00:00
1,96,51,0.0,96,2025-09-30 16:09:33+00:00
0,98,51,0.0,98,2025-09-30 16:09:34+00:00
3,97,51,0.0,97,2025-09-30 16:09:35+00:00
2,96,51,0.0,96,2025-09-30 16:09:36+00:00
1,97,51,0.0,97,2025-09-30 16:09:38+00:00
2,98,51,0.0,98,2025-09-30 16:09:40+00:00
20,99,51,0.0,99,2025-09-30 16:09:45+00:00
16,102,51,0.0,102,2025-09-30 16:09:46+00:00
13,104,51,0.0,104,2025-09-30 16:09:47+00:00
9,106,51,0.0,106,2025-09-30 16:09:48+00:00
25,105,51,0.0,105,2025-09-30 16:09:50+00:00
17,104,51,0.0,104,2025-09-30 16:09:52+00:00
13,101,51,0.0,101,2025-09-30 16:09:53+00:00
9,102,51,0.0,102,2025-09-30 16:09:55+00:00
1,100,51,0.0,100,2025-09-30 16:09:57+00:00
3,99,51,0.0,99,2025-09-30 16:10:02+00:00
7,100,51,0.0,100,2025-09-30 16:10:03+00:00
7,101,51,0.0,101,2025-09-30 16:10:04+00:00
18,100,51,0.0,100,2025-09-30 16:10:09+00:00
26,101,51,0.0,101,2025-09-30 16:10:10+00:00
35,100,51,0.0,100,2025-09-30 16:10:12+00:00
33,98,51,0.0,98,2025-09-30 16:10:13+00:00
33,96,51,0.0,96,2025-09-30 16:10:14+00:00
14,90,51,0.0,90,2025-09-30 16:10:15+00:00
8,87,51,0.0,87,2025-09-30 16:10:16+00:00
2,86,51,0.0,86,2025-09-30 16:10:17+00:00
2,87,51,0.0,87,2025-09-30 16:10:20+00:00
4,88,51,0.0,88,2025-09-30 16:10:21+00:00
4,89,51,0.0,89,2025-09-30 16:10:22+00:00
29,90,51,0.0,90,2025-09-30 16:10:29+00:00
6,88,51,0.0,88,2025-09-30 16:10:32+00:00
7,86,51,0.0,86,2025-09-30 16:10:33+00:00
8,85,51,0.0,85,2025-09-30 16:10:34+00:00
1,80,51,0.0,80,2025-09-30 16:10:35+00:00
1,78,51,0.0,78,2025-09-30 16:10:36+00:00
1,77,51,0.0,77,2025-09-30 16:10:37+00:00
13,76,51,0.0,76,2025-09-30 16:10:40+00:00
10,75,51,0.0,75,2025-09-30 16:10:41+00:00
7,74,51,0.0,74,2025-09-30 16:10:43+00:00
10,73,51,0.0,73,2025-09-30 16:10:44+00:00
15,74,51,0.0,74,2025-09-30 16:10:48+00:00
50,75,51,0.0,75,2025-09-30 16:10:53+00:00
63,74,51,0.0,74,2025-09-30 16:10:56+00:00
66,75,51,0.0,75,2025-09-30 16:10:57+00:00
73,76,51,0.0,76,2025-09-30 16:10:58+00:00
94,77,51,0.0,77,2025-09-30 16:11:02+00:00
83,82,51,0.0,82,2025-09-30 16:11:03+00:00
56,91,51,0.0,91,2025-09-30 16:11:04+00:00
29,99,51,0.0,99,2025-09-30 16:11:05+00:00
20,102,51,0.0,102,2025-09-30 16:11:06+00:00
7,105,51,0.0,105,2025-09-30 16:11:07+00:00
7,105,51,0.0,105,2025-09-30 16:11:08+00:00
14,106,51,0.0,106,2025-09-30 16:11:14+00:00
9,109,51,0.0,109,2025-09-30 16:11:15+00:00
7,112,51,0.0,112,2025-09-30 16:11:16+00:00
10,113,51,0.0,113,2025-09-30 16:11:17+00:00
22,112,51,0.0,112,2025-09-30 16:11:20+00:00
20,113,51,0.0,113,2025-09-30 16:11:21+00:00
27,112,51,0.0,112,2025-09-30 16:11:23+00:00
34,113,51,0.0,113,2025-09-30 16:11:25+00:00
14,115,51,0.0,115,2025-09-30 16:11:26+00:00
16,113,51,0.0,113,2025-09-30 16:11:28+00:00
14,110,51,0.0,110,2025-09-30 16:11:29+00:00
13,108,51,0.0,108,2025-09-30 16:11:30+00:00
13,107,51,0.0,107,2025-09-30 16:11:31+00:00
10,106,51,0.0,106,2025-09-30 16:11:32+00:00
5,105,51,0.0,105,2025-09-30 16:11:33+00:00
14,106,51,0.0,106,2025-09-30 16:11:37+00:00
13,107,51,0.0,107,2025-09-30 16:11:42+00:00
11,106,51,0.0,106,2025-09-30 16:11:43+00:00
6,107,51,0.0,107,2025-09-30 16:11:44+00:00
7,106,51,0.0,106,2025-09-30 16:11:49+00:00
7,105,51,0.0,105,2025-09-30 16:11:50+00:00
2,106,51,0.0,106,2025-09-30 16:11:57+00:00
13,107,51,0.0,107,2025-09-30 16:12:03+00:00
13,107,51,0.0,107,2025-09-30 16:12:08+00:00
10,108,51,0.0,108,2025-09-30 16:12:10+00:00
