135,136,143,distance,heart_rate,timestamp
2,78,59,0.0,78,2025-09-27 12:04:48+00:00
2,78,59,0.0,78,2025-09-27 12:04:49+00:00
2,79,59,0.0,79,2025-09-27 12:04:50+00:00
1,80,59,0.0,80,2025-09-27 12:04:51+00:00
2,81,59,0.0,81,2025-09-27 12:04:52+00:00
1,82,59,0.0,82,2025-09-27 12:04:53+00:00
1,81,59,0.0,81,2025-09-27 12:04:57+00:00
0,79,59,0.0,79,2025-09-27 12:04:59+00:00
0,80,59,0.0,80,2025-09-27 12:05:01+00:00
0,81,59,0.0,81,2025-09-27 12:05:03+00:00
0,80,59,0.0,80,2025-09-27 12:05:04+00:00
0,79,59,0.0,79,2025-09-27 12:05:05+00:00
3,78,59,0.0,78,2025-09-27 12:05:06+00:00
2,75,59,0.0,75,2025-09-27 12:05:07+00:00
2,73,59,0.0,73,2025-09-27 12:05:08+00:00
2,72,59,0.0,72,2025-09-27 12:05:09+00:00
1,73,59,0.0,73,2025-09-27 12:05:10+00:00
2,74,59,0.0,74,2025-09-27 12:05:12+00:00
2,75,59,0.0,75,2025-09-27 12:05:13+00:00
1,76,59,0.0,76,2025-09-27 12:05:14+00:00
0,78,59,0.0,78,2025-09-27 12:05:20+00:00
0,79,59,0.0,79,2025-09-27 12:05:21+00:00
0,80,59,0.0,80,2025-09-27 12:05:22+00:00
0,81,59,0.0,81,2025-09-27 12:05:23+00:00
0,80,59,0.0,80,2025-09-27 12:05:27+00:00
0,79,59,0.0,79,2025-09-27 12:05:28+00:00
2,80,59,0.0,80,2025-09-27 12:05:32+00:00
1,81,59,0.0,81,2025-09-27 12:05:34+00:00
0,82,59,0.0,82,2025-09-27 12:05:35+00:00
2,84,59,0.0,84,2025-09-27 12:05:36+00:00
2,85,59,0.0,85,2025-09-27 12:05:37+00:00
3,86,59,0.0,86,2025-09-27 12:05:38+00:00
3,87,59,0.0,87,2025-09-27 12:05:41+00:00
4,86,59,0.0,86,2025-09-27 12:05:42+00:00
19,85,59,0.0,85,2025-09-27 12:05:47+00:00
11,83,59,0.0,83,2025-09-27 12:05:49+00:00
9,84,59,0.0,84,2025-09-27 12:05:52+00:00
9,85,59,0.0,85,2025-09-27 12:05:53+00:00
12,86,59,0.0,86,2025-09-27 12:05:54+00:00
4,89,59,0.0,89,2025-09-27 12:05:55+00:00
4,90,59,0.0,90,2025-09-27 12:05:56+00:00
8,91,59,0.0,91,2025-09-27 12:05:57+00:00
5,90,59,0.0,90,2025-09-27 12:05:58+00:00
9,91,59,0.0,91,2025-09-27 12:06:00+00:00
9,93,59,0.0,93,2025-09-27 12:06:02+00:00
8,94,59,0.0,94,2025-09-27 12:06:03+00:00
6,95,59,0.0,95,2025-09-27 12:06:04+00:00
3,97,59,0.0,97,2025-09-27 12:06:05+00:00
3,98,59,0.0,98,2025-09-27 12:06:07+00:00
3,99,59,0.0,99,2025-09-27 12:06:09+00:00
2,100,59,0.0,100,2025-09-27 12:06:12+00:00
6,99,59,0.0,99,2025-09-27 12:06:14+00:00
5,100,59,0.0,100,2025-09-27 12:06:15+00:00
21,101,59,0.0,101,2025-09-27 12:06:20+00:00
10,102,59,0.0,102,2025-09-27 12:06:22+00:00
1,105,59,0.0,105,2025-09-27 12:06:23+00:00
2,106,59,0.0,106,2025-09-27 12:06:24+00:00
2,105,59,0.0,105,2025-09-27 12:06:26+00:00
4,104,59,0.0,104,2025-09-27 12:06:28+00:00
2,103,59,0.0,103,2025-09-27 12:06:31+00:00
3,102,59,0.0,102,2025-09-27 12:06:33+00:00
24,101,59,0.0,101,2025-09-27 12:06:36+00:00
23,100,59,0.0,100,2025-09-27 12:06:37+00:00
25,99,59,0.0,99,2025-09-27 12:06:38+00:00
32,98,59,0.0,98,2025-09-27 12:06:39+00:00
28,96,59,0.0,96,2025-09-27 12:06:41+00:00
24,95,59,0.0,95,2025-09-27 12:06:43+00:00
21,96,59,0.0,96,2025-09-27 12:06:45+00:00
54,95,59,0.0,95,2025-09-27 12:06:50+00:00
55,93,59,0.0,93,2025-09-27 12:06:51+00:00
55,91,59,0.0,91,2025-09-27 12:06:52+00:00
57,89,59,0.0,89,2025-09-27 12:06:53+00:00
56,88,59,0.0,88,2025-09-27 12:06:54+00:00
62,87,59,0.0,87,2025-09-27 12:06:56+00:00
65,89,59,0.0,89,2025-09-27 12:06:58+00:00
64,92,59,0.0,92,2025-09-27 12:06:59+00:00
62,95,59,0.0,95,2025-09-27 12:07:00+00:00
50,100,59,0.0,100,2025-09-27 12:07:01+00:00
12,112,59,0.0,112,2025-09-27 12:07:02+00:00
4,115,59,0.0,115,2025-09-27 12:07:03+00:00
2,116,59,0.0,116,2025-09-27 12:07:04+00:00
1,117,59,0.0,117,2025-09-27 12:07:06+00:00
2,118,59,0.0,118,2025-09-27 12:07:07+00:00
3,119,59,0.0,119,2025-09-27 12:07:08+00:00
1,120,59,0.0,120,2025-09-27 12:07:10+00:00
1,121,59,0.0,121,2025-09-27 12:07:12+00:00
1,122,59,0.0,122,2025-09-27 12:07:13+00:00
1,123,59,0.0,123,2025-09-27 12:07:14+00:00
3,124,59,0.0,124,2025-09-27 12:07:16+00:00
2,125,59,0.0,125,2025-09-27 12:07:17+00:00
3,126,59,0.0,126,2025-09-27 12:07:19+00:00
2,127,59,0.0,127,2025-09-27 12:07:21+00:00
1,128,59,0.0,128,2025-09-27 12:07:23+00:00
1,129,59,0.0,129,2025-09-27 12:07:31+00:00
1,130,59,0.0,130,2025-09-27 12:07:34+00:00
1,131,59,0.0,131,2025-09-27 12:07:37+00:00
2,132,59,0.0,132,2025-09-27 12:07:39+00:00
2,133,59,0.0,133,2025-09-27 12:07:40+00:00
1,134,59,0.0,134,2025-09-27 12:07:41+00:00
1,135,59,0.0,135,2025-09-27 12:07:42+00:00
1,136,59,0.0,136,2025-09-27 12:07:45+00:00
1,137,59,0.0,137,2025-09-27 12:07:47+00:00
1,136,59,0.0,136,2025-09-27 12:07:59+00:00
1,137,59,0.0,137,2025-09-27 12:08:00+00:00
0,138,59,0.0,138,2025-09-27 12:08:03+00:00
8,137,59,0.0,137,2025-09-27 12:08:11+00:00
22,136,59,0.0,136,2025-09-27 12:08:13+00:00
28,135,59,0.0,135,2025-09-27 12:08:16+00:00
27,133,59,0.0,133,2025-09-27 12:08:17+00:00
23,134,59,0.0,134,2025-09-27 12:08:18+00:00
19,131,59,0.0,131,2025-09-27 12:08:21+00:00
15,128,59,0.0,128,2025-09-27 12:08:22+00:00
15,128,59,0.0,128,2025-09-27 12:08:23+00:00
21,129,59,0.0,129,2025-09-27 12:08:24+00:00
22,131,59,0.0,131,2025-09-27 12:08:25+00:00
28,130,59,0.0,130,2025-09-27 12:08:26+00:00
32,129,59,0.0,129,2025-09-27 12:08:27+00:00
34,126,59,0.0,126,2025-09-27 12:08:28+00:00
34,124,59,0.0,124,2025-09-27 12:08:29+00:00
36,123,59,0.0,123,2025-09-27 12:08:30+00:00
37,122,59,0.0,122,2025-09-27 12:08:31+00:00
36,121,59,0.0,121,2025-09-27 12:08:34+00:00
62,119,59,0.0,119,2025-09-27 12:08:41+00:00
49,117,59,0.0,117,2025-09-27 12:08:42+00:00
17,114,59,0.0,114,2025-09-27 12:08:43+00:00
9,113,59,0.0,113,2025-09-27 12:08:44+00:00
5,112,59,0.0,112,2025-09-27 12:08:45+00:00
5,113,59,0.0,113,2025-09-27 12:08:46+00:00
25,114,59,0.0,114,2025-09-27 12:08:50+00:00
30,115,59,0.0,115,2025-09-27 12:08:51+00:00
45,116,59,0.0,116,2025-09-27 12:08:55+00:00
50,115,59,0.0,115,2025-09-27 12:08:57+00:00
51,117,59,0.0,117,2025-09-27 12:08:58+00:00
34,126,59,0.0,126,2025-09-27 12:08:59+00:00
16,136,58,0.0,136,2025-09-27 12:09:00+00:00
12,155,58,0.0,155,2025-09-27 12:09:01+00:00
6,170,58,0.0,170,2025-09-27 12:09:02+00:00
7,174,58,0.0,174,2025-09-27 12:09:03+00:00
6,176,58,0.0,176,2025-09-27 12:09:04+00:00
1,178,58,0.0,178,2025-09-27 12:09:05+00:00
0,177,58,0.0,177,2025-09-27 12:09:06+00:00
0,176,58,0.0,176,2025-09-27 12:09:07+00:00
7,175,58,0.0,175,2025-09-27 12:09:10+00:00
13,174,58,0.0,174,2025-09-27 12:09:13+00:00
13,173,58,0.0,173,2025-09-27 12:09:14+00:00
17,172,58,0.0,172,2025-09-27 12:09:18+00:00
11,173,58,0.0,173,2025-09-27 12:09:19+00:00
21,177,58,0.0,177,2025-09-27 12:09:22+00:00
15,181,58,0.0,181,2025-09-27 12:09:23+00:00
11,184,58,0.0,184,2025-09-27 12:09:24+00:00
7,185,58,0.0,185,2025-09-27 12:09:25+00:00
69,184,58,0.0,184,2025-09-27 12:09:37+00:00
86,183,58,0.0,183,2025-09-27 12:09:39+00:00
101,182,58,0.0,182,2025-09-27 12:09:41+00:00
106,181,58,0.0,181,2025-09-27 12:09:42+00:00
105,175,58,0.0,175,2025-09-27 12:09:43+00:00
103,170,58,0.0,170,2025-09-27 12:09:44+00:00
103,170,58,0.0,170,2025-09-27 12:09:45+00:00
125,169,58,0.0,169,2025-09-27 12:09:48+00:00
128,168,58,0.0,168,2025-09-27 12:09:49+00:00
120,158,58,0.0,158,2025-09-27 12:09:50+00:00
52,118,58,0.0,118,2025-09-27 12:09:51+00:00
3,92,58,0.0,92,2025-09-27 12:09:52+00:00
3,92,58,0.0,92,2025-09-27 12:09:53+00:00
3,91,58,0.0,91,2025-09-27 12:09:55+00:00
2,90,58,0.0,90,2025-09-27 12:09:58+00:00
1,91,58,0.0,91,2025-09-27 12:10:00+00:00
0,90,58,0.0,90,2025-09-27 12:10:02+00:00
0,89,58,0.0,89,2025-09-27 12:10:04+00:00
0,88,58,0.0,88,2025-09-27 12:10:10+00:00
1,87,58,0.0,87,2025-09-27 12:10:17+00:00
1,86,58,0.0,86,2025-09-27 12:10:18+00:00
0,85,58,0.0,85,2025-09-27 12:10:20+00:00
0,86,58,0.0,86,2025-09-27 12:10:21+00:00
0,87,58,0.0,87,2025-09-27 12:10:23+00:00
1,90,58,0.0,90,2025-09-27 12:10:25+00:00
0,93,58,0.0,93,2025-09-27 12:10:26+00:00
0,95,58,0.0,95,2025-09-27 12:10:27+00:00
0,98,58,0.0,98,2025-09-27 12:10:28+00:00
2,100,58,0.0,100,2025-09-27 12:10:29+00:00
8,101,58,0.0,101,2025-09-27 12:10:31+00:00
5,106,58,0.0,106,2025-09-27 12:10:32+00:00
5,108,58,0.0,108,2025-09-27 12:10:33+00:00
16,109,58,0.0,109,2025-09-27 12:10:37+00:00
14,103,58,0.0,103,2025-09-27 12:10:39+00:00
9,99,58,0.0,99,2025-09-27 12:10:40+00:00
10,105,58,0.0,105,2025-09-27 12:10:41+00:00
7,107,58,0.0,107,2025-09-27 12:10:42+00:00
2,113,58,0.0,113,2025-09-27 12:10:43+00:00
2,113,58,0.0,113,2025-09-27 12:10:44+00:00
1,112,58,0.0,112,2025-09-27 12:10:48+00:00
1,111,58,0.0,111,2025-09-27 12:10:54+00:00
2,110,58,0.0,110,2025-09-27 12:10:57+00:00
1,107,58,0.0,107,2025-09-27 12:10:58+00:00
0,108,58,0.0,108,2025-09-27 12:11:01+00:00
1,109,58,0.0,109,2025-09-27 12:11:02+00:00
0,111,58,0.0,111,2025-09-27 12:11:03+00:00
0,114,58,0.0,114,2025-09-27 12:11:04+00:00
0,115,58,0.0,115,2025-09-27 12:11:05+00:00
0,114,58,0.0,114,2025-09-27 12:11:06+00:00
0,113,58,0.0,113,2025-09-27 12:11:08+00:00
0,111,58,0.0,111,2025-09-27 12:11:09+00:00
0,106,58,0.0,106,2025-09-27 12:11:10+00:00
0,106,58,0.0,106,2025-09-27 12:11:11+00:00
0,107,58,0.0,107,2025-09-27 12:11:17+00:00
0,106,58,0.0,106,2025-09-27 12:11:20+00:00
0,104,58,0.0,104,2025-09-27 12:11:22+00:00
0,102,58,0.0,102,2025-09-27 12:11:23+00:00
0,101,58,0.0,101,2025-09-27 12:11:24+00:00
0,100,58,0.0,100,2025-09-27 12:11:25+00:00
0,99,58,0.0,99,2025-09-27 12:11:26+00:00
0,100,58,0.0,100,2025-09-27 12:11:29+00:00
7,101,58,0.0,101,2025-09-27 12:11:31+00:00
1,102,58,0.0,102,2025-09-27 12:11:33+00:00
1,103,58,0.0,103,2025-09-27 12:11:34+00:00
1,104,58,0.0,104,2025-09-27 12:11:35+00:00
0,103,58,0.0,103,2025-09-27 12:11:41+00:00
0,102,58,0.0,102,2025-09-27 12:11:42+00:00
0,101,58,0.0,101,2025-09-27 12:11:43+00:00
0,100,58,0.0,100,2025-09-27 12:11:44+00:00
1,99,58,0.0,99,2025-09-27 12:11:45+00:00
3,96,58,0.0,96,2025-09-27 12:11:49+00:00
3,95,58,0.0,95,2025-09-27 12:11:51+00:00
4,94,58,0.0,94,2025-09-27 12:11:53+00:00
3,93,58,0.0,93,2025-09-27 12:11:55+00:00
3,94,58,0.0,94,2025-09-27 12:11:58+00:00
3,95,58,0.0,95,2025-09-27 12:12:01+00:00
4,94,58,0.0,94,2025-09-27 12:12:02+00:00
17,95,58,0.0,95,2025-09-27 12:12:07+00:00
24,94,58,0.0,94,2025-09-27 12:12:11+00:00
5,93,58,0.0,93,2025-09-27 12:12:14+00:00
12,94,58,0.0,94,2025-09-27 12:12:16+00:00
9,95,58,0.0,95,2025-09-27 12:12:17+00:00
5,96,58,0.0,96,2025-09-27 12:12:18+00:00
1,97,58,0.0,97,2025-09-27 12:12:23+00:00
0,98,58,0.0,98,2025-09-27 12:12:27+00:00
1,97,58,0.0,97,2025-09-27 12:12:33+00:00
6,96,58,0.0,96,2025-09-27 12:12:35+00:00
8,94,58,0.0,94,2025-09-27 12:12:36+00:00
5,91,58,0.0,91,2025-09-27 12:12:37+00:00
5,91,58,0.0,91,2025-09-27 12:12:38+00:00
4,97,58,0.0,97,2025-09-27 12:12:39+00:00
4,92,58,0.0,92,2025-09-27 12:12:40+00:00
3,90,58,0.0,90,2025-09-27 12:12:41+00:00
3,92,58,0.0,92,2025-09-27 12:12:43+00:00
7,91,58,0.0,91,2025-09-27 12:12:44+00:00
10,84,58,0.0,84,2025-09-27 12:12:45+00:00
6,76,58,0.0,76,2025-09-27 12:12:46+00:00
7,74,58,0.0,74,2025-09-27 12:12:47+00:00
10,73,58,0.0,73,2025-09-27 12:12:48+00:00
17,75,58,0.0,75,2025-09-27 12:12:50+00:00
14,82,58,0.0,82,2025-09-27 12:12:51+00:00
10,86,58,0.0,86,2025-09-27 12:12:52+00:00
11,84,58,0.0,84,2025-09-27 12:12:53+00:00
0,81,58,0.0,81,2025-09-27 12:12:55+00:00
0,80,58,0.0,80,2025-09-27 12:13:00+00:00
2,77,58,0.0,77,2025-09-27 12:13:03+00:00
1,75,58,0.0,75,2025-09-27 12:13:04+00:00
3,76,58,0.0,76,2025-09-27 12:13:07+00:00
0,80,58,0.0,80,2025-09-27 12:13:08+00:00
1,81,58,0.0,81,2025-09-27 12:13:09+00:00
1,82,58,0.0,82,2025-09-27 12:13:10+00:00
1,81,58,0.0,81,2025-09-27 12:13:17+00:00
2,82,58,0.0,82,2025-09-27 12:13:21+00:00
2,81,58,0.0,81,2025-09-27 12:13:22+00:00
2,80,58,0.0,80,2025-09-27 12:13:24+00:00
2,78,58,0.0,78,2025-09-27 12:13:27+00:00
23,77,58,0.0,77,2025-09-27 12:13:32+00:00
30,78,58,0.0,78,2025-09-27 12:13:33+00:00
37,77,58,0.0,77,2025-09-27 12:13:35+00:00
30,78,58,0.0,78,2025-09-27 12:13:39+00:00
38,77,58,0.0,77,2025-09-27 12:13:40+00:00
41,78,58,0.0,78,2025-09-27 12:13:42+00:00
27,79,58,0.0,79,2025-09-27 12:13:47+00:00
35,81,58,0.0,81,2025-09-27 12:13:49+00:00
39,82,58,0.0,82,2025-09-27 12:13:50+00:00
24,79,58,0.0,79,2025-09-27 12:13:53+00:00
15,77,58,0.0,77,2025-09-27 12:13:54+00:00
11,79,58,0.0,79,2025-09-27 12:13:56+00:00
10,90,58,0.0,90,2025-09-27 12:13:57+00:00
10,90,58,0.0,90,2025-09-27 12:13:58+00:00
18,92,58,0.0,92,2025-09-27 12:13:59+00:00
16,96,58,0.0,96,2025-09-27 12:14:00+00:00
9,100,58,0.0,100,2025-09-27 12:14:01+00:00
6,101,58,0.0,101,2025-09-27 12:14:02+00:00
11,100,58,0.0,100,2025-09-27 12:14:03+00:00
18,99,58,0.0,99,2025-09-27 12:14:04+00:00
20,94,58,0.0,94,2025-09-27 12:14:05+00:00
27,93,58,0.0,93,2025-09-27 12:14:06+00:00
33,92,58,0.0,92,2025-09-27 12:14:07+00:00
35,90,58,0.0,90,2025-09-27 12:14:08+00:00
23,84,58,0.0,84,2025-09-27 12:14:09+00:00
21,81,58,0.0,81,2025-09-27 12:14:10+00:00
15,79,58,0.0,79,2025-09-27 12:14:11+00:00
25,80,58,0.0,80,2025-09-27 12:14:13+00:00
33,81,58,0.0,81,2025-09-27 12:14:17+00:00
54,80,58,0.0,80,2025-09-27 12:14:23+00:00
60,79,58,0.0,79,2025-09-27 12:14:24+00:00
60,76,58,0.0,76,2025-09-27 12:14:25+00:00
61,73,58,0.0,73,2025-09-27 12:14:26+00:00
61,73,58,0.0,73,2025-09-27 12:14:27+00:00
76,74,58,0.0,74,2025-09-27 12:14:29+00:00
78,75,58,0.0,75,2025-09-27 12:14:30+00:00
60,82,58,0.0,82,2025-09-27 12:14:31+00:00
43,90,58,0.0,90,2025-09-27 12:14:32+00:00
5,102,58,0.0,102,2025-09-27 12:14:33+00:00
3,103,58,0.0,103,2025-09-27 12:14:34+00:00
2,104,58,0.0,104,2025-09-27 12:14:35+00:00
1,103,58,0.0,103,2025-09-27 12:14:36+00:00
1,102,58,0.0,102,2025-09-27 12:14:37+00:00
1,101,58,0.0,101,2025-09-27 12:14:38+00:00
0,100,58,0.0,100,2025-09-27 12:14:41+00:00
0,98,58,0.0,98,2025-09-27 12:14:43+00:00
1,96,58,0.0,96,2025-09-27 12:14:44+00:00
6,94,58,0.0,94,2025-09-27 12:14:46+00:00
1,91,58,0.0,91,2025-09-27 12:14:47+00:00
4,89,58,0.0,89,2025-09-27 12:14:48+00:00
16,88,58,0.0,88,2025-09-27 12:14:51+00:00
16,86,58,0.0,86,2025-09-27 12:14:52+00:00
16,85,58,0.0,85,2025-09-27 12:14:53+00:00
24,86,58,0.0,86,2025-09-27 12:14:54+00:00
22,88,58,0.0,88,2025-09-27 12:14:55+00:00
8,91,58,0.0,91,2025-09-27 12:14:56+00:00
5,93,58,0.0,93,2025-09-27 12:14:57+00:00
15,92,58,0.0,92,2025-09-27 12:14:59+00:00
9,93,58,0.0,93,2025-09-27 12:15:04+00:00
27,92,58,0.0,92,2025-09-27 12:15:08+00:00
24,91,58,0.0,91,2025-09-27 12:15:10+00:00
22,90,58,0.0,90,2025-09-27 12:15:11+00:00
34,91,58,0.0,91,2025-09-27 12:15:13+00:00
54,92,58,0.0,92,2025-09-27 12:15:17+00:00
50,94,58,0.0,94,2025-09-27 12:15:19+00:00
49,96,58,0.0,96,2025-09-27 12:15:20+00:00
26,104,58,0.0,104,2025-09-27 12:15:21+00:00
10,109,58,0.0,109,2025-09-27 12:15:22+00:00
5,110,58,0.0,110,2025-09-27 12:15:23+00:00
1,109,58,0.0,109,2025-09-27 12:15:25+00:00
0,108,58,0.0,108,2025-09-27 12:15:27+00:00
0,109,58,0.0,109,2025-09-27 12:15:29+00:00
0,108,58,0.0,108,2025-09-27 12:15:39+00:00
0,109,58,0.0,109,2025-09-27 12:15:40+00:00
0,109,58,0.0,109,2025-09-27 12:15:41+00:00
0,108,58,0.0,108,2025-09-27 12:15:42+00:00
0,109,58,0.0,109,2025-09-27 12:15:43+00:00
0,110,58,0.0,110,2025-09-27 12:15:47+00:00
5,109,58,0.0,109,2025-09-27 12:15:49+00:00
4,110,58,0.0,110,2025-09-27 12:15:51+00:00
19,109,58,0.0,109,2025-09-27 12:15:53+00:00
18,110,58,0.0,110,2025-09-27 12:15:55+00:00
22,106,58,0.0,106,2025-09-27 12:15:56+00:00
22,100,58,0.0,100,2025-09-27 12:15:57+00:00
21,94,58,0.0,94,2025-09-27 12:15:58+00:00
18,90,58,0.0,90,2025-09-27 12:15:59+00:00
18,90,58,0.0,90,2025-09-27 12:16:00+00:00
14,88,58,0.0,88,2025-09-27 12:16:01+00:00
9,85,58,0.0,85,2025-09-27 12:16:02+00:00
9,85,58,0.0,85,2025-09-27 12:16:03+00:00
9,84,58,0.0,84,2025-09-27 12:16:04+00:00
8,83,58,0.0,83,2025-09-27 12:16:08+00:00
3,82,58,0.0,82,2025-09-27 12:16:10+00:00
8,81,58,0.0,81,2025-09-27 12:16:12+00:00
5,82,58,0.0,82,2025-09-27 12:16:13+00:00
4,83,58,0.0,83,2025-09-27 12:16:18+00:00
7,82,58,0.0,82,2025-09-27 12:16:21+00:00
4,81,58,0.0,81,2025-09-27 12:16:27+00:00
3,82,58,0.0,82,2025-09-27 12:16:30+00:00
2,83,58,0.0,83,2025-09-27 12:16:31+00:00
7,84,58,0.0,84,2025-09-27 12:16:33+00:00
8,85,58,0.0,85,2025-09-27 12:16:34+00:00
12,86,58,0.0,86,2025-09-27 12:16:35+00:00
5,88,58,0.0,88,2025-09-27 12:16:36+00:00
5,89,58,0.0,89,2025-09-27 12:16:37+00:00
4,92,58,0.0,92,2025-09-27 12:16:38+00:00
5,94,58,0.0,94,2025-09-27 12:16:39+00:00
6,95,58,0.0,95,2025-09-27 12:16:40+00:00
17,96,58,0.0,96,2025-09-27 12:16:43+00:00
9,97,58,0.0,97,2025-09-27 12:16:44+00:00
8,99,58,0.0,99,2025-09-27 12:16:45+00:00
7,101,58,0.0,101,2025-09-27 12:16:46+00:00
6,102,58,0.0,102,2025-09-27 12:16:47+00:00
5,103,58,0.0,103,2025-09-27 12:16:48+00:00
5,104,58,0.0,104,2025-09-27 12:16:51+00:00
2,105,58,0.0,105,2025-09-27 12:16:53+00:00
1,106,58,0.0,106,2025-09-27 12:16:55+00:00
2,107,58,0.0,107,2025-09-27 12:16:59+00:00
1,108,58,0.0,108,2025-09-27 12:17:01+00:00
1,108,58,0.0,108,2025-09-27 12:17:02+00:00
0,109,58,0.0,109,2025-09-27 12:17:05+00:00
0,108,58,0.0,108,2025-09-27 12:17:06+00:00
0,109,58,0.0,109,2025-09-27 12:17:07+00:00
1,108,58,0.0,108,2025-09-27 12:17:08+00:00
2,109,58,0.0,109,2025-09-27 12:17:10+00:00
9,108,58,0.0,108,2025-09-27 12:17:11+00:00
8,109,58,0.0,109,2025-09-27 12:17:13+00:00
43,108,58,0.0,108,2025-09-27 12:17:19+00:00
35,107,58,0.0,107,2025-09-27 12:17:20+00:00
15,104,58,0.0,104,2025-09-27 12:17:22+00:00
4,105,58,0.0,105,2025-09-27 12:17:23+00:00
2,106,58,0.0,106,2025-09-27 12:17:24+00:00
2,105,58,0.0,105,2025-09-27 12:17:25+00:00
5,104,58,0.0,104,2025-09-27 12:17:26+00:00
4,105,58,0.0,105,2025-09-27 12:17:28+00:00
20,104,58,0.0,104,2025-09-27 12:17:30+00:00
30,102,58,0.0,102,2025-09-27 12:17:32+00:00
31,99,58,0.0,99,2025-09-27 12:17:33+00:00
35,98,58,0.0,98,2025-09-27 12:17:34+00:00
14,102,58,0.0,102,2025-09-27 12:17:35+00:00
4,103,58,0.0,103,2025-09-27 12:17:36+00:00
3,104,58,0.0,104,2025-09-27 12:17:38+00:00
28,103,58,0.0,103,2025-09-27 12:17:43+00:00
34,104,58,0.0,104,2025-09-27 12:17:44+00:00
37,105,58,0.0,105,2025-09-27 12:17:45+00:00
22,109,58,0.0,109,2025-09-27 12:17:46+00:00
26,110,58,0.0,110,2025-09-27 12:17:47+00:00
26,110,58,0.0,110,2025-09-27 12:17:49+00:00
40,112,58,0.0,112,2025-09-27 12:17:51+00:00
25,113,58,0.0,113,2025-09-27 12:17:52+00:00
34,112,58,0.0,112,2025-09-27 12:17:54+00:00
25,109,58,0.0,109,2025-09-27 12:17:55+00:00
8,106,58,0.0,106,2025-09-27 12:17:56+00:00
3,104,58,0.0,104,2025-09-27 12:17:57+00:00
4,101,58,0.0,101,2025-09-27 12:17:59+00:00
2,99,58,0.0,99,2025-09-27 12:18:00+00:00
2,98,58,0.0,98,2025-09-27 12:18:01+00:00
1,99,58,0.0,99,2025-09-27 12:18:03+00:00
2,101,58,0.0,101,2025-09-27 12:18:05+00:00
1,104,58,0.0,104,2025-09-27 12:18:06+00:00
0,106,58,0.0,106,2025-09-27 12:18:07+00:00
0,108,58,0.0,108,2025-09-27 12:18:08+00:00
0,109,58,0.0,109,2025-09-27 12:18:09+00:00
0,110,58,0.0,110,2025-09-27 12:18:10+00:00
0,111,58,0.0,111,2025-09-27 12:18:11+00:00
0,112,58,0.0,112,2025-09-27 12:18:13+00:00
0,111,58,0.0,111,2025-09-27 12:18:14+00:00
1,112,58,0.0,112,2025-09-27 12:18:17+00:00
1,113,58,0.0,113,2025-09-27 12:18:19+00:00
1,114,58,0.0,114,2025-09-27 12:18:22+00:00
1,114,58,0.0,114,2025-09-27 12:18:23+00:00
1,115,58,0.0,115,2025-09-27 12:18:25+00:00
1,116,58,0.0,116,2025-09-27 12:18:28+00:00
2,115,58,0.0,115,2025-09-27 12:18:33+00:00
22,114,58,0.0,114,2025-09-27 12:18:38+00:00
19,115,58,0.0,115,2025-09-27 12:18:39+00:00
27,114,58,0.0,114,2025-09-27 12:18:40+00:00
34,116,58,0.0,116,2025-09-27 12:18:42+00:00
30,110,58,0.0,110,2025-09-27 12:18:43+00:00
11,95,58,0.0,95,2025-09-27 12:18:44+00:00
6,90,58,0.0,90,2025-09-27 12:18:45+00:00
6,89,58,0.0,89,2025-09-27 12:18:46+00:00
9,88,58,0.0,88,2025-09-27 12:18:47+00:00
5,86,58,0.0,86,2025-09-27 12:18:48+00:00
17,85,58,0.0,85,2025-09-27 12:18:52+00:00
22,87,58,0.0,87,2025-09-27 12:18:53+00:00
19,88,58,0.0,88,2025-09-27 12:18:54+00:00
5,86,58,0.0,86,2025-09-27 12:18:55+00:00
3,85,58,0.0,85,2025-09-27 12:18:59+00:00
3,86,58,0.0,86,2025-09-27 12:19:00+00:00
4,85,58,0.0,85,2025-09-27 12:19:02+00:00
8,86,58,0.0,86,2025-09-27 12:19:03+00:00
10,87,58,0.0,87,2025-09-27 12:19:05+00:00
17,90,58,0.0,90,2025-09-27 12:19:06+00:00
16,88,58,0.0,88,2025-09-27 12:19:08+00:00
8,86,58,0.0,86,2025-09-27 12:19:09+00:00
13,85,58,0.0,85,2025-09-27 12:19:13+00:00
20,86,58,0.0,86,2025-09-27 12:19:14+00:00
23,87,58,0.0,87,2025-09-27 12:19:15+00:00
26,88,58,0.0,88,2025-09-27 12:19:16+00:00
17,90,58,0.0,90,2025-09-27 12:19:17+00:00
24,91,58,0.0,91,2025-09-27 12:19:18+00:00
15,93,58,0.0,93,2025-09-27 12:19:20+00:00
16,94,58,0.0,94,2025-09-27 12:19:21+00:00
19,95,58,0.0,95,2025-09-27 12:19:22+00:00
13,97,58,0.0,97,2025-09-27 12:19:23+00:00
11,100,58,0.0,100,2025-09-27 12:19:24+00:00
10,102,58,0.0,102,2025-09-27 12:19:25+00:00
11,104,58,0.0,104,2025-09-27 12:19:26+00:00
4,110,58,0.0,110,2025-09-27 12:19:27+00:00
1,112,58,0.0,112,2025-09-27 12:19:28+00:00
1,113,58,0.0,113,2025-09-27 12:19:29+00:00
0,114,58,0.0,114,2025-09-27 12:19:36+00:00
0,115,58,0.0,115,2025-09-27 12:19:38+00:00
0,116,58,0.0,116,2025-09-27 12:19:40+00:00
0,117,58,0.0,117,2025-09-27 12:19:41+00:00
0,120,58,0.0,120,2025-09-27 12:19:42+00:00
0,121,58,0.0,121,2025-09-27 12:19:43+00:00
0,120,58,0.0,120,2025-09-27 12:19:48+00:00
0,120,58,0.0,120,2025-09-27 12:19:50+00:00
10,119,58,0.0,119,2025-09-27 12:19:54+00:00
10,116,58,0.0,116,2025-09-27 12:19:56+00:00
9,114,58,0.0,114,2025-09-27 12:19:57+00:00
16,115,58,0.0,115,2025-09-27 12:19:59+00:00
14,114,57,0.0,114,2025-09-27 12:20:00+00:00
8,110,57,0.0,110,2025-09-27 12:20:02+00:00
4,107,57,0.0,107,2025-09-27 12:20:03+00:00
10,106,57,0.0,106,2025-09-27 12:20:04+00:00
3,105,57,0.0,105,2025-09-27 12:20:05+00:00
4,104,57,0.0,104,2025-09-27 12:20:06+00:00
34,103,57,0.0,103,2025-09-27 12:20:10+00:00
40,104,57,0.0,104,2025-09-27 12:20:11+00:00
48,105,57,0.0,105,2025-09-27 12:20:13+00:00
54,106,57,0.0,106,2025-09-27 12:20:14+00:00
53,115,57,0.0,115,2025-09-27 12:20:15+00:00
31,139,57,0.0,139,2025-09-27 12:20:16+00:00
20,152,57,0.0,152,2025-09-27 12:20:17+00:00
24,154,57,0.0,154,2025-09-27 12:20:18+00:00
28,155,57,0.0,155,2025-09-27 12:20:19+00:00
16,161,57,0.0,161,2025-09-27 12:20:20+00:00
11,164,57,0.0,164,2025-09-27 12:20:21+00:00
6,166,57,0.0,166,2025-09-27 12:20:22+00:00
11,165,57,0.0,165,2025-09-27 12:20:27+00:00
28,164,57,0.0,164,2025-09-27 12:20:30+00:00
33,163,57,0.0,163,2025-09-27 12:20:31+00:00
40,162,57,0.0,162,2025-09-27 12:20:32+00:00
62,161,57,0.0,161,2025-09-27 12:20:35+00:00
89,160,57,0.0,160,2025-09-27 12:20:39+00:00
111,159,57,0.0,159,2025-09-27 12:20:42+00:00
116,158,57,0.0,158,2025-09-27 12:20:43+00:00
127,157,57,0.0,157,2025-09-27 12:20:46+00:00
126,158,57,0.0,158,2025-09-27 12:20:47+00:00
147,157,57,0.0,157,2025-09-27 12:20:52+00:00
149,156,57,0.0,156,2025-09-27 12:20:53+00:00
153,154,57,0.0,154,2025-09-27 12:20:54+00:00
153,151,57,0.0,151,2025-09-27 12:20:55+00:00
151,147,57,0.0,147,2025-09-27 12:20:56+00:00
151,145,57,0.0,145,2025-09-27 12:20:57+00:00
132,135,57,0.0,135,2025-09-27 12:20:58+00:00
94,120,57,0.0,120,2025-09-27 12:20:59+00:00
63,108,57,0.0,108,2025-09-27 12:21:00+00:00
25,96,57,0.0,96,2025-09-27 12:21:01+00:00
10,92,57,0.0,92,2025-09-27 12:21:02+00:00
15,91,57,0.0,91,2025-09-27 12:21:03+00:00
49,92,57,0.0,92,2025-09-27 12:21:09+00:00
55,93,57,0.0,93,2025-09-27 12:21:10+00:00
57,95,57,0.0,95,2025-09-27 12:21:11+00:00
61,96,57,0.0,96,2025-09-27 12:21:12+00:00
51,102,57,0.0,102,2025-09-27 12:21:14+00:00
33,106,57,0.0,106,2025-09-27 12:21:15+00:00
39,107,57,0.0,107,2025-09-27 12:21:16+00:00
44,110,57,0.0,110,2025-09-27 12:21:17+00:00
44,114,57,0.0,114,2025-09-27 12:21:18+00:00
47,116,57,0.0,116,2025-09-27 12:21:19+00:00
51,118,57,0.0,118,2025-09-27 12:21:20+00:00
56,119,57,0.0,119,2025-09-27 12:21:21+00:00
59,120,57,0.0,120,2025-09-27 12:21:22+00:00
68,116,57,0.0,116,2025-09-27 12:21:25+00:00
61,111,57,0.0,111,2025-09-27 12:21:26+00:00
47,105,57,0.0,105,2025-09-27 12:21:27+00:00
34,101,57,0.0,101,2025-09-27 12:21:28+00:00
20,98,57,0.0,98,2025-09-27 12:21:29+00:00
8,97,57,0.0,97,2025-09-27 12:21:30+00:00
2,96,57,0.0,96,2025-09-27 12:21:31+00:00
1,95,57,0.0,95,2025-09-27 12:21:35+00:00
3,94,57,0.0,94,2025-09-27 12:21:37+00:00
1,93,57,0.0,93,2025-09-27 12:21:40+00:00
4,92,57,0.0,92,2025-09-27 12:21:46+00:00
2,91,57,0.0,91,2025-09-27 12:21:50+00:00
6,90,57,0.0,90,2025-09-27 12:21:51+00:00
12,89,57,0.0,89,2025-09-27 12:21:53+00:00
8,90,57,0.0,90,2025-09-27 12:21:56+00:00
11,89,57,0.0,89,2025-09-27 12:21:57+00:00
36,88,57,0.0,88,2025-09-27 12:22:01+00:00
30,87,57,0.0,87,2025-09-27 12:22:03+00:00
28,86,57,0.0,86,2025-09-27 12:22:04+00:00
33,87,57,0.0,87,2025-09-27 12:22:05+00:00
39,89,57,0.0,89,2025-09-27 12:22:06+00:00
46,90,57,0.0,90,2025-09-27 12:22:07+00:00
50,91,57,0.0,91,2025-09-27 12:22:08+00:00
41,95,57,0.0,95,2025-09-27 12:22:09+00:00
4,106,57,0.0,106,2025-09-27 12:22:10+00:00
1,108,57,0.0,108,2025-09-27 12:22:11+00:00
0,107,57,0.0,107,2025-09-27 12:22:12+00:00
2,108,57,0.0,108,2025-09-27 12:22:18+00:00
1,109,57,0.0,109,2025-09-27 12:22:23+00:00
1,110,57,0.0,110,2025-09-27 12:22:25+00:00
0,111,57,0.0,111,2025-09-27 12:22:26+00:00
1,112,57,0.0,112,2025-09-27 12:22:27+00:00
1,111,57,0.0,111,2025-09-27 12:22:30+00:00
1,112,57,0.0,112,2025-09-27 12:22:32+00:00
4,113,57,0.0,113,2025-09-27 12:22:34+00:00
10,114,57,0.0,114,2025-09-27 12:22:37+00:00
6,113,57,0.0,113,2025-09-27 12:22:38+00:00
6,114,57,0.0,114,2025-09-27 12:22:42+00:00
4,113,57,0.0,113,2025-09-27 12:22:43+00:00
3,112,57,0.0,112,2025-09-27 12:22:46+00:00
2,113,57,0.0,113,2025-09-27 12:22:47+00:00
2,112,57,0.0,112,2025-09-27 12:22:51+00:00
1,111,57,0.0,111,2025-09-27 12:22:54+00:00
1,110,57,0.0,110,2025-09-27 12:22:55+00:00
1,109,57,0.0,109,2025-09-27 12:22:57+00:00
1,108,57,0.0,108,2025-09-27 12:22:59+00:00
5,107,57,0.0,107,2025-09-27 12:23:00+00:00
14,103,57,0.0,103,2025-09-27 12:23:02+00:00
18,102,57,0.0,102,2025-09-27 12:23:03+00:00
20,100,57,0.0,100,2025-09-27 12:23:04+00:00
21,98,57,0.0,98,2025-09-27 12:23:05+00:00
23,97,57,0.0,97,2025-09-27 12:23:06+00:00
27,98,57,0.0,98,2025-09-27 12:23:07+00:00
26,99,57,0.0,99,2025-09-27 12:23:09+00:00
14,100,57,0.0,100,2025-09-27 12:23:10+00:00
2,101,57,0.0,101,2025-09-27 12:23:12+00:00
2,102,57,0.0,102,2025-09-27 12:23:13+00:00
4,108,57,0.0,108,2025-09-27 12:23:14+00:00
1,111,57,0.0,111,2025-09-27 12:23:15+00:00
1,111,57,0.0,111,2025-09-27 12:23:16+00:00
2,110,57,0.0,110,2025-09-27 12:23:20+00:00
1,111,57,0.0,111,2025-09-27 12:23:22+00:00
0,112,57,0.0,112,2025-09-27 12:23:25+00:00
1,111,57,0.0,111,2025-09-27 12:23:26+00:00
1,112,57,0.0,112,2025-09-27 12:23:31+00:00
1,111,57,0.0,111,2025-09-27 12:23:32+00:00
1,110,57,0.0,110,2025-09-27 12:23:35+00:00
0,111,57,0.0,111,2025-09-27 12:23:39+00:00
0,110,57,0.0,110,2025-09-27 12:23:43+00:00
5,109,57,0.0,109,2025-09-27 12:23:44+00:00
8,106,57,0.0,106,2025-09-27 12:23:45+00:00
14,105,57,0.0,105,2025-09-27 12:23:46+00:00
14,102,57,0.0,102,2025-09-27 12:23:47+00:00
3,95,57,0.0,95,2025-09-27 12:23:48+00:00
4,94,57,0.0,94,2025-09-27 12:23:49+00:00
4,92,57,0.0,92,2025-09-27 12:23:50+00:00
4,91,57,0.0,91,2025-09-27 12:23:51+00:00
1,89,57,0.0,89,2025-09-27 12:23:52+00:00
1,87,57,0.0,87,2025-09-27 12:23:53+00:00
1,86,57,0.0,86,2025-09-27 12:24:02+00:00
0,82,57,0.0,82,2025-09-27 12:24:05+00:00
0,81,57,0.0,81,2025-09-27 12:24:06+00:00
0,80,57,0.0,80,2025-09-27 12:24:07+00:00
0,79,57,0.0,79,2025-09-27 12:24:09+00:00
0,78,57,0.0,78,2025-09-27 12:24:10+00:00
0,79,57,0.0,79,2025-09-27 12:24:16+00:00
0,78,57,0.0,78,2025-09-27 12:24:17+00:00
1,77,57,0.0,77,2025-09-27 12:24:21+00:00
1,78,57,0.0,78,2025-09-27 12:24:24+00:00
2,77,57,0.0,77,2025-09-27 12:24:29+00:00
3,75,57,0.0,75,2025-09-27 12:24:31+00:00
3,75,57,0.0,75,2025-09-27 12:24:33+00:00
29,76,57,0.0,76,2025-09-27 12:24:35+00:00
31,78,57,0.0,78,2025-09-27 12:24:36+00:00
28,81,57,0.0,81,2025-09-27 12:24:37+00:00
20,87,57,0.0,87,2025-09-27 12:24:38+00:00
8,95,57,0.0,95,2025-09-27 12:24:39+00:00
7,96,57,0.0,96,2025-09-27 12:24:40+00:00
27,90,57,0.0,90,2025-09-27 12:24:46+00:00
23,86,57,0.0,86,2025-09-27 12:24:47+00:00
28,85,57,0.0,85,2025-09-27 12:24:48+00:00
35,84,57,0.0,84,2025-09-27 12:24:49+00:00
38,85,57,0.0,85,2025-09-27 12:24:50+00:00
36,86,57,0.0,86,2025-09-27 12:24:51+00:00
40,87,57,0.0,87,2025-09-27 12:24:52+00:00
45,89,57,0.0,89,2025-09-27 12:24:53+00:00
49,90,57,0.0,90,2025-09-27 12:24:54+00:00
51,88,57,0.0,88,2025-09-27 12:24:55+00:00
51,90,57,0.0,90,2025-09-27 12:24:56+00:00
28,101,57,0.0,101,2025-09-27 12:24:57+00:00
8,109,57,0.0,109,2025-09-27 12:24:58+00:00
4,110,57,0.0,110,2025-09-27 12:24:59+00:00
2,111,57,0.0,111,2025-09-27 12:25:00+00:00
0,112,57,0.0,112,2025-09-27 12:25:04+00:00
0,113,57,0.0,113,2025-09-27 12:25:10+00:00
0,114,57,0.0,114,2025-09-27 12:25:14+00:00
9,115,57,0.0,115,2025-09-27 12:25:17+00:00
8,116,57,0.0,116,2025-09-27 12:25:18+00:00
7,117,57,0.0,117,2025-09-27 12:25:20+00:00
7,118,57,0.0,118,2025-09-27 12:25:21+00:00
6,119,57,0.0,119,2025-09-27 12:25:22+00:00
1,121,57,0.0,121,2025-09-27 12:25:23+00:00
2,120,57,0.0,120,2025-09-27 12:25:25+00:00
3,121,57,0.0,121,2025-09-27 12:25:27+00:00
11,114,57,0.0,114,2025-09-27 12:25:32+00:00
10,109,57,0.0,109,2025-09-27 12:25:33+00:00
8,106,57,0.0,106,2025-09-27 12:25:34+00:00
8,106,57,0.0,106,2025-09-27 12:25:35+00:00
17,107,57,0.0,107,2025-09-27 12:25:37+00:00
15,113,57,0.0,113,2025-09-27 12:25:38+00:00
7,121,57,0.0,121,2025-09-27 12:25:39+00:00
3,123,57,0.0,123,2025-09-27 12:25:40+00:00
1,124,57,0.0,124,2025-09-27 12:25:41+00:00
1,125,57,0.0,125,2025-09-27 12:25:42+00:00
2,126,57,0.0,126,2025-09-27 12:25:47+00:00
1,125,57,0.0,125,2025-09-27 12:25:53+00:00
0,124,57,0.0,124,2025-09-27 12:25:57+00:00
0,123,57,0.0,123,2025-09-27 12:25:58+00:00
0,122,57,0.0,122,2025-09-27 12:25:59+00:00
0,121,57,0.0,121,2025-09-27 12:26:01+00:00
0,119,57,0.0,119,2025-09-27 12:26:02+00:00
0,119,57,0.0,119,2025-09-27 12:26:04+00:00
2,118,57,0.0,118,2025-09-27 12:26:05+00:00
6,117,57,0.0,117,2025-09-27 12:26:06+00:00
3,119,57,0.0,119,2025-09-27 12:26:07+00:00
8,118,57,0.0,118,2025-09-27 12:26:08+00:00
17,112,57,0.0,112,2025-09-27 12:26:11+00:00
11,105,57,0.0,105,2025-09-27 12:26:12+00:00
7,102,57,0.0,102,2025-09-27 12:26:13+00:00
5,101,57,0.0,101,2025-09-27 12:26:14+00:00
10,102,57,0.0,102,2025-09-27 12:26:17+00:00
15,101,57,0.0,101,2025-09-27 12:26:19+00:00
14,97,57,0.0,97,2025-09-27 12:26:20+00:00
13,94,57,0.0,94,2025-09-27 12:26:21+00:00
12,91,57,0.0,91,2025-09-27 12:26:22+00:00
11,89,57,0.0,89,2025-09-27 12:26:23+00:00
9,88,57,0.0,88,2025-09-27 12:26:24+00:00
5,87,57,0.0,87,2025-09-27 12:26:25+00:00
2,88,57,0.0,88,2025-09-27 12:26:27+00:00
1,89,57,0.0,89,2025-09-27 12:26:31+00:00
1,90,57,0.0,90,2025-09-27 12:26:37+00:00
2,89,57,0.0,89,2025-09-27 12:26:39+00:00
18,90,57,0.0,90,2025-09-27 12:26:41+00:00
25,94,57,0.0,94,2025-09-27 12:26:42+00:00
21,108,57,0.0,108,2025-09-27 12:26:43+00:00
10,123,57,0.0,123,2025-09-27 12:26:44+00:00
14,125,57,0.0,125,2025-09-27 12:26:45+00:00
7,130,57,0.0,130,2025-09-27 12:26:46+00:00
7,130,57,0.0,130,2025-09-27 12:26:47+00:00
15,129,57,0.0,129,2025-09-27 12:26:48+00:00
9,99,57,0.0,99,2025-09-27 12:26:49+00:00
3,86,57,0.0,86,2025-09-27 12:26:50+00:00
3,86,57,0.0,86,2025-09-27 12:26:51+00:00
2,91,57,0.0,91,2025-09-27 12:26:53+00:00
1,92,57,0.0,92,2025-09-27 12:26:54+00:00
6,91,57,0.0,91,2025-09-27 12:26:56+00:00
13,90,57,0.0,90,2025-09-27 12:26:58+00:00
29,91,57,0.0,91,2025-09-27 12:27:02+00:00
47,92,57,0.0,92,2025-09-27 12:27:07+00:00
49,94,57,0.0,94,2025-09-27 12:27:08+00:00
46,93,57,0.0,93,2025-09-27 12:27:09+00:00
15,88,57,0.0,88,2025-09-27 12:27:10+00:00
8,85,57,0.0,85,2025-09-27 12:27:11+00:00
8,85,57,0.0,85,2025-09-27 12:27:12+00:00
3,84,57,0.0,84,2025-09-27 12:27:14+00:00
8,85,57,0.0,85,2025-09-27 12:27:15+00:00
20,84,57,0.0,84,2025-09-27 12:27:17+00:00
23,85,57,0.0,85,2025-09-27 12:27:18+00:00
26,86,57,0.0,86,2025-09-27 12:27:19+00:00
30,87,57,0.0,87,2025-09-27 12:27:20+00:00
32,89,57,0.0,89,2025-09-27 12:27:21+00:00
34,92,57,0.0,92,2025-09-27 12:27:22+00:00
37,93,57,0.0,93,2025-09-27 12:27:23+00:00
44,94,57,0.0,94,2025-09-27 12:27:24+00:00
49,96,57,0.0,96,2025-09-27 12:27:25+00:00
56,97,57,0.0,97,2025-09-27 12:27:27+00:00
59,98,57,0.0,98,2025-09-27 12:27:28+00:00
46,101,57,0.0,101,2025-09-27 12:27:29+00:00
26,105,57,0.0,105,2025-09-27 12:27:30+00:00
13,107,57,0.0,107,2025-09-27 12:27:31+00:00
12,108,57,0.0,108,2025-09-27 12:27:32+00:00
7,112,57,0.0,112,2025-09-27 12:27:34+00:00
7,113,57,0.0,113,2025-09-27 12:27:35+00:00
6,114,57,0.0,114,2025-09-27 12:27:36+00:00
9,115,57,0.0,115,2025-09-27 12:27:37+00:00
4,116,57,0.0,116,2025-09-27 12:27:39+00:00
4,116,57,0.0,116,2025-09-27 12:27:48+00:00
5,115,57,0.0,115,2025-09-27 12:27:52+00:00
9,114,57,0.0,114,2025-09-27 12:27:53+00:00
19,112,57,0.0,112,2025-09-27 12:27:55+00:00
21,109,57,0.0,109,2025-09-27 12:27:56+00:00
23,107,57,0.0,107,2025-09-27 12:27:57+00:00
24,105,57,0.0,105,2025-09-27 12:27:58+00:00
30,106,57,0.0,106,2025-09-27 12:28:00+00:00
27,108,57,0.0,108,2025-09-27 12:28:01+00:00
28,109,57,0.0,109,2025-09-27 12:28:02+00:00
20,111,57,0.0,111,2025-09-27 12:28:03+00:00
12,112,57,0.0,112,2025-09-27 12:28:04+00:00
1,114,57,0.0,114,2025-09-27 12:28:05+00:00
1,115,57,0.0,115,2025-09-27 12:28:06+00:00
0,117,57,0.0,117,2025-09-27 12:28:07+00:00
0,118,57,0.0,118,2025-09-27 12:28:08+00:00
0,119,57,0.0,119,2025-09-27 12:28:09+00:00
0,120,57,0.0,120,2025-09-27 12:28:10+00:00
0,119,57,0.0,119,2025-09-27 12:28:12+00:00
0,120,57,0.0,120,2025-09-27 12:28:13+00:00
0,121,57,0.0,121,2025-09-27 12:28:16+00:00
0,120,57,0.0,120,2025-09-27 12:28:20+00:00
1,121,57,0.0,121,2025-09-27 12:28:21+00:00
1,120,57,0.0,120,2025-09-27 12:28:22+00:00
1,121,57,0.0,121,2025-09-27 12:28:26+00:00
1,120,57,0.0,120,2025-09-27 12:28:28+00:00
1,119,57,0.0,119,2025-09-27 12:28:31+00:00
0,118,57,0.0,118,2025-09-27 12:28:35+00:00
3,117,57,0.0,117,2025-09-27 12:28:37+00:00
11,118,57,0.0,118,2025-09-27 12:28:40+00:00
14,115,57,0.0,115,2025-09-27 12:28:41+00:00
11,104,57,0.0,104,2025-09-27 12:28:42+00:00
7,99,57,0.0,99,2025-09-27 12:28:43+00:00
5,98,57,0.0,98,2025-09-27 12:28:44+00:00
2,97,57,0.0,97,2025-09-27 12:28:45+00:00
3,96,57,0.0,96,2025-09-27 12:28:47+00:00
2,95,57,0.0,95,2025-09-27 12:28:48+00:00
2,93,57,0.0,93,2025-09-27 12:28:49+00:00
4,92,57,0.0,92,2025-09-27 12:28:50+00:00
4,91,57,0.0,91,2025-09-27 12:28:51+00:00
2,90,57,0.0,90,2025-09-27 12:28:52+00:00
2,91,57,0.0,91,2025-09-27 12:28:56+00:00
2,90,57,0.0,90,2025-09-27 12:28:57+00:00
10,93,57,0.0,93,2025-09-27 12:29:00+00:00
4,90,57,0.0,90,2025-09-27 12:29:01+00:00
4,89,57,0.0,89,2025-09-27 12:29:07+00:00
5,90,57,0.0,90,2025-09-27 12:29:08+00:00
10,91,57,0.0,91,2025-09-27 12:29:09+00:00
13,96,57,0.0,96,2025-09-27 12:29:10+00:00
17,103,57,0.0,103,2025-09-27 12:29:11+00:00
23,105,57,0.0,105,2025-09-27 12:29:12+00:00
24,100,57,0.0,100,2025-09-27 12:29:13+00:00
23,105,57,0.0,105,2025-09-27 12:29:14+00:00
21,110,57,0.0,110,2025-09-27 12:29:15+00:00
28,108,57,0.0,108,2025-09-27 12:29:16+00:00
26,99,57,0.0,99,2025-09-27 12:29:17+00:00
20,90,57,0.0,90,2025-09-27 12:29:18+00:00
16,85,57,0.0,85,2025-09-27 12:29:19+00:00
10,82,57,0.0,82,2025-09-27 12:29:20+00:00
7,81,57,0.0,81,2025-09-27 12:29:21+00:00
6,82,57,0.0,82,2025-09-27 12:29:22+00:00
13,83,57,0.0,83,2025-09-27 12:29:24+00:00
13,83,57,0.0,83,2025-09-27 12:29:29+00:00
36,84,57,0.0,84,2025-09-27 12:29:32+00:00
42,85,57,0.0,85,2025-09-27 12:29:33+00:00
37,86,57,0.0,86,2025-09-27 12:29:35+00:00
5,88,57,0.0,88,2025-09-27 12:29:37+00:00
2,87,57,0.0,87,2025-09-27 12:29:38+00:00
2,86,57,0.0,86,2025-09-27 12:29:39+00:00
20,85,57,0.0,85,2025-09-27 12:29:42+00:00
4,84,57,0.0,84,2025-09-27 12:29:44+00:00
14,85,57,0.0,85,2025-09-27 12:29:46+00:00
6,88,57,0.0,88,2025-09-27 12:29:47+00:00
16,89,57,0.0,89,2025-09-27 12:29:49+00:00
21,90,57,0.0,90,2025-09-27 12:29:50+00:00
25,93,57,0.0,93,2025-09-27 12:29:51+00:00
22,100,57,0.0,100,2025-09-27 12:29:52+00:00
5,114,57,0.0,114,2025-09-27 12:29:53+00:00
3,116,57,0.0,116,2025-09-27 12:29:54+00:00
6,117,57,0.0,117,2025-09-27 12:29:57+00:00
7,116,57,0.0,116,2025-09-27 12:29:58+00:00
10,115,57,0.0,115,2025-09-27 12:30:00+00:00
26,116,57,0.0,116,2025-09-27 12:30:05+00:00
32,115,57,0.0,115,2025-09-27 12:30:09+00:00
20,116,57,0.0,116,2025-09-27 12:30:11+00:00
15,117,57,0.0,117,2025-09-27 12:30:15+00:00
13,118,57,0.0,118,2025-09-27 12:30:17+00:00
14,117,57,0.0,117,2025-09-27 12:30:20+00:00
4,113,57,0.0,113,2025-09-27 12:30:21+00:00
2,111,57,0.0,111,2025-09-27 12:30:22+00:00
2,110,57,0.0,110,2025-09-27 12:30:23+00:00
3,111,57,0.0,111,2025-09-27 12:30:26+00:00
14,110,57,0.0,110,2025-09-27 12:30:29+00:00
30,109,57,0.0,109,2025-09-27 12:30:33+00:00
33,110,57,0.0,110,2025-09-27 12:30:34+00:00
27,109,57,0.0,109,2025-09-27 12:30:36+00:00
18,108,57,0.0,108,2025-09-27 12:30:37+00:00
16,107,57,0.0,107,2025-09-27 12:30:38+00:00
10,106,57,0.0,106,2025-09-27 12:30:39+00:00
5,105,57,0.0,105,2025-09-27 12:30:40+00:00
18,106,57,0.0,106,2025-09-27 12:30:43+00:00
9,110,57,0.0,110,2025-09-27 12:30:44+00:00
3,113,57,0.0,113,2025-09-27 12:30:45+00:00
3,113,57,0.0,113,2025-09-27 12:30:46+00:00
12,114,57,0.0,114,2025-09-27 12:30:49+00:00
16,115,57,0.0,115,2025-09-27 12:30:50+00:00
12,117,57,0.0,117,2025-09-27 12:30:51+00:00
4,121,57,0.0,121,2025-09-27 12:30:52+00:00
1,120,57,0.0,120,2025-09-27 12:30:53+00:00
0,119,57,0.0,119,2025-09-27 12:30:54+00:00
0,118,57,0.0,118,2025-09-27 12:30:57+00:00
1,117,57,0.0,117,2025-09-27 12:30:59+00:00
0,118,56,0.0,118,2025-09-27 12:31:00+00:00
0,117,56,0.0,117,2025-09-27 12:31:02+00:00
2,116,56,0.0,116,2025-09-27 12:31:05+00:00
4,115,56,0.0,115,2025-09-27 12:31:07+00:00
2,114,56,0.0,114,2025-09-27 12:31:08+00:00
4,113,56,0.0,113,2025-09-27 12:31:09+00:00
8,112,56,0.0,112,2025-09-27 12:31:10+00:00
6,113,56,0.0,113,2025-09-27 12:31:12+00:00
17,114,56,0.0,114,2025-09-27 12:31:14+00:00
24,113,56,0.0,113,2025-09-27 12:31:15+00:00
32,112,56,0.0,112,2025-09-27 12:31:16+00:00
32,107,56,0.0,107,2025-09-27 12:31:17+00:00
14,96,56,0.0,96,2025-09-27 12:31:18+00:00
8,91,56,0.0,91,2025-09-27 12:31:19+00:00
5,90,56,0.0,90,2025-09-27 12:31:20+00:00
5,89,56,0.0,89,2025-09-27 12:31:21+00:00
3,88,56,0.0,88,2025-09-27 12:31:22+00:00
3,87,56,0.0,87,2025-09-27 12:31:24+00:00
1,86,56,0.0,86,2025-09-27 12:31:26+00:00
1,85,56,0.0,85,2025-09-27 12:31:29+00:00
3,84,56,0.0,84,2025-09-27 12:31:31+00:00
1,83,56,0.0,83,2025-09-27 12:31:34+00:00
10,82,56,0.0,82,2025-09-27 12:31:38+00:00
17,83,56,0.0,83,2025-09-27 12:31:42+00:00
1,84,56,0.0,84,2025-09-27 12:31:43+00:00
0,85,56,0.0,85,2025-09-27 12:31:45+00:00
0,88,56,0.0,88,2025-09-27 12:31:46+00:00
0,89,56,0.0,89,2025-09-27 12:31:47+00:00
0,90,56,0.0,90,2025-09-27 12:31:48+00:00
0,89,56,0.0,89,2025-09-27 12:31:50+00:00
0,88,56,0.0,88,2025-09-27 12:31:53+00:00
1,89,56,0.0,89,2025-09-27 12:31:54+00:00
0,90,56,0.0,90,2025-09-27 12:31:56+00:00
27,89,56,0.0,89,2025-09-27 12:32:04+00:00
36,91,56,0.0,91,2025-09-27 12:32:08+00:00
25,93,56,0.0,93,2025-09-27 12:32:13+00:00
19,94,56,0.0,94,2025-09-27 12:32:14+00:00
18,95,56,0.0,95,2025-09-27 12:32:16+00:00
11,96,56,0.0,96,2025-09-27 12:32:17+00:00
7,97,56,0.0,97,2025-09-27 12:32:18+00:00
6,98,56,0.0,98,2025-09-27 12:32:19+00:00
2,99,56,0.0,99,2025-09-27 12:32:20+00:00
1,100,56,0.0,100,2025-09-27 12:32:22+00:00
17,103,56,0.0,103,2025-09-27 12:32:28+00:00
13,109,56,0.0,109,2025-09-27 12:32:29+00:00
5,114,56,0.0,114,2025-09-27 12:32:30+00:00
3,115,56,0.0,115,2025-09-27 12:32:31+00:00
1,114,56,0.0,114,2025-09-27 12:32:34+00:00
7,115,56,0.0,115,2025-09-27 12:32:37+00:00
5,110,56,0.0,110,2025-09-27 12:32:38+00:00
3,105,56,0.0,105,2025-09-27 12:32:39+00:00
3,105,56,0.0,105,2025-09-27 12:32:40+00:00
13,106,56,0.0,106,2025-09-27 12:32:41+00:00
18,107,56,0.0,107,2025-09-27 12:32:42+00:00
7,106,56,0.0,106,2025-09-27 12:32:43+00:00
4,105,56,0.0,105,2025-09-27 12:32:44+00:00
13,109,56,0.0,109,2025-09-27 12:32:47+00:00
14,108,56,0.0,108,2025-09-27 12:32:48+00:00
9,106,56,0.0,106,2025-09-27 12:32:49+00:00
3,105,56,0.0,105,2025-09-27 12:32:50+00:00
13,104,56,0.0,104,2025-09-27 12:32:53+00:00
8,103,56,0.0,103,2025-09-27 12:32:56+00:00
4,102,56,0.0,102,2025-09-27 12:32:57+00:00
14,103,56,0.0,103,2025-09-27 12:33:00+00:00
11,104,56,0.0,104,2025-09-27 12:33:01+00:00
24,105,56,0.0,105,2025-09-27 12:33:03+00:00
30,106,56,0.0,106,2025-09-27 12:33:04+00:00
26,112,56,0.0,112,2025-09-27 12:33:05+00:00
14,119,56,0.0,119,2025-09-27 12:33:06+00:00
11,122,56,0.0,122,2025-09-27 12:33:07+00:00
11,122,56,0.0,122,2025-09-27 12:33:08+00:00
11,123,56,0.0,123,2025-09-27 12:33:10+00:00
11,123,56,0.0,123,2025-09-27 12:33:17+00:00
37,122,56,0.0,122,2025-09-27 12:33:19+00:00
43,118,56,0.0,118,2025-09-27 12:33:22+00:00
47,116,56,0.0,116,2025-09-27 12:33:23+00:00
49,115,56,0.0,115,2025-09-27 12:33:24+00:00
48,114,56,0.0,114,2025-09-27 12:33:26+00:00
31,110,56,0.0,110,2025-09-27 12:33:27+00:00
13,108,56,0.0,108,2025-09-27 12:33:28+00:00
6,107,56,0.0,107,2025-09-27 12:33:29+00:00
12,106,56,0.0,106,2025-09-27 12:33:34+00:00
10,107,56,0.0,107,2025-09-27 12:33:35+00:00
24,106,56,0.0,106,2025-09-27 12:33:37+00:00
29,101,56,0.0,101,2025-09-27 12:33:39+00:00
29,101,56,0.0,101,2025-09-27 12:33:40+00:00
38,102,56,0.0,102,2025-09-27 12:33:41+00:00
40,103,56,0.0,103,2025-09-27 12:33:46+00:00
45,109,56,0.0,109,2025-09-27 12:33:49+00:00
43,112,56,0.0,112,2025-09-27 12:33:50+00:00
43,112,56,0.0,112,2025-09-27 12:33:51+00:00
51,113,56,0.0,113,2025-09-27 12:33:52+00:00
54,114,56,0.0,114,2025-09-27 12:33:53+00:00
53,111,56,0.0,111,2025-09-27 12:33:55+00:00
31,105,56,0.0,105,2025-09-27 12:33:56+00:00
17,99,56,0.0,99,2025-09-27 12:33:57+00:00
20,98,56,0.0,98,2025-09-27 12:33:58+00:00
8,95,56,0.0,95,2025-09-27 12:33:59+00:00
8,94,56,0.0,94,2025-09-27 12:34:00+00:00
8,94,56,0.0,94,2025-09-27 12:34:02+00:00
3,93,56,0.0,93,2025-09-27 12:34:04+00:00
5,92,56,0.0,92,2025-09-27 12:34:06+00:00
1,90,56,0.0,90,2025-09-27 12:34:07+00:00
3,91,56,0.0,91,2025-09-27 12:34:08+00:00
9,92,56,0.0,92,2025-09-27 12:34:12+00:00
23,93,56,0.0,93,2025-09-27 12:34:14+00:00
31,94,56,0.0,94,2025-09-27 12:34:16+00:00
36,95,56,0.0,95,2025-09-27 12:34:17+00:00
39,96,56,0.0,96,2025-09-27 12:34:18+00:00
35,97,56,0.0,97,2025-09-27 12:34:19+00:00
45,98,56,0.0,98,2025-09-27 12:34:21+00:00
49,99,56,0.0,99,2025-09-27 12:34:22+00:00
52,100,56,0.0,100,2025-09-27 12:34:23+00:00
56,101,56,0.0,101,2025-09-27 12:34:24+00:00
48,100,56,0.0,100,2025-09-27 12:34:26+00:00
42,98,56,0.0,98,2025-09-27 12:34:27+00:00
37,97,56,0.0,97,2025-09-27 12:34:28+00:00
40,96,56,0.0,96,2025-09-27 12:34:29+00:00
41,99,56,0.0,99,2025-09-27 12:34:30+00:00
34,105,56,0.0,105,2025-09-27 12:34:31+00:00
17,112,56,0.0,112,2025-09-27 12:34:32+00:00
9,115,56,0.0,115,2025-09-27 12:34:33+00:00
9,115,56,0.0,115,2025-09-27 12:34:34+00:00
3,116,56,0.0,116,2025-09-27 12:34:35+00:00
3,115,56,0.0,115,2025-09-27 12:34:38+00:00
4,116,56,0.0,116,2025-09-27 12:34:39+00:00
6,115,56,0.0,115,2025-09-27 12:34:40+00:00
4,116,56,0.0,116,2025-09-27 12:34:42+00:00
28,114,56,0.0,114,2025-09-27 12:34:47+00:00
27,112,56,0.0,112,2025-09-27 12:34:48+00:00
30,111,56,0.0,111,2025-09-27 12:34:49+00:00
26,108,56,0.0,108,2025-09-27 12:34:50+00:00
31,107,56,0.0,107,2025-09-27 12:34:51+00:00
40,108,56,0.0,108,2025-09-27 12:34:53+00:00
45,109,56,0.0,109,2025-09-27 12:34:54+00:00
31,110,56,0.0,110,2025-09-27 12:34:57+00:00
23,108,56,0.0,108,2025-09-27 12:34:58+00:00
12,106,56,0.0,106,2025-09-27 12:34:59+00:00
14,104,56,0.0,104,2025-09-27 12:35:01+00:00
14,103,56,0.0,103,2025-09-27 12:35:02+00:00
20,102,56,0.0,102,2025-09-27 12:35:03+00:00
26,103,56,0.0,103,2025-09-27 12:35:04+00:00
23,105,56,0.0,105,2025-09-27 12:35:05+00:00
26,106,56,0.0,106,2025-09-27 12:35:06+00:00
18,109,56,0.0,109,2025-09-27 12:35:08+00:00
16,110,56,0.0,110,2025-09-27 12:35:09+00:00
19,108,56,0.0,108,2025-09-27 12:35:10+00:00
23,105,56,0.0,105,2025-09-27 12:35:11+00:00
25,103,56,0.0,103,2025-09-27 12:35:12+00:00
31,102,56,0.0,102,2025-09-27 12:35:13+00:00
38,101,56,0.0,101,2025-09-27 12:35:14+00:00
44,102,56,0.0,102,2025-09-27 12:35:15+00:00
46,105,56,0.0,105,2025-09-27 12:35:17+00:00
46,106,56,0.0,106,2025-09-27 12:35:18+00:00
43,102,56,0.0,102,2025-09-27 12:35:19+00:00
34,98,56,0.0,98,2025-09-27 12:35:20+00:00
31,95,56,0.0,95,2025-09-27 12:35:21+00:00
13,92,56,0.0,92,2025-09-27 12:35:22+00:00
13,92,56,0.0,92,2025-09-27 12:35:23+00:00
18,91,56,0.0,91,2025-09-27 12:35:26+00:00
28,92,56,0.0,92,2025-09-27 12:35:28+00:00
33,93,56,0.0,93,2025-09-27 12:35:29+00:00
35,95,56,0.0,95,2025-09-27 12:35:30+00:00
37,97,56,0.0,97,2025-09-27 12:35:31+00:00
33,101,56,0.0,101,2025-09-27 12:35:32+00:00
25,106,56,0.0,106,2025-09-27 12:35:33+00:00
18,111,56,0.0,111,2025-09-27 12:35:34+00:00
15,114,56,0.0,114,2025-09-27 12:35:35+00:00
19,115,56,0.0,115,2025-09-27 12:35:36+00:00
14,116,56,0.0,116,2025-09-27 12:35:37+00:00
9,118,56,0.0,118,2025-09-27 12:35:38+00:00
6,119,56,0.0,119,2025-09-27 12:35:39+00:00
3,120,56,0.0,120,2025-09-27 12:35:40+00:00
3,120,56,0.0,120,2025-09-27 12:35:41+00:00
2,121,56,0.0,121,2025-09-27 12:35:42+00:00
1,120,56,0.0,120,2025-09-27 12:35:47+00:00
1,119,56,0.0,119,2025-09-27 12:35:48+00:00
1,117,56,0.0,117,2025-09-27 12:35:50+00:00
3,116,56,0.0,116,2025-09-27 12:35:51+00:00
9,115,56,0.0,115,2025-09-27 12:35:52+00:00
23,113,56,0.0,113,2025-09-27 12:35:56+00:00
46,112,56,0.0,112,2025-09-27 12:36:02+00:00
26,111,56,0.0,111,2025-09-27 12:36:03+00:00
16,110,56,0.0,110,2025-09-27 12:36:05+00:00
10,109,56,0.0,109,2025-09-27 12:36:06+00:00
28,108,56,0.0,108,2025-09-27 12:36:09+00:00
41,107,56,0.0,107,2025-09-27 12:36:11+00:00
52,108,56,0.0,108,2025-09-27 12:36:14+00:00
54,109,56,0.0,109,2025-09-27 12:36:15+00:00
55,110,56,0.0,110,2025-09-27 12:36:16+00:00
49,111,56,0.0,111,2025-09-27 12:36:17+00:00
46,112,56,0.0,112,2025-09-27 12:36:18+00:00
53,113,56,0.0,113,2025-09-27 12:36:20+00:00
68,114,56,0.0,114,2025-09-27 12:36:24+00:00
71,115,56,0.0,115,2025-09-27 12:36:25+00:00
72,116,56,0.0,116,2025-09-27 12:36:26+00:00
76,115,56,0.0,115,2025-09-27 12:36:28+00:00
73,113,56,0.0,113,2025-09-27 12:36:29+00:00
64,116,56,0.0,116,2025-09-27 12:36:30+00:00
58,118,56,0.0,118,2025-09-27 12:36:31+00:00
49,115,56,0.0,115,2025-09-27 12:36:32+00:00
44,112,56,0.0,112,2025-09-27 12:36:33+00:00
42,111,56,0.0,111,2025-09-27 12:36:34+00:00
48,110,56,0.0,110,2025-09-27 12:36:35+00:00
69,109,56,0.0,109,2025-09-27 12:36:38+00:00
78,108,56,0.0,108,2025-09-27 12:36:40+00:00
78,106,56,0.0,106,2025-09-27 12:36:41+00:00
47,100,56,0.0,100,2025-09-27 12:36:42+00:00
31,96,56,0.0,96,2025-09-27 12:36:43+00:00
31,96,56,0.0,96,2025-09-27 12:36:44+00:00
45,98,56,0.0,98,2025-09-27 12:36:53+00:00
51,99,56,0.0,99,2025-09-27 12:36:54+00:00
54,101,56,0.0,101,2025-09-27 12:36:56+00:00
49,102,56,0.0,102,2025-09-27 12:36:57+00:00
42,103,56,0.0,103,2025-09-27 12:36:58+00:00
38,102,56,0.0,102,2025-09-27 12:36:59+00:00
29,99,56,0.0,99,2025-09-27 12:37:00+00:00
4,96,56,0.0,96,2025-09-27 12:37:01+00:00
3,95,56,0.0,95,2025-09-27 12:37:02+00:00
5,94,56,0.0,94,2025-09-27 12:37:04+00:00
6,93,56,0.0,93,2025-09-27 12:37:05+00:00
17,95,56,0.0,95,2025-09-27 12:37:07+00:00
18,99,56,0.0,99,2025-09-27 12:37:08+00:00
12,104,56,0.0,104,2025-09-27 12:37:09+00:00
5,106,56,0.0,106,2025-09-27 12:37:10+00:00
18,105,56,0.0,105,2025-09-27 12:37:13+00:00
39,104,56,0.0,104,2025-09-27 12:37:17+00:00
26,111,56,0.0,111,2025-09-27 12:37:19+00:00
27,114,56,0.0,114,2025-09-27 12:37:20+00:00
32,115,56,0.0,115,2025-09-27 12:37:21+00:00
36,116,56,0.0,116,2025-09-27 12:37:22+00:00
28,110,56,0.0,110,2025-09-27 12:37:23+00:00
21,107,56,0.0,107,2025-09-27 12:37:24+00:00
21,107,56,0.0,107,2025-09-27 12:37:25+00:00
6,104,56,0.0,104,2025-09-27 12:37:26+00:00
3,103,56,0.0,103,2025-09-27 12:37:27+00:00
4,104,56,0.0,104,2025-09-27 12:37:28+00:00
7,105,56,0.0,105,2025-09-27 12:37:29+00:00
5,106,56,0.0,106,2025-09-27 12:37:30+00:00
4,107,56,0.0,107,2025-09-27 12:37:31+00:00
6,108,56,0.0,108,2025-09-27 12:37:32+00:00
11,107,56,0.0,107,2025-09-27 12:37:33+00:00
16,108,56,0.0,108,2025-09-27 12:37:34+00:00
36,107,56,0.0,107,2025-09-27 12:37:37+00:00
77,106,56,0.0,106,2025-09-27 12:37:44+00:00
40,105,56,0.0,105,2025-09-27 12:37:46+00:00
12,106,56,0.0,106,2025-09-27 12:37:48+00:00
6,107,56,0.0,107,2025-09-27 12:37:49+00:00
20,106,56,0.0,106,2025-09-27 12:37:56+00:00
50,107,56,0.0,107,2025-09-27 12:38:01+00:00
54,106,56,0.0,106,2025-09-27 12:38:02+00:00
53,108,56,0.0,108,2025-09-27 12:38:03+00:00
52,111,56,0.0,111,2025-09-27 12:38:04+00:00
52,111,56,0.0,111,2025-09-27 12:38:05+00:00
41,109,56,0.0,109,2025-09-27 12:38:06+00:00
32,107,56,0.0,107,2025-09-27 12:38:07+00:00
37,108,56,0.0,108,2025-09-27 12:38:08+00:00
49,109,56,0.0,109,2025-09-27 12:38:10+00:00
58,110,56,0.0,110,2025-09-27 12:38:12+00:00
62,111,56,0.0,111,2025-09-27 12:38:14+00:00
69,110,56,0.0,110,2025-09-27 12:38:19+00:00
43,107,56,0.0,107,2025-09-27 12:38:21+00:00
35,108,56,0.0,108,2025-09-27 12:38:23+00:00
35,107,56,0.0,107,2025-09-27 12:38:24+00:00
35,106,56,0.0,106,2025-09-27 12:38:25+00:00
40,105,56,0.0,105,2025-09-27 12:38:27+00:00
39,104,56,0.0,104,2025-09-27 12:38:28+00:00
37,102,56,0.0,102,2025-09-27 12:38:29+00:00
28,100,56,0.0,100,2025-09-27 12:38:30+00:00
21,99,56,0.0,99,2025-09-27 12:38:31+00:00
40,98,56,0.0,98,2025-09-27 12:38:35+00:00
34,97,56,0.0,97,2025-09-27 12:38:39+00:00
47,96,56,0.0,96,2025-09-27 12:38:45+00:00
67,97,56,0.0,97,2025-09-27 12:38:49+00:00
85,96,56,0.0,96,2025-09-27 12:38:52+00:00
96,98,56,0.0,98,2025-09-27 12:38:56+00:00
87,100,56,0.0,100,2025-09-27 12:38:57+00:00
78,102,56,0.0,102,2025-09-27 12:38:58+00:00
69,104,56,0.0,104,2025-09-27 12:38:59+00:00
74,103,56,0.0,103,2025-09-27 12:39:01+00:00
70,100,56,0.0,100,2025-09-27 12:39:02+00:00
61,97,56,0.0,97,2025-09-27 12:39:03+00:00
59,94,56,0.0,94,2025-09-27 12:39:04+00:00
40,89,56,0.0,89,2025-09-27 12:39:05+00:00
25,86,56,0.0,86,2025-09-27 12:39:06+00:00
12,84,56,0.0,84,2025-09-27 12:39:07+00:00
11,83,56,0.0,83,2025-09-27 12:39:08+00:00
7,84,56,0.0,84,2025-09-27 12:39:12+00:00
23,85,56,0.0,85,2025-09-27 12:39:17+00:00
17,86,56,0.0,86,2025-09-27 12:39:18+00:00
37,87,56,0.0,87,2025-09-27 12:39:21+00:00
39,86,56,0.0,86,2025-09-27 12:39:22+00:00
41,85,56,0.0,85,2025-09-27 12:39:25+00:00
31,84,56,0.0,84,2025-09-27 12:39:26+00:00
35,83,56,0.0,83,2025-09-27 12:39:28+00:00
24,84,56,0.0,84,2025-09-27 12:39:29+00:00
26,85,56,0.0,85,2025-09-27 12:39:30+00:00
30,87,56,0.0,87,2025-09-27 12:39:31+00:00
33,88,56,0.0,88,2025-09-27 12:39:32+00:00
32,90,56,0.0,90,2025-09-27 12:39:33+00:00
31,92,56,0.0,92,2025-09-27 12:39:35+00:00
21,94,56,0.0,94,2025-09-27 12:39:36+00:00
16,95,56,0.0,95,2025-09-27 12:39:37+00:00
14,93,56,0.0,93,2025-09-27 12:39:38+00:00
11,90,56,0.0,90,2025-09-27 12:39:39+00:00
4,89,56,0.0,89,2025-09-27 12:39:40+00:00
1,88,56,0.0,88,2025-09-27 12:39:46+00:00
0,87,56,0.0,87,2025-09-27 12:39:48+00:00
1,86,56,0.0,86,2025-09-27 12:39:52+00:00
1,85,56,0.0,85,2025-09-27 12:39:54+00:00
1,84,56,0.0,84,2025-09-27 12:39:55+00:00
1,83,56,0.0,83,2025-09-27 12:39:56+00:00
1,82,56,0.0,82,2025-09-27 12:39:57+00:00
1,83,56,0.0,83,2025-09-27 12:40:00+00:00
1,84,56,0.0,84,2025-09-27 12:40:04+00:00
1,83,56,0.0,83,2025-09-27 12:40:07+00:00
1,84,56,0.0,84,2025-09-27 12:40:11+00:00
1,83,56,0.0,83,2025-09-27 12:40:12+00:00
1,84,56,0.0,84,2025-09-27 12:40:14+00:00
1,83,56,0.0,83,2025-09-27 12:40:15+00:00
1,84,56,0.0,84,2025-09-27 12:40:18+00:00
1,85,56,0.0,85,2025-09-27 12:40:21+00:00
1,84,56,0.0,84,2025-09-27 12:40:24+00:00
1,85,56,0.0,85,2025-09-27 12:40:26+00:00
1,86,56,0.0,86,2025-09-27 12:40:29+00:00
1,87,56,0.0,87,2025-09-27 12:40:35+00:00
1,87,56,0.0,87,2025-09-27 12:40:36+00:00
1,88,56,0.0,88,2025-09-27 12:40:37+00:00
1,89,56,0.0,89,2025-09-27 12:40:40+00:00
1,90,56,0.0,90,2025-09-27 12:40:41+00:00
1,91,56,0.0,91,2025-09-27 12:40:42+00:00
11,93,56,0.0,93,2025-09-27 12:40:45+00:00
7,95,56,0.0,95,2025-09-27 12:40:47+00:00
4,97,56,0.0,97,2025-09-27 12:40:48+00:00
2,98,56,0.0,98,2025-09-27 12:40:50+00:00
3,97,56,0.0,97,2025-09-27 12:40:51+00:00
3,96,56,0.0,96,2025-09-27 12:40:54+00:00
6,97,55,0.0,97,2025-09-27 12:41:00+00:00
6,98,55,0.0,98,2025-09-27 12:41:04+00:00
21,97,55,0.0,97,2025-09-27 12:41:06+00:00
34,98,55,0.0,98,2025-09-27 12:41:08+00:00
32,99,55,0.0,99,2025-09-27 12:41:09+00:00
23,105,55,0.0,105,2025-09-27 12:41:10+00:00
11,101,55,0.0,101,2025-09-27 12:41:11+00:00
1,105,55,0.0,105,2025-09-27 12:41:12+00:00
2,106,55,0.0,106,2025-09-27 12:41:13+00:00
0,103,55,0.0,103,2025-09-27 12:41:14+00:00
0,102,55,0.0,102,2025-09-27 12:41:15+00:00
0,103,55,0.0,103,2025-09-27 12:41:18+00:00
0,104,55,0.0,104,2025-09-27 12:41:19+00:00
0,110,55,0.0,110,2025-09-27 12:41:22+00:00
1,112,55,0.0,112,2025-09-27 12:41:23+00:00
4,109,55,0.0,109,2025-09-27 12:41:28+00:00
6,107,55,0.0,107,2025-09-27 12:41:29+00:00
0,108,55,0.0,108,2025-09-27 12:41:30+00:00
2,107,55,0.0,107,2025-09-27 12:41:33+00:00
4,108,55,0.0,108,2025-09-27 12:41:34+00:00
14,109,55,0.0,109,2025-09-27 12:41:36+00:00
14,108,55,0.0,108,2025-09-27 12:41:37+00:00
3,107,55,0.0,107,2025-09-27 12:41:40+00:00
7,106,55,0.0,106,2025-09-27 12:41:44+00:00
7,105,55,0.0,105,2025-09-27 12:41:48+00:00
3,104,55,0.0,104,2025-09-27 12:41:53+00:00
3,104,55,0.0,104,2025-09-27 12:41:54+00:00
4,103,55,0.0,103,2025-09-27 12:41:58+00:00
3,102,55,0.0,102,2025-09-27 12:41:59+00:00
3,101,55,0.0,101,2025-09-27 12:42:01+00:00
5,99,55,0.0,99,2025-09-27 12:42:04+00:00
17,98,55,0.0,98,2025-09-27 12:42:07+00:00
28,97,55,0.0,97,2025-09-27 12:42:10+00:00
28,95,55,0.0,95,2025-09-27 12:42:11+00:00
1,87,55,0.0,87,2025-09-27 12:42:12+00:00
1,87,55,0.0,87,2025-09-27 12:42:13+00:00
1,86,55,0.0,86,2025-09-27 12:42:14+00:00
1,85,55,0.0,85,2025-09-27 12:42:16+00:00
1,84,55,0.0,84,2025-09-27 12:42:17+00:00
0,85,55,0.0,85,2025-09-27 12:42:26+00:00
0,84,55,0.0,84,2025-09-27 12:42:27+00:00
0,85,55,0.0,85,2025-09-27 12:42:28+00:00
0,84,55,0.0,84,2025-09-27 12:42:29+00:00
1,85,55,0.0,85,2025-09-27 12:42:33+00:00
1,84,55,0.0,84,2025-09-27 12:42:34+00:00
1,85,55,0.0,85,2025-09-27 12:42:35+00:00
0,86,55,0.0,86,2025-09-27 12:42:37+00:00
15,87,55,0.0,87,2025-09-27 12:42:41+00:00
23,86,55,0.0,86,2025-09-27 12:42:42+00:00
30,87,55,0.0,87,2025-09-27 12:42:43+00:00
34,86,55,0.0,86,2025-09-27 12:42:45+00:00
44,85,55,0.0,85,2025-09-27 12:42:48+00:00
44,84,55,0.0,84,2025-09-27 12:42:49+00:00
26,80,55,0.0,80,2025-09-27 12:42:50+00:00
8,77,55,0.0,77,2025-09-27 12:42:51+00:00
8,77,55,0.0,77,2025-09-27 12:42:52+00:00
16,76,55,0.0,76,2025-09-27 12:42:54+00:00
11,75,55,0.0,75,2025-09-27 12:42:56+00:00
8,76,55,0.0,76,2025-09-27 12:42:57+00:00
5,77,55,0.0,77,2025-09-27 12:42:58+00:00
5,78,55,0.0,78,2025-09-27 12:42:59+00:00
2,81,55,0.0,81,2025-09-27 12:43:00+00:00
5,82,55,0.0,82,2025-09-27 12:43:01+00:00
15,83,55,0.0,83,2025-09-27 12:43:03+00:00
4,86,55,0.0,86,2025-09-27 12:43:04+00:00
7,87,55,0.0,87,2025-09-27 12:43:07+00:00
10,88,55,0.0,88,2025-09-27 12:43:09+00:00
6,89,55,0.0,89,2025-09-27 12:43:11+00:00
1,90,55,0.0,90,2025-09-27 12:43:13+00:00
1,89,55,0.0,89,2025-09-27 12:43:17+00:00
5,88,55,0.0,88,2025-09-27 12:43:18+00:00
1,86,55,0.0,86,2025-09-27 12:43:19+00:00
0,85,55,0.0,85,2025-09-27 12:43:20+00:00
0,84,55,0.0,84,2025-09-27 12:43:23+00:00
0,85,55,0.0,85,2025-09-27 12:43:24+00:00
0,86,55,0.0,86,2025-09-27 12:43:29+00:00
1,87,55,0.0,87,2025-09-27 12:43:31+00:00
0,89,55,0.0,89,2025-09-27 12:43:33+00:00
0,90,55,0.0,90,2025-09-27 12:43:41+00:00
0,91,55,0.0,91,2025-09-27 12:43:45+00:00
0,90,55,0.0,90,2025-09-27 12:43:48+00:00
0,91,55,0.0,91,2025-09-27 12:43:52+00:00
0,90,55,0.0,90,2025-09-27 12:43:56+00:00
1,91,55,0.0,91,2025-09-27 12:43:57+00:00
1,90,55,0.0,90,2025-09-27 12:43:59+00:00
1,90,55,0.0,90,2025-09-27 12:44:01+00:00
1,91,55,0.0,91,2025-09-27 12:44:02+00:00
6,92,55,0.0,92,2025-09-27 12:44:08+00:00
6,93,55,0.0,93,2025-09-27 12:44:10+00:00
5,94,55,0.0,94,2025-09-27 12:44:11+00:00
1,95,55,0.0,95,2025-09-27 12:44:12+00:00
0,96,55,0.0,96,2025-09-27 12:44:14+00:00
0,97,55,0.0,97,2025-09-27 12:44:15+00:00
0,98,55,0.0,98,2025-09-27 12:44:16+00:00
0,97,55,0.0,97,2025-09-27 12:44:17+00:00
0,96,55,0.0,96,2025-09-27 12:44:20+00:00
1,95,55,0.0,95,2025-09-27 12:44:23+00:00
1,96,55,0.0,96,2025-09-27 12:44:25+00:00
1,97,55,0.0,97,2025-09-27 12:44:26+00:00
1,98,55,0.0,98,2025-09-27 12:44:27+00:00
1,99,55,0.0,99,2025-09-27 12:44:34+00:00
1,100,55,0.0,100,2025-09-27 12:44:36+00:00
2,101,55,0.0,101,2025-09-27 12:44:38+00:00
3,100,55,0.0,100,2025-09-27 12:44:41+00:00
2,99,55,0.0,99,2025-09-27 12:44:42+00:00
1,97,55,0.0,97,2025-09-27 12:44:43+00:00
0,95,55,0.0,95,2025-09-27 12:44:44+00:00
1,96,55,0.0,96,2025-09-27 12:44:47+00:00
4,98,55,0.0,98,2025-09-27 12:44:49+00:00
2,99,55,0.0,99,2025-09-27 12:44:50+00:00
0,100,55,0.0,100,2025-09-27 12:44:51+00:00
5,99,55,0.0,99,2025-09-27 12:44:53+00:00
3,102,55,0.0,102,2025-09-27 12:44:54+00:00
4,103,55,0.0,103,2025-09-27 12:44:55+00:00
8,100,55,0.0,100,2025-09-27 12:44:57+00:00
10,97,55,0.0,97,2025-09-27 12:44:58+00:00
11,95,55,0.0,95,2025-09-27 12:44:59+00:00
16,97,55,0.0,97,2025-09-27 12:45:01+00:00
24,98,55,0.0,98,2025-09-27 12:45:02+00:00
22,100,55,0.0,100,2025-09-27 12:45:03+00:00
16,102,55,0.0,102,2025-09-27 12:45:04+00:00
2,105,55,0.0,105,2025-09-27 12:45:06+00:00
2,107,55,0.0,107,2025-09-27 12:45:07+00:00
2,108,55,0.0,108,2025-09-27 12:45:08+00:00
4,110,55,0.0,110,2025-09-27 12:45:10+00:00
5,111,55,0.0,111,2025-09-27 12:45:11+00:00
14,110,55,0.0,110,2025-09-27 12:45:12+00:00
30,109,55,0.0,109,2025-09-27 12:45:14+00:00
37,108,55,0.0,108,2025-09-27 12:45:15+00:00
44,107,55,0.0,107,2025-09-27 12:45:16+00:00
53,106,55,0.0,106,2025-09-27 12:45:18+00:00
37,100,55,0.0,100,2025-09-27 12:45:19+00:00
31,95,55,0.0,95,2025-09-27 12:45:20+00:00
31,95,55,0.0,95,2025-09-27 12:45:21+00:00
42,94,55,0.0,94,2025-09-27 12:45:24+00:00
38,92,55,0.0,92,2025-09-27 12:45:25+00:00
34,90,55,0.0,90,2025-09-27 12:45:26+00:00
37,91,55,0.0,91,2025-09-27 12:45:27+00:00
42,92,55,0.0,92,2025-09-27 12:45:28+00:00
31,93,55,0.0,93,2025-09-27 12:45:29+00:00
22,94,55,0.0,94,2025-09-27 12:45:30+00:00
22,96,55,0.0,96,2025-09-27 12:45:33+00:00
24,93,55,0.0,93,2025-09-27 12:45:35+00:00
14,85,55,0.0,85,2025-09-27 12:45:36+00:00
4,82,55,0.0,82,2025-09-27 12:45:37+00:00
4,82,55,0.0,82,2025-09-27 12:45:38+00:00
1,81,55,0.0,81,2025-09-27 12:45:39+00:00
15,80,55,0.0,80,2025-09-27 12:45:43+00:00
23,81,55,0.0,81,2025-09-27 12:45:44+00:00
38,82,55,0.0,82,2025-09-27 12:45:46+00:00
45,83,55,0.0,83,2025-09-27 12:45:47+00:00
50,82,55,0.0,82,2025-09-27 12:45:48+00:00
50,82,55,0.0,82,2025-09-27 12:45:51+00:00
34,85,55,0.0,85,2025-09-27 12:45:52+00:00
25,86,55,0.0,86,2025-09-27 12:45:53+00:00
23,87,55,0.0,87,2025-09-27 12:45:55+00:00
23,89,55,0.0,89,2025-09-27 12:45:56+00:00
27,90,55,0.0,90,2025-09-27 12:45:57+00:00
20,96,55,0.0,96,2025-09-27 12:45:58+00:00
20,99,55,0.0,99,2025-09-27 12:45:59+00:00
20,99,55,0.0,99,2025-09-27 12:46:00+00:00
23,101,55,0.0,101,2025-09-27 12:46:01+00:00
26,98,55,0.0,98,2025-09-27 12:46:02+00:00
26,96,55,0.0,96,2025-09-27 12:46:03+00:00
19,92,55,0.0,92,2025-09-27 12:46:04+00:00
18,90,55,0.0,90,2025-09-27 12:46:05+00:00
20,89,55,0.0,89,2025-09-27 12:46:06+00:00
16,88,55,0.0,88,2025-09-27 12:46:08+00:00
9,89,55,0.0,89,2025-09-27 12:46:10+00:00
11,86,55,0.0,86,2025-09-27 12:46:13+00:00
4,83,55,0.0,83,2025-09-27 12:46:14+00:00
2,82,55,0.0,82,2025-09-27 12:46:15+00:00
1,81,55,0.0,81,2025-09-27 12:46:25+00:00
1,82,55,0.0,82,2025-09-27 12:46:27+00:00
1,83,55,0.0,83,2025-09-27 12:46:28+00:00
1,84,55,0.0,84,2025-09-27 12:46:30+00:00
1,85,55,0.0,85,2025-09-27 12:46:31+00:00
1,86,55,0.0,86,2025-09-27 12:46:32+00:00
1,87,55,0.0,87,2025-09-27 12:46:33+00:00
0,88,55,0.0,88,2025-09-27 12:46:34+00:00
0,89,55,0.0,89,2025-09-27 12:46:36+00:00
0,88,55,0.0,88,2025-09-27 12:46:37+00:00
0,89,55,0.0,89,2025-09-27 12:46:38+00:00
0,89,55,0.0,89,2025-09-27 12:46:41+00:00
0,88,55,0.0,88,2025-09-27 12:46:43+00:00
3,89,55,0.0,89,2025-09-27 12:46:44+00:00
1,88,55,0.0,88,2025-09-27 12:46:47+00:00
19,87,55,0.0,87,2025-09-27 12:46:50+00:00
18,89,55,0.0,89,2025-09-27 12:46:53+00:00
17,90,55,0.0,90,2025-09-27 12:46:54+00:00
16,96,55,0.0,96,2025-09-27 12:46:56+00:00
11,99,55,0.0,99,2025-09-27 12:46:57+00:00
8,100,55,0.0,100,2025-09-27 12:46:58+00:00
4,98,55,0.0,98,2025-09-27 12:47:02+00:00
0,99,55,0.0,99,2025-09-27 12:47:04+00:00
1,100,55,0.0,100,2025-09-27 12:47:07+00:00
19,101,55,0.0,101,2025-09-27 12:47:11+00:00
8,100,55,0.0,100,2025-09-27 12:47:12+00:00
5,99,55,0.0,99,2025-09-27 12:47:13+00:00
4,100,55,0.0,100,2025-09-27 12:47:14+00:00
5,99,55,0.0,99,2025-09-27 12:47:17+00:00
3,98,55,0.0,98,2025-09-27 12:47:19+00:00
24,99,55,0.0,99,2025-09-27 12:47:24+00:00
28,100,55,0.0,100,2025-09-27 12:47:25+00:00
28,100,55,0.0,100,2025-09-27 12:47:26+00:00
36,101,55,0.0,101,2025-09-27 12:47:28+00:00
35,103,55,0.0,103,2025-09-27 12:47:29+00:00
35,104,55,0.0,104,2025-09-27 12:47:30+00:00
46,103,55,0.0,103,2025-09-27 12:47:32+00:00
52,101,55,0.0,101,2025-09-27 12:47:35+00:00
51,99,55,0.0,99,2025-09-27 12:47:36+00:00
44,96,55,0.0,96,2025-09-27 12:47:37+00:00
38,94,55,0.0,94,2025-09-27 12:47:38+00:00
43,93,55,0.0,93,2025-09-27 12:47:39+00:00
43,92,55,0.0,92,2025-09-27 12:47:40+00:00
57,93,55,0.0,93,2025-09-27 12:47:43+00:00
46,97,55,0.0,97,2025-09-27 12:47:45+00:00
42,99,55,0.0,99,2025-09-27 12:47:46+00:00
45,100,55,0.0,100,2025-09-27 12:47:47+00:00
51,101,55,0.0,101,2025-09-27 12:47:49+00:00
47,105,55,0.0,105,2025-09-27 12:47:50+00:00
51,106,55,0.0,106,2025-09-27 12:47:51+00:00
52,107,55,0.0,107,2025-09-27 12:47:52+00:00
42,111,55,0.0,111,2025-09-27 12:47:53+00:00
33,114,55,0.0,114,2025-09-27 12:47:54+00:00
27,116,55,0.0,116,2025-09-27 12:47:55+00:00
19,118,55,0.0,118,2025-09-27 12:47:56+00:00
37,117,55,0.0,117,2025-09-27 12:47:59+00:00
44,116,55,0.0,116,2025-09-27 12:48:00+00:00
46,113,55,0.0,113,2025-09-27 12:48:01+00:00
51,111,55,0.0,111,2025-09-27 12:48:02+00:00
53,109,55,0.0,109,2025-09-27 12:48:03+00:00
52,106,55,0.0,106,2025-09-27 12:48:04+00:00
36,101,55,0.0,101,2025-09-27 12:48:05+00:00
13,95,55,0.0,95,2025-09-27 12:48:06+00:00
8,94,55,0.0,94,2025-09-27 12:48:07+00:00
21,93,55,0.0,93,2025-09-27 12:48:09+00:00
6,90,55,0.0,90,2025-09-27 12:48:10+00:00
9,93,55,0.0,93,2025-09-27 12:48:11+00:00
15,92,55,0.0,92,2025-09-27 12:48:12+00:00
11,91,55,0.0,91,2025-09-27 12:48:13+00:00
7,92,55,0.0,92,2025-09-27 12:48:15+00:00
10,93,55,0.0,93,2025-09-27 12:48:16+00:00
9,95,55,0.0,95,2025-09-27 12:48:17+00:00
13,96,55,0.0,96,2025-09-27 12:48:18+00:00
22,97,55,0.0,97,2025-09-27 12:48:20+00:00
16,93,55,0.0,93,2025-09-27 12:48:23+00:00
23,94,55,0.0,94,2025-09-27 12:48:26+00:00
30,96,55,0.0,96,2025-09-27 12:48:28+00:00
34,97,55,0.0,97,2025-09-27 12:48:29+00:00
39,98,55,0.0,98,2025-09-27 12:48:30+00:00
43,99,55,0.0,99,2025-09-27 12:48:31+00:00
56,100,55,0.0,100,2025-09-27 12:48:36+00:00
39,101,55,0.0,101,2025-09-27 12:48:38+00:00
34,104,55,0.0,104,2025-09-27 12:48:39+00:00
29,108,55,0.0,108,2025-09-27 12:48:40+00:00
34,109,55,0.0,109,2025-09-27 12:48:41+00:00
38,108,55,0.0,108,2025-09-27 12:48:44+00:00
29,109,55,0.0,109,2025-09-27 12:48:48+00:00
34,108,55,0.0,108,2025-09-27 12:48:49+00:00
41,109,55,0.0,109,2025-09-27 12:48:50+00:00
58,110,55,0.0,110,2025-09-27 12:48:53+00:00
17,109,55,0.0,109,2025-09-27 12:49:01+00:00
16,110,55,0.0,110,2025-09-27 12:49:02+00:00
52,111,55,0.0,111,2025-09-27 12:49:08+00:00
63,112,55,0.0,112,2025-09-27 12:49:10+00:00
70,113,55,0.0,113,2025-09-27 12:49:11+00:00
53,112,55,0.0,112,2025-09-27 12:49:13+00:00
44,110,55,0.0,110,2025-09-27 12:49:14+00:00
35,107,55,0.0,107,2025-09-27 12:49:15+00:00
27,105,55,0.0,105,2025-09-27 12:49:16+00:00
23,102,55,0.0,102,2025-09-27 12:49:17+00:00
25,101,55,0.0,101,2025-09-27 12:49:18+00:00
31,100,55,0.0,100,2025-09-27 12:49:19+00:00
26,98,55,0.0,98,2025-09-27 12:49:20+00:00
25,97,55,0.0,97,2025-09-27 12:49:21+00:00
22,96,55,0.0,96,2025-09-27 12:49:24+00:00
23,97,55,0.0,97,2025-09-27 12:49:25+00:00
24,99,55,0.0,99,2025-09-27 12:49:26+00:00
21,100,55,0.0,100,2025-09-27 12:49:29+00:00
28,99,55,0.0,99,2025-09-27 12:49:30+00:00
28,100,55,0.0,100,2025-09-27 12:49:31+00:00
18,101,55,0.0,101,2025-09-27 12:49:32+00:00
14,102,55,0.0,102,2025-09-27 12:49:33+00:00
19,100,55,0.0,100,2025-09-27 12:49:34+00:00
24,98,55,0.0,98,2025-09-27 12:49:35+00:00
29,96,55,0.0,96,2025-09-27 12:49:36+00:00
26,92,55,0.0,92,2025-09-27 12:49:38+00:00
32,95,55,0.0,95,2025-09-27 12:49:40+00:00
14,108,55,0.0,108,2025-09-27 12:49:41+00:00
9,111,55,0.0,111,2025-09-27 12:49:42+00:00
9,111,55,0.0,111,2025-09-27 12:49:43+00:00
21,110,55,0.0,110,2025-09-27 12:49:44+00:00
13,111,55,0.0,111,2025-09-27 12:49:47+00:00
34,110,55,0.0,110,2025-09-27 12:49:54+00:00
49,109,55,0.0,109,2025-09-27 12:49:56+00:00
65,108,55,0.0,108,2025-09-27 12:49:58+00:00
65,106,54,0.0,106,2025-09-27 12:50:01+00:00
69,104,54,0.0,104,2025-09-27 12:50:02+00:00
72,102,54,0.0,102,2025-09-27 12:50:03+00:00
74,99,54,0.0,99,2025-09-27 12:50:04+00:00
66,94,54,0.0,94,2025-09-27 12:50:05+00:00
50,87,54,0.0,87,2025-09-27 12:50:06+00:00
25,78,54,0.0,78,2025-09-27 12:50:07+00:00
14,75,54,0.0,75,2025-09-27 12:50:08+00:00
15,74,54,0.0,74,2025-09-27 12:50:09+00:00
12,73,54,0.0,73,2025-09-27 12:50:10+00:00
41,75,54,0.0,75,2025-09-27 12:50:15+00:00
45,77,54,0.0,77,2025-09-27 12:50:16+00:00
44,80,54,0.0,80,2025-09-27 12:50:17+00:00
29,86,54,0.0,86,2025-09-27 12:50:18+00:00
17,91,54,0.0,91,2025-09-27 12:50:19+00:00
2,95,54,0.0,95,2025-09-27 12:50:20+00:00
2,95,54,0.0,95,2025-09-27 12:50:21+00:00
1,94,54,0.0,94,2025-09-27 12:50:22+00:00
0,95,54,0.0,95,2025-09-27 12:50:26+00:00
1,94,54,0.0,94,2025-09-27 12:50:28+00:00
12,91,54,0.0,91,2025-09-27 12:50:33+00:00
16,88,54,0.0,88,2025-09-27 12:50:34+00:00
18,85,54,0.0,85,2025-09-27 12:50:35+00:00
18,85,54,0.0,85,2025-09-27 12:50:36+00:00
15,89,54,0.0,89,2025-09-27 12:50:37+00:00
13,91,54,0.0,91,2025-09-27 12:50:38+00:00
20,90,54,0.0,90,2025-09-27 12:50:41+00:00
25,88,54,0.0,88,2025-09-27 12:50:42+00:00
12,91,54,0.0,91,2025-09-27 12:50:43+00:00
7,92,54,0.0,92,2025-09-27 12:50:44+00:00
6,86,54,0.0,86,2025-09-27 12:50:46+00:00
5,85,54,0.0,85,2025-09-27 12:50:47+00:00
1,86,54,0.0,86,2025-09-27 12:50:49+00:00
1,87,54,0.0,87,2025-09-27 12:50:52+00:00
0,86,54,0.0,86,2025-09-27 12:50:53+00:00
0,87,54,0.0,87,2025-09-27 12:50:59+00:00
0,88,54,0.0,88,2025-09-27 12:51:01+00:00
1,89,54,0.0,89,2025-09-27 12:51:04+00:00
1,88,54,0.0,88,2025-09-27 12:51:09+00:00
1,87,54,0.0,87,2025-09-27 12:51:12+00:00
1,86,54,0.0,86,2025-09-27 12:51:14+00:00
1,85,54,0.0,85,2025-09-27 12:51:15+00:00
7,84,54,0.0,84,2025-09-27 12:51:16+00:00
32,85,54,0.0,85,2025-09-27 12:51:20+00:00
11,86,54,0.0,86,2025-09-27 12:51:23+00:00
17,85,54,0.0,85,2025-09-27 12:51:24+00:00
3,86,54,0.0,86,2025-09-27 12:51:25+00:00
3,87,54,0.0,87,2025-09-27 12:51:26+00:00
4,88,54,0.0,88,2025-09-27 12:51:27+00:00
4,87,54,0.0,87,2025-09-27 12:51:30+00:00
12,88,54,0.0,88,2025-09-27 12:51:31+00:00
19,87,54,0.0,87,2025-09-27 12:51:32+00:00
17,86,54,0.0,86,2025-09-27 12:51:33+00:00
12,82,54,0.0,82,2025-09-27 12:51:34+00:00
9,81,54,0.0,81,2025-09-27 12:51:35+00:00
7,80,54,0.0,80,2025-09-27 12:51:36+00:00
3,82,54,0.0,82,2025-09-27 12:51:38+00:00
1,83,54,0.0,83,2025-09-27 12:51:39+00:00
1,84,54,0.0,84,2025-09-27 12:51:40+00:00
1,85,54,0.0,85,2025-09-27 12:51:41+00:00
1,86,54,0.0,86,2025-09-27 12:51:42+00:00
2,88,54,0.0,88,2025-09-27 12:51:43+00:00
0,89,54,0.0,89,2025-09-27 12:51:44+00:00
2,90,54,0.0,90,2025-09-27 12:51:45+00:00
0,91,54,0.0,91,2025-09-27 12:51:46+00:00
0,92,54,0.0,92,2025-09-27 12:51:48+00:00
0,91,54,0.0,91,2025-09-27 12:51:49+00:00
0,92,54,0.0,92,2025-09-27 12:51:50+00:00
0,91,54,0.0,91,2025-09-27 12:51:51+00:00
0,92,54,0.0,92,2025-09-27 12:51:55+00:00
0,91,54,0.0,91,2025-09-27 12:51:57+00:00
1,92,54,0.0,92,2025-09-27 12:52:02+00:00
1,94,54,0.0,94,2025-09-27 12:52:03+00:00
1,97,54,0.0,97,2025-09-27 12:52:04+00:00
0,98,54,0.0,98,2025-09-27 12:52:05+00:00
0,99,54,0.0,99,2025-09-27 12:52:08+00:00
2,98,54,0.0,98,2025-09-27 12:52:15+00:00
1,97,54,0.0,97,2025-09-27 12:52:16+00:00
1,96,54,0.0,96,2025-09-27 12:52:18+00:00
0,97,54,0.0,97,2025-09-27 12:52:21+00:00
1,96,54,0.0,96,2025-09-27 12:52:26+00:00
1,97,54,0.0,97,2025-09-27 12:52:27+00:00
1,98,54,0.0,98,2025-09-27 12:52:28+00:00
1,99,54,0.0,99,2025-09-27 12:52:30+00:00
1,100,54,0.0,100,2025-09-27 12:52:33+00:00
1,99,54,0.0,99,2025-09-27 12:52:36+00:00
1,100,54,0.0,100,2025-09-27 12:52:37+00:00
1,100,54,0.0,100,2025-09-27 12:52:38+00:00
1,99,54,0.0,99,2025-09-27 12:52:39+00:00
1,100,54,0.0,100,2025-09-27 12:52:40+00:00
2,99,54,0.0,99,2025-09-27 12:52:45+00:00
21,98,54,0.0,98,2025-09-27 12:52:48+00:00
39,97,54,0.0,97,2025-09-27 12:52:54+00:00
47,96,54,0.0,96,2025-09-27 12:52:56+00:00
29,97,54,0.0,97,2025-09-27 12:52:57+00:00
36,96,54,0.0,96,2025-09-27 12:52:58+00:00
38,93,54,0.0,93,2025-09-27 12:52:59+00:00
32,88,54,0.0,88,2025-09-27 12:53:00+00:00
21,83,54,0.0,83,2025-09-27 12:53:01+00:00
10,80,54,0.0,80,2025-09-27 12:53:02+00:00
8,78,54,0.0,78,2025-09-27 12:53:03+00:00
1,76,54,0.0,76,2025-09-27 12:53:05+00:00
0,75,54,0.0,75,2025-09-27 12:53:10+00:00
0,74,54,0.0,74,2025-09-27 12:53:11+00:00
6,75,54,0.0,75,2025-09-27 12:53:22+00:00
13,74,54,0.0,74,2025-09-27 12:53:23+00:00
29,76,54,0.0,76,2025-09-27 12:53:25+00:00
23,83,54,0.0,83,2025-09-27 12:53:26+00:00
10,94,54,0.0,94,2025-09-27 12:53:27+00:00
4,97,54,0.0,97,2025-09-27 12:53:28+00:00
3,98,54,0.0,98,2025-09-27 12:53:29+00:00
1,97,54,0.0,97,2025-09-27 12:53:31+00:00
1,96,54,0.0,96,2025-09-27 12:53:33+00:00
2,95,54,0.0,95,2025-09-27 12:53:34+00:00
3,92,54,0.0,92,2025-09-27 12:53:35+00:00
3,90,54,0.0,90,2025-09-27 12:53:36+00:00
13,89,54,0.0,89,2025-09-27 12:53:40+00:00
15,91,54,0.0,91,2025-09-27 12:53:41+00:00
7,93,54,0.0,93,2025-09-27 12:53:42+00:00
12,92,54,0.0,92,2025-09-27 12:53:44+00:00
13,90,54,0.0,90,2025-09-27 12:53:45+00:00
10,83,54,0.0,83,2025-09-27 12:53:46+00:00
10,83,54,0.0,83,2025-09-27 12:53:47+00:00
2,85,54,0.0,85,2025-09-27 12:53:49+00:00
2,86,54,0.0,86,2025-09-27 12:53:50+00:00
3,85,54,0.0,85,2025-09-27 12:53:52+00:00
4,84,54,0.0,84,2025-09-27 12:53:53+00:00
4,84,54,0.0,84,2025-09-27 12:53:54+00:00
0,85,54,0.0,85,2025-09-27 12:53:58+00:00
0,86,54,0.0,86,2025-09-27 12:54:00+00:00
3,87,54,0.0,87,2025-09-27 12:54:03+00:00
20,90,54,0.0,90,2025-09-27 12:54:06+00:00
18,94,54,0.0,94,2025-09-27 12:54:07+00:00
14,97,54,0.0,97,2025-09-27 12:54:08+00:00
10,98,54,0.0,98,2025-09-27 12:54:09+00:00
3,90,54,0.0,90,2025-09-27 12:54:12+00:00
0,89,54,0.0,89,2025-09-27 12:54:13+00:00
3,90,54,0.0,90,2025-09-27 12:54:14+00:00
2,92,54,0.0,92,2025-09-27 12:54:15+00:00
2,93,54,0.0,93,2025-09-27 12:54:16+00:00
3,94,54,0.0,94,2025-09-27 12:54:17+00:00
1,98,54,0.0,98,2025-09-27 12:54:18+00:00
3,100,54,0.0,100,2025-09-27 12:54:19+00:00
2,101,54,0.0,101,2025-09-27 12:54:20+00:00
2,100,54,0.0,100,2025-09-27 12:54:27+00:00
0,99,54,0.0,99,2025-09-27 12:54:28+00:00
1,100,54,0.0,100,2025-09-27 12:54:30+00:00
2,102,54,0.0,102,2025-09-27 12:54:31+00:00
0,105,54,0.0,105,2025-09-27 12:54:32+00:00
0,106,54,0.0,106,2025-09-27 12:54:33+00:00
0,106,54,0.0,106,2025-09-27 12:54:37+00:00
3,105,54,0.0,105,2025-09-27 12:54:39+00:00
1,104,54,0.0,104,2025-09-27 12:54:42+00:00
1,103,54,0.0,103,2025-09-27 12:54:43+00:00
3,102,54,0.0,102,2025-09-27 12:54:44+00:00
9,103,54,0.0,103,2025-09-27 12:54:46+00:00
17,102,54,0.0,102,2025-09-27 12:54:48+00:00
19,103,54,0.0,103,2025-09-27 12:54:51+00:00
21,100,54,0.0,100,2025-09-27 12:54:52+00:00
18,96,54,0.0,96,2025-09-27 12:54:53+00:00
18,93,54,0.0,93,2025-09-27 12:54:54+00:00
21,92,54,0.0,92,2025-09-27 12:54:55+00:00
18,91,54,0.0,91,2025-09-27 12:54:56+00:00
16,90,54,0.0,90,2025-09-27 12:54:59+00:00
2,88,54,0.0,88,2025-09-27 12:55:00+00:00
7,89,54,0.0,89,2025-09-27 12:55:03+00:00
18,88,54,0.0,88,2025-09-27 12:55:05+00:00
11,91,54,0.0,91,2025-09-27 12:55:08+00:00
12,92,54,0.0,92,2025-09-27 12:55:09+00:00
0,91,54,0.0,91,2025-09-27 12:55:12+00:00
1,92,54,0.0,92,2025-09-27 12:55:13+00:00
0,91,54,0.0,91,2025-09-27 12:55:15+00:00
3,90,54,0.0,90,2025-09-27 12:55:18+00:00
4,88,54,0.0,88,2025-09-27 12:55:19+00:00
8,87,54,0.0,87,2025-09-27 12:55:20+00:00
8,87,54,0.0,87,2025-09-27 12:55:22+00:00
30,86,54,0.0,86,2025-09-27 12:55:24+00:00
47,85,54,0.0,85,2025-09-27 12:55:27+00:00
37,86,54,0.0,86,2025-09-27 12:55:30+00:00
6,84,54,0.0,84,2025-09-27 12:55:31+00:00
5,86,54,0.0,86,2025-09-27 12:55:33+00:00
9,87,54,0.0,87,2025-09-27 12:55:34+00:00
25,88,54,0.0,88,2025-09-27 12:55:36+00:00
39,89,54,0.0,89,2025-09-27 12:55:38+00:00
53,90,54,0.0,90,2025-09-27 12:55:41+00:00
51,91,54,0.0,91,2025-09-27 12:55:43+00:00
54,92,54,0.0,92,2025-09-27 12:55:46+00:00
61,93,54,0.0,93,2025-09-27 12:55:48+00:00
56,94,54,0.0,94,2025-09-27 12:55:51+00:00
23,93,54,0.0,93,2025-09-27 12:55:56+00:00
24,94,54,0.0,94,2025-09-27 12:55:57+00:00
22,95,54,0.0,95,2025-09-27 12:55:59+00:00
16,97,54,0.0,97,2025-09-27 12:56:00+00:00
7,98,54,0.0,98,2025-09-27 12:56:01+00:00
4,99,54,0.0,99,2025-09-27 12:56:02+00:00
4,98,54,0.0,98,2025-09-27 12:56:04+00:00
1,99,54,0.0,99,2025-09-27 12:56:06+00:00
3,101,54,0.0,101,2025-09-27 12:56:08+00:00
1,102,54,0.0,102,2025-09-27 12:56:10+00:00
1,102,54,0.0,102,2025-09-27 12:56:11+00:00
18,101,54,0.0,101,2025-09-27 12:56:15+00:00
5,102,54,0.0,102,2025-09-27 12:56:16+00:00
9,101,54,0.0,101,2025-09-27 12:56:19+00:00
8,96,54,0.0,96,2025-09-27 12:56:20+00:00
3,93,54,0.0,93,2025-09-27 12:56:21+00:00
3,93,54,0.0,93,2025-09-27 12:56:22+00:00
15,92,54,0.0,92,2025-09-27 12:56:32+00:00
26,93,54,0.0,93,2025-09-27 12:56:38+00:00
32,94,54,0.0,94,2025-09-27 12:56:40+00:00
24,96,54,0.0,96,2025-09-27 12:56:41+00:00
40,95,54,0.0,95,2025-09-27 12:56:45+00:00
37,94,54,0.0,94,2025-09-27 12:56:46+00:00
27,93,54,0.0,93,2025-09-27 12:56:47+00:00
28,95,54,0.0,95,2025-09-27 12:56:49+00:00
38,96,54,0.0,96,2025-09-27 12:56:51+00:00
39,97,54,0.0,97,2025-09-27 12:56:52+00:00
22,99,54,0.0,99,2025-09-27 12:56:54+00:00
19,100,54,0.0,100,2025-09-27 12:56:55+00:00
21,99,54,0.0,99,2025-09-27 12:56:58+00:00
27,100,54,0.0,100,2025-09-27 12:57:04+00:00
30,99,54,0.0,99,2025-09-27 12:57:06+00:00
29,98,54,0.0,98,2025-09-27 12:57:08+00:00
37,97,54,0.0,97,2025-09-27 12:57:11+00:00
31,96,54,0.0,96,2025-09-27 12:57:12+00:00
20,95,54,0.0,95,2025-09-27 12:57:13+00:00
8,93,54,0.0,93,2025-09-27 12:57:14+00:00
0,94,54,0.0,94,2025-09-27 12:57:16+00:00
0,95,54,0.0,95,2025-09-27 12:57:17+00:00
0,94,54,0.0,94,2025-09-27 12:57:18+00:00
2,93,54,0.0,93,2025-09-27 12:57:21+00:00
2,92,54,0.0,92,2025-09-27 12:57:23+00:00
2,92,54,0.0,92,2025-09-27 12:57:24+00:00
1,91,54,0.0,91,2025-09-27 12:57:25+00:00
2,90,54,0.0,90,2025-09-27 12:57:27+00:00
5,89,54,0.0,89,2025-09-27 12:57:28+00:00
2,88,54,0.0,88,2025-09-27 12:57:32+00:00
3,87,54,0.0,87,2025-09-27 12:57:33+00:00
16,85,54,0.0,85,2025-09-27 12:57:35+00:00
19,82,54,0.0,82,2025-09-27 12:57:36+00:00
24,81,54,0.0,81,2025-09-27 12:57:37+00:00
29,80,54,0.0,80,2025-09-27 12:57:38+00:00
33,79,54,0.0,79,2025-09-27 12:57:39+00:00
25,81,54,0.0,81,2025-09-27 12:57:40+00:00
24,79,54,0.0,79,2025-09-27 12:57:41+00:00
24,80,54,0.0,80,2025-09-27 12:57:42+00:00
23,82,54,0.0,82,2025-09-27 12:57:43+00:00
9,84,54,0.0,84,2025-09-27 12:57:44+00:00
8,85,54,0.0,85,2025-09-27 12:57:45+00:00
7,84,54,0.0,84,2025-09-27 12:57:47+00:00
8,83,54,0.0,83,2025-09-27 12:57:49+00:00
21,82,54,0.0,82,2025-09-27 12:57:51+00:00
25,81,54,0.0,81,2025-09-27 12:57:52+00:00
24,82,54,0.0,82,2025-09-27 12:57:54+00:00
3,86,54,0.0,86,2025-09-27 12:57:55+00:00
3,86,54,0.0,86,2025-09-27 12:57:56+00:00
2,87,54,0.0,87,2025-09-27 12:57:57+00:00
2,86,54,0.0,86,2025-09-27 12:58:00+00:00
3,85,54,0.0,85,2025-09-27 12:58:02+00:00
7,86,54,0.0,86,2025-09-27 12:58:06+00:00
6,87,54,0.0,87,2025-09-27 12:58:08+00:00
13,86,54,0.0,86,2025-09-27 12:58:10+00:00
11,87,54,0.0,87,2025-09-27 12:58:11+00:00
12,88,54,0.0,88,2025-09-27 12:58:15+00:00
21,87,54,0.0,87,2025-09-27 12:58:17+00:00
24,86,54,0.0,86,2025-09-27 12:58:18+00:00
29,85,54,0.0,85,2025-09-27 12:58:19+00:00
35,84,54,0.0,84,2025-09-27 12:58:20+00:00
53,85,54,0.0,85,2025-09-27 12:58:24+00:00
42,87,54,0.0,87,2025-09-27 12:58:25+00:00
39,88,54,0.0,88,2025-09-27 12:58:26+00:00
35,89,54,0.0,89,2025-09-27 12:58:28+00:00
22,91,54,0.0,91,2025-09-27 12:58:29+00:00
14,92,54,0.0,92,2025-09-27 12:58:30+00:00
11,93,54,0.0,93,2025-09-27 12:58:31+00:00
6,94,54,0.0,94,2025-09-27 12:58:33+00:00
6,95,54,0.0,95,2025-09-27 12:58:34+00:00
6,96,54,0.0,96,2025-09-27 12:58:35+00:00
10,97,54,0.0,97,2025-09-27 12:58:37+00:00
31,98,54,0.0,98,2025-09-27 12:58:41+00:00
37,97,54,0.0,97,2025-09-27 12:58:42+00:00
46,96,54,0.0,96,2025-09-27 12:58:44+00:00
63,95,54,0.0,95,2025-09-27 12:58:48+00:00
58,97,54,0.0,97,2025-09-27 12:58:49+00:00
35,100,54,0.0,100,2025-09-27 12:58:50+00:00
21,103,54,0.0,103,2025-09-27 12:58:51+00:00
12,104,54,0.0,104,2025-09-27 12:58:52+00:00
8,105,54,0.0,105,2025-09-27 12:58:53+00:00
5,104,54,0.0,104,2025-09-27 12:58:57+00:00
9,105,54,0.0,105,2025-09-27 12:58:58+00:00
20,106,54,0.0,106,2025-09-27 12:59:00+00:00
32,105,54,0.0,105,2025-09-27 12:59:03+00:00
19,104,54,0.0,104,2025-09-27 12:59:04+00:00
6,105,54,0.0,105,2025-09-27 12:59:08+00:00
11,104,54,0.0,104,2025-09-27 12:59:11+00:00
17,105,54,0.0,105,2025-09-27 12:59:15+00:00
19,106,54,0.0,106,2025-09-27 12:59:16+00:00
8,109,54,0.0,109,2025-09-27 12:59:17+00:00
4,110,54,0.0,110,2025-09-27 12:59:20+00:00
6,109,54,0.0,109,2025-09-27 12:59:25+00:00
11,108,54,0.0,108,2025-09-27 12:59:28+00:00
5,109,54,0.0,109,2025-09-27 12:59:30+00:00
2,111,54,0.0,111,2025-09-27 12:59:39+00:00
4,112,54,0.0,112,2025-09-27 12:59:41+00:00
3,113,54,0.0,113,2025-09-27 12:59:42+00:00
2,114,54,0.0,114,2025-09-27 12:59:43+00:00
3,115,54,0.0,115,2025-09-27 12:59:44+00:00
2,117,54,0.0,117,2025-09-27 12:59:45+00:00
6,118,54,0.0,118,2025-09-27 12:59:46+00:00
6,119,54,0.0,119,2025-09-27 12:59:47+00:00
2,120,54,0.0,120,2025-09-27 12:59:49+00:00
4,122,54,0.0,122,2025-09-27 12:59:50+00:00
2,123,54,0.0,123,2025-09-27 12:59:51+00:00
3,124,54,0.0,124,2025-09-27 12:59:52+00:00
2,125,54,0.0,125,2025-09-27 12:59:53+00:00
1,126,54,0.0,126,2025-09-27 12:59:54+00:00
1,127,54,0.0,127,2025-09-27 12:59:55+00:00
3,128,54,0.0,128,2025-09-27 12:59:57+00:00
1,130,54,0.0,130,2025-09-27 12:59:59+00:00
1,131,54,0.0,131,2025-09-27 13:00:06+00:00
2,130,54,0.0,130,2025-09-27 13:00:09+00:00
2,131,54,0.0,131,2025-09-27 13:00:12+00:00
1,132,54,0.0,132,2025-09-27 13:00:16+00:00
1,134,54,0.0,134,2025-09-27 13:00:18+00:00
3,135,54,0.0,135,2025-09-27 13:00:22+00:00
3,136,54,0.0,136,2025-09-27 13:00:28+00:00
1,137,54,0.0,137,2025-09-27 13:00:30+00:00
1,138,54,0.0,138,2025-09-27 13:00:33+00:00
1,137,54,0.0,137,2025-09-27 13:00:36+00:00
1,138,54,0.0,138,2025-09-27 13:00:37+00:00
1,139,54,0.0,139,2025-09-27 13:00:38+00:00
1,140,54,0.0,140,2025-09-27 13:00:42+00:00
0,141,54,0.0,141,2025-09-27 13:00:44+00:00
1,142,54,0.0,142,2025-09-27 13:00:45+00:00
0,143,54,0.0,143,2025-09-27 13:00:46+00:00
0,144,54,0.0,144,2025-09-27 13:00:47+00:00
0,145,54,0.0,145,2025-09-27 13:00:49+00:00
1,144,54,0.0,144,2025-09-27 13:00:52+00:00
1,145,54,0.0,145,2025-09-27 13:00:53+00:00
1,146,54,0.0,146,2025-09-27 13:00:58+00:00
1,147,54,0.0,147,2025-09-27 13:01:01+00:00
1,148,54,0.0,148,2025-09-27 13:01:06+00:00
1,149,54,0.0,149,2025-09-27 13:01:09+00:00
1,150,54,0.0,150,2025-09-27 13:01:17+00:00
1,149,54,0.0,149,2025-09-27 13:01:18+00:00
1,150,54,0.0,150,2025-09-27 13:01:26+00:00
1,151,54,0.0,151,2025-09-27 13:01:29+00:00
1,150,54,0.0,150,2025-09-27 13:01:31+00:00
1,151,54,0.0,151,2025-09-27 13:01:34+00:00
1,150,54,0.0,150,2025-09-27 13:01:37+00:00
1,151,54,0.0,151,2025-09-27 13:01:38+00:00
1,150,54,0.0,150,2025-09-27 13:01:40+00:00
1,151,54,0.0,151,2025-09-27 13:01:41+00:00
1,150,54,0.0,150,2025-09-27 13:01:42+00:00
0,151,54,0.0,151,2025-09-27 13:01:49+00:00
0,150,54,0.0,150,2025-09-27 13:01:53+00:00
1,151,54,0.0,151,2025-09-27 13:01:54+00:00
1,150,54,0.0,150,2025-09-27 13:01:55+00:00
1,151,54,0.0,151,2025-09-27 13:01:58+00:00
1,150,54,0.0,150,2025-09-27 13:01:59+00:00
1,149,53,0.0,149,2025-09-27 13:02:05+00:00
1,150,53,0.0,150,2025-09-27 13:02:06+00:00
1,151,53,0.0,151,2025-09-27 13:02:12+00:00
0,152,53,0.0,152,2025-09-27 13:02:18+00:00
1,153,53,0.0,153,2025-09-27 13:02:30+00:00
1,154,53,0.0,154,2025-09-27 13:02:35+00:00
1,153,53,0.0,153,2025-09-27 13:02:38+00:00
2,154,53,0.0,154,2025-09-27 13:02:39+00:00
1,155,53,0.0,155,2025-09-27 13:02:42+00:00
0,156,53,0.0,156,2025-09-27 13:02:45+00:00
0,157,53,0.0,157,2025-09-27 13:02:49+00:00
1,158,53,0.0,158,2025-09-27 13:02:53+00:00
0,159,53,0.0,159,2025-09-27 13:03:00+00:00
0,158,53,0.0,158,2025-09-27 13:03:01+00:00
0,159,53,0.0,159,2025-09-27 13:03:02+00:00
1,160,53,0.0,160,2025-09-27 13:03:06+00:00
1,159,53,0.0,159,2025-09-27 13:03:08+00:00
0,158,53,0.0,158,2025-09-27 13:03:10+00:00
1,159,53,0.0,159,2025-09-27 13:03:14+00:00
1,160,53,0.0,160,2025-09-27 13:03:22+00:00
1,159,53,0.0,159,2025-09-27 13:03:23+00:00
1,160,53,0.0,160,2025-09-27 13:03:24+00:00
2,159,53,0.0,159,2025-09-27 13:03:27+00:00
1,160,53,0.0,160,2025-09-27 13:03:28+00:00
1,159,53,0.0,159,2025-09-27 13:03:31+00:00
1,160,53,0.0,160,2025-09-27 13:03:32+00:00
1,159,53,0.0,159,2025-09-27 13:03:35+00:00
1,160,53,0.0,160,2025-09-27 13:03:36+00:00
1,159,53,0.0,159,2025-09-27 13:03:38+00:00
1,160,53,0.0,160,2025-09-27 13:03:39+00:00
0,161,53,0.0,161,2025-09-27 13:03:45+00:00
1,160,53,0.0,160,2025-09-27 13:03:55+00:00
1,159,53,0.0,159,2025-09-27 13:04:00+00:00
1,160,53,0.0,160,2025-09-27 13:04:01+00:00
1,161,53,0.0,161,2025-09-27 13:04:05+00:00
1,162,53,0.0,162,2025-09-27 13:04:08+00:00
1,163,53,0.0,163,2025-09-27 13:04:14+00:00
1,162,53,0.0,162,2025-09-27 13:04:18+00:00
1,163,53,0.0,163,2025-09-27 13:04:20+00:00
1,162,53,0.0,162,2025-09-27 13:04:23+00:00
1,163,53,0.0,163,2025-09-27 13:04:28+00:00
1,162,53,0.0,162,2025-09-27 13:04:31+00:00
1,163,53,0.0,163,2025-09-27 13:04:32+00:00
1,162,53,0.0,162,2025-09-27 13:04:34+00:00
1,163,53,0.0,163,2025-09-27 13:04:35+00:00
1,162,53,0.0,162,2025-09-27 13:04:37+00:00
1,163,53,0.0,163,2025-09-27 13:04:38+00:00
1,162,53,0.0,162,2025-09-27 13:04:41+00:00
1,163,53,0.0,163,2025-09-27 13:04:42+00:00
1,164,53,0.0,164,2025-09-27 13:04:43+00:00
1,165,53,0.0,165,2025-09-27 13:04:46+00:00
1,164,53,0.0,164,2025-09-27 13:04:49+00:00
1,165,53,0.0,165,2025-09-27 13:04:50+00:00
0,164,53,0.0,164,2025-09-27 13:04:58+00:00
1,163,53,0.0,163,2025-09-27 13:05:10+00:00
0,164,53,0.0,164,2025-09-27 13:05:12+00:00
0,163,53,0.0,163,2025-09-27 13:05:13+00:00
0,162,53,0.0,162,2025-09-27 13:05:17+00:00
1,163,53,0.0,163,2025-09-27 13:05:18+00:00
0,162,53,0.0,162,2025-09-27 13:05:20+00:00
0,163,53,0.0,163,2025-09-27 13:05:21+00:00
1,162,53,0.0,162,2025-09-27 13:05:23+00:00
1,163,53,0.0,163,2025-09-27 13:05:24+00:00
1,162,53,0.0,162,2025-09-27 13:05:26+00:00
1,163,53,0.0,163,2025-09-27 13:05:27+00:00
1,162,53,0.0,162,2025-09-27 13:05:31+00:00
1,163,53,0.0,163,2025-09-27 13:05:32+00:00
1,162,53,0.0,162,2025-09-27 13:05:37+00:00
1,163,53,0.0,163,2025-09-27 13:05:38+00:00
1,162,53,0.0,162,2025-09-27 13:05:39+00:00
1,161,53,0.0,161,2025-09-27 13:05:40+00:00
1,160,53,0.0,160,2025-09-27 13:05:41+00:00
1,159,53,0.0,159,2025-09-27 13:05:47+00:00
1,160,53,0.0,160,2025-09-27 13:05:48+00:00
1,159,53,0.0,159,2025-09-27 13:05:51+00:00
1,160,53,0.0,160,2025-09-27 13:05:52+00:00
1,161,53,0.0,161,2025-09-27 13:05:56+00:00
1,162,53,0.0,162,2025-09-27 13:06:04+00:00
1,163,53,0.0,163,2025-09-27 13:06:07+00:00
1,162,53,0.0,162,2025-09-27 13:06:10+00:00
1,163,53,0.0,163,2025-09-27 13:06:11+00:00
1,162,53,0.0,162,2025-09-27 13:06:13+00:00
1,163,53,0.0,163,2025-09-27 13:06:14+00:00
1,164,53,0.0,164,2025-09-27 13:06:24+00:00
1,163,53,0.0,163,2025-09-27 13:06:27+00:00
1,164,53,0.0,164,2025-09-27 13:06:28+00:00
1,163,53,0.0,163,2025-09-27 13:06:33+00:00
1,162,53,0.0,162,2025-09-27 13:06:39+00:00
1,163,53,0.0,163,2025-09-27 13:06:40+00:00
1,162,53,0.0,162,2025-09-27 13:06:42+00:00
1,163,53,0.0,163,2025-09-27 13:06:43+00:00
1,162,53,0.0,162,2025-09-27 13:06:45+00:00
1,163,53,0.0,163,2025-09-27 13:06:46+00:00
1,162,53,0.0,162,2025-09-27 13:06:49+00:00
1,164,53,0.0,164,2025-09-27 13:06:50+00:00
1,165,53,0.0,165,2025-09-27 13:06:55+00:00
0,164,53,0.0,164,2025-09-27 13:06:56+00:00
0,165,53,0.0,165,2025-09-27 13:06:58+00:00
0,166,53,0.0,166,2025-09-27 13:07:01+00:00
0,165,53,0.0,165,2025-09-27 13:07:04+00:00
1,166,53,0.0,166,2025-09-27 13:07:05+00:00
0,167,53,0.0,167,2025-09-27 13:07:06+00:00
0,168,53,0.0,168,2025-09-27 13:07:09+00:00
1,169,53,0.0,169,2025-09-27 13:07:11+00:00
0,170,53,0.0,170,2025-09-27 13:07:15+00:00
0,171,53,0.0,171,2025-09-27 13:07:20+00:00
0,170,53,0.0,170,2025-09-27 13:07:21+00:00
0,171,53,0.0,171,2025-09-27 13:07:22+00:00
1,172,53,0.0,172,2025-09-27 13:07:28+00:00
1,171,53,0.0,171,2025-09-27 13:07:32+00:00
1,172,53,0.0,172,2025-09-27 13:07:33+00:00
15,173,53,0.0,173,2025-09-27 13:07:38+00:00
5,168,53,0.0,168,2025-09-27 13:07:40+00:00
1,167,53,0.0,167,2025-09-27 13:07:41+00:00
0,166,53,0.0,166,2025-09-27 13:07:43+00:00
0,165,53,0.0,165,2025-09-27 13:07:45+00:00
0,166,53,0.0,166,2025-09-27 13:07:46+00:00
0,167,53,0.0,167,2025-09-27 13:07:49+00:00
0,166,53,0.0,166,2025-09-27 13:07:54+00:00
0,167,53,0.0,167,2025-09-27 13:07:57+00:00
0,166,53,0.0,166,2025-09-27 13:07:59+00:00
1,165,52,0.0,165,2025-09-27 13:08:07+00:00
1,164,52,0.0,164,2025-09-27 13:08:14+00:00
0,163,52,0.0,163,2025-09-27 13:08:16+00:00
0,162,52,0.0,162,2025-09-27 13:08:17+00:00
0,161,52,0.0,161,2025-09-27 13:08:18+00:00
0,160,52,0.0,160,2025-09-27 13:08:22+00:00
0,159,52,0.0,159,2025-09-27 13:08:27+00:00
0,158,52,0.0,158,2025-09-27 13:08:31+00:00
1,159,52,0.0,159,2025-09-27 13:08:47+00:00
1,160,52,0.0,160,2025-09-27 13:08:54+00:00
1,159,52,0.0,159,2025-09-27 13:08:55+00:00
1,160,52,0.0,160,2025-09-27 13:08:57+00:00
1,159,52,0.0,159,2025-09-27 13:08:58+00:00
1,160,52,0.0,160,2025-09-27 13:08:59+00:00
1,159,52,0.0,159,2025-09-27 13:09:02+00:00
1,158,52,0.0,158,2025-09-27 13:09:07+00:00
1,159,52,0.0,159,2025-09-27 13:09:18+00:00
1,158,52,0.0,158,2025-09-27 13:09:19+00:00
1,159,52,0.0,159,2025-09-27 13:09:22+00:00
1,158,52,0.0,158,2025-09-27 13:09:24+00:00
1,159,52,0.0,159,2025-09-27 13:09:27+00:00
1,158,52,0.0,158,2025-09-27 13:09:31+00:00
1,157,52,0.0,157,2025-09-27 13:09:34+00:00
1,158,52,0.0,158,2025-09-27 13:09:35+00:00
0,157,52,0.0,157,2025-09-27 13:09:37+00:00
0,156,52,0.0,156,2025-09-27 13:09:43+00:00
0,157,52,0.0,157,2025-09-27 13:09:44+00:00
1,158,52,0.0,158,2025-09-27 13:09:47+00:00
1,157,52,0.0,157,2025-09-27 13:09:48+00:00
1,156,52,0.0,156,2025-09-27 13:09:52+00:00
1,157,52,0.0,157,2025-09-27 13:09:53+00:00
1,156,52,0.0,156,2025-09-27 13:09:55+00:00
1,157,52,0.0,157,2025-09-27 13:10:01+00:00
1,156,52,0.0,156,2025-09-27 13:10:02+00:00
1,155,52,0.0,155,2025-09-27 13:10:05+00:00
1,154,52,0.0,154,2025-09-27 13:10:09+00:00
1,155,52,0.0,155,2025-09-27 13:10:10+00:00
1,154,52,0.0,154,2025-09-27 13:10:11+00:00
1,153,52,0.0,153,2025-09-27 13:10:14+00:00
1,152,52,0.0,152,2025-09-27 13:10:17+00:00
1,153,52,0.0,153,2025-09-27 13:10:22+00:00
0,152,52,0.0,152,2025-09-27 13:10:25+00:00
0,151,52,0.0,151,2025-09-27 13:10:28+00:00
0,150,52,0.0,150,2025-09-27 13:10:29+00:00
0,149,52,0.0,149,2025-09-27 13:10:31+00:00
0,148,52,0.0,148,2025-09-27 13:10:32+00:00
0,147,52,0.0,147,2025-09-27 13:10:35+00:00
0,146,52,0.0,146,2025-09-27 13:10:36+00:00
0,144,52,0.0,144,2025-09-27 13:10:37+00:00
0,143,52,0.0,143,2025-09-27 13:10:38+00:00
0,141,52,0.0,141,2025-09-27 13:10:39+00:00
1,140,52,0.0,140,2025-09-27 13:10:45+00:00
0,139,52,0.0,139,2025-09-27 13:10:46+00:00
1,138,52,0.0,138,2025-09-27 13:10:49+00:00
1,137,52,0.0,137,2025-09-27 13:10:50+00:00
0,138,52,0.0,138,2025-09-27 13:10:53+00:00
0,137,52,0.0,137,2025-09-27 13:10:54+00:00
0,138,52,0.0,138,2025-09-27 13:10:55+00:00
0,137,52,0.0,137,2025-09-27 13:10:56+00:00
0,136,52,0.0,136,2025-09-27 13:11:01+00:00
0,135,52,0.0,135,2025-09-27 13:11:02+00:00
0,134,52,0.0,134,2025-09-27 13:11:05+00:00
1,133,52,0.0,133,2025-09-27 13:11:08+00:00
1,132,52,0.0,132,2025-09-27 13:11:10+00:00
1,131,52,0.0,131,2025-09-27 13:11:11+00:00
1,130,52,0.0,130,2025-09-27 13:11:12+00:00
5,131,52,0.0,131,2025-09-27 13:11:17+00:00
1,134,52,0.0,134,2025-09-27 13:11:18+00:00
1,133,52,0.0,133,2025-09-27 13:11:19+00:00
0,134,52,0.0,134,2025-09-27 13:11:21+00:00
4,133,52,0.0,133,2025-09-27 13:11:23+00:00
11,132,52,0.0,132,2025-09-27 13:11:24+00:00
4,133,52,0.0,133,2025-09-27 13:11:27+00:00
6,131,52,0.0,131,2025-09-27 13:11:28+00:00
8,130,52,0.0,130,2025-09-27 13:11:33+00:00
7,129,52,0.0,129,2025-09-27 13:11:35+00:00
6,128,52,0.0,128,2025-09-27 13:11:36+00:00
5,127,52,0.0,127,2025-09-27 13:11:38+00:00
1,126,52,0.0,126,2025-09-27 13:11:39+00:00
0,127,52,0.0,127,2025-09-27 13:11:43+00:00
0,126,52,0.0,126,2025-09-27 13:11:47+00:00
0,125,52,0.0,125,2025-09-27 13:11:50+00:00
0,124,52,0.0,124,2025-09-27 13:11:53+00:00
0,123,52,0.0,123,2025-09-27 13:11:54+00:00
0,122,52,0.0,122,2025-09-27 13:11:58+00:00
0,123,52,0.0,123,2025-09-27 13:12:00+00:00
1,122,52,0.0,122,2025-09-27 13:12:06+00:00
2,123,52,0.0,123,2025-09-27 13:12:10+00:00
3,119,52,0.0,119,2025-09-27 13:12:12+00:00
0,116,52,0.0,116,2025-09-27 13:12:13+00:00
0,115,52,0.0,115,2025-09-27 13:12:14+00:00
1,116,52,0.0,116,2025-09-27 13:12:17+00:00
0,118,52,0.0,118,2025-09-27 13:12:20+00:00
0,116,52,0.0,116,2025-09-27 13:12:22+00:00
0,114,52,0.0,114,2025-09-27 13:12:24+00:00
0,112,52,0.0,112,2025-09-27 13:12:25+00:00
0,111,52,0.0,111,2025-09-27 13:12:26+00:00
1,112,52,0.0,112,2025-09-27 13:12:37+00:00
0,113,52,0.0,113,2025-09-27 13:12:41+00:00
0,114,52,0.0,114,2025-09-27 13:12:42+00:00
0,113,52,0.0,113,2025-09-27 13:12:46+00:00
0,110,52,0.0,110,2025-09-27 13:12:49+00:00
0,108,52,0.0,108,2025-09-27 13:12:50+00:00
0,109,52,0.0,109,2025-09-27 13:12:53+00:00
0,110,52,0.0,110,2025-09-27 13:12:55+00:00
0,109,51,0.0,109,2025-09-27 13:13:00+00:00
0,108,51,0.0,108,2025-09-27 13:13:01+00:00
0,107,51,0.0,107,2025-09-27 13:13:02+00:00
0,108,51,0.0,108,2025-09-27 13:13:04+00:00
0,109,51,0.0,109,2025-09-27 13:13:06+00:00
0,110,51,0.0,110,2025-09-27 13:13:07+00:00
0,111,51,0.0,111,2025-09-27 13:13:08+00:00
0,112,51,0.0,112,2025-09-27 13:13:09+00:00
0,113,51,0.0,113,2025-09-27 13:13:11+00:00
0,114,51,0.0,114,2025-09-27 13:13:12+00:00
0,116,51,0.0,116,2025-09-27 13:13:14+00:00
0,119,51,0.0,119,2025-09-27 13:13:16+00:00
0,121,51,0.0,121,2025-09-27 13:13:17+00:00
0,122,51,0.0,122,2025-09-27 13:13:18+00:00
0,123,51,0.0,123,2025-09-27 13:13:19+00:00
0,124,51,0.0,124,2025-09-27 13:13:20+00:00
0,125,51,0.0,125,2025-09-27 13:13:23+00:00
1,126,51,0.0,126,2025-09-27 13:13:29+00:00
1,127,51,0.0,127,2025-09-27 13:13:33+00:00
1,128,51,0.0,128,2025-09-27 13:13:37+00:00
0,127,51,0.0,127,2025-09-27 13:13:41+00:00
0,126,51,0.0,126,2025-09-27 13:13:42+00:00
0,125,51,0.0,125,2025-09-27 13:13:43+00:00
0,124,51,0.0,124,2025-09-27 13:13:44+00:00
0,123,51,0.0,123,2025-09-27 13:13:45+00:00
0,124,51,0.0,124,2025-09-27 13:13:50+00:00
0,125,51,0.0,125,2025-09-27 13:13:51+00:00
0,124,51,0.0,124,2025-09-27 13:13:53+00:00
0,123,51,0.0,123,2025-09-27 13:13:56+00:00
3,124,51,0.0,124,2025-09-27 13:14:01+00:00
22,123,51,0.0,123,2025-09-27 13:14:07+00:00
31,125,51,0.0,125,2025-09-27 13:14:09+00:00
37,123,51,0.0,123,2025-09-27 13:14:10+00:00
37,124,51,0.0,124,2025-09-27 13:14:12+00:00
36,120,51,0.0,120,2025-09-27 13:14:13+00:00
29,113,51,0.0,113,2025-09-27 13:14:14+00:00
23,109,51,0.0,109,2025-09-27 13:14:15+00:00
23,107,51,0.0,107,2025-09-27 13:14:16+00:00
28,106,51,0.0,106,2025-09-27 13:14:17+00:00
29,109,51,0.0,109,2025-09-27 13:14:18+00:00
19,115,51,0.0,115,2025-09-27 13:14:19+00:00
13,118,51,0.0,118,2025-09-27 13:14:20+00:00
13,118,51,0.0,118,2025-09-27 13:14:21+00:00
22,115,51,0.0,115,2025-09-27 13:14:22+00:00
21,114,51,0.0,114,2025-09-27 13:14:23+00:00
12,118,51,0.0,118,2025-09-27 13:14:24+00:00
16,119,51,0.0,119,2025-09-27 13:14:26+00:00
23,121,51,0.0,121,2025-09-27 13:14:27+00:00
29,122,51,0.0,122,2025-09-27 13:14:28+00:00
35,121,51,0.0,121,2025-09-27 13:14:29+00:00
40,120,51,0.0,120,2025-09-27 13:14:30+00:00
43,117,51,0.0,117,2025-09-27 13:14:31+00:00
41,113,51,0.0,113,2025-09-27 13:14:32+00:00
29,107,51,0.0,107,2025-09-27 13:14:33+00:00
15,102,51,0.0,102,2025-09-27 13:14:34+00:00
10,100,51,0.0,100,2025-09-27 13:14:35+00:00
6,101,51,0.0,101,2025-09-27 13:14:40+00:00
6,100,51,0.0,100,2025-09-27 13:14:42+00:00
25,99,51,0.0,99,2025-09-27 13:14:47+00:00
26,96,51,0.0,96,2025-09-27 13:14:48+00:00
24,94,51,0.0,94,2025-09-27 13:14:49+00:00
23,93,51,0.0,93,2025-09-27 13:14:50+00:00
17,91,51,0.0,91,2025-09-27 13:14:51+00:00
3,88,51,0.0,88,2025-09-27 13:14:52+00:00
4,89,51,0.0,89,2025-09-27 13:14:53+00:00
3,90,51,0.0,90,2025-09-27 13:14:54+00:00
3,91,51,0.0,91,2025-09-27 13:14:55+00:00
1,93,51,0.0,93,2025-09-27 13:14:56+00:00
0,95,51,0.0,95,2025-09-27 13:14:58+00:00
0,96,51,0.0,96,2025-09-27 13:15:03+00:00
0,95,51,0.0,95,2025-09-27 13:15:04+00:00
0,96,51,0.0,96,2025-09-27 13:15:07+00:00
0,97,51,0.0,97,2025-09-27 13:15:10+00:00
1,98,51,0.0,98,2025-09-27 13:15:14+00:00
1,99,51,0.0,99,2025-09-27 13:15:17+00:00
1,100,51,0.0,100,2025-09-27 13:15:20+00:00
1,101,51,0.0,101,2025-09-27 13:15:22+00:00
1,102,51,0.0,102,2025-09-27 13:15:23+00:00
1,103,51,0.0,103,2025-09-27 13:15:24+00:00
1,102,51,0.0,102,2025-09-27 13:15:26+00:00
0,100,51,0.0,100,2025-09-27 13:15:28+00:00
4,98,51,0.0,98,2025-09-27 13:15:29+00:00
0,95,51,0.0,95,2025-09-27 13:15:30+00:00
0,95,51,0.0,95,2025-09-27 13:15:31+00:00
0,96,51,0.0,96,2025-09-27 13:15:32+00:00
1,97,51,0.0,97,2025-09-27 13:15:34+00:00
1,98,51,0.0,98,2025-09-27 13:15:35+00:00
0,100,51,0.0,100,2025-09-27 13:15:36+00:00
0,101,51,0.0,101,2025-09-27 13:15:37+00:00
0,102,51,0.0,102,2025-09-27 13:15:38+00:00
0,103,51,0.0,103,2025-09-27 13:15:39+00:00
0,104,51,0.0,104,2025-09-27 13:15:41+00:00
0,105,51,0.0,105,2025-09-27 13:15:42+00:00
0,106,51,0.0,106,2025-09-27 13:15:43+00:00
0,107,51,0.0,107,2025-09-27 13:15:44+00:00
0,108,51,0.0,108,2025-09-27 13:15:45+00:00
0,109,51,0.0,109,2025-09-27 13:15:47+00:00
0,110,51,0.0,110,2025-09-27 13:15:48+00:00
2,106,51,0.0,106,2025-09-27 13:15:53+00:00
0,103,51,0.0,103,2025-09-27 13:15:54+00:00
0,103,51,0.0,103,2025-09-27 13:15:55+00:00
0,104,51,0.0,104,2025-09-27 13:15:56+00:00
0,103,51,0.0,103,2025-09-27 13:15:57+00:00
0,102,51,0.0,102,2025-09-27 13:15:58+00:00
0,101,51,0.0,101,2025-09-27 13:15:59+00:00
0,102,51,0.0,102,2025-09-27 13:16:02+00:00
0,103,51,0.0,103,2025-09-27 13:16:03+00:00
0,105,51,0.0,105,2025-09-27 13:16:05+00:00
0,107,51,0.0,107,2025-09-27 13:16:06+00:00
0,108,51,0.0,108,2025-09-27 13:16:07+00:00
0,109,51,0.0,109,2025-09-27 13:16:09+00:00
0,108,51,0.0,108,2025-09-27 13:16:12+00:00
0,109,51,0.0,109,2025-09-27 13:16:13+00:00
0,108,51,0.0,108,2025-09-27 13:16:15+00:00
0,109,51,0.0,109,2025-09-27 13:16:17+00:00
0,108,51,0.0,108,2025-09-27 13:16:19+00:00
1,109,51,0.0,109,2025-09-27 13:16:24+00:00
1,110,51,0.0,110,2025-09-27 13:16:29+00:00
1,109,51,0.0,109,2025-09-27 13:16:39+00:00
1,110,51,0.0,110,2025-09-27 13:16:40+00:00
1,109,51,0.0,109,2025-09-27 13:16:42+00:00
1,108,51,0.0,108,2025-09-27 13:16:44+00:00
1,107,51,0.0,107,2025-09-27 13:16:45+00:00
1,105,51,0.0,105,2025-09-27 13:16:46+00:00
0,103,51,0.0,103,2025-09-27 13:16:47+00:00
0,102,51,0.0,102,2025-09-27 13:16:48+00:00
1,101,51,0.0,101,2025-09-27 13:16:49+00:00
1,100,51,0.0,100,2025-09-27 13:16:52+00:00
1,99,51,0.0,99,2025-09-27 13:16:53+00:00
1,98,51,0.0,98,2025-09-27 13:16:54+00:00
1,97,51,0.0,97,2025-09-27 13:16:57+00:00
1,98,51,0.0,98,2025-09-27 13:16:58+00:00
1,99,51,0.0,99,2025-09-27 13:17:01+00:00
1,98,51,0.0,98,2025-09-27 13:17:11+00:00
1,97,51,0.0,97,2025-09-27 13:17:15+00:00
1,95,51,0.0,95,2025-09-27 13:17:17+00:00
1,93,51,0.0,93,2025-09-27 13:17:19+00:00
0,92,51,0.0,92,2025-09-27 13:17:20+00:00
1,93,51,0.0,93,2025-09-27 13:17:23+00:00
0,94,51,0.0,94,2025-09-27 13:17:27+00:00
0,93,51,0.0,93,2025-09-27 13:17:29+00:00
0,94,51,0.0,94,2025-09-27 13:17:33+00:00
0,95,51,0.0,95,2025-09-27 13:17:35+00:00
0,94,51,0.0,94,2025-09-27 13:17:37+00:00
0,93,51,0.0,93,2025-09-27 13:17:39+00:00
2,92,51,0.0,92,2025-09-27 13:17:43+00:00
1,91,51,0.0,91,2025-09-27 13:17:44+00:00
1,92,51,0.0,92,2025-09-27 13:17:45+00:00
1,93,51,0.0,93,2025-09-27 13:17:46+00:00
7,92,51,0.0,92,2025-09-27 13:17:48+00:00
14,90,51,0.0,90,2025-09-27 13:17:49+00:00
11,91,51,0.0,91,2025-09-27 13:17:50+00:00
11,90,51,0.0,90,2025-09-27 13:17:51+00:00
13,88,51,0.0,88,2025-09-27 13:17:52+00:00
3,89,51,0.0,89,2025-09-27 13:17:53+00:00
3,90,51,0.0,90,2025-09-27 13:17:56+00:00
0,92,51,0.0,92,2025-09-27 13:17:57+00:00
0,94,51,0.0,94,2025-09-27 13:17:58+00:00
0,95,51,0.0,95,2025-09-27 13:17:59+00:00
0,96,51,0.0,96,2025-09-27 13:18:00+00:00
0,97,51,0.0,97,2025-09-27 13:18:01+00:00
0,98,51,0.0,98,2025-09-27 13:18:04+00:00
0,99,51,0.0,99,2025-09-27 13:18:05+00:00
0,100,51,0.0,100,2025-09-27 13:18:06+00:00
0,101,51,0.0,101,2025-09-27 13:18:07+00:00
0,102,51,0.0,102,2025-09-27 13:18:08+00:00
0,103,51,0.0,103,2025-09-27 13:18:10+00:00
0,101,51,0.0,101,2025-09-27 13:18:13+00:00
0,100,51,0.0,100,2025-09-27 13:18:21+00:00
0,101,51,0.0,101,2025-09-27 13:18:22+00:00
0,100,51,0.0,100,2025-09-27 13:18:25+00:00
0,101,51,0.0,101,2025-09-27 13:18:26+00:00
1,102,51,0.0,102,2025-09-27 13:18:29+00:00
2,103,51,0.0,103,2025-09-27 13:18:32+00:00
4,104,51,0.0,104,2025-09-27 13:18:35+00:00
2,103,51,0.0,103,2025-09-27 13:18:36+00:00
1,102,51,0.0,102,2025-09-27 13:18:38+00:00
3,103,51,0.0,103,2025-09-27 13:18:39+00:00
0,104,51,0.0,104,2025-09-27 13:18:42+00:00
0,103,51,0.0,103,2025-09-27 13:18:49+00:00
2,101,51,0.0,101,2025-09-27 13:18:50+00:00
0,100,51,0.0,100,2025-09-27 13:18:51+00:00
3,102,51,0.0,102,2025-09-27 13:18:54+00:00
0,104,51,0.0,104,2025-09-27 13:18:55+00:00
0,107,51,0.0,107,2025-09-27 13:18:56+00:00
0,108,51,0.0,108,2025-09-27 13:18:57+00:00
0,109,51,0.0,109,2025-09-27 13:18:58+00:00
0,110,51,0.0,110,2025-09-27 13:18:59+00:00
1,111,51,0.0,111,2025-09-27 13:19:00+00:00
1,112,51,0.0,112,2025-09-27 13:19:01+00:00
1,113,51,0.0,113,2025-09-27 13:19:02+00:00
1,114,51,0.0,114,2025-09-27 13:19:03+00:00
0,115,51,0.0,115,2025-09-27 13:19:06+00:00
1,114,51,0.0,114,2025-09-27 13:19:08+00:00
1,115,51,0.0,115,2025-09-27 13:19:09+00:00
1,116,51,0.0,116,2025-09-27 13:19:11+00:00
1,115,51,0.0,115,2025-09-27 13:19:15+00:00
1,116,51,0.0,116,2025-09-27 13:19:16+00:00
1,115,51,0.0,115,2025-09-27 13:19:19+00:00
1,116,51,0.0,116,2025-09-27 13:19:20+00:00
1,115,51,0.0,115,2025-09-27 13:19:25+00:00
1,114,51,0.0,114,2025-09-27 13:19:27+00:00
1,112,51,0.0,112,2025-09-27 13:19:28+00:00
0,110,51,0.0,110,2025-09-27 13:19:29+00:00
0,109,51,0.0,109,2025-09-27 13:19:30+00:00
0,110,51,0.0,110,2025-09-27 13:19:32+00:00
0,109,51,0.0,109,2025-09-27 13:19:38+00:00
0,110,51,0.0,110,2025-09-27 13:19:39+00:00
0,111,51,0.0,111,2025-09-27 13:19:42+00:00
0,112,51,0.0,112,2025-09-27 13:19:43+00:00
0,113,51,0.0,113,2025-09-27 13:19:44+00:00
0,114,51,0.0,114,2025-09-27 13:19:45+00:00
0,115,51,0.0,115,2025-09-27 13:19:49+00:00
0,114,51,0.0,114,2025-09-27 13:19:50+00:00
0,115,51,0.0,115,2025-09-27 13:19:53+00:00
0,114,51,0.0,114,2025-09-27 13:19:56+00:00
1,115,51,0.0,115,2025-09-27 13:19:59+00:00
2,114,51,0.0,114,2025-09-27 13:20:00+00:00
0,111,51,0.0,111,2025-09-27 13:20:01+00:00
0,112,51,0.0,112,2025-09-27 13:20:08+00:00
0,113,51,0.0,113,2025-09-27 13:20:12+00:00
0,114,51,0.0,114,2025-09-27 13:20:14+00:00
0,115,51,0.0,115,2025-09-27 13:20:15+00:00
0,116,51,0.0,116,2025-09-27 13:20:17+00:00
0,117,51,0.0,117,2025-09-27 13:20:20+00:00
0,118,51,0.0,118,2025-09-27 13:20:22+00:00
6,119,51,0.0,119,2025-09-27 13:20:24+00:00
9,117,51,0.0,117,2025-09-27 13:20:26+00:00
1,115,51,0.0,115,2025-09-27 13:20:27+00:00
2,114,51,0.0,114,2025-09-27 13:20:28+00:00
0,113,51,0.0,113,2025-09-27 13:20:30+00:00
0,111,51,0.0,111,2025-09-27 13:20:31+00:00
0,109,51,0.0,109,2025-09-27 13:20:32+00:00
0,107,51,0.0,107,2025-09-27 13:20:33+00:00
0,106,51,0.0,106,2025-09-27 13:20:34+00:00
0,104,51,0.0,104,2025-09-27 13:20:35+00:00
0,103,51,0.0,103,2025-09-27 13:20:36+00:00
0,102,51,0.0,102,2025-09-27 13:20:37+00:00
0,101,51,0.0,101,2025-09-27 13:20:38+00:00
0,102,51,0.0,102,2025-09-27 13:20:39+00:00
0,103,51,0.0,103,2025-09-27 13:20:40+00:00
2,102,51,0.0,102,2025-09-27 13:20:41+00:00
8,101,51,0.0,101,2025-09-27 13:20:43+00:00
11,100,51,0.0,100,2025-09-27 13:20:44+00:00
15,97,51,0.0,97,2025-09-27 13:20:45+00:00
13,93,51,0.0,93,2025-09-27 13:20:46+00:00
15,91,51,0.0,91,2025-09-27 13:20:47+00:00
13,89,51,0.0,89,2025-09-27 13:20:48+00:00
10,88,51,0.0,88,2025-09-27 13:20:49+00:00
6,86,51,0.0,86,2025-09-27 13:20:50+00:00
5,92,51,0.0,92,2025-09-27 13:20:52+00:00
6,89,51,0.0,89,2025-09-27 13:20:53+00:00
4,88,51,0.0,88,2025-09-27 13:20:54+00:00
0,89,51,0.0,89,2025-09-27 13:20:55+00:00
0,88,51,0.0,88,2025-09-27 13:20:58+00:00
1,89,51,0.0,89,2025-09-27 13:21:01+00:00
0,91,51,0.0,91,2025-09-27 13:21:02+00:00
0,92,51,0.0,92,2025-09-27 13:21:04+00:00
0,93,51,0.0,93,2025-09-27 13:21:06+00:00
1,94,51,0.0,94,2025-09-27 13:21:07+00:00
0,95,51,0.0,95,2025-09-27 13:21:10+00:00
0,96,51,0.0,96,2025-09-27 13:21:11+00:00
0,97,51,0.0,97,2025-09-27 13:21:13+00:00
0,96,51,0.0,96,2025-09-27 13:21:15+00:00
0,97,51,0.0,97,2025-09-27 13:21:16+00:00
0,98,51,0.0,98,2025-09-27 13:21:18+00:00
0,100,51,0.0,100,2025-09-27 13:21:19+00:00
0,101,51,0.0,101,2025-09-27 13:21:21+00:00
0,100,51,0.0,100,2025-09-27 13:21:23+00:00
0,99,51,0.0,99,2025-09-27 13:21:27+00:00
0,98,51,0.0,98,2025-09-27 13:21:39+00:00
0,97,51,0.0,97,2025-09-27 13:21:41+00:00
0,98,51,0.0,98,2025-09-27 13:21:43+00:00
0,99,51,0.0,99,2025-09-27 13:21:46+00:00
0,101,51,0.0,101,2025-09-27 13:21:47+00:00
0,102,51,0.0,102,2025-09-27 13:21:48+00:00
0,103,51,0.0,103,2025-09-27 13:21:49+00:00
0,104,51,0.0,104,2025-09-27 13:21:53+00:00
1,105,51,0.0,105,2025-09-27 13:21:55+00:00
1,106,51,0.0,106,2025-09-27 13:21:57+00:00
1,107,51,0.0,107,2025-09-27 13:22:00+00:00
1,108,51,0.0,108,2025-09-27 13:22:01+00:00
1,107,51,0.0,107,2025-09-27 13:22:05+00:00
0,104,51,0.0,104,2025-09-27 13:22:08+00:00
0,103,51,0.0,103,2025-09-27 13:22:09+00:00
0,102,51,0.0,102,2025-09-27 13:22:10+00:00
0,103,51,0.0,103,2025-09-27 13:22:15+00:00
0,104,51,0.0,104,2025-09-27 13:22:17+00:00
1,105,51,0.0,105,2025-09-27 13:22:22+00:00
1,106,51,0.0,106,2025-09-27 13:22:24+00:00
0,105,51,0.0,105,2025-09-27 13:22:26+00:00
0,106,51,0.0,106,2025-09-27 13:22:29+00:00
1,105,51,0.0,105,2025-09-27 13:22:32+00:00
1,106,51,0.0,106,2025-09-27 13:22:33+00:00
1,105,51,0.0,105,2025-09-27 13:22:35+00:00
1,106,51,0.0,106,2025-09-27 13:22:36+00:00
1,105,51,0.0,105,2025-09-27 13:22:37+00:00
0,104,51,0.0,104,2025-09-27 13:22:38+00:00
0,103,51,0.0,103,2025-09-27 13:22:52+00:00
0,102,51,0.0,102,2025-09-27 13:22:54+00:00
0,101,51,0.0,101,2025-09-27 13:22:56+00:00
0,100,51,0.0,100,2025-09-27 13:22:57+00:00
0,101,51,0.0,101,2025-09-27 13:23:03+00:00
0,102,51,0.0,102,2025-09-27 13:23:06+00:00
1,103,51,0.0,103,2025-09-27 13:23:13+00:00
1,102,51,0.0,102,2025-09-27 13:23:14+00:00
1,101,51,0.0,101,2025-09-27 13:23:17+00:00
0,100,51,0.0,100,2025-09-27 13:23:18+00:00
0,99,51,0.0,99,2025-09-27 13:23:19+00:00
0,98,51,0.0,98,2025-09-27 13:23:20+00:00
1,97,51,0.0,97,2025-09-27 13:23:21+00:00
1,96,51,0.0,96,2025-09-27 13:23:22+00:00
1,97,51,0.0,97,2025-09-27 13:23:26+00:00
1,98,51,0.0,98,2025-09-27 13:23:33+00:00
1,97,51,0.0,97,2025-09-27 13:23:36+00:00
1,98,51,0.0,98,2025-09-27 13:23:37+00:00
1,97,51,0.0,97,2025-09-27 13:23:39+00:00
1,96,51,0.0,96,2025-09-27 13:23:41+00:00
1,95,51,0.0,95,2025-09-27 13:23:44+00:00
1,94,51,0.0,94,2025-09-27 13:23:45+00:00
1,93,51,0.0,93,2025-09-27 13:23:46+00:00
1,91,51,0.0,91,2025-09-27 13:23:48+00:00
0,89,51,0.0,89,2025-09-27 13:23:49+00:00
0,87,51,0.0,87,2025-09-27 13:23:50+00:00
0,85,51,0.0,85,2025-09-27 13:23:51+00:00
0,84,51,0.0,84,2025-09-27 13:23:53+00:00
0,85,51,0.0,85,2025-09-27 13:23:54+00:00
0,86,51,0.0,86,2025-09-27 13:23:56+00:00
0,87,51,0.0,87,2025-09-27 13:23:57+00:00
0,88,51,0.0,88,2025-09-27 13:23:58+00:00
0,89,51,0.0,89,2025-09-27 13:23:59+00:00
0,91,51,0.0,91,2025-09-27 13:24:00+00:00
0,92,51,0.0,92,2025-09-27 13:24:01+00:00
0,93,51,0.0,93,2025-09-27 13:24:02+00:00
0,95,51,0.0,95,2025-09-27 13:24:03+00:00
0,97,51,0.0,97,2025-09-27 13:24:04+00:00
0,99,51,0.0,99,2025-09-27 13:24:05+00:00
0,101,51,0.0,101,2025-09-27 13:24:06+00:00
0,102,51,0.0,102,2025-09-27 13:24:07+00:00
0,104,51,0.0,104,2025-09-27 13:24:08+00:00
0,105,51,0.0,105,2025-09-27 13:24:09+00:00
0,106,51,0.0,106,2025-09-27 13:24:11+00:00
0,107,51,0.0,107,2025-09-27 13:24:13+00:00
0,108,51,0.0,108,2025-09-27 13:24:16+00:00
0,107,51,0.0,107,2025-09-27 13:24:17+00:00
0,105,51,0.0,105,2025-09-27 13:24:21+00:00
0,103,51,0.0,103,2025-09-27 13:24:22+00:00
0,101,51,0.0,101,2025-09-27 13:24:23+00:00
0,100,51,0.0,100,2025-09-27 13:24:28+00:00
0,101,51,0.0,101,2025-09-27 13:24:29+00:00
0,102,51,0.0,102,2025-09-27 13:24:32+00:00
0,101,51,0.0,101,2025-09-27 13:24:34+00:00
0,100,51,0.0,100,2025-09-27 13:24:36+00:00
2,101,51,0.0,101,2025-09-27 13:24:38+00:00
7,103,51,0.0,103,2025-09-27 13:24:39+00:00
3,101,51,0.0,101,2025-09-27 13:24:40+00:00
2,100,51,0.0,100,2025-09-27 13:24:41+00:00
2,99,51,0.0,99,2025-09-27 13:24:44+00:00
2,100,51,0.0,100,2025-09-27 13:24:47+00:00
3,102,51,0.0,102,2025-09-27 13:24:48+00:00
1,104,51,0.0,104,2025-09-27 13:24:49+00:00
1,106,51,0.0,106,2025-09-27 13:24:50+00:00
0,107,51,0.0,107,2025-09-27 13:24:52+00:00
1,109,51,0.0,109,2025-09-27 13:24:53+00:00
0,110,51,0.0,110,2025-09-27 13:24:54+00:00
0,111,51,0.0,111,2025-09-27 13:24:55+00:00
0,112,51,0.0,112,2025-09-27 13:24:56+00:00
1,111,51,0.0,111,2025-09-27 13:25:01+00:00
1,112,51,0.0,112,2025-09-27 13:25:04+00:00
2,113,51,0.0,113,2025-09-27 13:25:06+00:00
0,114,51,0.0,114,2025-09-27 13:25:07+00:00
0,115,51,0.0,115,2025-09-27 13:25:08+00:00
0,117,51,0.0,117,2025-09-27 13:25:09+00:00
0,116,51,0.0,116,2025-09-27 13:25:14+00:00
0,117,51,0.0,117,2025-09-27 13:25:16+00:00
0,116,51,0.0,116,2025-09-27 13:25:20+00:00
6,115,51,0.0,115,2025-09-27 13:25:22+00:00
5,116,51,0.0,116,2025-09-27 13:25:23+00:00
2,103,51,0.0,103,2025-09-27 13:25:26+00:00
2,103,51,0.0,103,2025-09-27 13:25:27+00:00
2,102,51,0.0,102,2025-09-27 13:25:28+00:00
2,111,51,0.0,111,2025-09-27 13:25:30+00:00
2,112,51,0.0,112,2025-09-27 13:25:31+00:00
2,111,51,0.0,111,2025-09-27 13:25:32+00:00
3,110,51,0.0,110,2025-09-27 13:25:33+00:00
4,108,51,0.0,108,2025-09-27 13:25:34+00:00
4,106,51,0.0,106,2025-09-27 13:25:35+00:00
0,108,51,0.0,108,2025-09-27 13:25:36+00:00
0,109,51,0.0,109,2025-09-27 13:25:37+00:00
2,110,51,0.0,110,2025-09-27 13:25:42+00:00
14,111,51,0.0,111,2025-09-27 13:25:45+00:00
0,113,51,0.0,113,2025-09-27 13:25:46+00:00
1,114,51,0.0,114,2025-09-27 13:25:47+00:00
0,115,51,0.0,115,2025-09-27 13:25:50+00:00
0,116,51,0.0,116,2025-09-27 13:25:51+00:00
0,115,51,0.0,115,2025-09-27 13:25:52+00:00
0,116,51,0.0,116,2025-09-27 13:25:53+00:00
1,117,51,0.0,117,2025-09-27 13:25:58+00:00
1,116,51,0.0,116,2025-09-27 13:26:00+00:00
1,116,51,0.0,116,2025-09-27 13:26:02+00:00
1,115,51,0.0,115,2025-09-27 13:26:05+00:00
9,114,51,0.0,114,2025-09-27 13:26:08+00:00
4,112,51,0.0,112,2025-09-27 13:26:09+00:00
21,106,51,0.0,106,2025-09-27 13:26:12+00:00
19,100,51,0.0,100,2025-09-27 13:26:13+00:00
12,104,51,0.0,104,2025-09-27 13:26:14+00:00
11,101,51,0.0,101,2025-09-27 13:26:15+00:00
9,98,51,0.0,98,2025-09-27 13:26:16+00:00
5,96,51,0.0,96,2025-09-27 13:26:17+00:00
3,95,51,0.0,95,2025-09-27 13:26:18+00:00
0,94,51,0.0,94,2025-09-27 13:26:21+00:00
1,93,51,0.0,93,2025-09-27 13:26:24+00:00
1,92,51,0.0,92,2025-09-27 13:26:25+00:00
1,91,51,0.0,91,2025-09-27 13:26:26+00:00
0,89,51,0.0,89,2025-09-27 13:26:28+00:00
0,88,51,0.0,88,2025-09-27 13:26:29+00:00
0,89,51,0.0,89,2025-09-27 13:26:34+00:00
0,90,51,0.0,90,2025-09-27 13:26:35+00:00
11,93,51,0.0,93,2025-09-27 13:26:39+00:00
7,103,51,0.0,103,2025-09-27 13:26:40+00:00
10,101,51,0.0,101,2025-09-27 13:26:41+00:00
2,90,51,0.0,90,2025-09-27 13:26:42+00:00
2,90,51,0.0,90,2025-09-27 13:26:43+00:00
2,92,51,0.0,92,2025-09-27 13:26:44+00:00
4,94,51,0.0,94,2025-09-27 13:26:45+00:00
6,93,51,0.0,93,2025-09-27 13:26:47+00:00
1,94,51,0.0,94,2025-09-27 13:26:48+00:00
2,96,51,0.0,96,2025-09-27 13:26:49+00:00
4,97,51,0.0,97,2025-09-27 13:26:51+00:00
4,102,51,0.0,102,2025-09-27 13:26:52+00:00
0,104,51,0.0,104,2025-09-27 13:26:53+00:00
