107,135,136,143,cadence,cycle_length16,distance,enhanced_altitude,enhanced_speed,fractional_cadence,heart_rate,position_lat,position_long,timestamp
0,41,91,79,0,20.18,0.69,77.60000000000002,1.484,0.0,91,543621247,222664881,2025-09-20 06:48:17+00:00
1,49,94,79,0,29.62,12.66,82.20000000000005,2.454,0.0,94,543622379,222665986,2025-09-20 06:48:21+00:00
1,49,94,79,80,1.99,19.24,84.20000000000005,2.846,0.5,94,543622877,222666420,2025-09-20 06:48:23+00:00
1,57,95,79,82,1.99,22.87,85.60000000000002,2.846,0.0,95,543623253,222666671,2025-09-20 06:48:25+00:00
1,58,98,79,82,1.99,28.28,86.20000000000005,2.641,0.5,98,543623720,222667153,2025-09-20 06:48:27+00:00
1,57,101,79,83,1.99,31.03,87.60000000000002,2.594,0.0,101,543623966,222667412,2025-09-20 06:48:28+00:00
1,53,105,79,84,0.0,36.2,88.79999999999995,2.594,0.5,105,543624377,222667933,2025-09-20 06:48:30+00:00
1,49,107,79,85,0.0,39.44,88.60000000000002,2.65,0.5,107,543624618,222668328,2025-09-20 06:48:31+00:00
1,10,110,79,86,0.0,48.7,88.39999999999998,2.79,0.5,110,543625335,222669208,2025-09-20 06:48:34+00:00
1,5,113,79,85,1.99,57.68,87.60000000000002,2.921,0.0,113,543626061,222669971,2025-09-20 06:48:37+00:00
1,6,116,79,86,0.0,62.29,87.79999999999995,2.921,0.0,116,543626468,222670350,2025-09-20 06:48:39+00:00
1,4,119,79,85,0.0,67.25,87.79999999999995,2.855,0.5,119,543626913,222670886,2025-09-20 06:48:41+00:00
1,4,121,79,85,1.99,72.13,88.60000000000002,2.818,0.5,121,543627321,222671377,2025-09-20 06:48:43+00:00
1,6,124,79,85,1.99,79.53,88.39999999999998,2.771,0.0,124,543627946,222672022,2025-09-20 06:48:46+00:00
1,4,126,79,85,1.99,82.32,88.0,2.743,0.0,126,543628202,222672340,2025-09-20 06:48:47+00:00
1,3,129,79,85,1.99,93.33,87.20000000000005,2.725,0.5,129,543629124,222673333,2025-09-20 06:48:51+00:00
1,3,131,79,85,1.99,99.57,86.79999999999995,2.734,0.5,131,543629574,222673930,2025-09-20 06:48:53+00:00
1,3,132,79,86,1.99,106.88,86.79999999999995,2.79,0.0,132,543630131,222674792,2025-09-20 06:48:56+00:00
1,3,132,78,88,0.0,115.83,88.0,2.687,0.0,132,543630884,222675661,2025-09-20 06:49:00+00:00
1,1,133,78,88,0.0,126.04,88.60000000000002,2.641,0.0,133,543631735,222676631,2025-09-20 06:49:04+00:00
1,1,135,78,87,0.0,136.58,88.60000000000002,2.622,0.0,135,543632554,222677779,2025-09-20 06:49:08+00:00
1,1,138,78,84,0.0,144.05,88.39999999999998,2.603,0.5,138,543633090,222678669,2025-09-20 06:49:11+00:00
1,2,139,78,82,0.0,149.54,88.20000000000005,2.594,0.5,139,543633576,222679207,2025-09-20 06:49:13+00:00
1,2,141,78,86,0.0,157.26,88.79999999999995,2.603,0.0,141,543634204,222679872,2025-09-20 06:49:16+00:00
1,1,142,78,86,0.0,166.7,89.79999999999995,2.65,0.0,142,543634817,222681023,2025-09-20 06:49:19+00:00
1,1,142,78,86,0.0,175.34,90.79999999999995,2.706,0.0,142,543634733,222682359,2025-09-20 06:49:22+00:00
1,1,142,78,86,0.0,178.37,91.0,2.715,0.0,142,543634630,222682698,2025-09-20 06:49:23+00:00
1,1,142,78,87,0.0,186.95,92.39999999999998,2.743,0.5,142,543634154,222683898,2025-09-20 06:49:26+00:00
1,1,143,78,85,0.0,197.52,93.20000000000005,2.734,0.5,143,543633643,222685232,2025-09-20 06:49:30+00:00
1,1,144,78,85,0.0,205.67,94.20000000000005,2.734,0.5,144,543633308,222686425,2025-09-20 06:49:33+00:00
1,1,145,78,86,0.0,218.9,94.39999999999998,2.725,0.0,145,543632658,222688212,2025-09-20 06:49:38+00:00
1,1,145,78,86,0.0,226.34,94.20000000000005,2.697,0.0,145,543632426,222689295,2025-09-20 06:49:41+00:00
1,1,145,78,87,0.0,237.77,93.79999999999995,2.697,0.5,145,543631956,222690947,2025-09-20 06:49:45+00:00
1,1,146,78,87,0.0,249.08,94.0,2.706,0.0,146,543631431,222692526,2025-09-20 06:49:49+00:00
1,1,146,78,86,0.0,260.47,93.60000000000002,2.706,0.0,146,543631014,222694081,2025-09-20 06:49:53+00:00
1,1,147,78,87,0.0,273.64,93.39999999999998,2.706,0.0,147,543630414,222695962,2025-09-20 06:49:58+00:00
1,1,148,77,87,0.0,281.73,93.0,2.706,0.0,148,543630216,222697103,2025-09-20 06:50:01+00:00
1,1,149,77,87,0.0,290.81,92.39999999999998,2.725,0.5,149,543629920,222698405,2025-09-20 06:50:04+00:00
1,1,151,77,88,0.0,306.5,92.79999999999995,2.715,0.0,151,543629270,222700605,2025-09-20 06:50:10+00:00
1,1,150,77,87,0.0,314.85,92.79999999999995,2.715,0.5,150,543628836,222701805,2025-09-20 06:50:13+00:00
1,1,149,77,88,0.0,322.8,92.79999999999995,2.715,0.0,149,543628635,222702950,2025-09-20 06:50:16+00:00
1,1,150,77,87,0.0,336.81,94.20000000000005,2.715,0.0,150,543628168,222704934,2025-09-20 06:50:21+00:00
1,1,149,77,87,0.0,344.94,93.79999999999995,2.725,0.0,149,543627854,222706162,2025-09-20 06:50:24+00:00
1,1,149,77,86,0.0,358.79,94.39999999999998,2.725,0.0,149,543627318,222708071,2025-09-20 06:50:29+00:00
1,1,148,77,87,0.0,365.61,95.20000000000005,2.715,0.0,148,543627070,222709074,2025-09-20 06:50:32+00:00
1,1,148,77,87,0.0,369.18,94.79999999999995,2.697,0.0,148,543626926,222709561,2025-09-20 06:50:33+00:00
1,1,148,77,87,0.0,382.88,95.0,2.706,0.0,148,543626353,222711483,2025-09-20 06:50:38+00:00
1,1,147,77,86,0.0,393.75,95.39999999999998,2.697,0.5,147,543625878,222713030,2025-09-20 06:50:42+00:00
1,1,148,77,87,0.0,405.3,94.60000000000002,2.715,0.0,148,543625542,222714670,2025-09-20 06:50:46+00:00
1,1,148,77,86,0.0,413.73,94.39999999999998,2.725,0.0,148,543625182,222715881,2025-09-20 06:50:49+00:00
1,1,148,77,87,0.0,424.32,93.79999999999995,2.734,0.0,148,543624839,222717448,2025-09-20 06:50:53+00:00
1,1,149,77,86,0.0,435.24,94.60000000000002,2.734,0.0,149,543624373,222718851,2025-09-20 06:50:57+00:00
1,1,150,77,86,0.0,443.04,94.60000000000002,2.715,0.5,150,543623973,222720012,2025-09-20 06:51:00+00:00
1,1,149,77,87,0.0,453.6,94.60000000000002,2.715,0.0,149,543623648,222721573,2025-09-20 06:51:04+00:00
1,1,150,77,88,0.0,468.36,94.20000000000005,2.715,0.0,150,543623012,222723627,2025-09-20 06:51:09+00:00
1,1,151,77,88,0.0,476.64,94.60000000000002,2.734,0.5,151,543622776,222724773,2025-09-20 06:51:12+00:00
1,1,153,77,88,0.0,485.25,94.0,2.743,0.0,153,543622764,222726119,2025-09-20 06:51:15+00:00
1,1,154,77,86,0.0,499.93,93.79999999999995,2.753,0.5,154,543622631,222728362,2025-09-20 06:51:20+00:00
1,1,155,77,88,0.0,508.69,93.20000000000005,2.771,0.0,155,543622601,222729641,2025-09-20 06:51:23+00:00
1,1,155,77,87,0.0,520.05,92.20000000000005,2.799,0.0,155,543622541,222731401,2025-09-20 06:51:27+00:00
1,1,156,77,88,0.0,533.59,91.60000000000002,2.79,0.5,156,543622349,222733370,2025-09-20 06:51:32+00:00
1,1,156,77,88,0.0,541.96,91.79999999999995,2.781,0.0,156,543622134,222734720,2025-09-20 06:51:35+00:00
1,1,157,77,88,0.0,550.82,91.79999999999995,2.79,0.0,157,543622043,222736007,2025-09-20 06:51:38+00:00
1,1,157,77,87,0.0,562.46,91.20000000000005,2.799,0.0,157,543621746,222737788,2025-09-20 06:51:42+00:00
1,2,158,77,87,0.0,573.24,91.60000000000002,2.809,0.0,158,543621620,222739443,2025-09-20 06:51:46+00:00
1,2,158,77,86,0.0,581.15,91.79999999999995,2.799,0.5,158,543621556,222740612,2025-09-20 06:51:49+00:00
1,2,158,77,86,33.58,590.63,91.39999999999998,2.809,0.5,158,543620958,222741714,2025-09-20 06:51:52+00:00
1,2,158,77,85,33.58,601.37,92.60000000000002,2.818,0.5,158,543619987,222742568,2025-09-20 06:51:56+00:00
1,2,158,77,86,33.58,609.27,93.0,2.809,0.0,158,543619469,222743606,2025-09-20 06:51:59+00:00
1,2,158,77,88,34.28,619.57,93.60000000000002,2.79,0.0,158,543618982,222744978,2025-09-20 06:52:03+00:00
1,1,158,77,87,34.28,630.01,94.20000000000005,2.771,0.0,158,543618427,222746341,2025-09-20 06:52:07+00:00
1,1,158,77,87,0.0,638.98,94.60000000000002,2.753,0.5,158,543617874,222747575,2025-09-20 06:52:10+00:00
1,1,158,77,88,0.0,647.89,94.0,2.771,0.0,158,543617532,222748733,2025-09-20 06:52:13+00:00
1,1,158,77,87,34.28,658.96,94.20000000000005,2.781,0.0,158,543616988,222750284,2025-09-20 06:52:17+00:00
1,1,158,77,88,34.28,669.73,94.60000000000002,2.781,0.0,158,543616429,222751733,2025-09-20 06:52:21+00:00
1,1,160,77,87,24.98,681.21,95.0,2.771,0.0,160,543615925,222753349,2025-09-20 06:52:25+00:00
1,1,160,77,88,24.98,696.06,95.39999999999998,2.799,0.5,160,543615279,222755385,2025-09-20 06:52:30+00:00
1,2,160,77,87,34.28,705.74,96.20000000000005,2.79,0.0,160,543614760,222756668,2025-09-20 06:52:34+00:00
1,2,160,77,87,34.28,713.75,95.60000000000002,2.753,0.0,160,543614487,222757836,2025-09-20 06:52:37+00:00
1,2,160,77,88,24.98,728.88,95.39999999999998,2.771,0.0,160,543613863,222759909,2025-09-20 06:52:42+00:00
1,1,160,77,88,34.28,740.53,94.79999999999995,2.781,0.0,160,543613391,222761514,2025-09-20 06:52:46+00:00
1,1,161,77,87,34.28,753.62,95.0,2.771,0.5,161,543612832,222763399,2025-09-20 06:52:51+00:00
1,2,161,77,87,34.28,765.14,94.60000000000002,2.781,0.0,161,543612406,222765057,2025-09-20 06:52:55+00:00
1,2,161,77,85,34.28,776.14,94.20000000000005,2.79,0.5,161,543611991,222766585,2025-09-20 06:52:59+00:00
1,1,161,76,89,0.0,789.56,94.0,2.781,0.0,161,543611488,222768511,2025-09-20 06:53:04+00:00
1,1,162,76,89,0.0,803.34,93.39999999999998,2.762,0.5,162,543610901,222770544,2025-09-20 06:53:09+00:00
1,1,163,76,89,34.28,815.03,93.79999999999995,2.79,0.0,163,543610431,222772169,2025-09-20 06:53:13+00:00
1,2,163,76,88,34.28,825.75,93.79999999999995,2.781,0.0,163,543610078,222773656,2025-09-20 06:53:17+00:00
1,2,163,76,88,34.28,837.96,94.20000000000005,2.715,0.0,163,543609619,222775493,2025-09-20 06:53:22+00:00
1,2,163,76,87,34.28,849.2,95.20000000000005,2.706,0.0,163,543609135,222777077,2025-09-20 06:53:26+00:00
1,1,163,76,87,34.28,861.42,95.20000000000005,2.743,0.0,163,543608672,222778728,2025-09-20 06:53:30+00:00
1,1,163,76,86,0.0,877.7,96.39999999999998,2.762,0.5,163,543607899,222780947,2025-09-20 06:53:36+00:00
1,2,164,76,88,0.0,888.64,96.0,2.753,0.0,164,543607454,222782525,2025-09-20 06:53:40+00:00
1,1,163,76,87,0.0,904.68,96.20000000000005,2.743,0.0,163,543606850,222784855,2025-09-20 06:53:46+00:00
1,1,163,76,88,0.0,915.65,95.79999999999995,2.743,0.5,163,543606284,222786374,2025-09-20 06:53:50+00:00
1,2,163,76,87,0.0,924.95,95.39999999999998,2.743,0.0,163,543605949,222787599,2025-09-20 06:53:53+00:00
1,2,163,76,87,34.28,937.73,95.20000000000005,2.734,0.5,163,543605479,222789450,2025-09-20 06:53:58+00:00
1,2,163,76,88,34.28,949.43,94.39999999999998,2.743,0.0,163,543604967,222791072,2025-09-20 06:54:02+00:00
1,2,163,76,87,34.28,960.06,94.79999999999995,2.762,0.5,163,543604557,222792628,2025-09-20 06:54:06+00:00
1,3,162,76,89,0.0,974.07,94.60000000000002,2.762,0.0,162,543604098,222794636,2025-09-20 06:54:11+00:00
1,3,161,76,89,0.0,984.64,94.79999999999995,2.762,0.0,161,543603728,222796166,2025-09-20 06:54:15+00:00
1,4,161,76,88,0.0,995.89,95.60000000000002,2.753,0.0,161,543603221,222797705,2025-09-20 06:54:19+00:00
1,2,162,76,88,0.0,1004.71,95.20000000000005,2.753,0.0,162,543602965,222799034,2025-09-20 06:54:22+00:00
1,2,161,76,88,0.0,1007.02,95.0,2.753,0.0,161,543602920,222799386,2025-09-20 06:54:23+00:00
1,3,161,76,85,0.0,1022.47,95.0,2.762,0.5,161,543602413,222801597,2025-09-20 06:54:28+00:00
1,3,162,76,88,0.0,1033.05,94.79999999999995,2.809,0.0,162,543601974,222803029,2025-09-20 06:54:32+00:00
1,3,162,76,87,0.0,1043.83,94.79999999999995,2.743,0.0,162,543601586,222804646,2025-09-20 06:54:36+00:00
1,1,164,76,87,0.0,1060.64,95.60000000000002,2.781,0.0,164,543601002,222807102,2025-09-20 06:54:42+00:00
1,1,164,76,87,34.62,1071.79,95.79999999999995,2.781,0.5,164,543600572,222808656,2025-09-20 06:54:46+00:00
1,1,164,76,87,35.09,1082.88,95.60000000000002,2.762,0.0,164,543600080,222810278,2025-09-20 06:54:50+00:00
1,1,165,76,88,25.08,1095.45,95.39999999999998,2.79,0.0,165,543599709,222812042,2025-09-20 06:54:54+00:00
1,1,166,76,89,32.41,1115.22,94.0,2.818,0.0,166,543598963,222814920,2025-09-20 06:55:01+00:00
1,1,166,76,88,32.41,1126.42,93.60000000000002,2.818,0.5,166,543598529,222816498,2025-09-20 06:55:05+00:00
1,1,166,76,88,111.23,1137.78,93.0,2.818,0.5,166,543598189,222818192,2025-09-20 06:55:09+00:00
1,1,166,76,87,0.0,1152.57,92.79999999999995,2.837,0.5,166,543597652,222820280,2025-09-20 06:55:14+00:00
1,1,167,76,88,0.0,1163.12,92.60000000000002,2.846,0.5,167,543597296,222821765,2025-09-20 06:55:18+00:00
1,1,166,76,88,0.0,1173.96,92.79999999999995,2.799,0.0,166,543596988,222823389,2025-09-20 06:55:22+00:00
1,1,165,76,88,0.0,1191.83,92.79999999999995,2.827,0.0,165,543596408,222825888,2025-09-20 06:55:28+00:00
1,1,165,76,88,0.0,1204.87,92.60000000000002,2.827,0.0,165,543596021,222827891,2025-09-20 06:55:33+00:00
1,1,165,76,87,0.0,1216.09,92.60000000000002,2.809,0.0,165,543595865,222829562,2025-09-20 06:55:37+00:00
1,3,166,76,85,0.0,1224.31,92.60000000000002,2.809,0.5,166,543595420,222830708,2025-09-20 06:55:40+00:00
1,3,165,76,85,0.0,1227.23,93.0,2.809,0.5,165,543595082,222830665,2025-09-20 06:55:41+00:00
1,2,166,76,86,0.0,1237.64,93.60000000000002,2.809,0.0,166,543593977,222830165,2025-09-20 06:55:45+00:00
1,1,166,76,87,29.72,1246.24,93.60000000000002,2.79,0.0,166,543593110,222829793,2025-09-20 06:55:48+00:00
1,1,167,76,87,29.72,1260.76,93.60000000000002,2.809,0.5,167,543591621,222829391,2025-09-20 06:55:53+00:00
1,1,166,76,87,20.36,1269.32,94.39999999999998,2.809,0.0,166,543590680,222829006,2025-09-20 06:55:56+00:00
1,1,166,76,87,0.0,1280.26,94.79999999999995,2.809,0.0,166,543589529,222828800,2025-09-20 06:56:00+00:00
1,1,165,76,88,0.0,1293.85,95.0,2.799,0.5,165,543588052,222828675,2025-09-20 06:56:05+00:00
1,1,165,76,87,14.58,1305.16,95.60000000000002,2.79,0.0,165,543586776,222828766,2025-09-20 06:56:09+00:00
1,1,165,76,87,0.0,1307.62,95.39999999999998,2.799,0.0,165,543586586,222828982,2025-09-20 06:56:10+00:00
1,1,165,76,87,0.0,1312.56,95.0,2.79,0.0,165,543586354,222829656,2025-09-20 06:56:12+00:00
1,1,166,76,88,13.04,1324.31,94.60000000000002,2.753,0.0,166,543586118,222831460,2025-09-20 06:56:17+00:00
1,2,165,76,87,0.0,1334.8,94.39999999999998,2.725,0.0,165,543585796,222832994,2025-09-20 06:56:21+00:00
1,2,165,76,88,0.0,1347.08,94.0,2.706,0.0,165,543585500,222834863,2025-09-20 06:56:26+00:00
1,1,166,76,86,0.0,1361.74,94.20000000000005,2.687,0.0,166,543585016,222837017,2025-09-20 06:56:31+00:00
1,1,166,76,87,15.57,1376.05,93.60000000000002,2.715,0.0,166,543584601,222839096,2025-09-20 06:56:36+00:00
1,1,167,76,86,24.31,1389.39,93.20000000000005,2.706,0.0,167,543584163,222840987,2025-09-20 06:56:41+00:00
1,1,167,76,88,15.57,1399.59,93.39999999999998,2.697,0.0,167,543583961,222842565,2025-09-20 06:56:45+00:00
1,1,167,76,87,21.17,1413.66,93.60000000000002,2.697,0.0,167,543583592,222844578,2025-09-20 06:56:50+00:00
1,1,167,76,87,0.0,1423.73,94.0,2.678,0.0,167,543583363,222846156,2025-09-20 06:56:54+00:00
1,1,167,76,87,22.44,1437.21,94.79999999999995,2.641,0.0,167,543583122,222848149,2025-09-20 06:56:59+00:00
1,2,167,76,87,20.66,1448.4,95.0,2.659,0.0,167,543582935,222849865,2025-09-20 06:57:03+00:00
1,2,167,76,87,22.1,1462.3,94.39999999999998,2.669,0.0,167,543582714,222851935,2025-09-20 06:57:08+00:00
1,2,167,76,87,0.0,1473.65,94.60000000000002,2.706,0.0,167,543582467,222853608,2025-09-20 06:57:12+00:00
1,2,167,76,88,22.39,1483.76,94.20000000000005,2.697,0.0,167,543582219,222855180,2025-09-20 06:57:16+00:00
1,1,168,76,87,22.39,1497.87,94.60000000000002,2.697,0.0,168,543581983,222857246,2025-09-20 06:57:21+00:00
1,1,169,76,88,22.39,1509.06,95.39999999999998,2.706,0.5,169,543581755,222858922,2025-09-20 06:57:25+00:00
1,1,169,76,88,22.39,1520.87,95.60000000000002,2.715,0.0,169,543581613,222860677,2025-09-20 06:57:29+00:00
1,1,169,76,88,0.0,1534.84,95.79999999999995,2.725,0.0,169,543581387,222862804,2025-09-20 06:57:34+00:00
1,1,169,76,88,0.0,1546.1,95.39999999999998,2.743,0.0,169,543581045,222864399,2025-09-20 06:57:38+00:00
1,1,168,76,87,0.0,1556.32,96.0,2.734,0.5,168,543580832,222865982,2025-09-20 06:57:42+00:00
1,1,168,76,89,0.0,1570.42,95.79999999999995,2.743,0.0,168,543580772,222868129,2025-09-20 06:57:47+00:00
1,1,168,76,88,0.0,1582.23,95.39999999999998,2.743,0.5,168,543580638,222869887,2025-09-20 06:57:51+00:00
1,1,168,76,88,0.0,1592.81,94.60000000000002,2.753,0.0,168,543580438,222871509,2025-09-20 06:57:55+00:00
1,1,169,76,87,0.0,1603.55,94.39999999999998,2.762,0.5,169,543580346,222873169,2025-09-20 06:57:59+00:00
1,1,169,76,88,0.0,1618.34,94.0,2.762,0.0,169,543580212,222875381,2025-09-20 06:58:04+00:00
1,2,169,76,88,0.0,1629.7,94.0,2.771,0.0,169,543579992,222877115,2025-09-20 06:58:08+00:00
1,3,168,76,88,0.0,1640.22,94.60000000000002,2.781,0.0,168,543580009,222878748,2025-09-20 06:58:12+00:00
1,1,167,76,86,0.0,1654.16,95.0,2.781,0.5,167,543579911,222880816,2025-09-20 06:58:17+00:00
1,1,167,76,86,0.0,1656.7,95.0,2.781,0.5,167,543579719,222881157,2025-09-20 06:58:18+00:00
1,1,167,76,87,0.0,1664.56,95.20000000000005,2.762,0.0,167,543579341,222882140,2025-09-20 06:58:21+00:00
1,1,167,76,88,0.0,1675.38,96.0,2.762,0.0,167,543579367,222883806,2025-09-20 06:58:25+00:00
1,1,169,76,86,0.0,1689.05,96.39999999999998,2.743,0.0,169,543579318,222885845,2025-09-20 06:58:30+00:00
1,1,169,76,87,0.0,1699.83,96.60000000000002,2.743,0.0,169,543578939,222887479,2025-09-20 06:58:34+00:00
1,1,170,76,87,0.0,1712.46,97.79999999999995,2.734,0.0,170,543578731,222889278,2025-09-20 06:58:39+00:00
1,1,170,76,87,0.0,1714.67,97.79999999999995,2.734,0.0,170,543578481,222889510,2025-09-20 06:58:40+00:00
1,1,171,76,86,0.0,1723.04,98.0,2.706,0.0,171,543577888,222890374,2025-09-20 06:58:43+00:00
1,1,171,76,85,0.0,1734.18,98.20000000000005,2.715,0.5,171,543577849,222892146,2025-09-20 06:58:47+00:00
1,2,172,76,87,0.0,1745.71,97.20000000000005,2.715,0.0,172,543577958,222893802,2025-09-20 06:58:51+00:00
1,2,172,76,87,0.0,1758.61,96.79999999999995,2.697,0.0,172,543577951,222895883,2025-09-20 06:58:56+00:00
1,1,173,75,86,0.0,1769.64,96.79999999999995,2.706,0.5,173,543577984,222897508,2025-09-20 06:59:00+00:00
1,4,172,75,86,0.0,1785.12,95.39999999999998,2.687,0.5,172,543578110,222899855,2025-09-20 06:59:06+00:00
1,1,173,75,87,0.0,1796.5,94.60000000000002,2.678,0.0,173,543578155,222901578,2025-09-20 06:59:10+00:00
1,2,172,75,88,0.0,1809.95,93.39999999999998,2.687,0.0,172,543578166,222903666,2025-09-20 06:59:15+00:00
1,2,171,75,87,0.0,1821.1,94.0,2.697,0.0,171,543578214,222905337,2025-09-20 06:59:19+00:00
1,2,171,75,87,0.0,1831.77,93.60000000000002,2.706,0.0,171,543578317,222906991,2025-09-20 06:59:23+00:00
1,2,172,75,86,0.0,1845.52,94.0,2.697,0.0,172,543578625,222909034,2025-09-20 06:59:28+00:00
1,2,172,75,85,0.0,1856.08,94.60000000000002,2.706,0.5,172,543578733,222910649,2025-09-20 06:59:32+00:00
1,2,172,75,87,0.0,1872.22,94.79999999999995,2.678,0.0,172,543579088,222913186,2025-09-20 06:59:38+00:00
1,2,173,75,87,0.0,1881.22,95.20000000000005,2.706,0.5,173,543579382,222914358,2025-09-20 06:59:41+00:00
1,1,172,75,88,0.0,1890.4,95.39999999999998,2.762,0.0,172,543579532,222915689,2025-09-20 06:59:44+00:00
1,2,174,75,87,0.0,1903.88,96.20000000000005,2.771,0.0,174,543579701,222917773,2025-09-20 06:59:49+00:00
1,2,172,75,87,23.24,1915.5,95.60000000000002,2.781,0.0,172,543579910,222919558,2025-09-20 06:59:53+00:00
1,2,171,75,87,0.0,1927.0,94.79999999999995,2.79,0.0,171,543580027,222921206,2025-09-20 06:59:57+00:00
1,2,172,75,87,26.98,1942.18,95.39999999999998,2.771,0.0,172,543580098,222923557,2025-09-20 07:00:03+00:00
1,4,171,75,88,33.97,1951.34,94.0,2.753,0.0,171,543580329,222924983,2025-09-20 07:00:06+00:00
1,2,170,75,87,30.47,1962.82,93.60000000000002,2.79,0.5,170,543580643,222926652,2025-09-20 07:00:10+00:00
1,2,170,75,87,30.47,1980.07,93.79999999999995,2.799,0.0,170,543581018,222929144,2025-09-20 07:00:16+00:00
1,2,170,75,88,30.47,1987.97,95.20000000000005,2.799,0.0,170,543581146,222930437,2025-09-20 07:00:19+00:00
1,2,170,75,87,30.47,1997.49,95.60000000000002,2.79,0.5,170,543581311,222931789,2025-09-20 07:00:23+00:00
1,2,170,75,88,0.0,2002.93,96.39999999999998,2.771,0.0,170,543581259,222932658,2025-09-20 07:00:25+00:00
1,2,171,75,87,0.0,2008.72,97.0,2.762,0.0,171,543581320,222933556,2025-09-20 07:00:27+00:00
1,2,171,75,87,1.99,2020.04,97.39999999999998,2.762,0.0,171,543581506,222935237,2025-09-20 07:00:31+00:00
1,2,171,75,87,1.99,2034.27,97.39999999999998,2.762,0.0,171,543581758,222937407,2025-09-20 07:00:36+00:00
1,2,172,75,88,1.99,2045.97,97.20000000000005,2.771,0.0,172,543581875,222939129,2025-09-20 07:00:40+00:00
1,2,172,75,87,0.0,2055.64,96.60000000000002,2.781,0.5,172,543581939,222940560,2025-09-20 07:00:43+00:00
1,2,172,75,88,0.0,2068.82,96.60000000000002,2.79,0.0,172,543582108,222942671,2025-09-20 07:00:48+00:00
1,2,172,75,86,0.0,2076.81,96.20000000000005,2.799,0.5,172,543582387,222943762,2025-09-20 07:00:51+00:00
1,2,172,75,88,1.99,2089.06,95.0,2.799,0.0,172,543582624,222945606,2025-09-20 07:00:55+00:00
1,2,172,74,86,1.99,2102.79,95.0,2.799,0.0,172,543582827,222947666,2025-09-20 07:01:00+00:00
1,2,172,74,86,1.99,2112.52,94.0,2.818,0.5,172,543582872,222949164,2025-09-20 07:01:03+00:00
1,2,172,74,88,0.0,2121.56,92.60000000000002,2.827,0.0,172,543583020,222950499,2025-09-20 07:01:06+00:00
1,3,172,74,87,0.0,2132.55,92.39999999999998,2.846,0.0,172,543583183,222952127,2025-09-20 07:01:10+00:00
1,3,172,74,87,1.99,2142.26,91.79999999999995,2.827,0.0,172,543583351,222953625,2025-09-20 07:01:14+00:00
1,3,172,74,87,1.99,2158.48,91.60000000000002,2.799,0.0,172,543583618,222956056,2025-09-20 07:01:20+00:00
1,2,172,74,87,0.0,2173.22,93.0,2.809,0.5,172,543583936,222958288,2025-09-20 07:01:25+00:00
1,1,172,74,88,0.0,2188.05,94.0,2.827,0.0,172,543584093,222960532,2025-09-20 07:01:30+00:00
1,1,173,74,88,0.0,2198.45,94.60000000000002,2.818,0.0,173,543584215,222962135,2025-09-20 07:01:34+00:00
1,1,173,74,88,0.0,2210.32,94.60000000000002,2.818,0.0,173,543584569,222963869,2025-09-20 07:01:38+00:00
1,1,173,74,88,1.99,2225.32,95.0,2.846,0.0,173,543584822,222966146,2025-09-20 07:01:43+00:00
1,2,174,74,87,1.99,2236.85,96.0,2.855,0.5,174,543584992,222967789,2025-09-20 07:01:47+00:00
1,1,174,74,88,1.99,2248.09,95.39999999999998,2.846,0.0,174,543585124,222969465,2025-09-20 07:01:51+00:00
1,1,174,74,86,0.0,2261.52,95.0,2.827,0.5,174,543585252,222971555,2025-09-20 07:01:56+00:00
1,1,173,74,87,1.99,2272.4,95.20000000000005,2.827,0.0,173,543585486,222973113,2025-09-20 07:02:00+00:00
1,1,174,74,87,1.99,2283.29,95.0,2.809,0.0,174,543585595,222974859,2025-09-20 07:02:04+00:00
1,1,175,74,88,1.99,2294.9,94.0,2.818,0.5,175,543585712,222976556,2025-09-20 07:02:08+00:00
1,3,175,74,88,1.99,2304.97,93.79999999999995,2.809,0.0,175,543585888,222978063,2025-09-20 07:02:12+00:00
1,3,175,74,87,1.99,2314.17,92.60000000000002,2.781,0.0,175,543586017,222979537,2025-09-20 07:02:15+00:00
1,3,175,74,86,1.99,2325.7,91.60000000000002,2.809,0.0,175,543586207,222981174,2025-09-20 07:02:19+00:00
1,2,174,74,86,1.99,2335.29,90.79999999999995,2.781,0.0,174,543586416,222982652,2025-09-20 07:02:23+00:00
1,1,173,74,87,1.99,2344.68,90.60000000000002,2.771,0.5,173,543586548,222984073,2025-09-20 07:02:26+00:00
1,1,172,74,88,0.0,2352.75,90.79999999999995,2.79,0.5,172,543586679,222985230,2025-09-20 07:02:29+00:00
1,1,173,74,88,0.0,2362.23,89.60000000000002,2.809,0.0,173,543586869,222986612,2025-09-20 07:02:32+00:00
1,1,172,74,87,1.99,2379.24,89.60000000000002,2.809,0.5,172,543586998,222989210,2025-09-20 07:02:38+00:00
1,1,171,74,89,1.99,2388.05,88.79999999999995,2.827,0.0,171,543587167,222990617,2025-09-20 07:02:41+00:00
1,1,172,74,88,0.0,2401.17,89.0,2.837,0.0,172,543587395,222992590,2025-09-20 07:02:46+00:00
1,1,171,74,87,1.99,2414.84,89.60000000000002,2.809,0.0,171,543587671,222994650,2025-09-20 07:02:51+00:00
1,1,171,74,88,1.99,2426.9,90.20000000000005,2.809,0.0,171,543587754,222996458,2025-09-20 07:02:55+00:00
1,1,171,74,87,1.99,2441.78,91.20000000000005,2.827,0.5,171,543587446,222998717,2025-09-20 07:03:00+00:00
1,1,170,74,87,1.99,2456.38,93.0,2.846,0.0,170,543587436,223000924,2025-09-20 07:03:05+00:00
1,1,172,74,88,1.99,2468.28,93.20000000000005,2.827,0.0,172,543587743,223002680,2025-09-20 07:03:10+00:00
1,1,170,74,88,1.99,2485.65,93.39999999999998,2.809,0.0,170,543588005,223005370,2025-09-20 07:03:16+00:00
1,1,172,74,88,1.99,2502.95,95.0,2.818,0.5,172,543588280,223007969,2025-09-20 07:03:22+00:00
1,4,171,74,88,0.0,2513.53,94.79999999999995,2.818,0.0,171,543588504,223009565,2025-09-20 07:03:26+00:00
1,2,172,74,88,1.99,2531.39,93.79999999999995,2.818,0.0,172,543588810,223012207,2025-09-20 07:03:32+00:00
1,2,172,74,88,1.99,2545.21,94.39999999999998,2.818,0.0,172,543589072,223014326,2025-09-20 07:03:37+00:00
1,2,172,74,87,1.99,2557.14,93.79999999999995,2.818,0.5,172,543589273,223016078,2025-09-20 07:03:41+00:00
1,2,174,74,87,0.0,2571.04,94.79999999999995,2.837,0.0,174,543589340,223018274,2025-09-20 07:03:46+00:00
1,2,174,74,88,1.99,2582.36,94.39999999999998,2.837,0.5,174,543589461,223019937,2025-09-20 07:03:50+00:00
1,2,174,74,88,1.99,2592.87,94.0,2.827,0.0,174,543589803,223021446,2025-09-20 07:03:54+00:00
1,13,174,74,88,0.0,2608.4,94.60000000000002,2.827,0.0,174,543589633,223023802,2025-09-20 07:03:59+00:00
1,8,173,73,89,0.0,2622.5,93.39999999999998,2.855,0.0,173,543589432,223025854,2025-09-20 07:04:04+00:00
1,8,173,73,89,0.0,2631.9,93.60000000000002,2.855,0.0,173,543589534,223027361,2025-09-20 07:04:07+00:00
1,3,173,73,87,0.0,2649.13,95.20000000000005,2.874,0.0,173,543589564,223030003,2025-09-20 07:04:13+00:00
1,8,174,73,87,0.0,2659.73,95.79999999999995,2.883,0.5,174,543589564,223031541,2025-09-20 07:04:17+00:00
1,8,174,73,88,0.0,2671.13,96.0,2.855,0.5,174,543589521,223033261,2025-09-20 07:04:21+00:00
1,9,176,73,88,1.99,2688.22,95.79999999999995,2.855,0.5,176,543589336,223035924,2025-09-20 07:04:27+00:00
1,9,176,73,88,1.99,2700.46,96.0,2.865,0.5,176,543589140,223037778,2025-09-20 07:04:31+00:00
1,9,176,73,88,1.99,2712.75,94.20000000000005,2.874,0.0,176,543589080,223039595,2025-09-20 07:04:35+00:00
1,9,176,73,88,1.99,2730.2,94.20000000000005,2.874,0.5,176,543588777,223042211,2025-09-20 07:04:41+00:00
1,9,176,73,88,0.0,2742.41,94.60000000000002,2.902,0.0,176,543588465,223044004,2025-09-20 07:04:45+00:00
1,16,177,73,88,1.99,2750.83,94.60000000000002,2.902,0.5,177,543588113,223045186,2025-09-20 07:04:48+00:00
1,16,177,73,87,1.99,2761.4,94.39999999999998,2.883,0.0,177,543587996,223046848,2025-09-20 07:04:52+00:00
1,5,176,73,87,1.99,2769.64,94.0,2.893,0.0,176,543587944,223048059,2025-09-20 07:04:55+00:00
1,3,174,73,88,0.0,2782.75,94.20000000000005,2.837,0.5,174,543587665,223050022,2025-09-20 07:05:00+00:00
1,3,175,73,88,1.99,2792.08,94.20000000000005,2.818,0.0,175,543587393,223051422,2025-09-20 07:05:03+00:00
1,3,174,73,87,1.99,2806.58,94.79999999999995,2.855,0.0,174,543586819,223053453,2025-09-20 07:05:08+00:00
1,3,174,73,88,1.99,2817.92,95.20000000000005,2.855,0.0,174,543586388,223055035,2025-09-20 07:05:12+00:00
1,3,173,73,87,1.99,2829.36,95.39999999999998,2.865,0.5,173,543585975,223056697,2025-09-20 07:05:16+00:00
1,4,174,73,87,0.0,2840.28,95.0,2.837,0.0,174,543585760,223058347,2025-09-20 07:05:20+00:00
1,3,173,73,89,0.0,2853.9,95.0,2.827,0.0,173,543585237,223060310,2025-09-20 07:05:25+00:00
1,1,174,73,88,0.0,2865.95,94.79999999999995,2.837,0.0,174,543585032,223062116,2025-09-20 07:05:29+00:00
1,1,175,73,88,0.0,2873.86,94.79999999999995,2.837,0.0,175,543585039,223063309,2025-09-20 07:05:32+00:00
1,3,175,73,87,1.99,2887.0,95.39999999999998,2.818,0.5,175,543584631,223065215,2025-09-20 07:05:37+00:00
1,3,174,73,87,1.99,2890.88,95.39999999999998,2.809,0.5,174,543584344,223065647,2025-09-20 07:05:38+00:00
1,3,174,73,87,1.99,2896.39,95.60000000000002,2.799,0.0,174,543584069,223066399,2025-09-20 07:05:40+00:00
1,8,175,73,87,0.0,2907.59,95.60000000000002,2.799,0.0,175,543583565,223067993,2025-09-20 07:05:44+00:00
1,11,174,73,88,0.0,2919.79,95.39999999999998,2.818,0.5,174,543583056,223069631,2025-09-20 07:05:48+00:00
1,5,175,73,87,1.99,2934.64,96.39999999999998,2.837,0.0,175,543582071,223071478,2025-09-20 07:05:53+00:00
1,3,174,73,86,0.0,2942.39,96.60000000000002,2.837,0.5,174,543581744,223072500,2025-09-20 07:05:56+00:00
1,3,174,73,87,0.0,2953.65,97.0,2.837,0.0,174,543581146,223074017,2025-09-20 07:06:00+00:00
1,4,175,73,86,0.0,2964.65,97.20000000000005,2.827,0.5,175,543580509,223075370,2025-09-20 07:06:04+00:00
1,4,175,73,87,0.0,2967.4,97.20000000000005,2.827,0.0,175,543580398,223075764,2025-09-20 07:06:05+00:00
1,7,175,73,87,0.0,2978.96,97.39999999999998,2.827,0.5,175,543579732,223077257,2025-09-20 07:06:09+00:00
1,7,175,73,87,0.0,2990.33,97.39999999999998,2.827,0.5,175,543579052,223078788,2025-09-20 07:06:13+00:00
1,8,176,73,88,0.0,3002.03,97.20000000000005,2.837,0.5,176,543578343,223080227,2025-09-20 07:06:17+00:00
1,8,176,73,88,0.0,3004.98,97.39999999999998,2.837,0.5,176,543578210,223080635,2025-09-20 07:06:18+00:00
1,4,175,73,88,0.0,3014.22,97.60000000000002,2.837,0.0,175,543577606,223081757,2025-09-20 07:06:21+00:00
1,3,176,73,88,0.03,3022.61,97.60000000000002,2.855,0.5,176,543577295,223082921,2025-09-20 07:06:24+00:00
1,2,177,73,87,0.02,3035.91,98.60000000000002,2.855,0.0,177,543576532,223084673,2025-09-20 07:06:29+00:00
1,2,176,73,89,0.0,3050.08,99.0,2.818,0.5,176,543575674,223086471,2025-09-20 07:06:34+00:00
1,7,177,73,88,0.0,3062.27,98.20000000000005,2.855,0.0,177,543575019,223087989,2025-09-20 07:06:38+00:00
1,3,175,73,87,0.0,3073.95,97.60000000000002,2.827,0.5,175,543574360,223089555,2025-09-20 07:06:42+00:00
1,2,174,73,88,0.0,3084.32,97.39999999999998,2.855,0.0,174,543573901,223090952,2025-09-20 07:06:46+00:00
1,2,176,73,89,0.0,3100.14,97.20000000000005,2.799,0.0,176,543572972,223093036,2025-09-20 07:06:52+00:00
1,1,177,73,88,0.0,3111.95,96.79999999999995,2.79,0.5,177,543572284,223094501,2025-09-20 07:06:56+00:00
1,2,177,72,88,0.0,3123.64,97.0,2.809,0.5,177,543571713,223096065,2025-09-20 07:07:00+00:00
1,2,177,72,89,0.0,3134.96,97.0,2.818,0.0,177,543571077,223097566,2025-09-20 07:07:04+00:00
1,2,177,72,88,0.0,3148.23,97.20000000000005,2.799,0.0,177,543570315,223099269,2025-09-20 07:07:09+00:00
1,13,177,72,87,0.0,3163.53,97.39999999999998,2.809,0.0,177,543569458,223101272,2025-09-20 07:07:14+00:00
1,14,178,72,87,0.0,3172.42,97.79999999999995,2.827,0.5,178,543569046,223102414,2025-09-20 07:07:17+00:00
1,18,177,72,89,0.0,3184.09,98.39999999999998,2.846,0.0,177,543568453,223103929,2025-09-20 07:07:21+00:00
1,22,177,72,87,0.0,3194.0,98.39999999999998,2.827,0.0,177,543568372,223105404,2025-09-20 07:07:25+00:00
1,27,177,72,86,0.0,3209.08,97.79999999999995,2.79,0.5,177,543567552,223107476,2025-09-20 07:07:31+00:00
1,17,177,72,88,0.0,3222.0,97.79999999999995,2.771,0.0,177,543566930,223109360,2025-09-20 07:07:36+00:00
1,17,177,72,86,0.0,3234.87,96.79999999999995,2.781,0.5,177,543566281,223111000,2025-09-20 07:07:40+00:00
1,6,176,72,88,0.0,3246.5,96.60000000000002,2.837,0.5,176,543565651,223112498,2025-09-20 07:07:44+00:00
1,4,175,72,88,0.0,3255.11,96.39999999999998,2.837,0.0,175,543565061,223113605,2025-09-20 07:07:47+00:00
1,4,175,72,87,0.0,3263.0,96.0,2.827,0.0,175,543564792,223114698,2025-09-20 07:07:50+00:00
1,4,175,72,89,0.0,3273.94,95.60000000000002,2.827,0.0,175,543564107,223116117,2025-09-20 07:07:54+00:00
1,1,176,72,87,0.0,3290.33,95.39999999999998,2.799,0.0,176,543563068,223118072,2025-09-20 07:08:00+00:00
1,1,176,72,89,24.89,3300.95,95.79999999999995,2.771,0.0,176,543562438,223119469,2025-09-20 07:08:04+00:00
1,1,176,72,88,24.89,3309.31,96.0,2.771,0.5,176,543562123,223120601,2025-09-20 07:08:07+00:00
1,1,176,72,88,24.89,3323.32,96.39999999999998,2.771,0.0,176,543561429,223122499,2025-09-20 07:08:12+00:00
1,11,176,72,87,24.89,3333.85,96.39999999999998,2.762,0.5,176,543560791,223123898,2025-09-20 07:08:16+00:00
1,11,176,72,88,24.89,3343.02,96.20000000000005,2.771,0.0,176,543560426,223125194,2025-09-20 07:08:19+00:00
1,11,176,72,87,24.89,3359.1,96.39999999999998,2.762,0.5,176,543559636,223127323,2025-09-20 07:08:25+00:00
1,11,176,72,87,24.89,3370.23,96.79999999999995,2.762,0.0,176,543558988,223128750,2025-09-20 07:08:29+00:00
1,11,176,72,87,24.89,3379.18,97.39999999999998,2.762,0.0,176,543558295,223129832,2025-09-20 07:08:32+00:00
1,11,176,72,87,24.89,3393.89,97.60000000000002,2.79,0.0,176,543557266,223131442,2025-09-20 07:08:37+00:00
1,31,176,72,87,24.89,3407.04,97.60000000000002,2.781,0.5,176,543556498,223133078,2025-09-20 07:08:42+00:00
1,31,176,72,89,24.89,3415.34,96.79999999999995,2.781,0.0,176,543556041,223134177,2025-09-20 07:08:45+00:00
1,29,176,72,88,24.89,3425.87,96.0,2.762,0.0,176,543555552,223135666,2025-09-20 07:08:49+00:00
1,29,176,72,88,24.89,3439.91,96.60000000000002,2.762,0.0,176,543554708,223137435,2025-09-20 07:08:54+00:00
1,34,176,72,87,24.89,3451.93,95.60000000000002,2.771,0.5,176,543553986,223138890,2025-09-20 07:08:58+00:00
1,36,176,72,88,24.89,3460.0,95.79999999999995,2.79,0.5,176,543553523,223139933,2025-09-20 07:09:01+00:00
1,37,176,72,88,24.89,3468.58,95.20000000000005,2.79,0.0,176,543553090,223141065,2025-09-20 07:09:04+00:00
1,38,176,72,87,24.89,3481.53,95.60000000000002,2.771,0.5,176,543552480,223142865,2025-09-20 07:09:09+00:00
1,38,176,72,87,24.89,3492.66,95.0,2.753,0.5,176,543551912,223144370,2025-09-20 07:09:13+00:00
1,44,176,72,88,24.89,3503.09,95.0,2.753,0.0,176,543551517,223145911,2025-09-20 07:09:17+00:00
1,46,177,72,88,24.89,3520.66,94.79999999999995,2.743,0.0,177,543550711,223148247,2025-09-20 07:09:23+00:00
1,46,177,72,87,24.89,3530.99,95.60000000000002,2.753,0.0,177,543550202,223149634,2025-09-20 07:09:27+00:00
1,33,179,72,87,24.89,3542.04,95.39999999999998,2.753,0.5,179,543549668,223151187,2025-09-20 07:09:31+00:00
1,38,179,72,88,24.89,3556.0,95.0,2.753,0.0,179,543549172,223153140,2025-09-20 07:09:36+00:00
1,40,179,72,87,24.89,3570.51,94.20000000000005,2.762,0.0,179,543548621,223155217,2025-09-20 07:09:41+00:00
1,35,178,72,87,24.89,3578.08,94.60000000000002,2.762,0.0,178,543548415,223156300,2025-09-20 07:09:44+00:00
1,35,178,72,87,24.89,3586.22,93.60000000000002,2.762,0.0,178,543548167,223157521,2025-09-20 07:09:47+00:00
1,20,178,72,88,24.89,3600.21,93.39999999999998,2.743,0.5,178,543547721,223159645,2025-09-20 07:09:52+00:00
1,24,178,72,89,24.89,3614.52,92.60000000000002,2.771,0.0,178,543547294,223161628,2025-09-20 07:09:57+00:00
1,24,177,72,89,3.58,3624.81,92.20000000000005,2.762,0.0,177,543546935,223163105,2025-09-20 07:10:01+00:00
1,29,177,72,88,24.89,3633.1,92.39999999999998,2.743,0.0,177,543546652,223164384,2025-09-20 07:10:04+00:00
1,29,177,72,87,0.0,3641.64,92.79999999999995,2.753,0.5,177,543546529,223165681,2025-09-20 07:10:07+00:00
1,29,177,72,88,0.0,3656.12,92.60000000000002,2.79,0.0,177,543546140,223167746,2025-09-20 07:10:12+00:00
1,29,177,72,88,20.37,3666.83,92.60000000000002,2.771,0.0,177,543545856,223169338,2025-09-20 07:10:16+00:00
1,29,177,72,88,29.95,3675.66,91.20000000000005,2.771,0.0,177,543545661,223170684,2025-09-20 07:10:19+00:00
1,29,177,72,87,0.0,3687.16,91.0,2.771,0.5,177,543545591,223172405,2025-09-20 07:10:23+00:00
1,31,177,72,87,31.54,3704.31,92.0,2.781,0.0,177,543545191,223174963,2025-09-20 07:10:29+00:00
1,31,176,72,89,0.0,3715.27,92.0,2.79,0.5,176,543544985,223176604,2025-09-20 07:10:33+00:00
1,15,176,72,89,0.0,3725.93,92.39999999999998,2.799,0.0,176,543544785,223178264,2025-09-20 07:10:37+00:00
1,15,176,72,88,33.09,3737.17,92.60000000000002,2.79,0.5,176,543544647,223179859,2025-09-20 07:10:41+00:00
1,14,177,72,89,0.0,3745.71,93.0,2.781,0.5,177,543544441,223181203,2025-09-20 07:10:44+00:00
1,14,177,72,89,0.0,3754.65,92.79999999999995,2.781,0.5,177,543544380,223182516,2025-09-20 07:10:47+00:00
1,17,177,72,89,0.0,3765.38,93.39999999999998,2.79,0.0,177,543544325,223184172,2025-09-20 07:10:51+00:00
1,17,177,72,89,0.0,3770.25,93.79999999999995,2.79,0.0,177,543544127,223184885,2025-09-20 07:10:53+00:00
1,19,176,72,87,0.0,3777.83,94.39999999999998,2.762,0.5,176,543543649,223185863,2025-09-20 07:10:56+00:00
1,19,176,72,87,0.0,3780.8,94.0,2.762,0.0,176,543543332,223186063,2025-09-20 07:10:57+00:00
1,23,176,72,87,0.0,3788.8,94.60000000000002,2.753,0.0,176,543542517,223186394,2025-09-20 07:11:00+00:00
1,28,177,72,86,22.18,3803.12,95.60000000000002,2.743,0.5,177,543541008,223186041,2025-09-20 07:11:05+00:00
1,29,176,72,87,34.05,3811.93,95.60000000000002,2.753,0.0,176,543540046,223185816,2025-09-20 07:11:08+00:00
1,29,176,72,87,0.0,3825.12,95.0,2.762,0.0,176,543538544,223185857,2025-09-20 07:11:13+00:00
1,29,176,72,87,32.34,3827.2,94.79999999999995,2.753,0.0,176,543538422,223186101,2025-09-20 07:11:14+00:00
1,29,176,72,88,0.0,3832.07,94.0,2.734,0.0,176,543538168,223186763,2025-09-20 07:11:16+00:00
1,37,176,72,87,32.75,3842.85,93.39999999999998,2.715,0.0,176,543538092,223188453,2025-09-20 07:11:20+00:00
1,36,176,72,88,0.0,3856.96,93.0,2.715,0.5,176,543537945,223190602,2025-09-20 07:11:25+00:00
1,35,176,72,87,21.75,3870.6,93.79999999999995,2.715,0.5,176,543537735,223192671,2025-09-20 07:11:30+00:00
1,35,176,72,88,0.0,3878.79,93.39999999999998,2.725,0.5,176,543537700,223193878,2025-09-20 07:11:33+00:00
1,39,176,72,88,21.5,3891.8,93.39999999999998,2.743,0.0,176,543537502,223195822,2025-09-20 07:11:37+00:00
1,39,176,72,87,0.0,3908.31,93.39999999999998,2.762,0.0,176,543537382,223198371,2025-09-20 07:11:43+00:00
1,39,176,72,87,0.0,3916.13,93.39999999999998,2.762,0.5,176,543537341,223199495,2025-09-20 07:11:46+00:00
1,40,177,72,89,0.0,3924.76,93.60000000000002,2.753,0.5,177,543537277,223200809,2025-09-20 07:11:49+00:00
1,41,176,72,88,0.0,3935.15,93.39999999999998,2.753,0.0,176,543537269,223202400,2025-09-20 07:11:53+00:00
1,43,175,72,88,0.0,3949.41,92.60000000000002,2.743,0.0,175,543537144,223204580,2025-09-20 07:11:58+00:00
1,45,175,72,88,0.0,3957.62,90.79999999999995,2.762,0.0,175,543537123,223205808,2025-09-20 07:12:01+00:00
1,48,175,72,87,0.0,3966.91,89.39999999999998,2.79,0.5,175,543537008,223207219,2025-09-20 07:12:04+00:00
1,51,176,72,88,22.55,3978.13,87.20000000000005,2.79,0.0,176,543537045,223208941,2025-09-20 07:12:08+00:00
1,53,176,72,87,33.49,3991.11,86.39999999999998,2.79,0.5,176,543536911,223210951,2025-09-20 07:12:13+00:00
1,51,175,72,89,29.5,3998.69,87.39999999999998,2.753,0.0,175,543536914,223212110,2025-09-20 07:12:16+00:00
1,49,176,72,88,0.0,4004.95,87.20000000000005,2.753,0.0,176,543536876,223213027,2025-09-20 07:12:18+00:00
1,41,175,72,87,0.0,4010.66,87.60000000000002,2.753,0.5,175,543536939,223213851,2025-09-20 07:12:20+00:00
1,41,175,72,88,0.0,4021.34,87.0,2.753,0.0,175,543536962,223215549,2025-09-20 07:12:24+00:00
1,39,176,72,87,30.75,4032.29,87.79999999999995,2.743,0.5,176,543537005,223217241,2025-09-20 07:12:28+00:00
1,38,176,72,88,30.75,4043.15,87.60000000000002,2.743,0.0,176,543537204,223218850,2025-09-20 07:12:32+00:00
1,38,175,72,87,30.75,4051.47,87.39999999999998,2.743,0.0,175,543537352,223220051,2025-09-20 07:12:35+00:00
1,38,176,72,89,30.75,4065.94,88.20000000000005,2.753,0.0,176,543537462,223222223,2025-09-20 07:12:40+00:00
1,34,177,72,87,0.0,4083.65,89.0,2.762,0.5,177,543537461,223224938,2025-09-20 07:12:46+00:00
1,35,177,72,87,0.0,4092.64,88.39999999999998,2.818,0.5,177,543537609,223226290,2025-09-20 07:12:49+00:00
1,35,177,72,88,0.0,4100.6,88.0,2.809,0.0,177,543537884,223227413,2025-09-20 07:12:52+00:00
1,34,176,72,88,0.0,4113.3,88.0,2.79,0.5,176,543538203,223229349,2025-09-20 07:12:57+00:00
1,11,178,71,86,0.0,4124.51,88.0,2.771,0.5,178,543538565,223230963,2025-09-20 07:13:01+00:00
1,4,177,71,89,0.0,4134.43,89.39999999999998,2.781,0.5,177,543538869,223232452,2025-09-20 07:13:04+00:00
1,7,177,71,88,31.13,4142.64,89.79999999999995,2.837,0.0,177,543539356,223233402,2025-09-20 07:13:07+00:00
1,10,177,71,87,31.13,4153.81,91.20000000000005,2.827,0.0,177,543539959,223234928,2025-09-20 07:13:11+00:00
1,2,177,71,88,0.0,4170.85,91.39999999999998,2.809,0.0,177,543540926,223237142,2025-09-20 07:13:17+00:00
1,2,177,71,88,0.0,4182.4,92.79999999999995,2.818,0.5,177,543541738,223238495,2025-09-20 07:13:21+00:00
1,2,177,71,88,0.0,4191.25,92.20000000000005,2.827,0.0,177,543542371,223239436,2025-09-20 07:13:24+00:00
1,1,176,71,88,0.0,4200.22,91.60000000000002,2.837,0.5,176,543542987,223240580,2025-09-20 07:13:27+00:00
1,2,177,71,88,0.0,4209.37,91.60000000000002,2.846,0.5,177,543543529,223241689,2025-09-20 07:13:30+00:00
1,2,177,71,88,0.0,4223.59,92.79999999999995,2.874,0.0,177,543544097,223243677,2025-09-20 07:13:35+00:00
1,9,178,71,87,0.0,4234.46,93.60000000000002,2.865,0.5,178,543544237,223245286,2025-09-20 07:13:39+00:00
1,9,178,71,88,0.0,4243.53,93.79999999999995,2.865,0.0,178,543544430,223246649,2025-09-20 07:13:42+00:00
1,7,178,71,87,0.0,4253.42,93.20000000000005,2.855,0.5,178,543544721,223248116,2025-09-20 07:13:46+00:00
1,7,178,71,88,0.0,4264.97,92.60000000000002,2.837,0.0,178,543545049,223249803,2025-09-20 07:13:50+00:00
1,11,177,71,87,0.0,4276.61,93.60000000000002,2.837,0.5,177,543545473,223251467,2025-09-20 07:13:54+00:00
1,14,177,71,88,0.0,4288.12,93.39999999999998,2.837,0.0,177,543545747,223253198,2025-09-20 07:13:58+00:00
1,19,177,71,86,30.96,4300.64,93.79999999999995,2.827,0.5,177,543546245,223254971,2025-09-20 07:14:03+00:00
1,22,177,71,88,30.96,4309.45,94.39999999999998,2.799,0.5,177,543546348,223256338,2025-09-20 07:14:06+00:00
1,25,177,71,88,30.96,4317.46,94.39999999999998,2.809,0.0,177,543546654,223257474,2025-09-20 07:14:09+00:00
1,26,178,71,87,0.0,4326.56,94.20000000000005,2.809,0.5,178,543546949,223258778,2025-09-20 07:14:12+00:00
1,30,178,71,87,0.0,4339.98,95.39999999999998,2.809,0.0,178,543547342,223260760,2025-09-20 07:14:17+00:00
1,34,177,71,87,0.0,4347.93,95.20000000000005,2.79,0.5,177,543547643,223261820,2025-09-20 07:14:20+00:00
1,34,178,71,89,0.0,4356.16,95.60000000000002,2.781,0.0,178,543548010,223263023,2025-09-20 07:14:23+00:00
1,36,178,71,88,0.0,4368.63,94.79999999999995,2.781,0.0,178,543548601,223264725,2025-09-20 07:14:27+00:00
1,36,177,71,88,0.0,4381.75,94.0,2.79,0.5,177,543549078,223266691,2025-09-20 07:14:32+00:00
1,13,176,71,89,0.0,4392.64,95.20000000000005,2.79,0.0,176,543549515,223268184,2025-09-20 07:14:36+00:00
1,13,176,71,87,0.0,4401.69,95.0,2.781,0.5,176,543549904,223269407,2025-09-20 07:14:39+00:00
1,11,177,71,86,0.0,4414.06,95.20000000000005,2.781,0.0,177,543550432,223271122,2025-09-20 07:14:44+00:00
1,8,176,71,88,0.0,4426.37,93.39999999999998,2.762,0.5,176,543551040,223272735,2025-09-20 07:14:48+00:00
1,8,176,71,89,0.0,4435.14,93.20000000000005,2.781,0.0,176,543551422,223273946,2025-09-20 07:14:51+00:00
1,8,176,71,88,0.0,4445.9,92.20000000000005,2.771,0.0,176,543552049,223275390,2025-09-20 07:14:55+00:00
1,8,176,71,88,0.0,4463.42,92.60000000000002,2.79,0.5,176,543553074,223277605,2025-09-20 07:15:01+00:00
1,10,176,71,88,0.0,4474.46,93.39999999999998,2.79,0.5,176,543553813,223278900,2025-09-20 07:15:05+00:00
1,12,176,71,89,0.0,4485.43,94.20000000000005,2.79,0.0,176,543554405,223280349,2025-09-20 07:15:09+00:00
1,5,177,71,88,0.0,4497.75,93.20000000000005,2.799,0.0,177,543555067,223282022,2025-09-20 07:15:13+00:00
1,5,177,71,89,0.0,4509.66,93.20000000000005,2.827,0.0,177,543555695,223283595,2025-09-20 07:15:17+00:00
1,10,177,71,87,0.0,4523.7,93.79999999999995,2.837,0.5,177,543556443,223285353,2025-09-20 07:15:22+00:00
1,13,177,71,88,0.0,4531.96,94.79999999999995,2.827,0.0,177,543556822,223286565,2025-09-20 07:15:25+00:00
1,15,176,71,87,0.0,4540.55,93.60000000000002,2.827,0.0,176,543557267,223287619,2025-09-20 07:15:28+00:00
1,18,175,71,88,0.0,4553.6,92.20000000000005,2.809,0.5,175,543557995,223289402,2025-09-20 07:15:33+00:00
1,20,175,71,88,0.0,4564.76,92.0,2.799,0.0,175,543558412,223290997,2025-09-20 07:15:37+00:00
1,20,175,71,87,0.0,4573.73,92.20000000000005,2.799,0.5,175,543558749,223292275,2025-09-20 07:15:40+00:00
1,23,175,71,89,0.0,4580.8,93.0,2.79,0.5,175,543559107,223293123,2025-09-20 07:15:43+00:00
1,23,175,71,88,0.0,4588.06,93.20000000000005,2.753,0.0,175,543559512,223294139,2025-09-20 07:15:46+00:00
1,27,174,71,87,0.0,4598.86,92.39999999999998,2.734,0.5,174,543559881,223295696,2025-09-20 07:15:50+00:00
1,30,175,71,88,0.0,4616.14,93.0,2.743,0.5,175,543560652,223298047,2025-09-20 07:15:56+00:00
1,30,175,71,88,0.0,4624.17,91.79999999999995,2.753,0.5,175,543560954,223299267,2025-09-20 07:15:59+00:00
1,30,175,70,88,0.0,4631.91,90.20000000000005,2.743,0.5,175,543561277,223300361,2025-09-20 07:16:02+00:00
1,30,175,70,88,0.0,4644.27,90.39999999999998,2.734,0.0,175,543561673,223302062,2025-09-20 07:16:06+00:00
1,30,175,70,89,0.0,4655.14,90.39999999999998,2.762,0.5,175,543562104,223303675,2025-09-20 07:16:10+00:00
1,39,176,70,89,0.0,4669.51,91.79999999999995,2.771,0.0,176,543562745,223305673,2025-09-20 07:16:15+00:00
1,32,176,70,88,0.0,4683.58,92.20000000000005,2.762,0.5,176,543563357,223307670,2025-09-20 07:16:20+00:00
1,13,176,70,88,0.0,4691.59,92.39999999999998,2.771,0.0,176,543563680,223308742,2025-09-20 07:16:23+00:00
1,13,176,70,88,0.0,4700.66,92.60000000000002,2.771,0.5,176,543563906,223310103,2025-09-20 07:16:26+00:00
1,12,177,70,87,0.0,4708.92,92.79999999999995,2.781,0.5,177,543564168,223311252,2025-09-20 07:16:29+00:00
1,12,177,70,88,0.0,4720.47,92.39999999999998,2.781,0.0,177,543564531,223312964,2025-09-20 07:16:33+00:00
1,12,177,70,89,0.0,4737.52,92.20000000000005,2.799,0.5,177,543565016,223315538,2025-09-20 07:16:39+00:00
1,12,177,70,89,0.0,4746.89,91.20000000000005,2.809,0.5,177,543565230,223316813,2025-09-20 07:16:42+00:00
1,12,177,70,87,0.0,4755.09,91.60000000000002,2.818,0.5,177,543565402,223318074,2025-09-20 07:16:45+00:00
1,12,177,70,87,0.0,4764.96,92.39999999999998,2.809,0.0,177,543565653,223319607,2025-09-20 07:16:49+00:00
1,20,177,70,87,0.0,4779.9,92.20000000000005,2.809,0.0,177,543565766,223321843,2025-09-20 07:16:54+00:00
1,13,177,70,88,0.0,4788.61,92.39999999999998,2.818,0.5,177,543565652,223323054,2025-09-20 07:16:57+00:00
1,9,177,70,87,0.0,4799.55,92.20000000000005,2.818,0.0,177,543565531,223324731,2025-09-20 07:17:01+00:00
1,10,177,70,87,0.0,4815.44,93.0,2.781,0.0,177,543565597,223327204,2025-09-20 07:17:07+00:00
1,10,177,70,88,0.0,4823.67,92.39999999999998,2.79,0.0,177,543565854,223328357,2025-09-20 07:17:10+00:00
1,10,177,70,87,0.0,4836.28,90.79999999999995,2.781,0.5,177,543566441,223330168,2025-09-20 07:17:15+00:00
1,10,177,70,88,26.76,4846.66,90.20000000000005,2.771,0.0,177,543567168,223331386,2025-09-20 07:17:19+00:00
1,10,177,70,86,26.76,4855.7,89.60000000000002,2.762,0.5,177,543567676,223332649,2025-09-20 07:17:22+00:00
1,10,177,70,88,0.0,4871.12,90.20000000000005,2.781,0.0,177,543567909,223334941,2025-09-20 07:17:27+00:00
1,11,178,70,87,22.64,4879.48,90.60000000000002,2.79,0.0,178,543568100,223336103,2025-09-20 07:17:30+00:00
1,11,178,70,87,0.0,4888.19,91.79999999999995,2.79,0.5,178,543568116,223337467,2025-09-20 07:17:33+00:00
1,5,179,70,88,0.0,4896.76,92.0,2.799,0.0,179,543568259,223338710,2025-09-20 07:17:36+00:00
1,5,179,70,88,0.0,4910.41,91.79999999999995,2.799,0.5,179,543568403,223340813,2025-09-20 07:17:41+00:00
1,5,179,70,88,0.0,4923.89,92.39999999999998,2.79,0.0,179,543568383,223342886,2025-09-20 07:17:46+00:00
1,5,179,70,87,0.0,4935.67,92.39999999999998,2.79,0.5,179,543568603,223344606,2025-09-20 07:17:50+00:00
1,5,178,70,88,0.0,4949.04,93.39999999999998,2.79,0.5,178,543568737,223346673,2025-09-20 07:17:55+00:00
1,5,178,70,88,0.0,4962.1,93.0,2.771,0.0,178,543568868,223348618,2025-09-20 07:18:00+00:00
1,5,178,70,88,0.0,4971.56,91.79999999999995,2.762,0.0,178,543568916,223350080,2025-09-20 07:18:03+00:00
1,4,179,70,88,0.0,4982.09,92.60000000000002,2.79,0.0,179,543569135,223351649,2025-09-20 07:18:07+00:00
1,2,178,70,87,0.0,4995.84,91.60000000000002,2.762,0.0,178,543569168,223353789,2025-09-20 07:18:12+00:00
1,2,178,70,89,0.0,5004.2,92.60000000000002,2.771,0.0,178,543569260,223355032,2025-09-20 07:18:15+00:00
1,3,179,70,89,0.0,5009.65,92.79999999999995,2.771,0.0,179,543569310,223355853,2025-09-20 07:18:17+00:00
1,4,178,70,89,0.0,5021.33,92.0,2.771,0.0,178,543569357,223357614,2025-09-20 07:18:21+00:00
1,6,178,70,87,22.73,5032.3,91.79999999999995,2.771,0.0,178,543569537,223359249,2025-09-20 07:18:25+00:00
1,6,178,70,87,29.5,5040.87,92.60000000000002,2.771,0.5,178,543569636,223360545,2025-09-20 07:18:28+00:00
1,6,178,70,88,29.5,5054.43,92.79999999999995,2.781,0.0,178,543569721,223362603,2025-09-20 07:18:33+00:00
1,12,177,70,89,29.5,5067.57,92.20000000000005,2.753,0.5,177,543569926,223364600,2025-09-20 07:18:38+00:00
1,6,175,70,89,22.73,5077.49,92.0,2.697,0.0,175,543570061,223366109,2025-09-20 07:18:42+00:00
1,6,175,70,89,22.73,5086.9,92.79999999999995,2.734,0.0,175,543570022,223367552,2025-09-20 07:18:45+00:00
1,12,175,70,89,22.73,5095.16,93.20000000000005,2.753,0.5,175,543570162,223368763,2025-09-20 07:18:48+00:00
1,15,176,70,88,29.5,5106.01,93.20000000000005,2.771,0.0,176,543570297,223370401,2025-09-20 07:18:52+00:00
1,20,175,70,88,22.73,5123.33,92.60000000000002,2.753,0.5,175,543570416,223373097,2025-09-20 07:18:58+00:00
1,24,175,69,89,22.73,5132.25,92.79999999999995,2.771,0.0,175,543570490,223374376,2025-09-20 07:19:01+00:00
1,27,175,69,88,29.5,5143.46,93.0,2.781,0.5,175,543570593,223376054,2025-09-20 07:19:05+00:00
1,29,175,69,89,22.73,5151.94,93.0,2.781,0.5,175,543570672,223377370,2025-09-20 07:19:08+00:00
1,31,176,69,89,34.91,5163.87,93.0,2.809,0.0,176,543570763,223379198,2025-09-20 07:19:12+00:00
1,34,176,69,89,34.91,5171.98,93.20000000000005,2.809,0.5,176,543570865,223380405,2025-09-20 07:19:15+00:00
1,36,176,69,89,22.73,5185.67,93.20000000000005,2.799,0.0,176,543571009,223382510,2025-09-20 07:19:20+00:00
1,9,179,69,88,22.73,5203.06,93.20000000000005,2.809,0.5,179,543571242,223385114,2025-09-20 07:19:26+00:00
1,9,178,69,89,34.91,5205.73,93.60000000000002,2.809,0.0,178,543571232,223385541,2025-09-20 07:19:27+00:00
1,9,178,69,88,34.91,5217.08,93.79999999999995,2.809,0.0,178,543571344,223387289,2025-09-20 07:19:31+00:00
1,14,177,69,88,34.91,5224.95,93.60000000000002,2.809,0.5,177,543571501,223388419,2025-09-20 07:19:34+00:00
1,17,178,69,89,34.91,5233.33,93.79999999999995,2.799,0.5,178,543571488,223389740,2025-09-20 07:19:37+00:00
1,19,178,69,89,22.73,5241.89,94.0,2.799,0.0,178,543571604,223390934,2025-09-20 07:19:40+00:00
1,22,177,69,88,34.91,5255.06,93.79999999999995,2.79,0.5,177,543571832,223392984,2025-09-20 07:19:45+00:00
1,26,177,69,90,22.73,5269.46,94.0,2.799,0.0,177,543571789,223395197,2025-09-20 07:19:50+00:00
1,27,178,69,88,22.73,5281.2,94.20000000000005,2.809,0.5,178,543571865,223396961,2025-09-20 07:19:54+00:00
1,31,178,69,89,22.73,5289.48,93.60000000000002,2.809,0.0,178,543571949,223398117,2025-09-20 07:19:57+00:00
1,35,177,69,88,34.91,5300.07,92.60000000000002,2.781,0.5,177,543572115,223399752,2025-09-20 07:20:01+00:00
1,39,178,69,88,22.73,5313.59,91.79999999999995,2.781,0.5,178,543572355,223401793,2025-09-20 07:20:06+00:00
1,38,177,69,89,22.73,5329.89,91.39999999999998,2.743,0.5,177,543572399,223404267,2025-09-20 07:20:12+00:00
1,38,177,69,88,22.73,5340.19,91.79999999999995,2.743,0.0,177,543572464,223405828,2025-09-20 07:20:16+00:00
1,33,176,69,88,22.73,5349.16,92.0,2.743,0.0,176,543572612,223407229,2025-09-20 07:20:19+00:00
1,33,176,69,86,22.73,5362.37,91.0,2.753,0.5,176,543572716,223409187,2025-09-20 07:20:24+00:00
1,33,176,69,86,22.73,5369.95,89.79999999999995,2.725,0.0,176,543572807,223410341,2025-09-20 07:20:27+00:00
1,33,176,69,87,34.91,5379.24,90.20000000000005,2.734,0.5,176,543572810,223411791,2025-09-20 07:20:30+00:00
1,33,176,69,88,34.91,5387.08,89.60000000000002,2.743,0.0,176,543572927,223412938,2025-09-20 07:20:33+00:00
1,43,176,69,87,34.91,5403.11,89.39999999999998,2.725,0.5,176,543573132,223415395,2025-09-20 07:20:39+00:00
1,43,176,69,88,34.91,5410.52,90.20000000000005,2.725,0.0,176,543573206,223416506,2025-09-20 07:20:42+00:00
1,32,177,69,88,34.91,5420.1,90.39999999999998,2.715,0.0,177,543573243,223417964,2025-09-20 07:20:45+00:00
1,17,178,69,88,34.91,5431.3,90.20000000000005,2.725,0.5,178,543573484,223419640,2025-09-20 07:20:49+00:00
1,17,178,69,89,22.73,5445.79,92.0,2.753,0.0,178,543573710,223421824,2025-09-20 07:20:54+00:00
1,4,179,69,87,34.91,5456.99,93.0,2.762,0.5,179,543573836,223423513,2025-09-20 07:20:58+00:00
1,3,179,69,88,34.91,5466.27,92.60000000000002,2.762,0.0,179,543573906,223424832,2025-09-20 07:21:01+00:00
1,3,178,69,88,34.91,5475.39,92.79999999999995,2.771,0.0,178,543573930,223426160,2025-09-20 07:21:04+00:00
1,6,178,69,88,34.91,5485.91,93.79999999999995,2.771,0.5,178,543574053,223427850,2025-09-20 07:21:08+00:00
1,12,178,69,88,22.73,5499.76,93.0,2.771,0.0,178,543574179,223429970,2025-09-20 07:21:13+00:00
1,14,178,69,87,34.91,5510.87,91.79999999999995,2.781,0.5,178,543574279,223431652,2025-09-20 07:21:17+00:00
1,16,178,69,89,34.91,5518.5,91.79999999999995,2.781,0.0,178,543574476,223432747,2025-09-20 07:21:20+00:00
1,14,178,69,89,34.91,5527.06,91.0,2.762,0.0,178,543574537,223434079,2025-09-20 07:21:23+00:00
1,10,179,69,88,34.91,5540.57,92.20000000000005,2.753,0.5,179,543574590,223436147,2025-09-20 07:21:28+00:00
1,5,179,69,88,22.73,5551.94,92.79999999999995,2.753,0.0,179,543574591,223437897,2025-09-20 07:21:32+00:00
1,3,180,69,88,34.91,5554.72,93.20000000000005,2.762,0.0,180,543574709,223438224,2025-09-20 07:21:33+00:00
1,2,181,69,87,34.91,5560.0,92.60000000000002,2.771,0.0,181,543574798,223439057,2025-09-20 07:21:35+00:00
1,2,180,69,88,34.91,5570.33,91.39999999999998,2.762,0.0,180,543574873,223440694,2025-09-20 07:21:39+00:00
1,2,180,69,87,22.73,5577.87,92.0,2.706,0.0,180,543574936,223441919,2025-09-20 07:21:42+00:00
1,2,180,69,85,22.73,5580.37,92.20000000000005,2.706,0.5,180,543574961,223442317,2025-09-20 07:21:43+00:00
1,4,158,69,0,0.0,5580.81,90.60000000000002,0.0,0.0,158,543575102,223443393,2025-09-20 07:22:55+00:00
1,4,158,69,0,24.17,5583.01,90.79999999999995,0.0,0.0,158,543575130,223442958,2025-09-20 07:22:56+00:00
1,3,159,69,85,26.11,5594.57,91.0,2.976,0.5,159,543575027,223441220,2025-09-20 07:23:00+00:00
1,4,161,69,84,21.67,5610.95,91.0,2.734,0.5,161,543574816,223438822,2025-09-20 07:23:06+00:00
1,2,160,69,87,0.0,5621.38,90.60000000000002,2.706,0.0,160,543574694,223437218,2025-09-20 07:23:10+00:00
1,1,157,69,87,23.44,5630.35,90.20000000000005,2.734,0.0,157,543574648,223435838,2025-09-20 07:23:13+00:00
1,1,157,69,87,0.0,5632.93,90.60000000000002,2.753,0.0,157,543574610,223435458,2025-09-20 07:23:14+00:00
1,1,157,69,88,0.0,5643.94,91.39999999999998,2.771,0.5,157,543574591,223433748,2025-09-20 07:23:18+00:00
1,1,158,69,88,0.0,5655.62,91.0,2.743,0.0,158,543574536,223431987,2025-09-20 07:23:22+00:00
1,2,162,69,87,0.0,5663.48,91.0,2.781,0.0,162,543574399,223430892,2025-09-20 07:23:25+00:00
1,2,164,69,87,21.42,5673.88,90.39999999999998,2.687,0.0,164,543574276,223429264,2025-09-20 07:23:29+00:00
1,1,166,69,86,22.2,5681.08,91.20000000000005,2.669,0.0,166,543574187,223428223,2025-09-20 07:23:32+00:00
1,1,166,69,87,0.16,5689.64,91.0,2.65,0.0,166,543574116,223426890,2025-09-20 07:23:35+00:00
1,2,168,69,88,20.89,5703.66,91.39999999999998,2.697,0.0,168,543573989,223424783,2025-09-20 07:23:40+00:00
1,3,169,69,88,22.18,5714.3,91.39999999999998,2.697,0.0,169,543573913,223423138,2025-09-20 07:23:44+00:00
1,1,170,69,88,21.94,5722.26,91.0,2.697,0.0,170,543573779,223422004,2025-09-20 07:23:47+00:00
1,2,171,69,86,0.0,5730.53,91.39999999999998,2.697,0.5,171,543573824,223420682,2025-09-20 07:23:50+00:00
1,3,173,69,87,27.37,5740.33,91.60000000000002,2.697,0.0,173,543573647,223419182,2025-09-20 07:23:54+00:00
1,5,174,69,87,655.27,5751.78,91.60000000000002,2.669,0.0,174,543573525,223417524,2025-09-20 07:23:58+00:00
1,5,174,69,88,28.9,5758.82,91.39999999999998,2.687,0.5,174,543573517,223416364,2025-09-20 07:24:01+00:00
1,5,174,69,88,29.78,5769.75,90.79999999999995,2.678,0.0,174,543573307,223414702,2025-09-20 07:24:05+00:00
1,1,175,69,88,22.56,5783.84,90.79999999999995,2.678,0.5,175,543573145,223412630,2025-09-20 07:24:10+00:00
1,1,175,69,87,21.99,5791.49,91.39999999999998,2.678,0.0,175,543573006,223411510,2025-09-20 07:24:13+00:00
1,1,175,69,87,0.0,5802.54,91.20000000000005,2.687,0.0,175,543572936,223409820,2025-09-20 07:24:17+00:00
1,1,175,69,88,21.22,5813.38,90.79999999999995,2.687,0.0,175,543572853,223408140,2025-09-20 07:24:21+00:00
1,1,175,69,86,655.04,5826.06,90.79999999999995,2.678,0.5,175,543572780,223406262,2025-09-20 07:24:26+00:00
1,1,175,69,87,25.33,5834.22,90.39999999999998,2.678,0.5,175,543572726,223405048,2025-09-20 07:24:29+00:00
1,1,175,69,88,25.3,5843.9,90.39999999999998,2.65,0.0,175,543572555,223403545,2025-09-20 07:24:33+00:00
1,1,173,69,88,20.84,5854.52,90.60000000000002,2.65,0.5,173,543572548,223401984,2025-09-20 07:24:37+00:00
1,1,174,69,86,25.69,5862.83,91.0,2.641,0.0,174,543572489,223400633,2025-09-20 07:24:40+00:00
1,2,175,69,88,0.0,5878.66,91.39999999999998,2.631,0.0,175,543572309,223398301,2025-09-20 07:24:46+00:00
1,2,175,69,87,24.19,5886.58,91.79999999999995,2.631,0.0,175,543572274,223397063,2025-09-20 07:24:49+00:00
1,7,175,69,86,23.09,5894.13,92.0,2.631,0.0,175,543572198,223395954,2025-09-20 07:24:52+00:00
1,10,175,69,88,20.67,5905.18,91.60000000000002,2.641,0.5,175,543572114,223394220,2025-09-20 07:24:56+00:00
1,11,176,68,87,33.88,5916.84,91.20000000000005,2.678,0.5,176,543572006,223392452,2025-09-20 07:25:00+00:00
1,16,175,68,88,0.0,5924.31,91.0,2.687,0.0,175,543571885,223391390,2025-09-20 07:25:03+00:00
1,17,176,68,87,34.95,5935.05,91.0,2.659,0.5,176,543571755,223389702,2025-09-20 07:25:07+00:00
1,22,176,68,88,24.67,5946.38,92.0,2.687,0.0,176,543571491,223388031,2025-09-20 07:25:11+00:00
1,23,176,68,86,30.06,5957.74,92.60000000000002,2.697,0.0,176,543571427,223386338,2025-09-20 07:25:15+00:00
1,24,177,68,87,,5965.1,92.60000000000002,2.687,0.0,177,543571369,223385248,2025-09-20 07:25:18+00:00
1,24,176,68,87,29.26,5978.69,92.79999999999995,2.678,0.0,176,543571278,223383173,2025-09-20 07:25:23+00:00
1,24,176,68,88,21.48,5989.02,93.20000000000005,2.678,0.5,176,543571130,223381579,2025-09-20 07:25:27+00:00
1,24,176,68,88,0.0,6000.43,93.39999999999998,2.678,0.0,176,543571019,223379876,2025-09-20 07:25:31+00:00
1,24,176,68,0,0.0,6003.49,93.0,2.687,0.0,176,543571001,223379341,2025-09-20 07:25:32+00:00
1,24,176,68,0,0.08,6009.35,92.60000000000002,2.697,0.0,176,543571001,223378458,2025-09-20 07:25:34+00:00
1,24,176,68,89,0.0,6019.47,92.39999999999998,2.697,0.0,176,543570817,223376944,2025-09-20 07:25:38+00:00
1,24,176,68,86,0.0,6030.5,92.79999999999995,2.697,0.5,176,543570682,223375342,2025-09-20 07:25:42+00:00
1,24,176,68,88,0.0,6039.09,92.79999999999995,2.715,0.5,176,543570531,223373992,2025-09-20 07:25:45+00:00
1,24,176,68,87,0.0,6047.21,92.79999999999995,2.725,0.5,176,543570407,223372836,2025-09-20 07:25:48+00:00
1,24,176,68,88,0.0,6055.36,92.60000000000002,2.725,0.5,176,543570353,223371562,2025-09-20 07:25:51+00:00
1,38,177,68,88,23.22,6068.05,93.0,2.687,0.5,177,543570239,223369589,2025-09-20 07:25:56+00:00
1,36,176,68,89,0.03,6079.94,93.20000000000005,2.706,0.5,176,543570142,223367812,2025-09-20 07:26:00+00:00
1,25,177,68,88,0.0,6091.63,93.0,2.715,0.0,177,543570091,223366031,2025-09-20 07:26:04+00:00
1,25,177,68,88,655.14,6102.59,92.79999999999995,2.734,0.5,177,543569913,223364417,2025-09-20 07:26:08+00:00
1,19,179,68,88,0.0,6116.22,93.0,2.743,0.0,179,543569776,223362330,2025-09-20 07:26:13+00:00
1,19,179,68,88,0.0,6121.27,92.60000000000002,2.743,0.0,179,543569746,223361564,2025-09-20 07:26:15+00:00
1,19,179,68,88,0.0,6123.71,92.79999999999995,2.734,0.5,179,543569662,223361227,2025-09-20 07:26:16+00:00
1,21,179,68,88,0.0,6132.7,92.39999999999998,2.725,0.5,179,543569603,223359797,2025-09-20 07:26:19+00:00
1,23,178,68,87,31.47,6144.78,91.60000000000002,2.762,0.5,178,543569536,223358011,2025-09-20 07:26:23+00:00
1,26,178,68,88,0.0,6157.91,92.0,2.753,0.0,178,543569439,223355994,2025-09-20 07:26:28+00:00
1,29,179,68,86,0.0,6163.13,92.0,2.762,0.0,179,543569401,223355165,2025-09-20 07:26:30+00:00
1,30,178,68,86,0.0,6166.22,92.20000000000005,2.743,0.0,178,543569302,223354779,2025-09-20 07:26:31+00:00
1,32,179,68,89,29.72,6174.99,92.20000000000005,2.762,0.5,179,543569245,223353440,2025-09-20 07:26:34+00:00
1,35,179,68,89,32.27,6185.73,91.60000000000002,2.753,0.0,179,543569228,223351816,2025-09-20 07:26:38+00:00
1,35,179,68,89,33.34,6193.62,91.79999999999995,2.762,0.5,179,543569127,223350656,2025-09-20 07:26:41+00:00
1,5,177,68,89,26.43,6202.2,91.60000000000002,2.762,0.0,177,543569019,223349329,2025-09-20 07:26:44+00:00
1,2,178,68,87,34.45,6214.75,92.60000000000002,2.734,0.5,178,543568834,223347402,2025-09-20 07:26:49+00:00
1,3,178,68,89,33.82,6226.34,92.79999999999995,2.743,0.0,178,543568789,223345643,2025-09-20 07:26:53+00:00
1,6,178,68,89,33.82,6234.81,92.60000000000002,2.743,0.0,178,543568673,223344425,2025-09-20 07:26:56+00:00
1,7,179,68,88,28.06,6243.01,92.0,2.753,0.5,179,543568576,223343136,2025-09-20 07:26:59+00:00
1,10,179,68,88,0.0,6254.14,92.0,2.743,0.0,179,543568546,223341432,2025-09-20 07:27:03+00:00
1,14,179,68,89,0.0,6264.95,92.20000000000005,2.762,0.5,179,543568388,223339796,2025-09-20 07:27:07+00:00
1,17,180,68,89,0.0,6278.78,91.60000000000002,2.753,0.0,180,543568368,223337723,2025-09-20 07:27:12+00:00
1,4,180,68,88,0.0,6290.16,91.0,2.743,0.5,180,543568206,223335962,2025-09-20 07:27:16+00:00
1,4,180,68,88,0.0,6297.81,90.20000000000005,2.762,0.0,180,543568105,223334843,2025-09-20 07:27:19+00:00
1,3,179,68,88,0.0,6308.25,89.60000000000002,2.743,0.5,179,543567910,223333253,2025-09-20 07:27:23+00:00
1,4,178,68,88,28.32,6319.48,89.60000000000002,2.725,0.0,178,543567543,223331576,2025-09-20 07:27:27+00:00
1,8,178,68,86,28.32,6326.68,90.39999999999998,2.734,0.5,178,543567093,223330740,2025-09-20 07:27:30+00:00
1,8,178,68,87,655.14,6337.69,90.60000000000002,2.715,0.0,178,543566650,223329180,2025-09-20 07:27:34+00:00
1,8,178,68,87,0.0,6351.24,91.39999999999998,2.715,0.0,178,543566293,223327160,2025-09-20 07:27:39+00:00
1,18,177,68,89,35.04,6363.5,91.79999999999995,2.725,0.0,177,543565946,223325387,2025-09-20 07:27:43+00:00
1,21,177,68,87,0.0,6373.76,91.20000000000005,2.743,0.5,177,543565763,223323855,2025-09-20 07:27:47+00:00
1,23,178,68,87,0.0,6385.11,91.20000000000005,2.725,0.0,178,543565912,223322133,2025-09-20 07:27:51+00:00
1,25,178,68,87,25.17,6392.78,91.79999999999995,2.734,0.0,178,543565850,223321034,2025-09-20 07:27:54+00:00
1,25,178,68,87,0.0,6395.55,92.0,2.734,0.5,178,543565788,223320540,2025-09-20 07:27:55+00:00
1,28,178,68,88,0.0,6403.2,92.39999999999998,2.725,0.0,178,543565576,223319497,2025-09-20 07:27:58+00:00
1,33,177,67,86,0.0,6416.29,92.79999999999995,2.697,0.5,177,543565319,223317502,2025-09-20 07:28:03+00:00
1,36,177,67,87,0.0,6424.83,92.60000000000002,2.706,0.0,177,543565219,223316149,2025-09-20 07:28:06+00:00
1,38,177,67,88,0.0,6433.34,92.60000000000002,2.706,0.0,177,543564983,223314950,2025-09-20 07:28:09+00:00
1,41,177,67,87,0.0,6444.27,92.60000000000002,2.715,0.5,177,543564757,223313354,2025-09-20 07:28:13+00:00
1,46,178,67,88,0.0,6455.63,93.20000000000005,2.715,0.5,178,543564479,223311555,2025-09-20 07:28:17+00:00
1,45,178,67,88,0.0,6464.2,93.39999999999998,2.725,0.5,178,543564186,223310380,2025-09-20 07:28:20+00:00
1,44,177,67,89,655.14,6475.69,93.20000000000005,2.753,0.0,177,543563821,223308755,2025-09-20 07:28:24+00:00
1,33,177,67,89,0.0,6484.3,92.60000000000002,2.762,0.0,177,543563534,223307449,2025-09-20 07:28:27+00:00
1,33,178,67,88,0.0,6492.15,92.20000000000005,2.753,0.5,178,543563183,223306388,2025-09-20 07:28:30+00:00
1,33,178,67,87,0.0,6508.05,92.79999999999995,2.734,0.5,178,543562526,223304155,2025-09-20 07:28:36+00:00
1,33,178,67,88,35.95,6515.92,93.20000000000005,2.734,0.0,178,543562076,223303181,2025-09-20 07:28:39+00:00
1,35,178,67,88,0.0,6524.74,93.20000000000005,2.743,0.0,178,543561714,223301917,2025-09-20 07:28:42+00:00
1,38,178,67,88,0.0,6535.07,93.79999999999995,2.734,0.5,178,543561367,223300363,2025-09-20 07:28:46+00:00
1,38,178,67,89,0.0,6543.35,94.0,2.725,0.0,178,543561048,223299222,2025-09-20 07:28:49+00:00
1,41,178,67,89,0.01,6555.32,94.60000000000002,2.743,0.5,178,543560600,223297485,2025-09-20 07:28:53+00:00
1,42,178,67,89,33.98,6575.01,94.0,2.771,0.5,178,543559748,223294735,2025-09-20 07:29:00+00:00
1,42,177,67,90,26.65,6588.84,94.20000000000005,2.771,0.0,177,543559302,223292722,2025-09-20 07:29:05+00:00
1,36,178,67,88,0.0,6600.1,94.0,2.762,0.5,178,543558789,223291173,2025-09-20 07:29:09+00:00
1,33,178,67,90,0.0,6608.9,93.79999999999995,2.771,0.5,178,543558281,223290120,2025-09-20 07:29:12+00:00
1,35,178,67,89,29.86,6616.86,93.39999999999998,2.781,0.0,178,543557924,223288948,2025-09-20 07:29:15+00:00
1,36,177,67,87,8.0,6625.43,93.0,2.771,0.5,177,543557422,223287881,2025-09-20 07:29:18+00:00
1,38,178,67,89,19.37,6637.19,93.60000000000002,2.79,0.5,178,543556808,223286309,2025-09-20 07:29:22+00:00
1,39,178,67,88,19.37,6651.42,94.39999999999998,2.818,0.5,178,543555957,223284503,2025-09-20 07:29:27+00:00
1,39,178,67,88,655.14,6665.11,94.79999999999995,2.809,0.0,178,543555332,223282605,2025-09-20 07:29:32+00:00
1,39,177,67,88,0.0,6675.27,94.20000000000005,2.799,0.5,177,543554790,223281265,2025-09-20 07:29:36+00:00
1,34,176,67,88,32.96,6686.46,93.39999999999998,2.781,0.0,176,543554119,223279864,2025-09-20 07:29:40+00:00
1,26,174,67,88,32.75,6699.4,94.0,2.771,0.0,174,543553485,223278100,2025-09-20 07:29:45+00:00
1,23,173,67,86,32.75,6709.11,94.39999999999998,2.734,0.0,173,543552792,223277014,2025-09-20 07:29:49+00:00
1,4,175,67,89,25.19,6722.4,94.39999999999998,2.706,0.0,175,543552119,223275189,2025-09-20 07:29:54+00:00
1,3,176,67,89,0.0,6734.0,94.0,2.715,0.0,176,543551594,223273573,2025-09-20 07:29:58+00:00
1,3,176,67,87,23.8,6736.57,94.0,2.715,0.5,176,543551387,223273316,2025-09-20 07:29:59+00:00
1,3,176,67,88,30.87,6742.12,94.0,2.725,0.5,176,543551143,223272551,2025-09-20 07:30:01+00:00
1,3,176,67,88,33.21,6751.02,94.0,2.725,0.5,176,543550770,223271267,2025-09-20 07:30:04+00:00
1,7,176,67,88,33.21,6759.13,93.60000000000002,2.734,0.5,176,543550314,223270272,2025-09-20 07:30:07+00:00
1,7,176,67,89,33.21,6767.42,92.79999999999995,2.734,0.5,176,543549937,223269086,2025-09-20 07:30:10+00:00
1,12,176,67,89,33.21,6778.91,92.20000000000005,2.743,0.0,176,543549493,223267457,2025-09-20 07:30:14+00:00
1,7,177,67,89,33.21,6795.22,91.20000000000005,2.743,0.0,177,543548752,223265175,2025-09-20 07:30:20+00:00
1,3,178,67,89,33.21,6809.0,92.0,2.743,0.5,178,543548231,223263233,2025-09-20 07:30:25+00:00
1,2,179,67,89,31.9,6820.51,92.20000000000005,2.753,0.5,179,543547824,223261568,2025-09-20 07:30:29+00:00
1,5,180,67,88,31.9,6828.95,92.20000000000005,2.762,0.5,180,543547414,223260467,2025-09-20 07:30:32+00:00
1,10,180,67,89,31.9,6839.9,92.39999999999998,2.771,0.5,180,543546939,223258966,2025-09-20 07:30:36+00:00
1,13,180,67,89,31.9,6848.49,92.0,2.762,0.0,180,543546703,223257636,2025-09-20 07:30:39+00:00
1,14,179,67,88,31.9,6859.16,91.79999999999995,2.771,0.5,179,543546318,223256133,2025-09-20 07:30:43+00:00
1,14,179,67,87,29.52,6872.83,91.79999999999995,2.753,0.5,179,543546056,223254057,2025-09-20 07:30:48+00:00
1,21,179,67,88,0.0,6880.89,92.0,2.753,0.5,179,543545727,223253006,2025-09-20 07:30:51+00:00
1,25,179,67,86,29.41,6893.49,91.79999999999995,2.734,0.5,179,543545240,223251144,2025-09-20 07:30:56+00:00
1,29,179,66,89,27.02,6910.17,92.20000000000005,2.734,0.5,179,543544843,223248646,2025-09-20 07:31:02+00:00
1,30,178,66,88,27.02,6919.38,92.0,2.762,0.5,178,543544705,223247268,2025-09-20 07:31:05+00:00
1,30,178,66,89,27.02,6927.21,91.79999999999995,2.762,0.0,178,543544531,223246152,2025-09-20 07:31:08+00:00
1,30,178,66,88,27.02,6935.58,91.79999999999995,2.762,0.0,178,543544428,223244820,2025-09-20 07:31:11+00:00
1,30,178,66,88,27.02,6946.11,91.60000000000002,2.753,0.5,178,543544132,223243308,2025-09-20 07:31:15+00:00
1,37,178,66,88,27.02,6956.88,91.79999999999995,2.743,0.0,178,543543700,223241786,2025-09-20 07:31:19+00:00
1,37,178,66,87,27.02,6967.8,91.79999999999995,2.743,0.0,178,543543033,223240430,2025-09-20 07:31:23+00:00
1,28,177,66,88,27.02,6978.94,91.79999999999995,2.743,0.0,177,543542223,223239184,2025-09-20 07:31:27+00:00
1,5,177,66,89,27.02,6993.64,93.20000000000005,2.753,0.5,177,543541142,223237575,2025-09-20 07:31:32+00:00
1,4,176,66,89,0.0,7005.01,93.79999999999995,2.762,0.0,176,543540361,223236174,2025-09-20 07:31:36+00:00
1,4,176,66,88,648.22,7008.05,93.79999999999995,2.771,0.5,176,543540191,223235782,2025-09-20 07:31:37+00:00
1,5,175,66,90,0.0,7019.46,94.0,2.79,0.0,175,543539461,223234413,2025-09-20 07:31:41+00:00
1,5,176,66,90,0.0,7027.19,93.79999999999995,2.79,0.0,176,543538990,223233516,2025-09-20 07:31:44+00:00
1,4,177,66,88,0.0,7035.14,94.20000000000005,2.781,0.5,177,543538716,223232309,2025-09-20 07:31:47+00:00
1,2,178,66,89,0.0,7042.97,93.79999999999995,2.762,0.5,178,543538440,223231248,2025-09-20 07:31:50+00:00
1,2,179,66,89,0.0,7052.19,93.0,2.753,0.5,179,543538311,223229793,2025-09-20 07:31:53+00:00
1,4,178,66,89,0.0,7061.0,93.0,2.781,0.5,178,543538036,223228574,2025-09-20 07:31:56+00:00
1,5,178,66,89,0.0,7071.79,92.20000000000005,2.79,0.0,178,543537814,223226931,2025-09-20 07:32:00+00:00
1,5,179,66,90,0.0,7083.12,91.60000000000002,2.79,0.0,179,543537654,223225199,2025-09-20 07:32:04+00:00
1,9,179,66,88,0.0,7099.37,92.0,2.762,0.5,179,543537507,223222688,2025-09-20 07:32:10+00:00
1,10,180,66,89,0.0,7107.68,92.0,2.762,0.5,180,543537428,223221470,2025-09-20 07:32:13+00:00
1,5,181,66,88,0.0,7119.5,92.20000000000005,2.781,0.5,181,543537294,223219741,2025-09-20 07:32:17+00:00
1,5,181,66,89,0.0,7128.09,92.79999999999995,2.809,0.5,181,543537293,223218396,2025-09-20 07:32:20+00:00
1,9,181,66,89,0.0,7135.32,93.39999999999998,2.799,0.5,181,543537233,223217313,2025-09-20 07:32:23+00:00
1,9,181,66,88,0.0,7146.69,94.20000000000005,2.781,0.5,181,543537127,223215573,2025-09-20 07:32:27+00:00
1,9,181,66,89,0.0,7160.03,93.79999999999995,2.762,0.5,181,543536999,223213527,2025-09-20 07:32:32+00:00
1,20,180,66,89,0.0,7173.76,95.0,2.762,0.0,180,543537044,223211460,2025-09-20 07:32:37+00:00
1,24,180,66,88,0.0,7184.24,94.60000000000002,2.753,0.5,180,543537223,223209856,2025-09-20 07:32:41+00:00
1,24,180,66,89,0.0,7194.59,94.39999999999998,2.734,0.5,180,543537152,223208246,2025-09-20 07:32:45+00:00
1,24,180,66,88,0.0,7203.22,94.60000000000002,2.725,0.0,180,543537190,223207004,2025-09-20 07:32:48+00:00
1,24,180,66,89,0.0,7213.95,94.60000000000002,2.734,0.0,180,543537271,223205366,2025-09-20 07:32:52+00:00
1,8,178,66,88,0.0,7225.09,94.79999999999995,2.734,0.0,178,543537259,223203673,2025-09-20 07:32:56+00:00
1,9,179,66,90,0.0,7241.59,94.20000000000005,2.725,0.0,179,543537323,223201142,2025-09-20 07:33:02+00:00
1,9,179,66,88,0.0,7252.99,94.20000000000005,2.734,0.5,179,543537438,223199392,2025-09-20 07:33:06+00:00
1,9,179,66,89,0.0,7264.47,94.39999999999998,2.734,0.5,179,543537585,223197627,2025-09-20 07:33:10+00:00
1,9,179,66,89,0.0,7276.2,93.20000000000005,2.753,0.5,179,543537658,223195884,2025-09-20 07:33:14+00:00
1,9,179,66,89,0.0,7283.74,93.39999999999998,2.762,0.0,179,543537655,223194809,2025-09-20 07:33:17+00:00
1,8,181,66,88,0.0,7293.67,93.60000000000002,2.753,0.5,181,543537787,223193273,2025-09-20 07:33:21+00:00
1,8,181,66,89,0.0,7310.31,95.60000000000002,2.734,0.0,181,543537927,223190671,2025-09-20 07:33:27+00:00
1,8,181,66,88,0.0,7321.83,96.0,2.725,0.5,181,543538047,223188939,2025-09-20 07:33:31+00:00
1,19,182,66,88,0.0,7334.01,95.0,2.762,0.5,182,543538233,223187125,2025-09-20 07:33:35+00:00
1,19,182,66,87,0.0,7341.24,94.39999999999998,2.762,0.5,182,543538349,223186090,2025-09-20 07:33:38+00:00
1,19,182,66,87,0.0,7345.93,95.39999999999998,2.753,0.0,182,543538844,223185798,2025-09-20 07:33:40+00:00
1,16,182,66,86,0.0,7351.54,95.20000000000005,2.734,0.0,182,543539462,223185927,2025-09-20 07:33:42+00:00
1,14,181,66,85,0.0,7360.85,94.79999999999995,2.734,0.5,181,543540420,223185980,2025-09-20 07:33:45+00:00
1,4,178,66,88,0.0,7367.47,94.79999999999995,2.753,0.5,178,543541055,223186121,2025-09-20 07:33:47+00:00
1,2,178,66,89,0.0,7372.58,94.39999999999998,2.753,0.0,178,543541617,223186241,2025-09-20 07:33:49+00:00
1,3,180,66,87,0.0,7386.42,93.79999999999995,2.743,0.5,180,543543073,223186105,2025-09-20 07:33:54+00:00
1,2,181,66,87,0.0,7389.25,93.79999999999995,2.753,0.0,181,543543405,223185869,2025-09-20 07:33:55+00:00
1,2,181,66,87,0.0,7396.87,93.79999999999995,2.753,0.0,181,543543891,223185023,2025-09-20 07:33:58+00:00
1,2,180,65,87,0.0,7404.56,93.60000000000002,2.734,0.0,180,543544240,223183846,2025-09-20 07:34:01+00:00
1,1,179,65,87,0.0,7412.68,92.79999999999995,2.715,0.5,179,543544336,223182679,2025-09-20 07:34:04+00:00
1,2,180,65,88,0.0,7423.22,92.79999999999995,2.715,0.0,180,543544488,223181117,2025-09-20 07:34:08+00:00
1,2,180,65,89,0.0,7434.35,92.79999999999995,2.706,0.0,180,543544767,223179444,2025-09-20 07:34:12+00:00
1,2,180,65,88,0.0,7442.37,93.39999999999998,2.697,0.0,180,543544772,223178203,2025-09-20 07:34:15+00:00
1,2,180,65,88,0.0,7445.43,93.60000000000002,2.697,0.0,180,543544858,223177705,2025-09-20 07:34:16+00:00
1,2,180,65,87,0.0,7453.44,93.60000000000002,2.715,0.5,180,543545053,223176582,2025-09-20 07:34:19+00:00
1,4,180,65,87,0.0,7464.09,93.60000000000002,2.715,0.0,180,543545281,223174974,2025-09-20 07:34:23+00:00
1,3,179,65,89,0.0,7475.78,93.20000000000005,2.715,0.5,179,543545500,223173249,2025-09-20 07:34:27+00:00
1,4,180,65,89,0.0,7488.58,93.0,2.706,0.0,180,543545713,223171287,2025-09-20 07:34:32+00:00
1,8,180,65,88,0.0,7499.75,93.20000000000005,2.715,0.5,180,543545957,223169624,2025-09-20 07:34:36+00:00
1,11,180,65,89,0.0,7508.55,93.39999999999998,2.715,0.0,180,543546209,223168271,2025-09-20 07:34:39+00:00
1,14,180,65,88,0.0,7517.27,94.0,2.725,0.0,180,543546343,223167045,2025-09-20 07:34:42+00:00
1,15,180,65,89,0.0,7525.37,94.0,2.743,0.5,180,543546580,223165803,2025-09-20 07:34:45+00:00
1,16,180,65,88,0.0,7533.06,94.20000000000005,2.743,0.5,180,543546754,223164732,2025-09-20 07:34:48+00:00
1,16,180,65,89,0.0,7541.37,94.20000000000005,2.734,0.5,180,543546960,223163431,2025-09-20 07:34:51+00:00
1,19,180,65,89,0.0,7552.55,94.0,2.725,0.0,180,543547205,223161750,2025-09-20 07:34:55+00:00
1,19,180,65,88,0.0,7566.67,93.79999999999995,2.743,0.5,180,543547686,223159741,2025-09-20 07:35:00+00:00
1,21,179,65,89,0.0,7580.68,94.39999999999998,2.753,0.0,179,543548098,223157623,2025-09-20 07:35:05+00:00
1,21,180,65,89,0.0,7595.29,95.0,2.762,0.5,180,543548547,223155498,2025-09-20 07:35:10+00:00
1,21,181,65,88,0.0,7606.3,94.79999999999995,2.771,0.0,181,543549015,223153947,2025-09-20 07:35:14+00:00
1,21,181,65,88,0.0,7613.77,94.60000000000002,2.771,0.5,181,543549307,223152902,2025-09-20 07:35:17+00:00
1,21,181,65,88,0.0,7624.47,94.0,2.762,0.0,181,543549847,223151479,2025-09-20 07:35:21+00:00
1,21,181,65,88,0.0,7634.99,93.79999999999995,2.753,0.5,181,543550269,223149893,2025-09-20 07:35:25+00:00
1,13,180,65,89,0.0,7651.84,93.20000000000005,2.771,0.0,180,543550831,223147588,2025-09-20 07:35:30+00:00
1,8,180,65,89,0.0,7663.23,94.79999999999995,2.79,0.5,180,543551250,223145985,2025-09-20 07:35:34+00:00
1,13,179,65,89,0.0,7674.99,95.39999999999998,2.818,0.0,179,543551821,223144368,2025-09-20 07:35:38+00:00
1,17,179,65,88,0.0,7686.28,95.20000000000005,2.837,0.5,179,543552308,223142834,2025-09-20 07:35:42+00:00
1,17,180,65,89,0.0,7694.61,95.60000000000002,2.837,0.0,180,543552707,223141710,2025-09-20 07:35:45+00:00
1,21,180,65,89,0.0,7706.77,96.20000000000005,2.837,0.0,180,543553444,223140109,2025-09-20 07:35:49+00:00
1,25,180,65,90,0.0,7715.72,95.79999999999995,2.846,0.5,180,543553887,223138982,2025-09-20 07:35:52+00:00
1,27,179,65,89,0.0,7726.28,96.0,2.855,0.0,179,543554426,223137635,2025-09-20 07:35:56+00:00
1,27,179,65,89,0.0,7735.17,95.60000000000002,2.837,0.5,179,543555015,223136449,2025-09-20 07:35:59+00:00
1,27,179,65,89,0.0,7746.28,95.39999999999998,2.855,0.0,179,543555521,223134941,2025-09-20 07:36:03+00:00
1,29,179,65,86,0.0,7759.89,95.0,2.771,0.5,179,543556328,223133319,2025-09-20 07:36:09+00:00
1,27,178,65,0,0.0,7766.46,94.20000000000005,2.435,0.0,178,543556762,223132372,2025-09-20 07:36:14+00:00
1,22,178,65,58,0.0,7771.73,94.20000000000005,1.894,0.5,178,543556869,223131654,2025-09-20 07:36:18+00:00
1,1,177,65,0,0.0,7776.23,94.39999999999998,1.568,0.0,177,543557142,223130933,2025-09-20 07:36:24+00:00
1,0,175,65,57,0.0,7787.96,94.39999999999998,1.782,0.5,175,543558037,223129725,2025-09-20 07:36:31+00:00
1,1,173,65,59,0.0,7801.14,92.79999999999995,1.745,0.5,173,543559000,223128344,2025-09-20 07:36:40+00:00
1,3,172,65,61,28.4,7812.61,93.0,1.624,0.5,172,543559621,223126811,2025-09-20 07:36:48+00:00
1,3,170,65,0,28.4,7822.98,94.60000000000002,1.596,0.0,170,543560105,223125400,2025-09-20 07:36:56+00:00
1,2,167,65,0,28.4,7829.39,93.79999999999995,1.54,0.0,167,543560502,223124536,2025-09-20 07:37:00+00:00
1,2,166,65,58,28.4,7833.42,93.60000000000002,1.54,0.5,166,543560686,223124028,2025-09-20 07:37:03+00:00
1,3,164,65,63,54.84,7845.42,92.79999999999995,1.465,0.0,164,543561263,223122355,2025-09-20 07:37:12+00:00
1,3,163,65,61,54.84,7852.69,93.39999999999998,1.418,0.0,163,543561670,223121320,2025-09-20 07:37:18+00:00
1,3,163,65,61,54.84,7863.32,95.0,1.437,0.0,163,543562027,223119771,2025-09-20 07:37:25+00:00
1,2,160,65,61,54.84,7874.26,95.0,1.418,0.5,160,543562636,223118356,2025-09-20 07:37:33+00:00
1,2,160,65,61,54.84,7875.75,95.0,1.409,0.5,160,543562743,223118147,2025-09-20 07:37:34+00:00
1,2,161,65,60,54.84,7887.72,95.60000000000002,1.418,0.5,161,543563439,223116782,2025-09-20 07:37:42+00:00
1,2,161,65,61,54.84,7899.22,96.39999999999998,1.39,0.0,161,543564220,223115218,2025-09-20 07:37:50+00:00
1,7,160,65,86,54.84,7916.52,95.60000000000002,1.857,0.0,160,543565009,223112919,2025-09-20 07:37:56+00:00
1,1,160,65,87,54.84,7930.39,95.79999999999995,2.239,0.0,160,543565754,223111068,2025-09-20 07:38:01+00:00
1,1,160,65,86,54.84,7938.54,96.20000000000005,2.351,0.5,160,543566205,223110104,2025-09-20 07:38:04+00:00
1,1,162,65,87,54.84,7946.8,96.20000000000005,2.286,0.0,162,543566684,223109054,2025-09-20 07:38:07+00:00
1,1,163,65,86,54.84,7959.27,96.20000000000005,2.23,0.5,163,543567004,223107182,2025-09-20 07:38:12+00:00
1,1,164,65,88,54.84,7968.59,96.20000000000005,2.155,0.0,164,543567488,223105747,2025-09-20 07:38:16+00:00
1,1,167,65,86,54.84,7983.77,94.60000000000002,2.389,0.5,167,543568034,223103799,2025-09-20 07:38:21+00:00
1,1,168,65,87,54.84,7994.46,93.79999999999995,2.407,0.0,168,543568664,223102462,2025-09-20 07:38:25+00:00
1,1,168,65,86,0.0,8002.68,93.60000000000002,2.454,0.5,168,543569183,223101471,2025-09-20 07:38:28+00:00
1,2,169,65,88,0.0,8009.89,92.79999999999995,2.473,0.0,169,543569556,223100566,2025-09-20 07:38:31+00:00
1,3,171,65,88,0.0,8019.28,92.39999999999998,2.323,0.0,171,543570095,223099294,2025-09-20 07:38:35+00:00
1,5,172,65,87,0.0,8028.23,92.0,2.529,0.5,172,543570657,223098139,2025-09-20 07:38:38+00:00
1,6,173,65,88,0.0,8039.53,91.60000000000002,2.622,0.0,173,543571316,223096675,2025-09-20 07:38:42+00:00
1,5,174,65,87,0.0,8050.46,91.60000000000002,2.641,0.5,174,543571833,223095254,2025-09-20 07:38:46+00:00
1,5,175,65,86,0.0,8060.54,92.0,2.641,0.5,175,543572330,223093887,2025-09-20 07:38:50+00:00
1,5,175,65,88,0.0,8071.46,92.39999999999998,2.613,0.0,175,543572996,223092534,2025-09-20 07:38:54+00:00
1,4,175,65,88,0.0,8080.13,93.0,2.631,0.5,175,543573521,223091350,2025-09-20 07:38:57+00:00
1,4,175,65,89,0.0,8091.17,93.20000000000005,2.669,0.0,175,543574106,223089937,2025-09-20 07:39:01+00:00
1,5,176,65,89,0.0,8101.43,94.0,2.659,0.5,176,543574584,223088526,2025-09-20 07:39:05+00:00
1,10,177,65,87,0.0,8114.63,95.39999999999998,2.669,0.0,177,543575385,223086815,2025-09-20 07:39:10+00:00
1,10,177,65,88,0.0,8124.22,94.79999999999995,2.678,0.5,177,543575876,223085629,2025-09-20 07:39:13+00:00
1,14,178,65,88,0.0,8132.93,94.0,2.734,0.0,178,543576395,223084523,2025-09-20 07:39:16+00:00
1,18,179,65,87,0.0,8143.06,93.79999999999995,2.725,0.5,179,543576952,223083176,2025-09-20 07:39:20+00:00
1,21,180,65,89,0.0,8156.83,94.20000000000005,2.734,0.0,180,543577668,223081401,2025-09-20 07:39:25+00:00
1,21,180,65,88,0.0,8167.31,94.39999999999998,2.725,0.5,180,543578353,223080082,2025-09-20 07:39:29+00:00
1,25,181,65,89,0.0,8175.35,93.39999999999998,2.725,0.5,181,543578828,223079138,2025-09-20 07:39:32+00:00
1,25,181,65,89,0.0,8183.2,92.79999999999995,2.725,0.0,181,543579368,223078140,2025-09-20 07:39:35+00:00
1,21,180,65,88,0.0,8191.0,92.20000000000005,2.725,0.5,180,543579767,223077109,2025-09-20 07:39:38+00:00
1,21,180,65,87,0.0,8204.56,93.0,2.715,0.5,180,543580503,223075355,2025-09-20 07:39:43+00:00
1,21,180,65,88,0.0,8212.43,94.0,2.715,0.5,180,543581002,223074357,2025-09-20 07:39:46+00:00
1,21,180,65,88,0.0,8214.85,94.20000000000005,2.715,0.5,180,543581092,223074065,2025-09-20 07:39:47+00:00
1,21,180,65,88,0.0,8223.56,93.79999999999995,2.715,0.5,180,543581592,223072922,2025-09-20 07:39:50+00:00
1,21,181,65,87,0.0,8231.35,93.0,2.725,0.5,181,543581917,223071858,2025-09-20 07:39:53+00:00
1,22,182,65,88,0.0,8242.18,91.79999999999995,2.715,0.5,182,543582502,223070383,2025-09-20 07:39:57+00:00
1,24,183,64,87,0.0,8255.15,92.20000000000005,2.725,0.5,183,543583072,223068625,2025-09-20 07:40:02+00:00
1,28,184,64,87,0.0,8262.35,92.0,2.706,0.0,184,543583529,223067675,2025-09-20 07:40:05+00:00
1,28,184,64,87,0.0,8269.76,92.20000000000005,2.687,0.0,184,543583813,223066661,2025-09-20 07:40:08+00:00
1,28,184,64,88,0.0,8280.39,92.60000000000002,2.678,0.5,184,543584384,223065215,2025-09-20 07:40:12+00:00
1,34,184,64,87,0.0,8293.48,92.60000000000002,2.669,0.5,184,543584727,223063318,2025-09-20 07:40:17+00:00
1,36,184,64,88,0.0,8301.24,92.60000000000002,2.659,0.5,184,543584895,223062110,2025-09-20 07:40:20+00:00
1,37,185,64,89,0.0,8311.32,93.20000000000005,2.65,0.0,185,543585033,223060621,2025-09-20 07:40:24+00:00
1,39,184,64,88,0.0,8319.07,93.0,2.641,0.5,184,543585208,223059525,2025-09-20 07:40:27+00:00
1,39,184,64,88,0.0,8327.94,92.39999999999998,2.65,0.0,184,543585629,223058220,2025-09-20 07:40:30+00:00
1,37,183,64,87,0.0,8338.93,92.79999999999995,2.659,0.5,183,543585878,223056618,2025-09-20 07:40:34+00:00
1,33,182,64,88,0.0,8347.3,94.0,2.669,0.5,182,543586179,223055407,2025-09-20 07:40:37+00:00
1,24,180,64,88,0.0,8355.01,93.39999999999998,2.678,0.0,180,543586364,223054356,2025-09-20 07:40:40+00:00
1,20,178,64,87,0.0,8363.42,93.39999999999998,2.678,0.5,178,543586756,223053150,2025-09-20 07:40:43+00:00
1,20,179,64,88,0.0,8374.23,93.20000000000005,2.678,0.0,179,543587202,223051574,2025-09-20 07:40:47+00:00
1,19,179,64,86,0.0,8385.39,93.20000000000005,2.687,0.5,179,543587456,223049929,2025-09-20 07:40:51+00:00
1,17,180,64,89,0.0,8393.56,93.20000000000005,2.706,0.5,180,543587697,223048719,2025-09-20 07:40:54+00:00
1,17,180,64,89,0.0,8404.17,93.60000000000002,2.678,0.0,180,543587857,223047117,2025-09-20 07:40:58+00:00
1,17,180,64,87,0.0,8412.63,93.39999999999998,2.687,0.5,180,543588060,223045919,2025-09-20 07:41:01+00:00
1,13,180,64,88,0.0,8423.86,93.0,2.715,0.0,180,543588303,223044212,2025-09-20 07:41:05+00:00
1,14,180,64,88,0.0,8438.48,93.39999999999998,2.753,0.5,180,543588548,223041996,2025-09-20 07:41:10+00:00
1,9,179,64,90,0.0,8453.11,94.0,2.771,0.0,179,543588864,223039854,2025-09-20 07:41:15+00:00
1,9,180,64,89,0.0,8463.4,93.79999999999995,2.771,0.5,180,543589156,223038343,2025-09-20 07:41:19+00:00
1,13,180,64,90,0.0,8473.55,94.20000000000005,2.762,0.0,180,543589344,223036713,2025-09-20 07:41:23+00:00
1,13,180,64,90,0.0,8485.67,94.0,2.762,0.5,180,543589458,223034903,2025-09-20 07:41:27+00:00
1,17,180,64,88,0.0,8496.93,93.0,2.771,0.5,180,543589526,223033234,2025-09-20 07:41:31+00:00
1,19,180,64,88,0.0,8507.32,91.39999999999998,2.753,0.5,180,543589574,223031590,2025-09-20 07:41:35+00:00
1,19,180,64,88,0.0,8521.45,91.20000000000005,2.781,0.0,180,543589599,223029482,2025-09-20 07:41:40+00:00
1,19,180,64,88,0.0,8531.73,91.79999999999995,2.762,0.5,180,543589631,223027966,2025-09-20 07:41:44+00:00
1,19,180,64,87,0.0,8542.49,92.0,2.743,0.0,180,543589555,223026242,2025-09-20 07:41:48+00:00
1,27,181,64,89,0.0,8555.5,92.20000000000005,2.753,0.5,181,543589646,223024288,2025-09-20 07:41:52+00:00
1,28,180,64,88,0.0,8566.53,92.0,2.79,0.5,180,543589824,223022669,2025-09-20 07:41:56+00:00
1,32,180,64,87,0.0,8572.28,92.39999999999998,2.79,0.5,180,543589717,223021774,2025-09-20 07:41:58+00:00
1,32,180,64,88,0.0,8577.35,92.60000000000002,2.799,0.0,180,543589529,223021061,2025-09-20 07:42:00+00:00
1,35,181,64,88,0.0,8589.17,92.60000000000002,2.79,0.0,181,543589307,223019303,2025-09-20 07:42:04+00:00
1,38,181,64,88,0.0,8599.12,92.79999999999995,2.827,0.5,181,543589273,223017826,2025-09-20 07:42:07+00:00
1,38,181,64,89,0.0,8610.1,93.20000000000005,2.855,0.5,181,543589213,223016138,2025-09-20 07:42:11+00:00
1,41,182,64,89,0.0,8618.09,93.39999999999998,2.855,0.0,182,543589067,223014962,2025-09-20 07:42:14+00:00
1,41,182,64,89,0.0,8629.0,93.20000000000005,2.846,0.5,182,543588900,223013304,2025-09-20 07:42:18+00:00
1,41,182,64,89,0.0,8642.99,92.79999999999995,2.846,0.5,182,543588658,223011163,2025-09-20 07:42:23+00:00
1,40,184,64,89,0.0,8659.16,94.0,2.827,0.0,184,543588306,223008737,2025-09-20 07:42:29+00:00
1,40,184,64,88,0.0,8670.33,94.60000000000002,2.818,0.5,184,543588053,223007085,2025-09-20 07:42:33+00:00
1,44,185,64,90,0.0,8682.33,94.20000000000005,2.818,0.0,185,543587897,223005319,2025-09-20 07:42:37+00:00
1,46,184,64,90,0.0,8693.15,95.0,2.837,0.5,184,543587769,223003646,2025-09-20 07:42:41+00:00
1,46,184,64,89,0.0,8708.22,94.39999999999998,2.846,0.0,184,543587542,223001368,2025-09-20 07:42:46+00:00
1,28,183,64,88,0.0,8722.79,95.0,2.874,0.5,183,543587366,222999227,2025-09-20 07:42:51+00:00
1,28,183,64,88,0.0,8727.8,95.20000000000005,2.874,0.0,183,543587432,222998495,2025-09-20 07:42:53+00:00
1,28,183,64,88,0.0,8732.76,95.60000000000002,2.855,0.0,183,543587578,222997709,2025-09-20 07:42:55+00:00
1,20,181,64,87,0.0,8741.06,95.20000000000005,2.827,0.5,181,543587699,222996477,2025-09-20 07:42:58+00:00
1,10,179,63,88,0.0,8751.99,94.60000000000002,2.827,0.0,179,543587568,222994888,2025-09-20 07:43:02+00:00
1,4,180,63,89,0.0,8760.28,94.79999999999995,2.809,0.5,180,543587452,222993551,2025-09-20 07:43:05+00:00
1,3,180,63,89,0.0,8767.92,94.79999999999995,2.809,0.5,180,543587261,222992419,2025-09-20 07:43:08+00:00
1,6,179,63,88,0.0,8779.88,94.39999999999998,2.799,0.0,179,543587089,222990652,2025-09-20 07:43:12+00:00
1,10,180,63,88,0.0,8794.63,95.20000000000005,2.762,0.0,180,543586880,222988392,2025-09-20 07:43:18+00:00
1,13,179,63,89,0.0,8805.01,95.20000000000005,2.734,0.5,179,543586749,222986810,2025-09-20 07:43:22+00:00
1,13,179,63,89,0.0,8807.26,94.79999999999995,2.725,0.5,179,543586641,222986533,2025-09-20 07:43:23+00:00
1,16,179,63,88,0.0,8813.12,94.60000000000002,2.706,0.0,179,543586599,222985601,2025-09-20 07:43:25+00:00
1,19,179,63,88,0.0,8824.5,95.0,2.725,0.0,179,543586403,222983833,2025-09-20 07:43:29+00:00
1,19,179,63,88,0.0,8835.8,95.39999999999998,2.743,0.0,179,543586210,222982158,2025-09-20 07:43:33+00:00
1,13,179,63,88,0.0,8850.38,95.20000000000005,2.762,0.5,179,543585984,222980007,2025-09-20 07:43:38+00:00
1,15,179,63,90,0.0,8861.74,95.0,2.771,0.0,179,543585788,222978344,2025-09-20 07:43:42+00:00
1,15,179,63,90,0.0,8870.22,95.39999999999998,2.781,0.0,179,543585682,222977027,2025-09-20 07:43:45+00:00
1,5,177,63,88,0.0,8882.05,95.60000000000002,2.799,0.5,177,543585539,222975201,2025-09-20 07:43:49+00:00
1,5,177,63,89,0.0,8890.66,95.39999999999998,2.799,0.5,177,543585367,222974008,2025-09-20 07:43:52+00:00
1,5,177,63,89,0.0,8899.18,95.20000000000005,2.809,0.0,177,543585308,222972633,2025-09-20 07:43:55+00:00
1,5,177,63,89,0.0,8908.86,95.60000000000002,2.799,0.0,177,543585070,222971207,2025-09-20 07:43:59+00:00
1,5,177,63,88,0.0,8925.66,95.79999999999995,2.781,0.5,177,543584841,222968713,2025-09-20 07:44:05+00:00
1,5,177,63,89,0.0,8933.61,95.60000000000002,2.771,0.5,177,543584749,222967459,2025-09-20 07:44:08+00:00
1,22,177,63,87,0.0,8944.38,95.20000000000005,2.743,0.5,177,543584584,222965792,2025-09-20 07:44:12+00:00
1,24,177,63,89,0.0,8952.81,95.0,2.753,0.5,177,543584382,222964578,2025-09-20 07:44:15+00:00
1,26,178,63,89,0.0,8962.67,94.39999999999998,2.771,0.0,178,543584333,222963065,2025-09-20 07:44:18+00:00
1,15,180,63,89,0.0,8973.53,94.20000000000005,2.79,0.5,180,543584088,222961460,2025-09-20 07:44:22+00:00
1,4,181,63,87,0.0,8989.41,95.20000000000005,2.79,0.5,181,543583844,222959110,2025-09-20 07:44:28+00:00
1,4,181,63,88,0.0,9000.19,95.0,2.753,0.5,181,543583729,222957385,2025-09-20 07:44:32+00:00
1,4,181,63,88,0.0,9003.06,95.0,2.753,0.0,181,543583666,222956950,2025-09-20 07:44:33+00:00
1,4,182,63,87,0.0,9016.53,95.20000000000005,2.771,0.0,182,543583488,222954863,2025-09-20 07:44:38+00:00
1,4,181,63,89,0.0,9030.09,94.60000000000002,2.762,0.0,181,543583400,222952874,2025-09-20 07:44:43+00:00
1,4,181,63,86,0.0,9040.74,94.0,2.743,0.5,181,543583167,222951262,2025-09-20 07:44:47+00:00
1,6,181,63,89,0.0,9055.89,94.0,2.753,0.0,181,543582850,222948990,2025-09-20 07:44:52+00:00
1,9,181,63,90,0.0,9067.56,94.0,2.837,0.5,181,543582668,222947264,2025-09-20 07:44:56+00:00
1,15,181,63,88,0.0,9079.72,94.0,2.79,0.5,181,543582413,222945392,2025-09-20 07:45:01+00:00
1,17,181,63,89,0.0,9096.84,93.79999999999995,2.771,0.0,181,543582118,222942815,2025-09-20 07:45:07+00:00
1,18,180,63,89,0.0,9107.63,93.20000000000005,2.771,0.5,180,543581962,222941184,2025-09-20 07:45:11+00:00
1,18,181,63,89,0.0,9119.12,93.39999999999998,2.762,0.0,181,543581815,222939417,2025-09-20 07:45:15+00:00
1,18,181,63,88,0.0,9131.08,93.39999999999998,2.771,0.5,181,543581626,222937662,2025-09-20 07:45:19+00:00
1,11,182,63,89,0.0,9142.53,93.20000000000005,2.781,0.0,182,543581485,222935957,2025-09-20 07:45:23+00:00
1,11,182,63,90,0.0,9153.39,93.60000000000002,2.781,0.5,182,543581370,222934255,2025-09-20 07:45:27+00:00
1,3,181,63,89,0.0,9165.82,93.20000000000005,2.799,0.5,181,543581174,222932339,2025-09-20 07:45:31+00:00
1,3,182,63,90,0.0,9177.82,94.0,2.827,0.0,182,543580878,222930566,2025-09-20 07:45:35+00:00
1,8,181,63,89,0.0,9188.76,94.39999999999998,2.837,0.5,181,543580704,222928997,2025-09-20 07:45:39+00:00
1,10,182,63,89,0.0,9199.18,95.20000000000005,2.818,0.0,182,543580566,222927347,2025-09-20 07:45:43+00:00
1,11,182,63,90,0.0,9208.34,95.79999999999995,2.818,0.5,182,543580371,222926092,2025-09-20 07:45:46+00:00
1,11,182,63,90,0.0,9217.16,96.0,2.837,0.5,182,543580289,222924653,2025-09-20 07:45:49+00:00
1,11,181,63,90,0.0,9225.76,95.60000000000002,2.846,0.0,181,543580076,222923451,2025-09-20 07:45:52+00:00
1,13,182,63,88,0.0,9234.07,94.79999999999995,2.855,0.5,182,543579924,222922210,2025-09-20 07:45:55+00:00
1,17,182,62,89,0.0,9247.02,95.0,2.837,0.0,182,543579720,222920204,2025-09-20 07:46:00+00:00
1,16,181,62,88,0.0,9265.06,95.60000000000002,2.846,0.5,181,543579492,222917504,2025-09-20 07:46:06+00:00
1,4,181,62,89,0.0,9276.09,96.0,2.837,0.0,181,543579286,222915864,2025-09-20 07:46:10+00:00
1,4,181,62,90,0.0,9287.68,96.0,2.837,0.5,181,543579037,222914099,2025-09-20 07:46:14+00:00
1,4,181,62,90,0.0,9299.41,95.20000000000005,2.855,0.5,181,543578811,222912356,2025-09-20 07:46:18+00:00
1,13,181,62,91,0.0,9318.78,94.20000000000005,2.846,0.0,181,543578392,222909431,2025-09-20 07:46:25+00:00
1,18,181,62,89,0.0,9336.11,94.20000000000005,2.846,0.5,181,543578127,222906817,2025-09-20 07:46:31+00:00
1,20,181,62,90,0.0,9346.71,94.20000000000005,2.837,0.0,181,543577992,222905185,2025-09-20 07:46:35+00:00
1,8,181,62,89,0.0,9358.47,92.60000000000002,2.827,0.5,181,543577874,222903457,2025-09-20 07:46:39+00:00
1,8,181,62,89,0.0,9368.23,92.0,2.855,0.0,181,543577899,222901960,2025-09-20 07:46:42+00:00
1,8,181,62,88,0.0,9376.64,92.20000000000005,2.874,0.5,181,543577858,222900714,2025-09-20 07:46:45+00:00
1,8,181,62,90,0.0,9387.85,92.60000000000002,2.874,0.5,181,543577664,222899005,2025-09-20 07:46:49+00:00
1,13,181,62,88,0.0,9402.0,92.60000000000002,2.865,0.5,181,543577459,222896823,2025-09-20 07:46:54+00:00
1,13,181,62,89,0.0,9413.97,93.39999999999998,2.874,0.5,181,543577444,222895083,2025-09-20 07:46:58+00:00
1,13,182,62,87,0.0,9425.63,94.79999999999995,2.883,0.5,182,543577450,222893298,2025-09-20 07:47:02+00:00
1,6,183,62,88,0.0,9433.88,95.0,2.893,0.0,183,543577519,222891978,2025-09-20 07:47:05+00:00
1,2,182,62,87,0.0,9448.44,94.20000000000005,2.893,0.0,182,543577608,222889762,2025-09-20 07:47:10+00:00
1,2,182,62,86,0.0,9448.86,94.0,2.893,0.5,182,543577558,222889727,2025-09-20 07:47:11+00:00
1,0,166,62,0,1.99,9448.86,90.60000000000002,1.773,0.0,166,543578087,222889446,2025-09-20 07:48:17+00:00
1,0,166,62,0,12.8,9450.94,90.60000000000002,0.0,0.0,166,543578355,222889262,2025-09-20 07:48:18+00:00
1,1,167,62,0,13.6,9460.7,91.79999999999995,2.286,0.0,167,543578820,222887950,2025-09-20 07:48:22+00:00
1,5,170,62,86,12.51,9471.01,91.60000000000002,2.622,0.0,170,543578961,222886412,2025-09-20 07:48:26+00:00
1,4,171,62,86,14.22,9476.72,91.60000000000002,2.622,0.0,171,543578979,222885544,2025-09-20 07:48:28+00:00
1,6,172,62,87,15.12,9485.06,92.0,2.809,0.0,172,543579030,222884265,2025-09-20 07:48:31+00:00
1,11,169,62,88,13.21,9492.23,92.79999999999995,2.734,0.0,169,543579109,222883195,2025-09-20 07:48:34+00:00
1,9,165,62,88,13.21,9494.62,93.0,2.678,0.0,165,543579060,222882872,2025-09-20 07:48:35+00:00
1,8,164,62,87,13.21,9497.49,93.20000000000005,2.622,0.0,164,543579047,222882362,2025-09-20 07:48:36+00:00
1,5,165,62,85,10.75,9505.83,94.0,2.631,0.0,165,543579303,222881139,2025-09-20 07:48:39+00:00
1,7,166,62,87,0.0,9523.03,94.79999999999995,2.706,0.0,166,543579458,222878561,2025-09-20 07:48:45+00:00
1,4,166,62,88,0.0,9533.11,94.60000000000002,2.697,0.0,166,543579488,222877063,2025-09-20 07:48:49+00:00
1,4,166,62,88,0.0,9542.82,94.20000000000005,2.585,0.0,166,543579713,222875575,2025-09-20 07:48:53+00:00
1,6,168,62,88,0.0,9559.77,94.0,2.622,0.0,168,543579583,222873019,2025-09-20 07:48:59+00:00
1,3,170,62,88,0.0,9570.79,94.39999999999998,2.669,0.0,170,543579688,222871377,2025-09-20 07:49:03+00:00
1,2,171,62,88,0.0,9580.78,95.0,2.659,0.5,171,543580043,222869847,2025-09-20 07:49:07+00:00
1,2,173,62,88,0.0,9597.86,96.39999999999998,2.678,0.5,173,543580290,222867344,2025-09-20 07:49:13+00:00
1,3,175,62,89,0.0,9610.78,96.60000000000002,2.687,0.0,175,543580453,222865425,2025-09-20 07:49:18+00:00
1,4,176,62,87,0.0,9620.6,97.0,2.669,0.5,176,543580667,222863893,2025-09-20 07:49:22+00:00
1,6,177,62,89,0.0,9631.08,96.20000000000005,2.65,0.0,177,543580988,222862357,2025-09-20 07:49:26+00:00
1,5,179,62,88,0.0,9645.2,96.0,2.659,0.5,179,543581129,222860143,2025-09-20 07:49:31+00:00
1,4,180,62,87,0.0,9659.83,96.20000000000005,2.725,0.0,180,543581216,222857872,2025-09-20 07:49:36+00:00
1,5,179,62,88,0.0,9669.59,97.0,2.734,0.5,179,543581364,222856478,2025-09-20 07:49:39+00:00
1,5,179,62,89,0.0,9681.32,98.0,2.781,0.5,179,543581568,222854820,2025-09-20 07:49:43+00:00
1,5,179,62,88,0.0,9692.96,98.60000000000002,2.781,0.5,179,543581800,222853022,2025-09-20 07:49:48+00:00
1,9,180,62,90,0.0,9708.92,97.79999999999995,2.771,0.0,180,543582290,222850751,2025-09-20 07:49:54+00:00
1,8,179,62,89,0.0,9721.95,98.20000000000005,2.734,0.5,179,543582692,222848841,2025-09-20 07:49:59+00:00
1,7,179,62,88,19.19,9729.08,98.60000000000002,2.725,0.0,179,543582735,222847815,2025-09-20 07:50:02+00:00
1,7,179,62,88,19.36,9737.51,97.79999999999995,2.697,0.5,179,543583002,222846550,2025-09-20 07:50:05+00:00
1,7,179,62,89,19.36,9745.3,95.79999999999995,2.697,0.5,179,543583249,222845518,2025-09-20 07:50:08+00:00
1,15,180,62,89,19.36,9753.44,95.20000000000005,2.697,0.0,180,543583464,222844218,2025-09-20 07:50:11+00:00
1,15,180,62,89,18.9,9764.49,94.0,2.706,0.5,180,543583823,222842627,2025-09-20 07:50:15+00:00
1,15,180,62,89,16.79,9775.52,92.79999999999995,2.697,0.5,180,543584133,222840968,2025-09-20 07:50:19+00:00
1,25,181,62,89,15.6,9786.88,92.79999999999995,2.715,0.5,181,543584362,222839330,2025-09-20 07:50:23+00:00
1,25,181,62,89,0.0,9797.03,92.60000000000002,2.715,0.0,181,543584590,222837769,2025-09-20 07:50:27+00:00
1,32,182,62,87,15.99,9808.39,92.60000000000002,2.725,0.5,182,543584908,222836159,2025-09-20 07:50:31+00:00
1,35,182,62,89,15.99,9816.17,92.39999999999998,2.725,0.5,182,543585234,222834937,2025-09-20 07:50:34+00:00
1,37,181,62,90,15.99,9824.63,91.79999999999995,2.715,0.0,181,543585318,222833733,2025-09-20 07:50:37+00:00
1,38,182,62,89,0.0,9834.07,91.79999999999995,2.734,0.5,182,543585613,222832306,2025-09-20 07:50:40+00:00
1,38,182,62,89,0.0,9848.11,92.20000000000005,2.771,0.0,182,543585899,222830240,2025-09-20 07:50:45+00:00
1,37,182,62,88,0.0,9863.47,93.79999999999995,2.753,0.0,182,543586637,222828106,2025-09-20 07:50:51+00:00
1,22,180,62,86,6.44,9883.5,94.79999999999995,2.771,0.5,180,543588683,222827920,2025-09-20 07:50:57+00:00
1,6,178,62,89,16.36,9898.22,95.79999999999995,2.809,0.0,178,543590185,222828247,2025-09-20 07:51:02+00:00
1,4,179,62,86,15.47,9913.74,95.79999999999995,3.042,0.5,179,543591737,222828978,2025-09-20 07:51:07+00:00
1,4,179,62,88,17.2,9929.21,95.0,3.051,0.0,179,543593271,222829664,2025-09-20 07:51:12+00:00
1,4,179,62,89,31.66,9946.11,95.20000000000005,2.958,0.5,179,543595076,222830433,2025-09-20 07:51:18+00:00
1,4,179,62,89,30.1,9951.1,94.60000000000002,2.855,0.0,179,543595623,222830247,2025-09-20 07:51:20+00:00
1,4,179,62,89,34.66,9956.1,94.0,2.781,0.0,179,543595790,222829516,2025-09-20 07:51:22+00:00
1,4,180,62,88,34.82,9962.51,93.60000000000002,2.725,0.5,180,543595957,222828543,2025-09-20 07:51:25+00:00
1,5,180,62,88,0.0,9969.16,93.0,2.613,0.0,180,543596047,222827460,2025-09-20 07:51:28+00:00
1,5,179,62,87,37.22,9981.05,92.60000000000002,2.846,0.0,179,543596449,222825743,2025-09-20 07:51:32+00:00
1,2,177,62,89,30.69,9992.71,92.79999999999995,2.865,0.0,177,543596844,222824040,2025-09-20 07:51:36+00:00
1,2,178,62,87,0.0,10000.67,93.0,2.809,0.0,178,543597093,222822981,2025-09-20 07:51:39+00:00
1,2,178,62,87,0.09,10003.38,92.60000000000002,2.809,0.0,178,543597248,222822562,2025-09-20 07:51:40+00:00
1,1,181,62,86,0.59,10007.68,92.60000000000002,2.781,0.0,181,543597469,222822036,2025-09-20 07:51:42+00:00
1,1,181,62,86,0.0,10008.68,92.39999999999998,2.753,0.0,181,543597488,222821835,2025-09-20 07:51:43+00:00
1,1,180,62,56,0.0,10018.82,92.0,2.118,0.5,180,543597860,222820176,2025-09-20 07:51:51+00:00
1,1,181,62,61,0.0,10021.57,91.79999999999995,1.819,0.0,181,543597805,222819747,2025-09-20 07:51:53+00:00
1,1,180,62,60,0.0,10023.02,91.79999999999995,1.819,0.0,180,543597848,222819410,2025-09-20 07:51:55+00:00
1,2,179,62,61,0.0,10033.17,91.60000000000002,1.829,0.0,179,543598029,222817801,2025-09-20 07:52:02+00:00
1,2,177,62,0,0.0,10043.74,91.39999999999998,1.577,0.0,177,543598539,222816498,2025-09-20 07:52:09+00:00
1,3,176,62,58,0.0,10051.94,90.39999999999998,1.568,0.0,176,543598982,222815370,2025-09-20 07:52:15+00:00
1,2,173,62,62,0.0,10061.39,91.60000000000002,1.54,0.0,173,543599364,222814046,2025-09-20 07:52:22+00:00
1,1,172,62,61,0.0,10064.73,91.79999999999995,1.549,0.5,172,543599467,222813537,2025-09-20 07:52:24+00:00
1,1,172,62,65,0.0,10079.06,92.20000000000005,1.642,0.5,172,543600067,222811566,2025-09-20 07:52:32+00:00
1,2,171,62,62,0.0,10085.76,92.0,1.614,0.5,171,543600197,222810518,2025-09-20 07:52:37+00:00
1,2,169,62,66,0.0,10097.29,91.20000000000005,1.624,0.0,169,543600642,222808937,2025-09-20 07:52:43+00:00
1,1,166,62,62,0.0,10108.39,91.0,1.577,0.5,166,543601002,222807329,2025-09-20 07:52:50+00:00
1,1,165,62,63,0.0,10113.22,91.0,1.596,0.5,165,543601173,222806639,2025-09-20 07:52:53+00:00
1,2,163,61,63,0.0,10126.66,90.79999999999995,1.577,0.5,163,543601693,222804671,2025-09-20 07:53:02+00:00
1,3,162,61,67,0.0,10139.83,90.60000000000002,1.577,0.5,162,543602221,222802743,2025-09-20 07:53:10+00:00
1,3,162,61,66,0.0,10150.65,91.20000000000005,1.558,0.5,162,543602497,222801219,2025-09-20 07:53:17+00:00
1,2,163,61,64,0.0,10166.49,91.39999999999998,1.624,0.5,163,543603109,222798985,2025-09-20 07:53:26+00:00
1,2,163,61,63,0.0,10181.5,93.0,1.549,0.5,163,543603701,222796786,2025-09-20 07:53:36+00:00
1,2,163,61,63,0.0,10196.66,92.79999999999995,1.596,0.5,163,543604260,222794574,2025-09-20 07:53:43+00:00
1,3,164,61,87,0.0,10212.73,93.39999999999998,2.258,0.5,164,543604838,222792348,2025-09-20 07:53:49+00:00
1,3,164,61,88,0.0,10222.08,93.20000000000005,2.351,0.0,164,543605154,222790942,2025-09-20 07:53:52+00:00
1,3,165,61,87,0.0,10230.08,93.0,2.445,0.0,165,543605378,222789889,2025-09-20 07:53:55+00:00
1,3,166,61,88,0.0,10238.55,93.20000000000005,2.445,0.5,166,543605768,222788664,2025-09-20 07:53:58+00:00
1,3,167,61,88,0.0,10249.13,93.60000000000002,2.445,0.5,167,543606134,222787101,2025-09-20 07:54:02+00:00
1,2,168,61,88,0.0,10262.4,94.0,2.501,0.5,168,543606620,222785217,2025-09-20 07:54:07+00:00
1,1,168,61,88,0.0,10273.33,94.20000000000005,2.501,0.0,168,543606999,222783667,2025-09-20 07:54:11+00:00
1,2,169,61,87,0.0,10280.83,94.39999999999998,2.519,0.5,169,543607231,222782603,2025-09-20 07:54:14+00:00
1,3,170,61,88,0.0,10289.45,94.20000000000005,2.538,0.5,170,543607609,222781337,2025-09-20 07:54:17+00:00
1,2,171,61,88,0.0,10300.47,94.39999999999998,2.566,0.0,171,543608134,222779829,2025-09-20 07:54:21+00:00
1,3,172,61,89,0.0,10315.31,94.79999999999995,2.603,0.5,172,543608737,222777787,2025-09-20 07:54:26+00:00
1,2,173,61,88,0.0,10328.94,95.39999999999998,2.669,0.5,173,543609292,222775854,2025-09-20 07:54:31+00:00
1,2,174,61,89,0.0,10340.37,95.39999999999998,2.687,0.5,174,543609664,222774258,2025-09-20 07:54:35+00:00
1,3,175,61,88,0.0,10350.36,95.20000000000005,2.687,0.5,175,543610148,222772847,2025-09-20 07:54:39+00:00
1,3,175,61,89,0.0,10359.35,95.39999999999998,2.697,0.5,175,543610543,222771541,2025-09-20 07:54:42+00:00
1,6,176,61,89,0.0,10367.64,95.0,2.715,0.5,176,543610770,222770417,2025-09-20 07:54:45+00:00
1,8,177,61,89,0.0,10375.9,94.20000000000005,2.725,0.5,177,543611198,222769165,2025-09-20 07:54:48+00:00
1,8,177,61,90,0.0,10384.74,93.79999999999995,2.743,0.0,177,543611426,222767945,2025-09-20 07:54:51+00:00
1,13,178,61,90,0.0,10393.2,93.79999999999995,2.762,0.0,178,543611805,222766757,2025-09-20 07:54:54+00:00
1,10,177,61,89,0.0,10403.75,94.20000000000005,2.771,0.5,177,543612272,222765316,2025-09-20 07:54:58+00:00
1,10,177,61,89,0.0,10410.94,95.0,2.762,0.5,177,543612504,222764305,2025-09-20 07:55:01+00:00
1,2,178,61,90,0.0,10419.79,94.60000000000002,2.762,0.5,178,543612956,222763003,2025-09-20 07:55:04+00:00
1,2,177,61,90,0.0,10427.9,94.60000000000002,2.771,0.5,177,543613214,222761911,2025-09-20 07:55:07+00:00
1,2,177,61,91,0.0,10436.82,94.20000000000005,2.781,0.0,177,543613641,222760660,2025-09-20 07:55:10+00:00
1,2,177,61,89,0.0,10444.65,93.60000000000002,2.79,0.5,177,543613899,222759597,2025-09-20 07:55:13+00:00
1,3,179,61,90,0.0,10455.19,93.0,2.79,0.5,179,543614452,222758216,2025-09-20 07:55:17+00:00
1,5,180,61,89,0.0,10465.73,93.39999999999998,2.781,0.5,180,543614966,222756716,2025-09-20 07:55:21+00:00
1,8,181,61,89,0.0,10482.3,93.39999999999998,2.781,0.0,181,543615747,222754432,2025-09-20 07:55:27+00:00
1,14,182,61,90,0.0,10496.78,93.0,2.799,0.5,182,543616373,222752478,2025-09-20 07:55:32+00:00
1,17,183,61,88,0.0,10507.36,92.79999999999995,2.799,0.5,183,543616782,222750990,2025-09-20 07:55:36+00:00
1,17,183,61,88,0.0,10515.57,93.0,2.79,0.5,183,543617222,222749835,2025-09-20 07:55:39+00:00
1,17,183,61,89,0.0,10523.29,92.60000000000002,2.79,0.0,183,543617458,222748766,2025-09-20 07:55:42+00:00
1,26,184,61,88,0.0,10534.25,92.20000000000005,2.79,0.5,184,543618036,222747315,2025-09-20 07:55:46+00:00
1,26,184,61,88,0.0,10546.58,92.60000000000002,2.771,0.0,184,543618547,222745584,2025-09-20 07:55:51+00:00
1,35,185,61,88,0.0,10556.8,93.39999999999998,2.743,0.5,185,543619096,222744300,2025-09-20 07:55:55+00:00
1,35,185,61,89,0.0,10565.05,93.20000000000005,2.725,0.0,185,543619811,222743347,2025-09-20 07:55:58+00:00
1,35,185,60,88,0.0,10573.59,93.60000000000002,2.734,0.0,185,543620416,222742442,2025-09-20 07:56:01+00:00
1,23,188,60,88,0.0,10582.17,93.60000000000002,2.743,0.5,188,543621100,222741468,2025-09-20 07:56:04+00:00
1,23,188,60,89,0.0,10584.87,93.39999999999998,2.743,0.0,188,543621209,222741129,2025-09-20 07:56:05+00:00
1,20,190,60,87,0.0,10599.32,92.60000000000002,2.762,0.0,190,543621427,222739013,2025-09-20 07:56:10+00:00
1,20,190,60,89,0.0,10610.14,92.20000000000005,2.762,0.0,190,543621638,222737378,2025-09-20 07:56:14+00:00
1,24,190,60,88,0.0,10617.99,92.39999999999998,2.771,0.5,190,543621891,222736174,2025-09-20 07:56:17+00:00
1,24,190,60,89,0.0,10629.22,92.0,2.762,0.5,190,543622102,222734533,2025-09-20 07:56:21+00:00
1,24,190,60,88,0.0,10641.42,92.60000000000002,2.753,0.5,190,543622275,222732658,2025-09-20 07:56:26+00:00
1,33,190,60,89,0.0,10653.05,93.20000000000005,2.725,0.0,190,543622426,222730865,2025-09-20 07:56:31+00:00
1,37,190,60,87,0.0,10664.84,93.0,2.706,0.5,190,543622628,222729138,2025-09-20 07:56:35+00:00
1,39,190,60,89,0.0,10675.73,92.39999999999998,2.715,0.0,190,543622683,222727476,2025-09-20 07:56:39+00:00
1,40,190,60,89,0.0,10687.05,92.0,2.725,0.0,190,543622673,222725762,2025-09-20 07:56:43+00:00
1,40,190,60,89,0.0,10690.06,91.79999999999995,2.725,0.5,190,543622826,222725281,2025-09-20 07:56:44+00:00
1,40,190,60,89,0.0,10695.38,92.0,2.734,0.5,190,543622919,222724504,2025-09-20 07:56:46+00:00
1,46,190,60,87,0.0,10710.93,93.20000000000005,2.725,0.5,190,543623424,222722278,2025-09-20 07:56:52+00:00
1,46,190,60,89,0.0,10718.76,93.79999999999995,2.715,0.5,190,543623751,222721133,2025-09-20 07:56:55+00:00
1,50,190,60,88,0.0,10729.22,94.0,2.706,0.5,190,543624009,222719585,2025-09-20 07:56:59+00:00
1,51,190,60,90,0.0,10740.02,94.60000000000002,2.697,0.5,190,543624317,222718015,2025-09-20 07:57:03+00:00
1,43,188,60,90,0.0,10750.95,95.20000000000005,2.706,0.0,188,543624770,222716494,2025-09-20 07:57:07+00:00
1,29,185,60,89,0.0,10753.21,95.20000000000005,2.706,0.5,185,543624863,222716198,2025-09-20 07:57:08+00:00
1,11,182,60,89,0.0,10758.87,94.60000000000002,2.706,0.5,182,543625068,222715401,2025-09-20 07:57:10+00:00
1,11,182,60,89,0.0,10761.47,94.39999999999998,2.697,0.5,182,543625161,222714975,2025-09-20 07:57:11+00:00
1,4,182,60,86,0.0,10772.4,93.60000000000002,2.697,0.0,182,543625530,222713386,2025-09-20 07:57:15+00:00
1,5,181,60,89,0.0,10786.12,94.0,2.725,0.5,181,543626087,222711441,2025-09-20 07:57:20+00:00
1,5,180,60,88,0.0,10797.06,94.20000000000005,2.715,0.0,180,543626535,222709869,2025-09-20 07:57:24+00:00
1,5,180,60,88,0.0,10805.3,94.20000000000005,2.715,0.5,180,543626751,222708772,2025-09-20 07:57:27+00:00
1,5,180,60,89,0.0,10816.09,93.0,2.678,0.0,180,543627176,222707232,2025-09-20 07:57:31+00:00
1,5,180,60,89,0.0,10824.61,92.79999999999995,2.687,0.5,180,543627561,222706008,2025-09-20 07:57:34+00:00
1,5,180,60,90,0.0,10831.64,93.0,2.687,0.0,180,543627809,222705031,2025-09-20 07:57:37+00:00
1,5,180,60,89,0.0,10842.98,92.39999999999998,2.678,0.5,180,543628211,222703382,2025-09-20 07:57:41+00:00
1,15,180,60,90,0.0,10855.18,92.60000000000002,2.697,0.5,180,543628674,222701636,2025-09-20 07:57:45+00:00
1,4,182,60,88,0.0,10868.92,92.39999999999998,2.734,0.0,182,543629208,222699704,2025-09-20 07:57:50+00:00
1,4,182,60,88,0.0,10882.57,92.20000000000005,2.734,0.5,182,543629752,222697712,2025-09-20 07:57:55+00:00
1,14,182,60,90,0.0,10903.02,92.39999999999998,2.762,0.5,182,543630605,222694839,2025-09-20 07:58:02+00:00
1,14,182,60,90,0.0,10917.09,92.20000000000005,2.799,0.0,182,543631101,222692843,2025-09-20 07:58:07+00:00
1,19,183,60,89,0.0,10931.8,93.60000000000002,2.818,0.0,183,543631615,222690710,2025-09-20 07:58:12+00:00
1,18,182,60,89,0.0,10945.13,94.60000000000002,2.837,0.5,182,543632142,222688802,2025-09-20 07:58:17+00:00
1,18,182,60,89,0.0,10956.91,94.60000000000002,2.818,0.0,182,543632655,222687217,2025-09-20 07:58:21+00:00
1,22,182,60,89,0.0,10970.78,94.20000000000005,2.818,0.5,182,543633159,222685253,2025-09-20 07:58:26+00:00
1,27,183,60,90,0.0,10981.56,94.0,2.827,0.0,183,543633633,222683733,2025-09-20 07:58:30+00:00
1,27,183,60,88,0.0,10992.56,93.60000000000002,2.809,0.0,183,543634233,222681822,2025-09-20 07:58:34+00:00
1,28,182,60,87,0.0,11003.26,93.60000000000002,2.799,0.0,182,543634036,222680256,2025-09-20 07:58:38+00:00
1,23,181,60,87,22.27,11005.55,93.39999999999998,2.799,0.0,181,543633861,222679920,2025-09-20 07:58:39+00:00
