135,136,143,distance,heart_rate,timestamp
33,62,72,0.0,62,2025-09-29 13:55:26+00:00
27,65,72,0.0,65,2025-09-29 13:55:27+00:00
19,67,72,0.0,67,2025-09-29 13:55:28+00:00
14,70,72,0.0,70,2025-09-29 13:55:29+00:00
6,72,72,0.0,72,2025-09-29 13:55:30+00:00
2,74,72,0.0,74,2025-09-29 13:55:31+00:00
4,75,72,0.0,75,2025-09-29 13:55:32+00:00
3,76,72,0.0,76,2025-09-29 13:55:33+00:00
7,75,72,0.0,75,2025-09-29 13:55:38+00:00
11,74,72,0.0,74,2025-09-29 13:55:40+00:00
2,71,72,0.0,71,2025-09-29 13:55:41+00:00
0,73,72,0.0,73,2025-09-29 13:55:42+00:00
0,72,72,0.0,72,2025-09-29 13:55:49+00:00
7,73,72,0.0,73,2025-09-29 13:55:55+00:00
0,72,72,0.0,72,2025-09-29 13:55:57+00:00
0,71,72,0.0,71,2025-09-29 13:55:58+00:00
0,72,72,0.0,72,2025-09-29 13:55:59+00:00
0,73,72,0.0,73,2025-09-29 13:56:03+00:00
4,72,72,0.0,72,2025-09-29 13:56:07+00:00
6,73,72,0.0,73,2025-09-29 13:56:08+00:00
3,72,72,0.0,72,2025-09-29 13:56:09+00:00
2,73,72,0.0,73,2025-09-29 13:56:10+00:00
10,74,72,0.0,74,2025-09-29 13:56:12+00:00
3,73,72,0.0,73,2025-09-29 13:56:13+00:00
13,74,72,0.0,74,2025-09-29 13:56:15+00:00
20,75,72,0.0,75,2025-09-29 13:56:17+00:00
20,76,72,0.0,76,2025-09-29 13:56:19+00:00
25,77,72,0.0,77,2025-09-29 13:56:20+00:00
33,78,72,0.0,78,2025-09-29 13:56:22+00:00
7,79,72,0.0,79,2025-09-29 13:56:23+00:00
5,80,72,0.0,80,2025-09-29 13:56:26+00:00
8,79,72,0.0,79,2025-09-29 13:56:28+00:00
10,80,72,0.0,80,2025-09-29 13:56:29+00:00
5,81,72,0.0,81,2025-09-29 13:56:30+00:00
7,82,72,0.0,82,2025-09-29 13:56:33+00:00
6,84,72,0.0,84,2025-09-29 13:56:34+00:00
5,85,72,0.0,85,2025-09-29 13:56:35+00:00
2,88,72,0.0,88,2025-09-29 13:56:36+00:00
1,89,72,0.0,89,2025-09-29 13:56:37+00:00
1,90,72,0.0,90,2025-09-29 13:56:40+00:00
2,89,72,0.0,89,2025-09-29 13:56:41+00:00
3,90,72,0.0,90,2025-09-29 13:56:44+00:00
2,91,72,0.0,91,2025-09-29 13:56:46+00:00
5,92,72,0.0,92,2025-09-29 13:56:54+00:00
5,93,72,0.0,93,2025-09-29 13:56:56+00:00
2,94,72,0.0,94,2025-09-29 13:56:57+00:00
5,95,72,0.0,95,2025-09-29 13:56:58+00:00
1,96,72,0.0,96,2025-09-29 13:57:01+00:00
1,95,72,0.0,95,2025-09-29 13:57:02+00:00
1,96,72,0.0,96,2025-09-29 13:57:03+00:00
2,97,72,0.0,97,2025-09-29 13:57:06+00:00
1,98,72,0.0,98,2025-09-29 13:57:08+00:00
3,100,72,0.0,100,2025-09-29 13:57:10+00:00
5,101,72,0.0,101,2025-09-29 13:57:11+00:00
4,102,72,0.0,102,2025-09-29 13:57:12+00:00
2,103,72,0.0,103,2025-09-29 13:57:13+00:00
2,102,72,0.0,102,2025-09-29 13:57:15+00:00
1,101,72,0.0,101,2025-09-29 13:57:17+00:00
3,102,72,0.0,102,2025-09-29 13:57:18+00:00
3,101,72,0.0,101,2025-09-29 13:57:19+00:00
8,100,72,0.0,100,2025-09-29 13:57:20+00:00
17,101,72,0.0,101,2025-09-29 13:57:22+00:00
19,100,72,0.0,100,2025-09-29 13:57:25+00:00
48,99,72,0.0,99,2025-09-29 13:57:30+00:00
57,98,72,0.0,98,2025-09-29 13:57:32+00:00
67,97,72,0.0,97,2025-09-29 13:57:35+00:00
66,99,72,0.0,99,2025-09-29 13:57:39+00:00
82,100,72,0.0,100,2025-09-29 13:57:44+00:00
81,101,72,0.0,101,2025-09-29 13:57:45+00:00
80,102,72,0.0,102,2025-09-29 13:57:46+00:00
77,103,72,0.0,103,2025-09-29 13:57:47+00:00
78,104,72,0.0,104,2025-09-29 13:57:48+00:00
73,105,72,0.0,105,2025-09-29 13:57:49+00:00
66,106,72,0.0,106,2025-09-29 13:57:50+00:00
63,107,72,0.0,107,2025-09-29 13:57:51+00:00
63,108,72,0.0,108,2025-09-29 13:57:52+00:00
58,109,72,0.0,109,2025-09-29 13:57:53+00:00
57,110,72,0.0,110,2025-09-29 13:57:54+00:00
53,111,72,0.0,111,2025-09-29 13:57:57+00:00
49,112,72,0.0,112,2025-09-29 13:57:58+00:00
48,113,72,0.0,113,2025-09-29 13:57:59+00:00
58,114,72,0.0,114,2025-09-29 13:58:02+00:00
55,112,72,0.0,112,2025-09-29 13:58:04+00:00
53,111,72,0.0,111,2025-09-29 13:58:05+00:00
57,110,72,0.0,110,2025-09-29 13:58:06+00:00
57,109,72,0.0,109,2025-09-29 13:58:08+00:00
58,108,72,0.0,108,2025-09-29 13:58:09+00:00
56,107,72,0.0,107,2025-09-29 13:58:10+00:00
52,109,72,0.0,109,2025-09-29 13:58:12+00:00
44,114,72,0.0,114,2025-09-29 13:58:13+00:00
41,116,72,0.0,116,2025-09-29 13:58:14+00:00
34,119,72,0.0,119,2025-09-29 13:58:15+00:00
30,120,72,0.0,120,2025-09-29 13:58:16+00:00
31,121,72,0.0,121,2025-09-29 13:58:17+00:00
30,122,72,0.0,122,2025-09-29 13:58:18+00:00
17,123,72,0.0,123,2025-09-29 13:58:20+00:00
17,124,72,0.0,124,2025-09-29 13:58:24+00:00
26,123,72,0.0,123,2025-09-29 13:58:26+00:00
29,121,72,0.0,121,2025-09-29 13:58:27+00:00
28,118,72,0.0,118,2025-09-29 13:58:28+00:00
26,114,72,0.0,114,2025-09-29 13:58:29+00:00
28,112,72,0.0,112,2025-09-29 13:58:30+00:00
33,113,72,0.0,113,2025-09-29 13:58:31+00:00
41,114,72,0.0,114,2025-09-29 13:58:33+00:00
41,115,72,0.0,115,2025-09-29 13:58:34+00:00
44,116,72,0.0,116,2025-09-29 13:58:35+00:00
9,125,72,0.0,125,2025-09-29 13:58:36+00:00
4,127,72,0.0,127,2025-09-29 13:58:37+00:00
7,128,72,0.0,128,2025-09-29 13:58:41+00:00
7,127,72,0.0,127,2025-09-29 13:58:42+00:00
8,128,72,0.0,128,2025-09-29 13:58:44+00:00
7,129,72,0.0,129,2025-09-29 13:58:49+00:00
11,130,72,0.0,130,2025-09-29 13:58:52+00:00
24,131,72,0.0,131,2025-09-29 13:58:56+00:00
41,132,72,0.0,132,2025-09-29 13:59:02+00:00
41,131,72,0.0,131,2025-09-29 13:59:05+00:00
41,129,72,0.0,129,2025-09-29 13:59:07+00:00
30,125,72,0.0,125,2025-09-29 13:59:08+00:00
23,123,72,0.0,123,2025-09-29 13:59:09+00:00
14,122,72,0.0,122,2025-09-29 13:59:10+00:00
26,125,72,0.0,125,2025-09-29 13:59:13+00:00
26,129,72,0.0,129,2025-09-29 13:59:14+00:00
24,132,72,0.0,132,2025-09-29 13:59:15+00:00
25,134,72,0.0,134,2025-09-29 13:59:16+00:00
28,135,72,0.0,135,2025-09-29 13:59:17+00:00
22,139,72,0.0,139,2025-09-29 13:59:19+00:00
24,138,72,0.0,138,2025-09-29 13:59:20+00:00
26,136,72,0.0,136,2025-09-29 13:59:21+00:00
50,135,72,0.0,135,2025-09-29 13:59:26+00:00
52,134,72,0.0,134,2025-09-29 13:59:27+00:00
53,132,72,0.0,132,2025-09-29 13:59:28+00:00
55,130,72,0.0,130,2025-09-29 13:59:30+00:00
50,128,72,0.0,128,2025-09-29 13:59:31+00:00
53,127,72,0.0,127,2025-09-29 13:59:32+00:00
54,125,72,0.0,125,2025-09-29 13:59:33+00:00
48,120,72,0.0,120,2025-09-29 13:59:34+00:00
50,118,72,0.0,118,2025-09-29 13:59:35+00:00
30,110,72,0.0,110,2025-09-29 13:59:36+00:00
30,107,72,0.0,107,2025-09-29 13:59:37+00:00
35,106,72,0.0,106,2025-09-29 13:59:38+00:00
35,105,72,0.0,105,2025-09-29 13:59:39+00:00
31,103,72,0.0,103,2025-09-29 13:59:40+00:00
44,102,72,0.0,102,2025-09-29 13:59:43+00:00
74,101,72,0.0,101,2025-09-29 13:59:48+00:00
70,100,72,0.0,100,2025-09-29 13:59:50+00:00
66,99,72,0.0,99,2025-09-29 13:59:51+00:00
61,98,72,0.0,98,2025-09-29 13:59:52+00:00
53,99,72,0.0,99,2025-09-29 13:59:54+00:00
60,100,72,0.0,100,2025-09-29 13:59:56+00:00
62,101,72,0.0,101,2025-09-29 13:59:58+00:00
69,102,72,0.0,102,2025-09-29 14:00:00+00:00
72,103,71,0.0,103,2025-09-29 14:00:02+00:00
78,104,71,0.0,104,2025-09-29 14:00:05+00:00
81,103,71,0.0,103,2025-09-29 14:00:07+00:00
90,102,71,0.0,102,2025-09-29 14:00:11+00:00
95,103,71,0.0,103,2025-09-29 14:00:12+00:00
112,104,71,0.0,104,2025-09-29 14:00:16+00:00
114,105,71,0.0,105,2025-09-29 14:00:19+00:00
110,106,71,0.0,106,2025-09-29 14:00:20+00:00
102,108,71,0.0,108,2025-09-29 14:00:21+00:00
89,110,71,0.0,110,2025-09-29 14:00:22+00:00
82,111,71,0.0,111,2025-09-29 14:00:23+00:00
84,112,71,0.0,112,2025-09-29 14:00:24+00:00
84,112,71,0.0,112,2025-09-29 14:00:26+00:00
100,110,71,0.0,110,2025-09-29 14:00:28+00:00
104,109,71,0.0,109,2025-09-29 14:00:29+00:00
106,107,71,0.0,107,2025-09-29 14:00:30+00:00
107,105,71,0.0,105,2025-09-29 14:00:31+00:00
112,104,71,0.0,104,2025-09-29 14:00:32+00:00
120,103,71,0.0,103,2025-09-29 14:00:33+00:00
122,104,71,0.0,104,2025-09-29 14:00:34+00:00
116,107,71,0.0,107,2025-09-29 14:00:35+00:00
115,109,71,0.0,109,2025-09-29 14:00:36+00:00
120,107,71,0.0,107,2025-09-29 14:00:38+00:00
109,103,71,0.0,103,2025-09-29 14:00:39+00:00
36,87,71,0.0,87,2025-09-29 14:00:40+00:00
36,87,71,0.0,87,2025-09-29 14:00:41+00:00
36,86,71,0.0,86,2025-09-29 14:00:42+00:00
11,85,71,0.0,85,2025-09-29 14:00:43+00:00
14,87,71,0.0,87,2025-09-29 14:00:46+00:00
18,88,71,0.0,88,2025-09-29 14:00:48+00:00
27,89,71,0.0,89,2025-09-29 14:00:50+00:00
38,90,71,0.0,90,2025-09-29 14:00:52+00:00
47,91,71,0.0,91,2025-09-29 14:00:54+00:00
50,93,71,0.0,93,2025-09-29 14:00:55+00:00
51,94,71,0.0,94,2025-09-29 14:00:56+00:00
46,97,71,0.0,97,2025-09-29 14:00:57+00:00
45,98,71,0.0,98,2025-09-29 14:00:58+00:00
41,100,71,0.0,100,2025-09-29 14:01:00+00:00
37,96,71,0.0,96,2025-09-29 14:01:01+00:00
41,95,71,0.0,95,2025-09-29 14:01:02+00:00
41,93,71,0.0,93,2025-09-29 14:01:03+00:00
37,89,71,0.0,89,2025-09-29 14:01:04+00:00
39,87,71,0.0,87,2025-09-29 14:01:05+00:00
44,86,71,0.0,86,2025-09-29 14:01:06+00:00
51,85,71,0.0,85,2025-09-29 14:01:07+00:00
58,84,71,0.0,84,2025-09-29 14:01:08+00:00
65,85,71,0.0,85,2025-09-29 14:01:09+00:00
63,89,71,0.0,89,2025-09-29 14:01:10+00:00
52,97,71,0.0,97,2025-09-29 14:01:11+00:00
51,100,71,0.0,100,2025-09-29 14:01:12+00:00
55,102,71,0.0,102,2025-09-29 14:01:13+00:00
72,103,71,0.0,103,2025-09-29 14:01:18+00:00
77,104,71,0.0,104,2025-09-29 14:01:20+00:00
89,103,71,0.0,103,2025-09-29 14:01:22+00:00
92,99,71,0.0,99,2025-09-29 14:01:25+00:00
85,97,71,0.0,97,2025-09-29 14:01:26+00:00
82,98,71,0.0,98,2025-09-29 14:01:29+00:00
84,99,71,0.0,99,2025-09-29 14:01:30+00:00
89,100,71,0.0,100,2025-09-29 14:01:31+00:00
89,102,71,0.0,102,2025-09-29 14:01:33+00:00
84,105,71,0.0,105,2025-09-29 14:01:34+00:00
77,107,71,0.0,107,2025-09-29 14:01:35+00:00
71,109,71,0.0,109,2025-09-29 14:01:36+00:00
56,113,71,0.0,113,2025-09-29 14:01:37+00:00
50,115,71,0.0,115,2025-09-29 14:01:38+00:00
50,116,71,0.0,116,2025-09-29 14:01:39+00:00
54,117,71,0.0,117,2025-09-29 14:01:41+00:00
56,109,71,0.0,109,2025-09-29 14:01:46+00:00
34,98,71,0.0,98,2025-09-29 14:01:47+00:00
10,87,71,0.0,87,2025-09-29 14:01:48+00:00
12,85,71,0.0,85,2025-09-29 14:01:49+00:00
9,84,71,0.0,84,2025-09-29 14:01:50+00:00
9,83,71,0.0,83,2025-09-29 14:01:51+00:00
13,84,71,0.0,84,2025-09-29 14:01:53+00:00
21,85,71,0.0,85,2025-09-29 14:01:55+00:00
24,86,71,0.0,86,2025-09-29 14:01:57+00:00
26,87,71,0.0,87,2025-09-29 14:01:58+00:00
23,88,71,0.0,88,2025-09-29 14:02:01+00:00
13,87,71,0.0,87,2025-09-29 14:02:03+00:00
6,84,71,0.0,84,2025-09-29 14:02:04+00:00
9,83,71,0.0,83,2025-09-29 14:02:05+00:00
10,82,71,0.0,82,2025-09-29 14:02:07+00:00
16,81,71,0.0,81,2025-09-29 14:02:08+00:00
15,80,71,0.0,80,2025-09-29 14:02:11+00:00
12,81,71,0.0,81,2025-09-29 14:02:19+00:00
8,82,71,0.0,82,2025-09-29 14:02:20+00:00
4,83,71,0.0,83,2025-09-29 14:02:22+00:00
3,82,71,0.0,82,2025-09-29 14:02:24+00:00
9,83,71,0.0,83,2025-09-29 14:02:25+00:00
26,84,71,0.0,84,2025-09-29 14:02:28+00:00
32,83,71,0.0,83,2025-09-29 14:02:29+00:00
14,84,71,0.0,84,2025-09-29 14:02:30+00:00
8,83,71,0.0,83,2025-09-29 14:02:36+00:00
4,81,71,0.0,81,2025-09-29 14:02:38+00:00
15,82,71,0.0,82,2025-09-29 14:02:41+00:00
30,83,71,0.0,83,2025-09-29 14:02:46+00:00
34,84,71,0.0,84,2025-09-29 14:02:48+00:00
27,88,71,0.0,88,2025-09-29 14:02:50+00:00
20,90,71,0.0,90,2025-09-29 14:02:51+00:00
21,91,71,0.0,91,2025-09-29 14:02:52+00:00
24,92,71,0.0,92,2025-09-29 14:03:00+00:00
26,93,71,0.0,93,2025-09-29 14:03:01+00:00
14,96,71,0.0,96,2025-09-29 14:03:02+00:00
29,95,71,0.0,95,2025-09-29 14:03:04+00:00
50,96,71,0.0,96,2025-09-29 14:03:07+00:00
50,97,71,0.0,97,2025-09-29 14:03:08+00:00
50,101,71,0.0,101,2025-09-29 14:03:09+00:00
44,102,71,0.0,102,2025-09-29 14:03:10+00:00
31,101,71,0.0,101,2025-09-29 14:03:11+00:00
14,98,71,0.0,98,2025-09-29 14:03:12+00:00
13,97,71,0.0,97,2025-09-29 14:03:13+00:00
12,96,71,0.0,96,2025-09-29 14:03:14+00:00
11,94,71,0.0,94,2025-09-29 14:03:15+00:00
11,93,71,0.0,93,2025-09-29 14:03:16+00:00
9,94,71,0.0,94,2025-09-29 14:03:19+00:00
12,93,71,0.0,93,2025-09-29 14:03:22+00:00
1,89,71,0.0,89,2025-09-29 14:03:23+00:00
1,88,71,0.0,88,2025-09-29 14:03:24+00:00
1,89,71,0.0,89,2025-09-29 14:03:26+00:00
1,90,71,0.0,90,2025-09-29 14:03:27+00:00
1,91,71,0.0,91,2025-09-29 14:03:28+00:00
0,93,71,0.0,93,2025-09-29 14:03:30+00:00
0,94,71,0.0,94,2025-09-29 14:03:31+00:00
0,96,71,0.0,96,2025-09-29 14:03:32+00:00
0,97,71,0.0,97,2025-09-29 14:03:33+00:00
0,98,71,0.0,98,2025-09-29 14:03:34+00:00
0,100,71,0.0,100,2025-09-29 14:03:35+00:00
1,99,71,0.0,99,2025-09-29 14:03:36+00:00
14,100,71,0.0,100,2025-09-29 14:03:41+00:00
22,102,71,0.0,102,2025-09-29 14:03:43+00:00
25,103,71,0.0,103,2025-09-29 14:03:44+00:00
10,101,71,0.0,101,2025-09-29 14:03:45+00:00
8,100,71,0.0,100,2025-09-29 14:03:46+00:00
8,101,71,0.0,101,2025-09-29 14:03:47+00:00
11,102,71,0.0,102,2025-09-29 14:03:48+00:00
24,103,71,0.0,103,2025-09-29 14:03:51+00:00
37,101,71,0.0,101,2025-09-29 14:03:55+00:00
45,102,71,0.0,102,2025-09-29 14:03:57+00:00
48,101,71,0.0,101,2025-09-29 14:03:58+00:00
54,102,71,0.0,102,2025-09-29 14:03:59+00:00
58,101,71,0.0,101,2025-09-29 14:04:00+00:00
63,102,71,0.0,102,2025-09-29 14:04:02+00:00
67,101,71,0.0,101,2025-09-29 14:04:03+00:00
66,100,71,0.0,100,2025-09-29 14:04:04+00:00
66,99,71,0.0,99,2025-09-29 14:04:05+00:00
66,100,71,0.0,100,2025-09-29 14:04:06+00:00
52,104,71,0.0,104,2025-09-29 14:04:09+00:00
46,105,71,0.0,105,2025-09-29 14:04:10+00:00
45,106,71,0.0,106,2025-09-29 14:04:13+00:00
42,107,71,0.0,107,2025-09-29 14:04:14+00:00
43,108,71,0.0,108,2025-09-29 14:04:15+00:00
40,110,71,0.0,110,2025-09-29 14:04:16+00:00
41,108,71,0.0,108,2025-09-29 14:04:17+00:00
40,106,71,0.0,106,2025-09-29 14:04:18+00:00
21,95,71,0.0,95,2025-09-29 14:04:19+00:00
23,94,71,0.0,94,2025-09-29 14:04:20+00:00
23,93,71,0.0,93,2025-09-29 14:04:21+00:00
32,94,71,0.0,94,2025-09-29 14:04:23+00:00
36,96,71,0.0,96,2025-09-29 14:04:25+00:00
25,100,71,0.0,100,2025-09-29 14:04:26+00:00
15,103,71,0.0,103,2025-09-29 14:04:27+00:00
18,104,71,0.0,104,2025-09-29 14:04:28+00:00
18,104,71,0.0,104,2025-09-29 14:04:29+00:00
38,103,71,0.0,103,2025-09-29 14:04:31+00:00
51,102,71,0.0,102,2025-09-29 14:04:33+00:00
59,99,71,0.0,99,2025-09-29 14:04:35+00:00
76,100,71,0.0,100,2025-09-29 14:04:38+00:00
76,99,71,0.0,99,2025-09-29 14:04:39+00:00
69,97,71,0.0,97,2025-09-29 14:04:40+00:00
68,96,71,0.0,96,2025-09-29 14:04:41+00:00
52,92,71,0.0,92,2025-09-29 14:04:42+00:00
43,89,71,0.0,89,2025-09-29 14:04:43+00:00
41,88,71,0.0,88,2025-09-29 14:04:44+00:00
25,85,71,0.0,85,2025-09-29 14:04:45+00:00
19,84,71,0.0,84,2025-09-29 14:04:46+00:00
21,83,71,0.0,83,2025-09-29 14:04:49+00:00
29,84,71,0.0,84,2025-09-29 14:04:54+00:00
35,85,71,0.0,85,2025-09-29 14:04:55+00:00
37,87,71,0.0,87,2025-09-29 14:04:56+00:00
42,86,71,0.0,86,2025-09-29 14:04:57+00:00
52,87,71,0.0,87,2025-09-29 14:05:00+00:00
34,93,71,0.0,93,2025-09-29 14:05:01+00:00
24,96,71,0.0,96,2025-09-29 14:05:02+00:00
24,97,71,0.0,97,2025-09-29 14:05:03+00:00
15,99,71,0.0,99,2025-09-29 14:05:04+00:00
10,102,71,0.0,102,2025-09-29 14:05:05+00:00
12,103,71,0.0,103,2025-09-29 14:05:06+00:00
14,104,71,0.0,104,2025-09-29 14:05:08+00:00
14,100,71,0.0,100,2025-09-29 14:05:09+00:00
17,99,71,0.0,99,2025-09-29 14:05:10+00:00
21,100,71,0.0,100,2025-09-29 14:05:11+00:00
19,102,71,0.0,102,2025-09-29 14:05:12+00:00
12,104,71,0.0,104,2025-09-29 14:05:13+00:00
7,105,71,0.0,105,2025-09-29 14:05:14+00:00
6,106,71,0.0,106,2025-09-29 14:05:15+00:00
8,107,71,0.0,107,2025-09-29 14:05:18+00:00
7,108,71,0.0,108,2025-09-29 14:05:20+00:00
7,109,71,0.0,109,2025-09-29 14:05:22+00:00
11,110,71,0.0,110,2025-09-29 14:05:24+00:00
22,111,71,0.0,111,2025-09-29 14:05:27+00:00
24,109,71,0.0,109,2025-09-29 14:05:28+00:00
51,108,71,0.0,108,2025-09-29 14:05:32+00:00
67,107,71,0.0,107,2025-09-29 14:05:35+00:00
80,108,71,0.0,108,2025-09-29 14:05:37+00:00
85,109,71,0.0,109,2025-09-29 14:05:39+00:00
84,111,71,0.0,111,2025-09-29 14:05:40+00:00
81,113,71,0.0,113,2025-09-29 14:05:41+00:00
78,114,71,0.0,114,2025-09-29 14:05:42+00:00
75,115,71,0.0,115,2025-09-29 14:05:43+00:00
76,116,71,0.0,116,2025-09-29 14:05:44+00:00
51,117,71,0.0,117,2025-09-29 14:05:46+00:00
16,116,71,0.0,116,2025-09-29 14:05:53+00:00
20,115,71,0.0,115,2025-09-29 14:05:55+00:00
6,116,71,0.0,116,2025-09-29 14:06:00+00:00
11,115,70,0.0,115,2025-09-29 14:06:02+00:00
13,116,70,0.0,116,2025-09-29 14:06:05+00:00
21,117,70,0.0,117,2025-09-29 14:06:08+00:00
8,116,70,0.0,116,2025-09-29 14:06:12+00:00
8,117,70,0.0,117,2025-09-29 14:06:13+00:00
7,116,70,0.0,116,2025-09-29 14:06:14+00:00
10,117,70,0.0,117,2025-09-29 14:06:15+00:00
7,116,70,0.0,116,2025-09-29 14:06:19+00:00
8,115,70,0.0,115,2025-09-29 14:06:21+00:00
23,114,70,0.0,114,2025-09-29 14:06:23+00:00
39,113,70,0.0,113,2025-09-29 14:06:26+00:00
31,112,70,0.0,112,2025-09-29 14:06:27+00:00
31,111,70,0.0,111,2025-09-29 14:06:28+00:00
33,110,70,0.0,110,2025-09-29 14:06:29+00:00
37,109,70,0.0,109,2025-09-29 14:06:30+00:00
46,110,70,0.0,110,2025-09-29 14:06:34+00:00
39,112,70,0.0,112,2025-09-29 14:06:35+00:00
33,109,70,0.0,109,2025-09-29 14:06:36+00:00
32,107,70,0.0,107,2025-09-29 14:06:37+00:00
35,106,70,0.0,106,2025-09-29 14:06:38+00:00
32,105,70,0.0,105,2025-09-29 14:06:39+00:00
29,104,70,0.0,104,2025-09-29 14:06:40+00:00
29,103,70,0.0,103,2025-09-29 14:06:41+00:00
66,104,70,0.0,104,2025-09-29 14:06:48+00:00
65,105,70,0.0,105,2025-09-29 14:06:51+00:00
72,106,70,0.0,106,2025-09-29 14:06:53+00:00
74,105,70,0.0,105,2025-09-29 14:06:57+00:00
71,104,70,0.0,104,2025-09-29 14:06:58+00:00
77,107,70,0.0,107,2025-09-29 14:07:01+00:00
77,109,70,0.0,109,2025-09-29 14:07:02+00:00
79,111,70,0.0,111,2025-09-29 14:07:04+00:00
106,110,70,0.0,110,2025-09-29 14:07:09+00:00
120,109,70,0.0,109,2025-09-29 14:07:11+00:00
125,108,70,0.0,108,2025-09-29 14:07:12+00:00
40,81,70,0.0,81,2025-09-29 14:07:13+00:00
13,73,70,0.0,73,2025-09-29 14:07:14+00:00
13,72,70,0.0,72,2025-09-29 14:07:15+00:00
7,71,70,0.0,71,2025-09-29 14:07:16+00:00
26,70,70,0.0,70,2025-09-29 14:07:23+00:00
42,71,70,0.0,71,2025-09-29 14:07:25+00:00
63,72,70,0.0,72,2025-09-29 14:07:30+00:00
63,73,70,0.0,73,2025-09-29 14:07:31+00:00
68,74,70,0.0,74,2025-09-29 14:07:32+00:00
77,73,70,0.0,73,2025-09-29 14:07:33+00:00
82,74,70,0.0,74,2025-09-29 14:07:34+00:00
65,79,70,0.0,79,2025-09-29 14:07:35+00:00
36,86,70,0.0,86,2025-09-29 14:07:36+00:00
36,86,70,0.0,86,2025-09-29 14:07:37+00:00
45,87,70,0.0,87,2025-09-29 14:07:38+00:00
47,90,70,0.0,90,2025-09-29 14:07:40+00:00
23,96,70,0.0,96,2025-09-29 14:07:41+00:00
9,101,70,0.0,101,2025-09-29 14:07:42+00:00
7,102,70,0.0,102,2025-09-29 14:07:43+00:00
5,103,70,0.0,103,2025-09-29 14:07:44+00:00
4,104,70,0.0,104,2025-09-29 14:07:46+00:00
3,105,70,0.0,105,2025-09-29 14:07:47+00:00
3,106,70,0.0,106,2025-09-29 14:07:48+00:00
3,107,70,0.0,107,2025-09-29 14:07:53+00:00
2,108,70,0.0,108,2025-09-29 14:07:55+00:00
2,109,70,0.0,109,2025-09-29 14:07:57+00:00
2,110,70,0.0,110,2025-09-29 14:07:58+00:00
2,111,70,0.0,111,2025-09-29 14:08:00+00:00
1,112,70,0.0,112,2025-09-29 14:08:02+00:00
1,113,70,0.0,113,2025-09-29 14:08:04+00:00
1,114,70,0.0,114,2025-09-29 14:08:13+00:00
1,115,70,0.0,115,2025-09-29 14:08:15+00:00
0,116,70,0.0,116,2025-09-29 14:08:17+00:00
0,117,70,0.0,117,2025-09-29 14:08:18+00:00
0,116,70,0.0,116,2025-09-29 14:08:21+00:00
0,115,70,0.0,115,2025-09-29 14:08:25+00:00
0,116,70,0.0,116,2025-09-29 14:08:26+00:00
0,115,70,0.0,115,2025-09-29 14:08:28+00:00
0,116,70,0.0,116,2025-09-29 14:08:29+00:00
0,117,70,0.0,117,2025-09-29 14:08:36+00:00
0,118,70,0.0,118,2025-09-29 14:08:38+00:00
0,119,70,0.0,119,2025-09-29 14:08:39+00:00
0,121,70,0.0,121,2025-09-29 14:08:40+00:00
0,122,70,0.0,122,2025-09-29 14:08:41+00:00
0,123,70,0.0,123,2025-09-29 14:08:42+00:00
0,124,70,0.0,124,2025-09-29 14:08:43+00:00
0,123,70,0.0,123,2025-09-29 14:08:48+00:00
0,124,70,0.0,124,2025-09-29 14:08:49+00:00
0,123,70,0.0,123,2025-09-29 14:08:52+00:00
0,123,70,0.0,123,2025-09-29 14:08:53+00:00
0,122,70,0.0,122,2025-09-29 14:08:57+00:00
0,121,70,0.0,121,2025-09-29 14:08:58+00:00
4,120,70,0.0,120,2025-09-29 14:08:59+00:00
1,122,70,0.0,122,2025-09-29 14:09:00+00:00
9,121,70,0.0,121,2025-09-29 14:09:02+00:00
4,122,70,0.0,122,2025-09-29 14:09:03+00:00
8,120,70,0.0,120,2025-09-29 14:09:05+00:00
7,110,70,0.0,110,2025-09-29 14:09:06+00:00
4,107,70,0.0,107,2025-09-29 14:09:07+00:00
5,106,70,0.0,106,2025-09-29 14:09:08+00:00
5,108,70,0.0,108,2025-09-29 14:09:10+00:00
4,112,70,0.0,112,2025-09-29 14:09:11+00:00
6,108,70,0.0,108,2025-09-29 14:09:12+00:00
5,106,70,0.0,106,2025-09-29 14:09:13+00:00
4,114,70,0.0,114,2025-09-29 14:09:14+00:00
3,116,70,0.0,116,2025-09-29 14:09:15+00:00
6,115,70,0.0,115,2025-09-29 14:09:18+00:00
7,116,70,0.0,116,2025-09-29 14:09:21+00:00
7,112,70,0.0,112,2025-09-29 14:09:23+00:00
4,106,70,0.0,106,2025-09-29 14:09:24+00:00
4,106,70,0.0,106,2025-09-29 14:09:25+00:00
3,105,70,0.0,105,2025-09-29 14:09:26+00:00
19,104,70,0.0,104,2025-09-29 14:09:29+00:00
42,103,70,0.0,103,2025-09-29 14:09:33+00:00
47,102,70,0.0,102,2025-09-29 14:09:34+00:00
46,104,70,0.0,104,2025-09-29 14:09:35+00:00
49,103,70,0.0,103,2025-09-29 14:09:36+00:00
47,102,70,0.0,102,2025-09-29 14:09:37+00:00
39,99,70,0.0,99,2025-09-29 14:09:38+00:00
37,98,70,0.0,98,2025-09-29 14:09:39+00:00
34,97,70,0.0,97,2025-09-29 14:09:40+00:00
38,96,70,0.0,96,2025-09-29 14:09:41+00:00
41,95,70,0.0,95,2025-09-29 14:09:43+00:00
40,96,70,0.0,96,2025-09-29 14:09:44+00:00
41,97,70,0.0,97,2025-09-29 14:09:47+00:00
47,98,70,0.0,98,2025-09-29 14:09:50+00:00
48,99,70,0.0,99,2025-09-29 14:09:51+00:00
50,100,70,0.0,100,2025-09-29 14:09:52+00:00
54,98,70,0.0,98,2025-09-29 14:09:54+00:00
43,94,70,0.0,94,2025-09-29 14:09:55+00:00
23,90,70,0.0,90,2025-09-29 14:09:56+00:00
23,90,70,0.0,90,2025-09-29 14:09:57+00:00
21,88,70,0.0,88,2025-09-29 14:09:58+00:00
15,86,70,0.0,86,2025-09-29 14:09:59+00:00
7,85,70,0.0,85,2025-09-29 14:10:00+00:00
12,84,70,0.0,84,2025-09-29 14:10:03+00:00
11,83,70,0.0,83,2025-09-29 14:10:04+00:00
17,85,70,0.0,85,2025-09-29 14:10:06+00:00
14,89,70,0.0,89,2025-09-29 14:10:07+00:00
17,90,70,0.0,90,2025-09-29 14:10:08+00:00
22,91,70,0.0,91,2025-09-29 14:10:09+00:00
17,93,70,0.0,93,2025-09-29 14:10:10+00:00
3,94,70,0.0,94,2025-09-29 14:10:11+00:00
3,95,70,0.0,95,2025-09-29 14:10:12+00:00
1,96,70,0.0,96,2025-09-29 14:10:15+00:00
0,97,70,0.0,97,2025-09-29 14:10:16+00:00
0,99,70,0.0,99,2025-09-29 14:10:17+00:00
0,100,70,0.0,100,2025-09-29 14:10:18+00:00
1,102,70,0.0,102,2025-09-29 14:10:19+00:00
0,103,70,0.0,103,2025-09-29 14:10:20+00:00
0,104,70,0.0,104,2025-09-29 14:10:21+00:00
0,105,70,0.0,105,2025-09-29 14:10:22+00:00
0,106,70,0.0,106,2025-09-29 14:10:23+00:00
0,107,70,0.0,107,2025-09-29 14:10:24+00:00
0,108,70,0.0,108,2025-09-29 14:10:26+00:00
0,109,70,0.0,109,2025-09-29 14:10:27+00:00
1,110,70,0.0,110,2025-09-29 14:10:29+00:00
1,111,70,0.0,111,2025-09-29 14:10:30+00:00
1,112,70,0.0,112,2025-09-29 14:10:32+00:00
1,113,70,0.0,113,2025-09-29 14:10:35+00:00
1,114,70,0.0,114,2025-09-29 14:10:37+00:00
1,115,70,0.0,115,2025-09-29 14:10:38+00:00
1,116,70,0.0,116,2025-09-29 14:10:39+00:00
1,117,70,0.0,117,2025-09-29 14:10:40+00:00
1,118,70,0.0,118,2025-09-29 14:10:41+00:00
1,119,70,0.0,119,2025-09-29 14:10:46+00:00
1,118,70,0.0,118,2025-09-29 14:10:47+00:00
1,117,70,0.0,117,2025-09-29 14:10:50+00:00
1,118,70,0.0,118,2025-09-29 14:10:55+00:00
1,119,70,0.0,119,2025-09-29 14:10:57+00:00
1,120,70,0.0,120,2025-09-29 14:11:00+00:00
0,121,70,0.0,121,2025-09-29 14:11:04+00:00
0,122,70,0.0,122,2025-09-29 14:11:06+00:00
0,123,70,0.0,123,2025-09-29 14:11:09+00:00
0,124,70,0.0,124,2025-09-29 14:11:12+00:00
1,123,70,0.0,123,2025-09-29 14:11:16+00:00
1,124,70,0.0,124,2025-09-29 14:11:17+00:00
1,123,70,0.0,123,2025-09-29 14:11:19+00:00
1,124,70,0.0,124,2025-09-29 14:11:21+00:00
1,125,70,0.0,125,2025-09-29 14:11:26+00:00
1,126,70,0.0,126,2025-09-29 14:11:29+00:00
1,126,70,0.0,126,2025-09-29 14:11:33+00:00
0,127,70,0.0,127,2025-09-29 14:11:34+00:00
0,126,70,0.0,126,2025-09-29 14:11:40+00:00
9,125,70,0.0,125,2025-09-29 14:11:42+00:00
13,122,70,0.0,122,2025-09-29 14:11:43+00:00
4,119,70,0.0,119,2025-09-29 14:11:44+00:00
2,118,70,0.0,118,2025-09-29 14:11:45+00:00
1,117,70,0.0,117,2025-09-29 14:11:47+00:00
2,116,70,0.0,116,2025-09-29 14:11:48+00:00
7,117,70,0.0,117,2025-09-29 14:11:51+00:00
21,116,70,0.0,116,2025-09-29 14:11:55+00:00
27,115,70,0.0,115,2025-09-29 14:11:56+00:00
13,116,70,0.0,116,2025-09-29 14:11:58+00:00
5,114,70,0.0,114,2025-09-29 14:12:00+00:00
2,113,69,0.0,113,2025-09-29 14:12:01+00:00
2,112,69,0.0,112,2025-09-29 14:12:04+00:00
19,111,69,0.0,111,2025-09-29 14:12:08+00:00
7,112,69,0.0,112,2025-09-29 14:12:09+00:00
10,111,69,0.0,111,2025-09-29 14:12:10+00:00
8,110,69,0.0,110,2025-09-29 14:12:11+00:00
10,109,69,0.0,109,2025-09-29 14:12:15+00:00
14,106,69,0.0,106,2025-09-29 14:12:16+00:00
14,101,69,0.0,101,2025-09-29 14:12:17+00:00
14,101,69,0.0,101,2025-09-29 14:12:18+00:00
5,99,69,0.0,99,2025-09-29 14:12:20+00:00
1,100,69,0.0,100,2025-09-29 14:12:21+00:00
0,101,69,0.0,101,2025-09-29 14:12:22+00:00
0,102,69,0.0,102,2025-09-29 14:12:23+00:00
0,101,69,0.0,101,2025-09-29 14:12:28+00:00
0,100,69,0.0,100,2025-09-29 14:12:30+00:00
0,99,69,0.0,99,2025-09-29 14:12:31+00:00
0,100,69,0.0,100,2025-09-29 14:12:32+00:00
0,101,69,0.0,101,2025-09-29 14:12:33+00:00
0,102,69,0.0,102,2025-09-29 14:12:36+00:00
0,101,69,0.0,101,2025-09-29 14:12:37+00:00
0,100,69,0.0,100,2025-09-29 14:12:39+00:00
0,101,69,0.0,101,2025-09-29 14:12:41+00:00
0,100,69,0.0,100,2025-09-29 14:12:44+00:00
0,101,69,0.0,101,2025-09-29 14:12:45+00:00
0,100,69,0.0,100,2025-09-29 14:12:46+00:00
7,99,69,0.0,99,2025-09-29 14:12:48+00:00
11,98,69,0.0,98,2025-09-29 14:12:50+00:00
14,97,69,0.0,97,2025-09-29 14:12:51+00:00
15,96,69,0.0,96,2025-09-29 14:12:52+00:00
6,93,69,0.0,93,2025-09-29 14:12:53+00:00
7,91,69,0.0,91,2025-09-29 14:12:54+00:00
6,90,69,0.0,90,2025-09-29 14:12:55+00:00
2,91,69,0.0,91,2025-09-29 14:12:59+00:00
2,92,69,0.0,92,2025-09-29 14:13:02+00:00
2,92,69,0.0,92,2025-09-29 14:13:03+00:00
1,91,69,0.0,91,2025-09-29 14:13:07+00:00
2,92,69,0.0,92,2025-09-29 14:13:08+00:00
24,91,69,0.0,91,2025-09-29 14:13:11+00:00
23,92,69,0.0,92,2025-09-29 14:13:12+00:00
3,91,69,0.0,91,2025-09-29 14:13:14+00:00
1,90,69,0.0,90,2025-09-29 14:13:16+00:00
2,88,69,0.0,88,2025-09-29 14:13:17+00:00
2,87,69,0.0,87,2025-09-29 14:13:18+00:00
2,86,69,0.0,86,2025-09-29 14:13:19+00:00
1,87,69,0.0,87,2025-09-29 14:13:21+00:00
1,88,69,0.0,88,2025-09-29 14:13:22+00:00
0,90,69,0.0,90,2025-09-29 14:13:23+00:00
0,92,69,0.0,92,2025-09-29 14:13:24+00:00
0,93,69,0.0,93,2025-09-29 14:13:25+00:00
0,94,69,0.0,94,2025-09-29 14:13:26+00:00
0,95,69,0.0,95,2025-09-29 14:13:28+00:00
0,96,69,0.0,96,2025-09-29 14:13:30+00:00
0,97,69,0.0,97,2025-09-29 14:13:32+00:00
0,98,69,0.0,98,2025-09-29 14:13:33+00:00
0,100,69,0.0,100,2025-09-29 14:13:34+00:00
0,101,69,0.0,101,2025-09-29 14:13:36+00:00
0,102,69,0.0,102,2025-09-29 14:13:37+00:00
0,103,69,0.0,103,2025-09-29 14:13:39+00:00
0,104,69,0.0,104,2025-09-29 14:13:40+00:00
0,105,69,0.0,105,2025-09-29 14:13:41+00:00
0,107,69,0.0,107,2025-09-29 14:13:42+00:00
1,109,69,0.0,109,2025-09-29 14:13:43+00:00
1,110,69,0.0,110,2025-09-29 14:13:44+00:00
1,111,69,0.0,111,2025-09-29 14:13:46+00:00
1,112,69,0.0,112,2025-09-29 14:13:49+00:00
1,113,69,0.0,113,2025-09-29 14:13:52+00:00
1,115,69,0.0,115,2025-09-29 14:13:55+00:00
1,116,69,0.0,116,2025-09-29 14:13:56+00:00
1,117,69,0.0,117,2025-09-29 14:13:57+00:00
1,118,69,0.0,118,2025-09-29 14:13:59+00:00
1,119,69,0.0,119,2025-09-29 14:14:04+00:00
1,119,69,0.0,119,2025-09-29 14:14:07+00:00
1,120,69,0.0,120,2025-09-29 14:14:08+00:00
0,119,69,0.0,119,2025-09-29 14:14:14+00:00
3,118,69,0.0,118,2025-09-29 14:14:15+00:00
4,116,69,0.0,116,2025-09-29 14:14:16+00:00
0,113,69,0.0,113,2025-09-29 14:14:17+00:00
0,112,69,0.0,112,2025-09-29 14:14:18+00:00
0,113,69,0.0,113,2025-09-29 14:14:21+00:00
0,112,69,0.0,112,2025-09-29 14:14:22+00:00
0,113,69,0.0,113,2025-09-29 14:14:24+00:00
0,112,69,0.0,112,2025-09-29 14:14:25+00:00
0,111,69,0.0,111,2025-09-29 14:14:26+00:00
0,109,69,0.0,109,2025-09-29 14:14:28+00:00
0,107,69,0.0,107,2025-09-29 14:14:29+00:00
0,106,69,0.0,106,2025-09-29 14:14:30+00:00
0,105,69,0.0,105,2025-09-29 14:14:32+00:00
0,103,69,0.0,103,2025-09-29 14:14:34+00:00
0,102,69,0.0,102,2025-09-29 14:14:35+00:00
1,101,69,0.0,101,2025-09-29 14:14:40+00:00
2,100,69,0.0,100,2025-09-29 14:14:43+00:00
0,97,69,0.0,97,2025-09-29 14:14:45+00:00
3,96,69,0.0,96,2025-09-29 14:14:46+00:00
1,94,69,0.0,94,2025-09-29 14:14:47+00:00
0,93,69,0.0,93,2025-09-29 14:14:50+00:00
1,92,69,0.0,92,2025-09-29 14:14:52+00:00
1,90,69,0.0,90,2025-09-29 14:14:53+00:00
0,89,69,0.0,89,2025-09-29 14:14:54+00:00
0,90,69,0.0,90,2025-09-29 14:15:00+00:00
1,91,69,0.0,91,2025-09-29 14:15:08+00:00
1,92,69,0.0,92,2025-09-29 14:15:09+00:00
0,94,69,0.0,94,2025-09-29 14:15:10+00:00
0,95,69,0.0,95,2025-09-29 14:15:11+00:00
0,97,69,0.0,97,2025-09-29 14:15:12+00:00
0,98,69,0.0,98,2025-09-29 14:15:13+00:00
0,99,69,0.0,99,2025-09-29 14:15:14+00:00
0,100,69,0.0,100,2025-09-29 14:15:15+00:00
0,102,69,0.0,102,2025-09-29 14:15:16+00:00
0,103,69,0.0,103,2025-09-29 14:15:17+00:00
0,104,69,0.0,104,2025-09-29 14:15:18+00:00
0,105,69,0.0,105,2025-09-29 14:15:19+00:00
0,106,69,0.0,106,2025-09-29 14:15:20+00:00
1,107,69,0.0,107,2025-09-29 14:15:21+00:00
1,108,69,0.0,108,2025-09-29 14:15:22+00:00
1,109,69,0.0,109,2025-09-29 14:15:23+00:00
1,110,69,0.0,110,2025-09-29 14:15:24+00:00
1,111,69,0.0,111,2025-09-29 14:15:29+00:00
1,112,69,0.0,112,2025-09-29 14:15:32+00:00
1,113,69,0.0,113,2025-09-29 14:15:34+00:00
0,114,69,0.0,114,2025-09-29 14:15:35+00:00
0,116,69,0.0,116,2025-09-29 14:15:36+00:00
1,117,69,0.0,117,2025-09-29 14:15:37+00:00
1,118,69,0.0,118,2025-09-29 14:15:39+00:00
1,119,69,0.0,119,2025-09-29 14:15:42+00:00
1,120,69,0.0,120,2025-09-29 14:15:45+00:00
0,121,69,0.0,121,2025-09-29 14:15:50+00:00
1,120,69,0.0,120,2025-09-29 14:15:52+00:00
0,117,69,0.0,117,2025-09-29 14:15:56+00:00
0,114,69,0.0,114,2025-09-29 14:15:57+00:00
0,113,69,0.0,113,2025-09-29 14:15:58+00:00
0,110,69,0.0,110,2025-09-29 14:15:59+00:00
0,107,69,0.0,107,2025-09-29 14:16:00+00:00
0,107,69,0.0,107,2025-09-29 14:16:01+00:00
0,106,69,0.0,106,2025-09-29 14:16:03+00:00
0,107,69,0.0,107,2025-09-29 14:16:04+00:00
0,106,69,0.0,106,2025-09-29 14:16:06+00:00
0,107,69,0.0,107,2025-09-29 14:16:07+00:00
0,106,69,0.0,106,2025-09-29 14:16:10+00:00
0,105,69,0.0,105,2025-09-29 14:16:12+00:00
0,104,69,0.0,104,2025-09-29 14:16:13+00:00
1,103,69,0.0,103,2025-09-29 14:16:14+00:00
0,101,69,0.0,101,2025-09-29 14:16:15+00:00
0,100,69,0.0,100,2025-09-29 14:16:18+00:00
0,99,69,0.0,99,2025-09-29 14:16:22+00:00
0,96,69,0.0,96,2025-09-29 14:16:25+00:00
0,94,69,0.0,94,2025-09-29 14:16:26+00:00
0,93,69,0.0,93,2025-09-29 14:16:27+00:00
0,92,69,0.0,92,2025-09-29 14:16:29+00:00
0,92,69,0.0,92,2025-09-29 14:16:30+00:00
0,91,69,0.0,91,2025-09-29 14:16:31+00:00
1,90,69,0.0,90,2025-09-29 14:16:32+00:00
1,89,69,0.0,89,2025-09-29 14:16:33+00:00
1,88,69,0.0,88,2025-09-29 14:16:34+00:00
1,89,69,0.0,89,2025-09-29 14:16:36+00:00
4,90,69,0.0,90,2025-09-29 14:16:40+00:00
1,91,69,0.0,91,2025-09-29 14:16:43+00:00
1,92,69,0.0,92,2025-09-29 14:16:44+00:00
1,93,69,0.0,93,2025-09-29 14:16:45+00:00
1,95,69,0.0,95,2025-09-29 14:16:46+00:00
0,98,69,0.0,98,2025-09-29 14:16:47+00:00
0,100,69,0.0,100,2025-09-29 14:16:48+00:00
0,101,69,0.0,101,2025-09-29 14:16:49+00:00
0,102,69,0.0,102,2025-09-29 14:16:50+00:00
0,104,69,0.0,104,2025-09-29 14:16:51+00:00
0,106,69,0.0,106,2025-09-29 14:16:52+00:00
0,107,69,0.0,107,2025-09-29 14:16:53+00:00
0,108,69,0.0,108,2025-09-29 14:16:55+00:00
0,109,69,0.0,109,2025-09-29 14:16:57+00:00
0,110,69,0.0,110,2025-09-29 14:16:59+00:00
1,111,69,0.0,111,2025-09-29 14:17:03+00:00
1,112,69,0.0,112,2025-09-29 14:17:04+00:00
0,113,69,0.0,113,2025-09-29 14:17:10+00:00
0,114,69,0.0,114,2025-09-29 14:17:12+00:00
0,115,69,0.0,115,2025-09-29 14:17:14+00:00
0,116,69,0.0,116,2025-09-29 14:17:16+00:00
0,117,69,0.0,117,2025-09-29 14:17:18+00:00
0,118,69,0.0,118,2025-09-29 14:17:19+00:00
0,119,69,0.0,119,2025-09-29 14:17:20+00:00
0,120,69,0.0,120,2025-09-29 14:17:23+00:00
0,121,69,0.0,121,2025-09-29 14:17:27+00:00
0,120,69,0.0,120,2025-09-29 14:17:28+00:00
1,118,69,0.0,118,2025-09-29 14:17:32+00:00
1,117,69,0.0,117,2025-09-29 14:17:34+00:00
0,115,69,0.0,115,2025-09-29 14:17:35+00:00
0,116,69,0.0,116,2025-09-29 14:17:38+00:00
0,115,69,0.0,115,2025-09-29 14:17:42+00:00
0,116,69,0.0,116,2025-09-29 14:17:43+00:00
0,115,69,0.0,115,2025-09-29 14:17:46+00:00
0,114,69,0.0,114,2025-09-29 14:17:47+00:00
0,113,69,0.0,113,2025-09-29 14:17:48+00:00
2,111,69,0.0,111,2025-09-29 14:17:49+00:00
2,107,69,0.0,107,2025-09-29 14:17:50+00:00
0,108,69,0.0,108,2025-09-29 14:17:51+00:00
0,107,69,0.0,107,2025-09-29 14:17:52+00:00
0,106,69,0.0,106,2025-09-29 14:17:55+00:00
0,105,69,0.0,105,2025-09-29 14:17:57+00:00
0,104,69,0.0,104,2025-09-29 14:17:58+00:00
0,102,69,0.0,102,2025-09-29 14:17:59+00:00
0,101,69,0.0,101,2025-09-29 14:18:00+00:00
0,100,68,0.0,100,2025-09-29 14:18:01+00:00
4,101,68,0.0,101,2025-09-29 14:18:02+00:00
1,102,68,0.0,102,2025-09-29 14:18:07+00:00
0,101,68,0.0,101,2025-09-29 14:18:09+00:00
0,100,68,0.0,100,2025-09-29 14:18:10+00:00
0,99,68,0.0,99,2025-09-29 14:18:12+00:00
0,98,68,0.0,98,2025-09-29 14:18:13+00:00
0,97,68,0.0,97,2025-09-29 14:18:15+00:00
1,96,68,0.0,96,2025-09-29 14:18:19+00:00
2,95,68,0.0,95,2025-09-29 14:18:20+00:00
2,94,68,0.0,94,2025-09-29 14:18:21+00:00
4,93,68,0.0,93,2025-09-29 14:18:24+00:00
1,94,68,0.0,94,2025-09-29 14:18:25+00:00
8,93,68,0.0,93,2025-09-29 14:18:26+00:00
4,92,68,0.0,92,2025-09-29 14:18:28+00:00
2,91,68,0.0,91,2025-09-29 14:18:29+00:00
3,90,68,0.0,90,2025-09-29 14:18:30+00:00
2,89,68,0.0,89,2025-09-29 14:18:31+00:00
3,87,68,0.0,87,2025-09-29 14:18:33+00:00
4,88,68,0.0,88,2025-09-29 14:18:36+00:00
4,89,68,0.0,89,2025-09-29 14:18:37+00:00
2,90,68,0.0,90,2025-09-29 14:18:38+00:00
3,89,68,0.0,89,2025-09-29 14:18:39+00:00
9,90,68,0.0,90,2025-09-29 14:18:41+00:00
4,93,68,0.0,93,2025-09-29 14:18:42+00:00
7,91,68,0.0,91,2025-09-29 14:18:45+00:00
9,92,68,0.0,92,2025-09-29 14:18:46+00:00
8,91,68,0.0,91,2025-09-29 14:18:47+00:00
17,93,68,0.0,93,2025-09-29 14:18:49+00:00
8,95,68,0.0,95,2025-09-29 14:18:50+00:00
12,97,68,0.0,97,2025-09-29 14:18:52+00:00
10,99,68,0.0,99,2025-09-29 14:18:53+00:00
11,100,68,0.0,100,2025-09-29 14:18:54+00:00
7,96,68,0.0,96,2025-09-29 14:18:58+00:00
3,95,68,0.0,95,2025-09-29 14:18:59+00:00
1,94,68,0.0,94,2025-09-29 14:19:00+00:00
1,93,68,0.0,93,2025-09-29 14:19:01+00:00
1,92,68,0.0,92,2025-09-29 14:19:02+00:00
2,91,68,0.0,91,2025-09-29 14:19:03+00:00
6,90,68,0.0,90,2025-09-29 14:19:04+00:00
37,89,68,0.0,89,2025-09-29 14:19:09+00:00
30,91,68,0.0,91,2025-09-29 14:19:13+00:00
34,93,68,0.0,93,2025-09-29 14:19:14+00:00
35,97,68,0.0,97,2025-09-29 14:19:15+00:00
34,102,68,0.0,102,2025-09-29 14:19:16+00:00
34,105,68,0.0,105,2025-09-29 14:19:17+00:00
29,102,68,0.0,102,2025-09-29 14:19:18+00:00
25,97,68,0.0,97,2025-09-29 14:19:19+00:00
23,93,68,0.0,93,2025-09-29 14:19:20+00:00
22,91,68,0.0,91,2025-09-29 14:19:21+00:00
17,86,68,0.0,86,2025-09-29 14:19:22+00:00
18,84,68,0.0,84,2025-09-29 14:19:23+00:00
4,80,68,0.0,80,2025-09-29 14:19:24+00:00
3,79,68,0.0,79,2025-09-29 14:19:25+00:00
3,78,68,0.0,78,2025-09-29 14:19:27+00:00
17,79,68,0.0,79,2025-09-29 14:19:29+00:00
23,80,68,0.0,80,2025-09-29 14:19:30+00:00
32,79,68,0.0,79,2025-09-29 14:19:32+00:00
21,78,68,0.0,78,2025-09-29 14:19:34+00:00
10,77,68,0.0,77,2025-09-29 14:19:35+00:00
9,76,68,0.0,76,2025-09-29 14:19:36+00:00
31,79,68,0.0,79,2025-09-29 14:19:39+00:00
32,83,68,0.0,83,2025-09-29 14:19:40+00:00
31,86,68,0.0,86,2025-09-29 14:19:41+00:00
24,91,68,0.0,91,2025-09-29 14:19:42+00:00
19,93,68,0.0,93,2025-09-29 14:19:43+00:00
6,96,68,0.0,96,2025-09-29 14:19:44+00:00
6,95,68,0.0,95,2025-09-29 14:19:45+00:00
6,93,68,0.0,93,2025-09-29 14:19:46+00:00
11,92,68,0.0,92,2025-09-29 14:19:47+00:00
9,89,68,0.0,89,2025-09-29 14:19:48+00:00
6,86,68,0.0,86,2025-09-29 14:19:49+00:00
1,81,68,0.0,81,2025-09-29 14:19:50+00:00
1,79,68,0.0,79,2025-09-29 14:19:51+00:00
1,80,68,0.0,80,2025-09-29 14:19:53+00:00
2,81,68,0.0,81,2025-09-29 14:19:54+00:00
1,80,68,0.0,80,2025-09-29 14:19:59+00:00
0,79,68,0.0,79,2025-09-29 14:20:02+00:00
3,80,68,0.0,80,2025-09-29 14:20:03+00:00
1,81,68,0.0,81,2025-09-29 14:20:04+00:00
1,82,68,0.0,82,2025-09-29 14:20:06+00:00
0,84,68,0.0,84,2025-09-29 14:20:09+00:00
0,85,68,0.0,85,2025-09-29 14:20:10+00:00
1,86,68,0.0,86,2025-09-29 14:20:12+00:00
0,87,68,0.0,87,2025-09-29 14:20:21+00:00
3,88,68,0.0,88,2025-09-29 14:20:27+00:00
1,87,68,0.0,87,2025-09-29 14:20:28+00:00
1,88,68,0.0,88,2025-09-29 14:20:30+00:00
1,89,68,0.0,89,2025-09-29 14:20:32+00:00
1,90,68,0.0,90,2025-09-29 14:20:34+00:00
1,91,68,0.0,91,2025-09-29 14:20:37+00:00
1,92,68,0.0,92,2025-09-29 14:20:39+00:00
1,93,68,0.0,93,2025-09-29 14:20:42+00:00
1,92,68,0.0,92,2025-09-29 14:20:48+00:00
0,91,68,0.0,91,2025-09-29 14:20:49+00:00
0,92,68,0.0,92,2025-09-29 14:20:50+00:00
1,91,68,0.0,91,2025-09-29 14:20:55+00:00
0,92,68,0.0,92,2025-09-29 14:20:56+00:00
0,92,68,0.0,92,2025-09-29 14:20:57+00:00
0,91,68,0.0,91,2025-09-29 14:21:02+00:00
0,90,68,0.0,90,2025-09-29 14:21:04+00:00
0,91,68,0.0,91,2025-09-29 14:21:08+00:00
0,90,68,0.0,90,2025-09-29 14:21:09+00:00
1,89,68,0.0,89,2025-09-29 14:21:11+00:00
3,88,68,0.0,88,2025-09-29 14:21:15+00:00
1,86,68,0.0,86,2025-09-29 14:21:17+00:00
1,85,68,0.0,85,2025-09-29 14:21:18+00:00
1,84,68,0.0,84,2025-09-29 14:21:19+00:00
1,83,68,0.0,83,2025-09-29 14:21:20+00:00
3,82,68,0.0,82,2025-09-29 14:21:22+00:00
1,81,68,0.0,81,2025-09-29 14:21:24+00:00
1,79,68,0.0,79,2025-09-29 14:21:25+00:00
1,75,68,0.0,75,2025-09-29 14:21:26+00:00
0,73,68,0.0,73,2025-09-29 14:21:27+00:00
0,72,68,0.0,72,2025-09-29 14:21:29+00:00
0,71,68,0.0,71,2025-09-29 14:21:30+00:00
2,72,68,0.0,72,2025-09-29 14:21:34+00:00
0,79,68,0.0,79,2025-09-29 14:21:35+00:00
0,79,68,0.0,79,2025-09-29 14:21:36+00:00
0,75,68,0.0,75,2025-09-29 14:21:37+00:00
0,74,68,0.0,74,2025-09-29 14:21:39+00:00
0,73,68,0.0,73,2025-09-29 14:21:42+00:00
0,72,68,0.0,72,2025-09-29 14:21:43+00:00
0,71,68,0.0,71,2025-09-29 14:21:45+00:00
0,72,68,0.0,72,2025-09-29 14:21:46+00:00
0,71,68,0.0,71,2025-09-29 14:21:47+00:00
0,72,68,0.0,72,2025-09-29 14:21:54+00:00
0,73,68,0.0,73,2025-09-29 14:21:58+00:00
0,74,68,0.0,74,2025-09-29 14:21:59+00:00
0,73,68,0.0,73,2025-09-29 14:22:01+00:00
0,72,68,0.0,72,2025-09-29 14:22:03+00:00
0,73,68,0.0,73,2025-09-29 14:22:08+00:00
0,74,68,0.0,74,2025-09-29 14:22:11+00:00
0,75,68,0.0,75,2025-09-29 14:22:13+00:00
0,76,68,0.0,76,2025-09-29 14:22:15+00:00
0,77,68,0.0,77,2025-09-29 14:22:17+00:00
1,78,68,0.0,78,2025-09-29 14:22:19+00:00
1,79,68,0.0,79,2025-09-29 14:22:20+00:00
1,80,68,0.0,80,2025-09-29 14:22:22+00:00
1,81,68,0.0,81,2025-09-29 14:22:26+00:00
1,82,68,0.0,82,2025-09-29 14:22:29+00:00
0,83,68,0.0,83,2025-09-29 14:22:30+00:00
0,84,68,0.0,84,2025-09-29 14:22:31+00:00
0,85,68,0.0,85,2025-09-29 14:22:32+00:00
0,86,68,0.0,86,2025-09-29 14:22:35+00:00
0,87,68,0.0,87,2025-09-29 14:22:36+00:00
0,88,68,0.0,88,2025-09-29 14:22:38+00:00
0,89,68,0.0,89,2025-09-29 14:22:40+00:00
1,90,68,0.0,90,2025-09-29 14:22:44+00:00
0,91,68,0.0,91,2025-09-29 14:22:52+00:00
0,90,68,0.0,90,2025-09-29 14:22:53+00:00
0,89,68,0.0,89,2025-09-29 14:22:54+00:00
0,89,68,0.0,89,2025-09-29 14:22:56+00:00
1,90,68,0.0,90,2025-09-29 14:22:57+00:00
1,91,68,0.0,91,2025-09-29 14:23:01+00:00
1,90,68,0.0,90,2025-09-29 14:23:02+00:00
0,88,68,0.0,88,2025-09-29 14:23:06+00:00
0,87,68,0.0,87,2025-09-29 14:23:07+00:00
0,86,68,0.0,86,2025-09-29 14:23:08+00:00
1,85,68,0.0,85,2025-09-29 14:23:18+00:00
2,84,68,0.0,84,2025-09-29 14:23:19+00:00
2,82,68,0.0,82,2025-09-29 14:23:20+00:00
3,81,68,0.0,81,2025-09-29 14:23:21+00:00
1,80,68,0.0,80,2025-09-29 14:23:22+00:00
1,79,68,0.0,79,2025-09-29 14:23:23+00:00
1,78,68,0.0,78,2025-09-29 14:23:25+00:00
1,77,68,0.0,77,2025-09-29 14:23:29+00:00
1,75,68,0.0,75,2025-09-29 14:23:30+00:00
3,73,68,0.0,73,2025-09-29 14:23:31+00:00
2,69,68,0.0,69,2025-09-29 14:23:32+00:00
2,68,68,0.0,68,2025-09-29 14:23:33+00:00
2,67,68,0.0,67,2025-09-29 14:23:36+00:00
3,66,68,0.0,66,2025-09-29 14:23:38+00:00
3,65,68,0.0,65,2025-09-29 14:23:39+00:00
3,65,68,0.0,65,2025-09-29 14:23:42+00:00
8,66,68,0.0,66,2025-09-29 14:23:44+00:00
7,69,68,0.0,69,2025-09-29 14:23:45+00:00
0,71,68,0.0,71,2025-09-29 14:23:46+00:00
2,70,68,0.0,70,2025-09-29 14:23:49+00:00
1,71,68,0.0,71,2025-09-29 14:23:50+00:00
1,72,68,0.0,72,2025-09-29 14:23:51+00:00
0,71,68,0.0,71,2025-09-29 14:23:55+00:00
1,72,68,0.0,72,2025-09-29 14:23:56+00:00
0,73,68,0.0,73,2025-09-29 14:24:02+00:00
0,72,68,0.0,72,2025-09-29 14:24:03+00:00
0,73,68,0.0,73,2025-09-29 14:24:06+00:00
0,74,68,0.0,74,2025-09-29 14:24:08+00:00
0,75,68,0.0,75,2025-09-29 14:24:09+00:00
0,76,68,0.0,76,2025-09-29 14:24:11+00:00
0,77,68,0.0,77,2025-09-29 14:24:12+00:00
0,78,68,0.0,78,2025-09-29 14:24:13+00:00
0,79,68,0.0,79,2025-09-29 14:24:14+00:00
1,80,68,0.0,80,2025-09-29 14:24:17+00:00
1,79,68,0.0,79,2025-09-29 14:24:21+00:00
1,80,68,0.0,80,2025-09-29 14:24:22+00:00
1,81,68,0.0,81,2025-09-29 14:24:27+00:00
1,82,68,0.0,82,2025-09-29 14:24:32+00:00
1,83,68,0.0,83,2025-09-29 14:24:35+00:00
1,84,68,0.0,84,2025-09-29 14:24:38+00:00
1,85,68,0.0,85,2025-09-29 14:24:41+00:00
1,86,68,0.0,86,2025-09-29 14:24:43+00:00
0,85,68,0.0,85,2025-09-29 14:24:48+00:00
0,86,68,0.0,86,2025-09-29 14:24:49+00:00
0,87,68,0.0,87,2025-09-29 14:24:51+00:00
1,88,68,0.0,88,2025-09-29 14:24:53+00:00
2,90,68,0.0,90,2025-09-29 14:24:55+00:00
0,91,68,0.0,91,2025-09-29 14:24:58+00:00
0,90,68,0.0,90,2025-09-29 14:24:59+00:00
0,91,68,0.0,91,2025-09-29 14:25:01+00:00
0,90,68,0.0,90,2025-09-29 14:25:03+00:00
0,89,68,0.0,89,2025-09-29 14:25:06+00:00
0,88,68,0.0,88,2025-09-29 14:25:07+00:00
0,86,68,0.0,86,2025-09-29 14:25:08+00:00
0,83,68,0.0,83,2025-09-29 14:25:09+00:00
0,81,68,0.0,81,2025-09-29 14:25:10+00:00
0,80,68,0.0,80,2025-09-29 14:25:11+00:00
0,79,68,0.0,79,2025-09-29 14:25:12+00:00
0,78,68,0.0,78,2025-09-29 14:25:13+00:00
1,79,68,0.0,79,2025-09-29 14:25:15+00:00
1,80,68,0.0,80,2025-09-29 14:25:17+00:00
1,79,68,0.0,79,2025-09-29 14:25:21+00:00
1,78,68,0.0,78,2025-09-29 14:25:23+00:00
1,77,68,0.0,77,2025-09-29 14:25:24+00:00
1,75,68,0.0,75,2025-09-29 14:25:25+00:00
2,76,68,0.0,76,2025-09-29 14:25:29+00:00
3,78,68,0.0,78,2025-09-29 14:25:32+00:00
2,79,68,0.0,79,2025-09-29 14:25:33+00:00
2,79,68,0.0,79,2025-09-29 14:25:36+00:00
2,78,68,0.0,78,2025-09-29 14:25:38+00:00
0,76,68,0.0,76,2025-09-29 14:25:41+00:00
0,75,68,0.0,75,2025-09-29 14:25:42+00:00
0,76,68,0.0,76,2025-09-29 14:25:43+00:00
0,75,68,0.0,75,2025-09-29 14:25:44+00:00
0,74,68,0.0,74,2025-09-29 14:25:45+00:00
0,75,68,0.0,75,2025-09-29 14:25:51+00:00
1,76,68,0.0,76,2025-09-29 14:25:57+00:00
1,77,68,0.0,77,2025-09-29 14:25:58+00:00
1,78,68,0.0,78,2025-09-29 14:25:59+00:00
1,79,68,0.0,79,2025-09-29 14:26:00+00:00
1,80,68,0.0,80,2025-09-29 14:26:02+00:00
1,81,68,0.0,81,2025-09-29 14:26:03+00:00
1,82,68,0.0,82,2025-09-29 14:26:10+00:00
1,81,68,0.0,81,2025-09-29 14:26:11+00:00
1,82,68,0.0,82,2025-09-29 14:26:12+00:00
1,83,68,0.0,83,2025-09-29 14:26:14+00:00
1,82,68,0.0,82,2025-09-29 14:26:17+00:00
1,83,68,0.0,83,2025-09-29 14:26:18+00:00
1,84,68,0.0,84,2025-09-29 14:26:21+00:00
1,85,68,0.0,85,2025-09-29 14:26:25+00:00
1,86,68,0.0,86,2025-09-29 14:26:28+00:00
1,87,68,0.0,87,2025-09-29 14:26:31+00:00
1,88,68,0.0,88,2025-09-29 14:26:34+00:00
1,89,68,0.0,89,2025-09-29 14:26:37+00:00
1,90,68,0.0,90,2025-09-29 14:26:38+00:00
1,89,68,0.0,89,2025-09-29 14:26:39+00:00
1,90,68,0.0,90,2025-09-29 14:26:40+00:00
1,91,68,0.0,91,2025-09-29 14:26:43+00:00
2,92,68,0.0,92,2025-09-29 14:26:45+00:00
3,93,68,0.0,93,2025-09-29 14:26:50+00:00
0,94,68,0.0,94,2025-09-29 14:26:52+00:00
40,95,68,0.0,95,2025-09-29 14:26:59+00:00
35,94,68,0.0,94,2025-09-29 14:27:00+00:00
15,93,68,0.0,93,2025-09-29 14:27:01+00:00
23,94,68,0.0,94,2025-09-29 14:27:02+00:00
21,102,68,0.0,102,2025-09-29 14:27:04+00:00
15,108,68,0.0,108,2025-09-29 14:27:05+00:00
9,111,68,0.0,111,2025-09-29 14:27:06+00:00
4,112,68,0.0,112,2025-09-29 14:27:07+00:00
3,113,68,0.0,113,2025-09-29 14:27:09+00:00
17,114,68,0.0,114,2025-09-29 14:27:13+00:00
21,113,68,0.0,113,2025-09-29 14:27:15+00:00
22,110,68,0.0,110,2025-09-29 14:27:16+00:00
9,105,68,0.0,105,2025-09-29 14:27:17+00:00
3,103,68,0.0,103,2025-09-29 14:27:18+00:00
8,104,68,0.0,104,2025-09-29 14:27:19+00:00
20,103,68,0.0,103,2025-09-29 14:27:22+00:00
19,100,68,0.0,100,2025-09-29 14:27:26+00:00
1,101,68,0.0,101,2025-09-29 14:27:29+00:00
1,100,68,0.0,100,2025-09-29 14:27:30+00:00
2,99,68,0.0,99,2025-09-29 14:27:32+00:00
2,95,68,0.0,95,2025-09-29 14:27:33+00:00
3,93,68,0.0,93,2025-09-29 14:27:34+00:00
1,92,68,0.0,92,2025-09-29 14:27:38+00:00
0,91,68,0.0,91,2025-09-29 14:27:41+00:00
3,90,68,0.0,90,2025-09-29 14:27:43+00:00
1,88,68,0.0,88,2025-09-29 14:27:45+00:00
8,87,68,0.0,87,2025-09-29 14:27:49+00:00
7,86,68,0.0,86,2025-09-29 14:27:53+00:00
8,85,68,0.0,85,2025-09-29 14:27:54+00:00
2,84,68,0.0,84,2025-09-29 14:27:57+00:00
7,83,68,0.0,83,2025-09-29 14:28:01+00:00
2,81,68,0.0,81,2025-09-29 14:28:02+00:00
1,80,68,0.0,80,2025-09-29 14:28:03+00:00
4,79,68,0.0,79,2025-09-29 14:28:10+00:00
4,78,68,0.0,78,2025-09-29 14:28:11+00:00
4,77,68,0.0,77,2025-09-29 14:28:12+00:00
1,74,68,0.0,74,2025-09-29 14:28:13+00:00
11,75,68,0.0,75,2025-09-29 14:28:21+00:00
4,76,68,0.0,76,2025-09-29 14:28:22+00:00
4,78,68,0.0,78,2025-09-29 14:28:23+00:00
0,77,68,0.0,77,2025-09-29 14:28:26+00:00
0,78,68,0.0,78,2025-09-29 14:28:27+00:00
0,79,68,0.0,79,2025-09-29 14:28:28+00:00
0,80,68,0.0,80,2025-09-29 14:28:31+00:00
0,79,68,0.0,79,2025-09-29 14:28:35+00:00
0,78,68,0.0,78,2025-09-29 14:28:37+00:00
0,77,68,0.0,77,2025-09-29 14:28:42+00:00
0,76,68,0.0,76,2025-09-29 14:28:44+00:00
1,75,68,0.0,75,2025-09-29 14:28:47+00:00
0,76,68,0.0,76,2025-09-29 14:28:48+00:00
0,77,68,0.0,77,2025-09-29 14:28:51+00:00
2,75,68,0.0,75,2025-09-29 14:28:54+00:00
0,76,68,0.0,76,2025-09-29 14:28:55+00:00
1,78,68,0.0,78,2025-09-29 14:28:56+00:00
5,79,68,0.0,79,2025-09-29 14:28:58+00:00
5,78,68,0.0,78,2025-09-29 14:28:59+00:00
4,77,68,0.0,77,2025-09-29 14:29:01+00:00
3,72,68,0.0,72,2025-09-29 14:29:02+00:00
1,71,68,0.0,71,2025-09-29 14:29:03+00:00
3,70,68,0.0,70,2025-09-29 14:29:04+00:00
3,69,68,0.0,69,2025-09-29 14:29:05+00:00
15,68,68,0.0,68,2025-09-29 14:29:07+00:00
21,69,68,0.0,69,2025-09-29 14:29:08+00:00
12,71,68,0.0,71,2025-09-29 14:29:09+00:00
16,70,68,0.0,70,2025-09-29 14:29:12+00:00
22,72,68,0.0,72,2025-09-29 14:29:14+00:00
9,71,68,0.0,71,2025-09-29 14:29:17+00:00
2,72,68,0.0,72,2025-09-29 14:29:19+00:00
11,73,68,0.0,73,2025-09-29 14:29:23+00:00
8,74,68,0.0,74,2025-09-29 14:29:24+00:00
3,73,68,0.0,73,2025-09-29 14:29:28+00:00
1,74,68,0.0,74,2025-09-29 14:29:32+00:00
2,73,68,0.0,73,2025-09-29 14:29:33+00:00
2,72,68,0.0,72,2025-09-29 14:29:34+00:00
2,71,68,0.0,71,2025-09-29 14:29:35+00:00
4,70,68,0.0,70,2025-09-29 14:29:37+00:00
2,71,68,0.0,71,2025-09-29 14:29:38+00:00
2,72,68,0.0,72,2025-09-29 14:29:39+00:00
2,73,68,0.0,73,2025-09-29 14:29:41+00:00
0,75,68,0.0,75,2025-09-29 14:29:42+00:00
0,77,68,0.0,77,2025-09-29 14:29:43+00:00
1,78,68,0.0,78,2025-09-29 14:29:44+00:00
5,77,68,0.0,77,2025-09-29 14:29:50+00:00
2,76,68,0.0,76,2025-09-29 14:29:52+00:00
0,75,68,0.0,75,2025-09-29 14:29:54+00:00
4,74,68,0.0,74,2025-09-29 14:29:55+00:00
3,73,68,0.0,73,2025-09-29 14:29:56+00:00
3,74,68,0.0,74,2025-09-29 14:30:02+00:00
1,75,68,0.0,75,2025-09-29 14:30:03+00:00
1,74,68,0.0,74,2025-09-29 14:30:05+00:00
8,77,68,0.0,77,2025-09-29 14:30:06+00:00
10,80,68,0.0,80,2025-09-29 14:30:07+00:00
12,86,68,0.0,86,2025-09-29 14:30:08+00:00
13,83,68,0.0,83,2025-09-29 14:30:09+00:00
1,79,68,0.0,79,2025-09-29 14:30:10+00:00
1,80,68,0.0,80,2025-09-29 14:30:11+00:00
0,81,68,0.0,81,2025-09-29 14:30:13+00:00
2,80,68,0.0,80,2025-09-29 14:30:14+00:00
2,79,68,0.0,79,2025-09-29 14:30:15+00:00
3,77,68,0.0,77,2025-09-29 14:30:16+00:00
0,74,68,0.0,74,2025-09-29 14:30:17+00:00
0,74,68,0.0,74,2025-09-29 14:30:18+00:00
0,75,68,0.0,75,2025-09-29 14:30:21+00:00
1,76,68,0.0,76,2025-09-29 14:30:22+00:00
0,77,68,0.0,77,2025-09-29 14:30:24+00:00
0,78,68,0.0,78,2025-09-29 14:30:27+00:00
0,79,68,0.0,79,2025-09-29 14:30:30+00:00
1,80,68,0.0,80,2025-09-29 14:30:32+00:00
1,79,68,0.0,79,2025-09-29 14:30:36+00:00
0,78,68,0.0,78,2025-09-29 14:30:38+00:00
2,76,68,0.0,76,2025-09-29 14:30:39+00:00
0,74,68,0.0,74,2025-09-29 14:30:40+00:00
1,73,68,0.0,73,2025-09-29 14:30:41+00:00
2,74,68,0.0,74,2025-09-29 14:30:45+00:00
2,75,68,0.0,75,2025-09-29 14:30:46+00:00
0,76,68,0.0,76,2025-09-29 14:30:47+00:00
0,75,68,0.0,75,2025-09-29 14:30:48+00:00
0,74,68,0.0,74,2025-09-29 14:30:49+00:00
0,73,68,0.0,73,2025-09-29 14:30:51+00:00
0,72,68,0.0,72,2025-09-29 14:30:53+00:00
0,73,68,0.0,73,2025-09-29 14:30:54+00:00
0,74,68,0.0,74,2025-09-29 14:30:56+00:00
2,73,68,0.0,73,2025-09-29 14:31:02+00:00
0,72,68,0.0,72,2025-09-29 14:31:03+00:00
0,71,68,0.0,71,2025-09-29 14:31:04+00:00
1,72,68,0.0,72,2025-09-29 14:31:08+00:00
0,74,68,0.0,74,2025-09-29 14:31:11+00:00
0,73,68,0.0,73,2025-09-29 14:31:12+00:00
0,72,68,0.0,72,2025-09-29 14:31:14+00:00
0,73,68,0.0,73,2025-09-29 14:31:19+00:00
0,74,68,0.0,74,2025-09-29 14:31:21+00:00
0,75,68,0.0,75,2025-09-29 14:31:22+00:00
0,74,68,0.0,74,2025-09-29 14:31:26+00:00
0,73,68,0.0,73,2025-09-29 14:31:28+00:00
0,74,68,0.0,74,2025-09-29 14:31:31+00:00
0,75,68,0.0,75,2025-09-29 14:31:32+00:00
0,76,68,0.0,76,2025-09-29 14:31:36+00:00
0,75,68,0.0,75,2025-09-29 14:31:37+00:00
1,76,68,0.0,76,2025-09-29 14:31:45+00:00
1,75,68,0.0,75,2025-09-29 14:31:46+00:00
1,74,68,0.0,74,2025-09-29 14:31:47+00:00
0,73,68,0.0,73,2025-09-29 14:31:48+00:00
0,74,68,0.0,74,2025-09-29 14:31:50+00:00
0,75,68,0.0,75,2025-09-29 14:31:55+00:00
0,74,68,0.0,74,2025-09-29 14:31:56+00:00
0,73,68,0.0,73,2025-09-29 14:31:58+00:00
0,74,68,0.0,74,2025-09-29 14:32:00+00:00
0,75,68,0.0,75,2025-09-29 14:32:02+00:00
0,76,68,0.0,76,2025-09-29 14:32:07+00:00
0,77,68,0.0,77,2025-09-29 14:32:09+00:00
0,78,68,0.0,78,2025-09-29 14:32:10+00:00
0,79,68,0.0,79,2025-09-29 14:32:11+00:00
0,80,68,0.0,80,2025-09-29 14:32:13+00:00
0,81,68,0.0,81,2025-09-29 14:32:16+00:00
0,80,68,0.0,80,2025-09-29 14:32:21+00:00
1,78,68,0.0,78,2025-09-29 14:32:22+00:00
0,75,68,0.0,75,2025-09-29 14:32:23+00:00
0,75,68,0.0,75,2025-09-29 14:32:24+00:00
0,74,68,0.0,74,2025-09-29 14:32:25+00:00
1,75,68,0.0,75,2025-09-29 14:32:28+00:00
0,76,68,0.0,76,2025-09-29 14:32:32+00:00
0,75,68,0.0,75,2025-09-29 14:32:33+00:00
1,74,68,0.0,74,2025-09-29 14:32:37+00:00
1,73,68,0.0,73,2025-09-29 14:32:39+00:00
1,74,68,0.0,74,2025-09-29 14:32:46+00:00
1,75,68,0.0,75,2025-09-29 14:32:52+00:00
0,78,68,0.0,78,2025-09-29 14:32:53+00:00
0,80,68,0.0,80,2025-09-29 14:32:54+00:00
0,81,68,0.0,81,2025-09-29 14:32:55+00:00
0,80,68,0.0,80,2025-09-29 14:32:58+00:00
0,79,68,0.0,79,2025-09-29 14:33:00+00:00
0,78,68,0.0,78,2025-09-29 14:33:02+00:00
0,79,68,0.0,79,2025-09-29 14:33:07+00:00
0,80,68,0.0,80,2025-09-29 14:33:10+00:00
19,81,68,0.0,81,2025-09-29 14:33:15+00:00
16,82,68,0.0,82,2025-09-29 14:33:17+00:00
21,86,68,0.0,86,2025-09-29 14:33:19+00:00
7,104,68,0.0,104,2025-09-29 14:33:20+00:00
4,108,68,0.0,108,2025-09-29 14:33:21+00:00
6,107,68,0.0,107,2025-09-29 14:33:22+00:00
18,102,68,0.0,102,2025-09-29 14:33:24+00:00
15,89,68,0.0,89,2025-09-29 14:33:25+00:00
9,81,68,0.0,81,2025-09-29 14:33:26+00:00
6,79,68,0.0,79,2025-09-29 14:33:27+00:00
8,76,68,0.0,76,2025-09-29 14:33:28+00:00
1,73,68,0.0,73,2025-09-29 14:33:29+00:00
5,72,68,0.0,72,2025-09-29 14:33:30+00:00
13,74,68,0.0,74,2025-09-29 14:33:31+00:00
4,82,68,0.0,82,2025-09-29 14:33:32+00:00
4,84,68,0.0,84,2025-09-29 14:33:33+00:00
4,83,68,0.0,83,2025-09-29 14:33:35+00:00
1,79,68,0.0,79,2025-09-29 14:33:37+00:00
2,77,68,0.0,77,2025-09-29 14:33:39+00:00
7,76,68,0.0,76,2025-09-29 14:33:40+00:00
4,75,68,0.0,75,2025-09-29 14:33:41+00:00
10,76,68,0.0,76,2025-09-29 14:33:42+00:00
14,81,68,0.0,81,2025-09-29 14:33:43+00:00
17,84,68,0.0,84,2025-09-29 14:33:44+00:00
19,86,68,0.0,86,2025-09-29 14:33:45+00:00
17,87,68,0.0,87,2025-09-29 14:33:46+00:00
17,88,68,0.0,88,2025-09-29 14:33:47+00:00
15,87,68,0.0,87,2025-09-29 14:33:50+00:00
19,86,68,0.0,86,2025-09-29 14:33:53+00:00
10,85,68,0.0,85,2025-09-29 14:33:54+00:00
12,84,68,0.0,84,2025-09-29 14:33:55+00:00
4,81,68,0.0,81,2025-09-29 14:33:56+00:00
2,79,68,0.0,79,2025-09-29 14:33:57+00:00
2,78,68,0.0,78,2025-09-29 14:33:58+00:00
2,77,68,0.0,77,2025-09-29 14:33:59+00:00
1,76,68,0.0,76,2025-09-29 14:34:00+00:00
4,77,67,0.0,77,2025-09-29 14:34:01+00:00
12,76,67,0.0,76,2025-09-29 14:34:02+00:00
10,75,67,0.0,75,2025-09-29 14:34:03+00:00
13,84,67,0.0,84,2025-09-29 14:34:04+00:00
16,89,67,0.0,89,2025-09-29 14:34:05+00:00
8,97,67,0.0,97,2025-09-29 14:34:06+00:00
4,99,67,0.0,99,2025-09-29 14:34:07+00:00
1,98,67,0.0,98,2025-09-29 14:34:09+00:00
0,97,67,0.0,97,2025-09-29 14:34:10+00:00
0,98,67,0.0,98,2025-09-29 14:34:11+00:00
0,99,67,0.0,99,2025-09-29 14:34:12+00:00
6,98,67,0.0,98,2025-09-29 14:34:16+00:00
10,95,67,0.0,95,2025-09-29 14:34:18+00:00
9,91,67,0.0,91,2025-09-29 14:34:19+00:00
6,88,67,0.0,88,2025-09-29 14:34:20+00:00
7,87,67,0.0,87,2025-09-29 14:34:21+00:00
11,88,67,0.0,88,2025-09-29 14:34:26+00:00
6,87,67,0.0,87,2025-09-29 14:34:28+00:00
30,88,67,0.0,88,2025-09-29 14:34:33+00:00
11,91,67,0.0,91,2025-09-29 14:34:34+00:00
4,92,67,0.0,92,2025-09-29 14:34:35+00:00
1,89,67,0.0,89,2025-09-29 14:34:37+00:00
1,87,67,0.0,87,2025-09-29 14:34:38+00:00
14,85,67,0.0,85,2025-09-29 14:34:40+00:00
9,83,67,0.0,83,2025-09-29 14:34:41+00:00
3,82,67,0.0,82,2025-09-29 14:34:42+00:00
3,81,67,0.0,81,2025-09-29 14:34:43+00:00
2,82,67,0.0,82,2025-09-29 14:34:44+00:00
0,83,67,0.0,83,2025-09-29 14:34:47+00:00
0,82,67,0.0,82,2025-09-29 14:34:51+00:00
0,81,67,0.0,81,2025-09-29 14:34:53+00:00
1,80,67,0.0,80,2025-09-29 14:34:55+00:00
1,79,67,0.0,79,2025-09-29 14:34:57+00:00
1,80,67,0.0,80,2025-09-29 14:34:58+00:00
1,81,67,0.0,81,2025-09-29 14:35:00+00:00
0,82,67,0.0,82,2025-09-29 14:35:01+00:00
0,81,67,0.0,81,2025-09-29 14:35:03+00:00
0,82,67,0.0,82,2025-09-29 14:35:04+00:00
0,83,67,0.0,83,2025-09-29 14:35:05+00:00
1,84,67,0.0,84,2025-09-29 14:35:09+00:00
1,85,67,0.0,85,2025-09-29 14:35:19+00:00
1,84,67,0.0,84,2025-09-29 14:35:20+00:00
1,84,67,0.0,84,2025-09-29 14:35:24+00:00
2,85,67,0.0,85,2025-09-29 14:35:25+00:00
1,84,67,0.0,84,2025-09-29 14:35:26+00:00
2,85,67,0.0,85,2025-09-29 14:35:27+00:00
3,86,67,0.0,86,2025-09-29 14:35:30+00:00
3,85,67,0.0,85,2025-09-29 14:35:34+00:00
7,84,67,0.0,84,2025-09-29 14:35:35+00:00
0,82,67,0.0,82,2025-09-29 14:35:36+00:00
0,81,67,0.0,81,2025-09-29 14:35:38+00:00
4,80,67,0.0,80,2025-09-29 14:35:41+00:00
5,81,67,0.0,81,2025-09-29 14:35:42+00:00
8,82,67,0.0,82,2025-09-29 14:35:43+00:00
8,77,67,0.0,77,2025-09-29 14:35:44+00:00
7,81,67,0.0,81,2025-09-29 14:35:46+00:00
7,80,67,0.0,80,2025-09-29 14:35:47+00:00
6,82,67,0.0,82,2025-09-29 14:35:48+00:00
5,81,67,0.0,81,2025-09-29 14:35:49+00:00
0,80,67,0.0,80,2025-09-29 14:35:51+00:00
0,81,67,0.0,81,2025-09-29 14:35:52+00:00
2,80,67,0.0,80,2025-09-29 14:35:57+00:00
13,79,67,0.0,79,2025-09-29 14:36:00+00:00
18,80,67,0.0,80,2025-09-29 14:36:01+00:00
19,81,67,0.0,81,2025-09-29 14:36:02+00:00
11,79,67,0.0,79,2025-09-29 14:36:03+00:00
5,78,67,0.0,78,2025-09-29 14:36:04+00:00
12,77,67,0.0,77,2025-09-29 14:36:05+00:00
8,72,67,0.0,72,2025-09-29 14:36:06+00:00
5,70,67,0.0,70,2025-09-29 14:36:07+00:00
3,68,67,0.0,68,2025-09-29 14:36:08+00:00
3,68,67,0.0,68,2025-09-29 14:36:10+00:00
3,69,67,0.0,69,2025-09-29 14:36:11+00:00
3,68,67,0.0,68,2025-09-29 14:36:14+00:00
1,67,67,0.0,67,2025-09-29 14:36:17+00:00
1,68,67,0.0,68,2025-09-29 14:36:18+00:00
1,69,67,0.0,69,2025-09-29 14:36:20+00:00
1,70,67,0.0,70,2025-09-29 14:36:21+00:00
0,71,67,0.0,71,2025-09-29 14:36:22+00:00
0,72,67,0.0,72,2025-09-29 14:36:23+00:00
0,71,67,0.0,71,2025-09-29 14:36:24+00:00
0,72,67,0.0,72,2025-09-29 14:36:27+00:00
0,73,67,0.0,73,2025-09-29 14:36:31+00:00
1,74,67,0.0,74,2025-09-29 14:36:32+00:00
0,76,67,0.0,76,2025-09-29 14:36:33+00:00
0,77,67,0.0,77,2025-09-29 14:36:34+00:00
0,78,67,0.0,78,2025-09-29 14:36:35+00:00
1,79,67,0.0,79,2025-09-29 14:36:36+00:00
1,78,67,0.0,78,2025-09-29 14:36:37+00:00
1,79,67,0.0,79,2025-09-29 14:36:38+00:00
0,78,67,0.0,78,2025-09-29 14:36:39+00:00
0,79,67,0.0,79,2025-09-29 14:36:40+00:00
0,80,67,0.0,80,2025-09-29 14:36:42+00:00
0,81,67,0.0,81,2025-09-29 14:36:43+00:00
1,82,67,0.0,82,2025-09-29 14:36:45+00:00
0,83,67,0.0,83,2025-09-29 14:36:46+00:00
0,83,67,0.0,83,2025-09-29 14:36:55+00:00
1,84,67,0.0,84,2025-09-29 14:36:57+00:00
1,83,67,0.0,83,2025-09-29 14:36:59+00:00
8,85,67,0.0,85,2025-09-29 14:37:02+00:00
2,86,67,0.0,86,2025-09-29 14:37:03+00:00
2,87,67,0.0,87,2025-09-29 14:37:05+00:00
2,86,67,0.0,86,2025-09-29 14:37:07+00:00
0,87,67,0.0,87,2025-09-29 14:37:09+00:00
0,88,67,0.0,88,2025-09-29 14:37:13+00:00
0,89,67,0.0,89,2025-09-29 14:37:15+00:00
0,88,67,0.0,88,2025-09-29 14:37:16+00:00
1,87,67,0.0,87,2025-09-29 14:37:17+00:00
3,86,67,0.0,86,2025-09-29 14:37:18+00:00
4,81,67,0.0,81,2025-09-29 14:37:19+00:00
2,78,67,0.0,78,2025-09-29 14:37:20+00:00
2,77,67,0.0,77,2025-09-29 14:37:21+00:00
2,76,67,0.0,76,2025-09-29 14:37:23+00:00
3,77,67,0.0,77,2025-09-29 14:37:25+00:00
2,78,67,0.0,78,2025-09-29 14:37:28+00:00
1,77,67,0.0,77,2025-09-29 14:37:29+00:00
4,75,67,0.0,75,2025-09-29 14:37:32+00:00
1,72,67,0.0,72,2025-09-29 14:37:33+00:00
0,71,67,0.0,71,2025-09-29 14:37:34+00:00
0,70,67,0.0,70,2025-09-29 14:37:36+00:00
2,68,67,0.0,68,2025-09-29 14:37:37+00:00
1,63,67,0.0,63,2025-09-29 14:37:38+00:00
2,62,67,0.0,62,2025-09-29 14:37:39+00:00
1,61,67,0.0,61,2025-09-29 14:37:40+00:00
1,61,67,0.0,61,2025-09-29 14:37:41+00:00
2,62,67,0.0,62,2025-09-29 14:37:42+00:00
1,61,67,0.0,61,2025-09-29 14:37:46+00:00
12,62,67,0.0,62,2025-09-29 14:37:50+00:00
7,68,67,0.0,68,2025-09-29 14:37:51+00:00
2,72,67,0.0,72,2025-09-29 14:37:52+00:00
1,73,67,0.0,73,2025-09-29 14:37:53+00:00
0,74,67,0.0,74,2025-09-29 14:37:58+00:00
0,76,67,0.0,76,2025-09-29 14:38:00+00:00
0,77,67,0.0,77,2025-09-29 14:38:04+00:00
0,76,67,0.0,76,2025-09-29 14:38:07+00:00
1,77,67,0.0,77,2025-09-29 14:38:08+00:00
3,78,67,0.0,78,2025-09-29 14:38:09+00:00
3,79,67,0.0,79,2025-09-29 14:38:10+00:00
1,82,67,0.0,82,2025-09-29 14:38:11+00:00
0,84,67,0.0,84,2025-09-29 14:38:12+00:00
3,83,67,0.0,83,2025-09-29 14:38:14+00:00
1,85,67,0.0,85,2025-09-29 14:38:15+00:00
2,86,67,0.0,86,2025-09-29 14:38:18+00:00
1,88,67,0.0,88,2025-09-29 14:38:19+00:00
1,89,67,0.0,89,2025-09-29 14:38:21+00:00
2,88,67,0.0,88,2025-09-29 14:38:25+00:00
1,87,67,0.0,87,2025-09-29 14:38:26+00:00
1,86,67,0.0,86,2025-09-29 14:38:28+00:00
1,87,67,0.0,87,2025-09-29 14:38:30+00:00
1,88,67,0.0,88,2025-09-29 14:38:31+00:00
1,88,67,0.0,88,2025-09-29 14:38:32+00:00
0,87,67,0.0,87,2025-09-29 14:38:33+00:00
0,86,67,0.0,86,2025-09-29 14:38:35+00:00
4,87,67,0.0,87,2025-09-29 14:38:37+00:00
2,88,67,0.0,88,2025-09-29 14:38:38+00:00
0,89,67,0.0,89,2025-09-29 14:38:39+00:00
0,90,67,0.0,90,2025-09-29 14:38:40+00:00
0,91,67,0.0,91,2025-09-29 14:38:41+00:00
0,90,67,0.0,90,2025-09-29 14:38:43+00:00
1,91,67,0.0,91,2025-09-29 14:38:47+00:00
0,92,67,0.0,92,2025-09-29 14:38:48+00:00
1,93,67,0.0,93,2025-09-29 14:38:50+00:00
10,95,67,0.0,95,2025-09-29 14:38:52+00:00
2,97,67,0.0,97,2025-09-29 14:38:53+00:00
4,98,67,0.0,98,2025-09-29 14:38:55+00:00
13,99,67,0.0,99,2025-09-29 14:38:57+00:00
15,100,67,0.0,100,2025-09-29 14:38:58+00:00
17,101,67,0.0,101,2025-09-29 14:38:59+00:00
17,102,67,0.0,102,2025-09-29 14:39:00+00:00
22,103,67,0.0,103,2025-09-29 14:39:01+00:00
27,104,67,0.0,104,2025-09-29 14:39:02+00:00
33,105,67,0.0,105,2025-09-29 14:39:03+00:00
32,103,67,0.0,103,2025-09-29 14:39:07+00:00
27,102,67,0.0,102,2025-09-29 14:39:08+00:00
23,99,67,0.0,99,2025-09-29 14:39:09+00:00
21,98,67,0.0,98,2025-09-29 14:39:14+00:00
16,97,67,0.0,97,2025-09-29 14:39:15+00:00
20,98,67,0.0,98,2025-09-29 14:39:16+00:00
13,101,67,0.0,101,2025-09-29 14:39:17+00:00
10,102,67,0.0,102,2025-09-29 14:39:18+00:00
5,104,67,0.0,104,2025-09-29 14:39:19+00:00
15,106,67,0.0,106,2025-09-29 14:39:22+00:00
14,108,67,0.0,108,2025-09-29 14:39:23+00:00
9,109,67,0.0,109,2025-09-29 14:39:24+00:00
12,110,67,0.0,110,2025-09-29 14:39:26+00:00
22,111,67,0.0,111,2025-09-29 14:39:28+00:00
36,112,67,0.0,112,2025-09-29 14:39:30+00:00
34,115,67,0.0,115,2025-09-29 14:39:31+00:00
17,121,67,0.0,121,2025-09-29 14:39:32+00:00
20,122,67,0.0,122,2025-09-29 14:39:33+00:00
43,120,67,0.0,120,2025-09-29 14:39:38+00:00
40,117,67,0.0,117,2025-09-29 14:39:39+00:00
39,114,67,0.0,114,2025-09-29 14:39:40+00:00
42,112,67,0.0,112,2025-09-29 14:39:41+00:00
60,113,67,0.0,113,2025-09-29 14:39:44+00:00
62,114,67,0.0,114,2025-09-29 14:39:45+00:00
64,115,67,0.0,115,2025-09-29 14:39:46+00:00
71,116,67,0.0,116,2025-09-29 14:39:48+00:00
65,115,67,0.0,115,2025-09-29 14:39:53+00:00
67,114,67,0.0,114,2025-09-29 14:39:54+00:00
71,113,67,0.0,113,2025-09-29 14:39:55+00:00
77,112,67,0.0,112,2025-09-29 14:39:56+00:00
84,111,67,0.0,111,2025-09-29 14:39:58+00:00
83,110,67,0.0,110,2025-09-29 14:39:59+00:00
72,108,67,0.0,108,2025-09-29 14:40:02+00:00
65,107,67,0.0,107,2025-09-29 14:40:03+00:00
58,106,67,0.0,106,2025-09-29 14:40:04+00:00
48,103,67,0.0,103,2025-09-29 14:40:07+00:00
29,97,67,0.0,97,2025-09-29 14:40:08+00:00
19,93,67,0.0,93,2025-09-29 14:40:09+00:00
23,92,67,0.0,92,2025-09-29 14:40:10+00:00
37,91,67,0.0,91,2025-09-29 14:40:12+00:00
47,90,67,0.0,90,2025-09-29 14:40:15+00:00
54,89,67,0.0,89,2025-09-29 14:40:17+00:00
76,88,67,0.0,88,2025-09-29 14:40:20+00:00
111,87,67,0.0,87,2025-09-29 14:40:24+00:00
105,79,67,0.0,79,2025-09-29 14:40:27+00:00
14,57,67,0.0,57,2025-09-29 14:40:28+00:00
5,55,67,0.0,55,2025-09-29 14:40:29+00:00
7,56,67,0.0,56,2025-09-29 14:40:30+00:00
15,55,67,0.0,55,2025-09-29 14:40:31+00:00
14,54,67,0.0,54,2025-09-29 14:40:33+00:00
18,53,67,0.0,53,2025-09-29 14:40:35+00:00
5,54,67,0.0,54,2025-09-29 14:40:38+00:00
7,55,67,0.0,55,2025-09-29 14:40:41+00:00
12,56,67,0.0,56,2025-09-29 14:40:43+00:00
14,55,67,0.0,55,2025-09-29 14:40:48+00:00
12,56,67,0.0,56,2025-09-29 14:40:52+00:00
2,57,67,0.0,57,2025-09-29 14:40:54+00:00
0,58,67,0.0,58,2025-09-29 14:40:56+00:00
0,59,67,0.0,59,2025-09-29 14:40:57+00:00
0,58,67,0.0,58,2025-09-29 14:40:58+00:00
1,59,67,0.0,59,2025-09-29 14:40:59+00:00
1,60,67,0.0,60,2025-09-29 14:41:00+00:00
0,61,67,0.0,61,2025-09-29 14:41:01+00:00
1,60,67,0.0,60,2025-09-29 14:41:03+00:00
0,62,67,0.0,62,2025-09-29 14:41:06+00:00
0,63,67,0.0,63,2025-09-29 14:41:07+00:00
0,62,67,0.0,62,2025-09-29 14:41:09+00:00
0,61,67,0.0,61,2025-09-29 14:41:16+00:00
1,60,67,0.0,60,2025-09-29 14:41:17+00:00
0,59,67,0.0,59,2025-09-29 14:41:18+00:00
0,58,67,0.0,58,2025-09-29 14:41:19+00:00
0,59,67,0.0,59,2025-09-29 14:41:23+00:00
0,61,67,0.0,61,2025-09-29 14:41:26+00:00
5,62,67,0.0,62,2025-09-29 14:41:27+00:00
1,63,67,0.0,63,2025-09-29 14:41:32+00:00
0,64,67,0.0,64,2025-09-29 14:41:34+00:00
9,63,67,0.0,63,2025-09-29 14:41:35+00:00
1,57,67,0.0,57,2025-09-29 14:41:37+00:00
1,57,67,0.0,57,2025-09-29 14:41:38+00:00
4,56,67,0.0,56,2025-09-29 14:41:39+00:00
0,58,67,0.0,58,2025-09-29 14:41:40+00:00
0,59,67,0.0,59,2025-09-29 14:41:41+00:00
0,60,67,0.0,60,2025-09-29 14:41:42+00:00
0,61,67,0.0,61,2025-09-29 14:41:43+00:00
0,60,67,0.0,60,2025-09-29 14:41:45+00:00
0,61,67,0.0,61,2025-09-29 14:41:46+00:00
0,62,67,0.0,62,2025-09-29 14:41:48+00:00
14,63,67,0.0,63,2025-09-29 14:41:50+00:00
28,64,67,0.0,64,2025-09-29 14:41:52+00:00
41,65,67,0.0,65,2025-09-29 14:41:54+00:00
61,66,67,0.0,66,2025-09-29 14:41:57+00:00
74,67,67,0.0,67,2025-09-29 14:41:59+00:00
97,68,67,0.0,68,2025-09-29 14:42:02+00:00
96,67,67,0.0,67,2025-09-29 14:42:03+00:00
76,66,67,0.0,66,2025-09-29 14:42:05+00:00
78,65,67,0.0,65,2025-09-29 14:42:11+00:00
47,63,67,0.0,63,2025-09-29 14:42:13+00:00
22,66,67,0.0,66,2025-09-29 14:42:16+00:00
30,67,67,0.0,67,2025-09-29 14:42:17+00:00
49,66,67,0.0,66,2025-09-29 14:42:20+00:00
54,65,67,0.0,65,2025-09-29 14:42:21+00:00
59,64,67,0.0,64,2025-09-29 14:42:22+00:00
62,63,67,0.0,63,2025-09-29 14:42:23+00:00
61,62,67,0.0,62,2025-09-29 14:42:24+00:00
48,59,67,0.0,59,2025-09-29 14:42:25+00:00
37,57,67,0.0,57,2025-09-29 14:42:26+00:00
28,55,67,0.0,55,2025-09-29 14:42:27+00:00
26,54,67,0.0,54,2025-09-29 14:42:28+00:00
44,55,67,0.0,55,2025-09-29 14:42:34+00:00
48,57,67,0.0,57,2025-09-29 14:42:35+00:00
50,62,67,0.0,62,2025-09-29 14:42:36+00:00
48,67,67,0.0,67,2025-09-29 14:42:37+00:00
46,72,67,0.0,72,2025-09-29 14:42:38+00:00
45,70,67,0.0,70,2025-09-29 14:42:39+00:00
34,67,67,0.0,67,2025-09-29 14:42:40+00:00
25,65,67,0.0,65,2025-09-29 14:42:41+00:00
23,64,67,0.0,64,2025-09-29 14:42:42+00:00
35,66,67,0.0,66,2025-09-29 14:42:44+00:00
38,70,67,0.0,70,2025-09-29 14:42:45+00:00
42,72,67,0.0,72,2025-09-29 14:42:46+00:00
53,73,67,0.0,73,2025-09-29 14:42:48+00:00
52,75,67,0.0,75,2025-09-29 14:42:49+00:00
52,76,67,0.0,76,2025-09-29 14:42:50+00:00
49,77,67,0.0,77,2025-09-29 14:42:51+00:00
49,76,67,0.0,76,2025-09-29 14:42:53+00:00
39,72,67,0.0,72,2025-09-29 14:42:54+00:00
41,71,67,0.0,71,2025-09-29 14:42:55+00:00
31,69,67,0.0,69,2025-09-29 14:42:56+00:00
19,66,67,0.0,66,2025-09-29 14:42:57+00:00
13,64,67,0.0,64,2025-09-29 14:42:58+00:00
13,64,67,0.0,64,2025-09-29 14:43:00+00:00
1,65,67,0.0,65,2025-09-29 14:43:01+00:00
1,64,67,0.0,64,2025-09-29 14:43:03+00:00
0,63,67,0.0,63,2025-09-29 14:43:06+00:00
0,61,67,0.0,61,2025-09-29 14:43:07+00:00
0,60,67,0.0,60,2025-09-29 14:43:09+00:00
0,61,67,0.0,61,2025-09-29 14:43:16+00:00
0,60,67,0.0,60,2025-09-29 14:43:17+00:00
6,59,67,0.0,59,2025-09-29 14:43:21+00:00
0,60,67,0.0,60,2025-09-29 14:43:23+00:00
6,61,67,0.0,61,2025-09-29 14:43:29+00:00
6,62,67,0.0,62,2025-09-29 14:43:30+00:00
9,63,67,0.0,63,2025-09-29 14:43:31+00:00
15,64,67,0.0,64,2025-09-29 14:43:32+00:00
15,70,67,0.0,70,2025-09-29 14:43:33+00:00
10,78,67,0.0,78,2025-09-29 14:43:34+00:00
4,83,67,0.0,83,2025-09-29 14:43:35+00:00
4,84,67,0.0,84,2025-09-29 14:43:36+00:00
8,85,67,0.0,85,2025-09-29 14:43:37+00:00
6,86,67,0.0,86,2025-09-29 14:43:40+00:00
5,85,67,0.0,85,2025-09-29 14:43:41+00:00
3,84,67,0.0,84,2025-09-29 14:43:44+00:00
3,85,67,0.0,85,2025-09-29 14:43:45+00:00
1,84,67,0.0,84,2025-09-29 14:43:46+00:00
4,85,67,0.0,85,2025-09-29 14:43:47+00:00
9,86,67,0.0,86,2025-09-29 14:43:48+00:00
21,87,67,0.0,87,2025-09-29 14:43:51+00:00
33,88,67,0.0,88,2025-09-29 14:43:54+00:00
32,89,67,0.0,89,2025-09-29 14:43:56+00:00
36,90,67,0.0,90,2025-09-29 14:44:00+00:00
39,89,66,0.0,89,2025-09-29 14:44:01+00:00
39,90,66,0.0,90,2025-09-29 14:44:02+00:00
7,91,66,0.0,91,2025-09-29 14:44:04+00:00
1,92,66,0.0,92,2025-09-29 14:44:10+00:00
7,91,66,0.0,91,2025-09-29 14:44:13+00:00
7,90,66,0.0,90,2025-09-29 14:44:15+00:00
6,89,66,0.0,89,2025-09-29 14:44:17+00:00
16,88,66,0.0,88,2025-09-29 14:44:19+00:00
22,87,66,0.0,87,2025-09-29 14:44:20+00:00
33,86,66,0.0,86,2025-09-29 14:44:22+00:00
36,85,66,0.0,85,2025-09-29 14:44:23+00:00
39,86,66,0.0,86,2025-09-29 14:44:25+00:00
36,88,66,0.0,88,2025-09-29 14:44:27+00:00
32,89,66,0.0,89,2025-09-29 14:44:28+00:00
21,91,66,0.0,91,2025-09-29 14:44:29+00:00
10,93,66,0.0,93,2025-09-29 14:44:30+00:00
5,94,66,0.0,94,2025-09-29 14:44:31+00:00
2,93,66,0.0,93,2025-09-29 14:44:33+00:00
2,94,66,0.0,94,2025-09-29 14:44:36+00:00
0,93,66,0.0,93,2025-09-29 14:44:48+00:00
2,92,66,0.0,92,2025-09-29 14:44:52+00:00
1,91,66,0.0,91,2025-09-29 14:44:59+00:00
2,92,66,0.0,92,2025-09-29 14:45:01+00:00
1,93,66,0.0,93,2025-09-29 14:45:06+00:00
1,92,66,0.0,92,2025-09-29 14:45:07+00:00
1,93,66,0.0,93,2025-09-29 14:45:11+00:00
1,94,66,0.0,94,2025-09-29 14:45:14+00:00
1,93,66,0.0,93,2025-09-29 14:45:17+00:00
1,93,66,0.0,93,2025-09-29 14:45:18+00:00
1,92,66,0.0,92,2025-09-29 14:45:21+00:00
9,91,66,0.0,91,2025-09-29 14:45:24+00:00
16,90,66,0.0,90,2025-09-29 14:45:29+00:00
15,88,66,0.0,88,2025-09-29 14:45:30+00:00
9,78,66,0.0,78,2025-09-29 14:45:31+00:00
12,75,66,0.0,75,2025-09-29 14:45:32+00:00
16,74,66,0.0,74,2025-09-29 14:45:33+00:00
22,73,66,0.0,73,2025-09-29 14:45:34+00:00
26,72,66,0.0,72,2025-09-29 14:45:35+00:00
14,69,66,0.0,69,2025-09-29 14:45:37+00:00
15,68,66,0.0,68,2025-09-29 14:45:38+00:00
17,67,66,0.0,67,2025-09-29 14:45:41+00:00
7,68,66,0.0,68,2025-09-29 14:45:42+00:00
9,69,66,0.0,69,2025-09-29 14:45:43+00:00
28,70,66,0.0,70,2025-09-29 14:45:46+00:00
23,74,66,0.0,74,2025-09-29 14:45:47+00:00
11,78,66,0.0,78,2025-09-29 14:45:48+00:00
5,80,66,0.0,80,2025-09-29 14:45:49+00:00
3,81,66,0.0,81,2025-09-29 14:45:50+00:00
2,82,66,0.0,82,2025-09-29 14:45:52+00:00
2,83,66,0.0,83,2025-09-29 14:45:53+00:00
1,84,66,0.0,84,2025-09-29 14:45:56+00:00
2,85,66,0.0,85,2025-09-29 14:46:00+00:00
1,86,66,0.0,86,2025-09-29 14:46:02+00:00
1,87,66,0.0,87,2025-09-29 14:46:05+00:00
1,88,66,0.0,88,2025-09-29 14:46:08+00:00
1,87,66,0.0,87,2025-09-29 14:46:09+00:00
1,87,66,0.0,87,2025-09-29 14:46:18+00:00
1,88,66,0.0,88,2025-09-29 14:46:21+00:00
1,89,66,0.0,89,2025-09-29 14:46:23+00:00
1,90,66,0.0,90,2025-09-29 14:46:25+00:00
1,89,66,0.0,89,2025-09-29 14:46:30+00:00
0,88,66,0.0,88,2025-09-29 14:46:32+00:00
4,87,66,0.0,87,2025-09-29 14:46:33+00:00
8,86,66,0.0,86,2025-09-29 14:46:34+00:00
2,85,66,0.0,85,2025-09-29 14:46:35+00:00
1,84,66,0.0,84,2025-09-29 14:46:36+00:00
1,85,66,0.0,85,2025-09-29 14:46:46+00:00
4,84,66,0.0,84,2025-09-29 14:46:48+00:00
5,85,66,0.0,85,2025-09-29 14:46:50+00:00
9,86,66,0.0,86,2025-09-29 14:46:52+00:00
8,87,66,0.0,87,2025-09-29 14:46:53+00:00
2,88,66,0.0,88,2025-09-29 14:46:55+00:00
1,89,66,0.0,89,2025-09-29 14:46:57+00:00
0,88,66,0.0,88,2025-09-29 14:47:00+00:00
0,89,66,0.0,89,2025-09-29 14:47:03+00:00
1,90,66,0.0,90,2025-09-29 14:47:05+00:00
1,91,66,0.0,91,2025-09-29 14:47:06+00:00
1,91,66,0.0,91,2025-09-29 14:47:08+00:00
0,92,66,0.0,92,2025-09-29 14:47:09+00:00
1,93,66,0.0,93,2025-09-29 14:47:10+00:00
1,94,66,0.0,94,2025-09-29 14:47:11+00:00
1,95,66,0.0,95,2025-09-29 14:47:12+00:00
10,97,66,0.0,97,2025-09-29 14:47:14+00:00
19,96,66,0.0,96,2025-09-29 14:47:16+00:00
11,95,66,0.0,95,2025-09-29 14:47:17+00:00
2,93,66,0.0,93,2025-09-29 14:47:18+00:00
1,91,66,0.0,91,2025-09-29 14:47:19+00:00
2,89,66,0.0,89,2025-09-29 14:47:20+00:00
3,87,66,0.0,87,2025-09-29 14:47:21+00:00
2,86,66,0.0,86,2025-09-29 14:47:22+00:00
8,85,66,0.0,85,2025-09-29 14:47:27+00:00
5,99,66,0.0,99,2025-09-29 14:47:28+00:00
1,104,66,0.0,104,2025-09-29 14:47:29+00:00
1,104,66,0.0,104,2025-09-29 14:47:30+00:00
2,105,66,0.0,105,2025-09-29 14:47:32+00:00
1,106,66,0.0,106,2025-09-29 14:47:33+00:00
2,105,66,0.0,105,2025-09-29 14:47:35+00:00
2,104,66,0.0,104,2025-09-29 14:47:36+00:00
8,101,66,0.0,101,2025-09-29 14:47:38+00:00
2,97,66,0.0,97,2025-09-29 14:47:39+00:00
0,98,66,0.0,98,2025-09-29 14:47:40+00:00
0,97,66,0.0,97,2025-09-29 14:47:42+00:00
2,98,66,0.0,98,2025-09-29 14:47:44+00:00
0,99,66,0.0,99,2025-09-29 14:47:48+00:00
0,98,66,0.0,98,2025-09-29 14:47:50+00:00
22,97,66,0.0,97,2025-09-29 14:47:58+00:00
29,98,66,0.0,98,2025-09-29 14:47:59+00:00
16,97,66,0.0,97,2025-09-29 14:48:01+00:00
2,96,66,0.0,96,2025-09-29 14:48:07+00:00
1,97,66,0.0,97,2025-09-29 14:48:10+00:00
2,98,66,0.0,98,2025-09-29 14:48:12+00:00
1,99,66,0.0,99,2025-09-29 14:48:16+00:00
0,100,66,0.0,100,2025-09-29 14:48:18+00:00
1,99,66,0.0,99,2025-09-29 14:48:22+00:00
3,100,66,0.0,100,2025-09-29 14:48:23+00:00
3,99,66,0.0,99,2025-09-29 14:48:25+00:00
3,100,66,0.0,100,2025-09-29 14:48:26+00:00
2,99,66,0.0,99,2025-09-29 14:48:27+00:00
1,100,66,0.0,100,2025-09-29 14:48:29+00:00
0,99,66,0.0,99,2025-09-29 14:48:32+00:00
0,100,66,0.0,100,2025-09-29 14:48:34+00:00
0,101,66,0.0,101,2025-09-29 14:48:36+00:00
0,102,66,0.0,102,2025-09-29 14:48:37+00:00
0,103,66,0.0,103,2025-09-29 14:48:38+00:00
3,102,66,0.0,102,2025-09-29 14:48:41+00:00
10,101,66,0.0,101,2025-09-29 14:48:43+00:00
13,100,66,0.0,100,2025-09-29 14:48:44+00:00
2,97,66,0.0,97,2025-09-29 14:48:45+00:00
5,96,66,0.0,96,2025-09-29 14:48:46+00:00
0,95,66,0.0,95,2025-09-29 14:48:47+00:00
0,96,66,0.0,96,2025-09-29 14:48:51+00:00
0,98,66,0.0,98,2025-09-29 14:48:53+00:00
3,99,66,0.0,99,2025-09-29 14:48:56+00:00
35,100,66,0.0,100,2025-09-29 14:49:01+00:00
43,99,66,0.0,99,2025-09-29 14:49:02+00:00
25,100,66,0.0,100,2025-09-29 14:49:07+00:00
32,99,66,0.0,99,2025-09-29 14:49:08+00:00
32,99,66,0.0,99,2025-09-29 14:49:09+00:00
32,100,66,0.0,100,2025-09-29 14:49:10+00:00
33,98,66,0.0,98,2025-09-29 14:49:11+00:00
39,97,66,0.0,97,2025-09-29 14:49:12+00:00
57,96,66,0.0,96,2025-09-29 14:49:15+00:00
62,97,66,0.0,97,2025-09-29 14:49:18+00:00
61,96,66,0.0,96,2025-09-29 14:49:19+00:00
57,97,66,0.0,97,2025-09-29 14:49:21+00:00
52,95,66,0.0,95,2025-09-29 14:49:22+00:00
49,96,66,0.0,96,2025-09-29 14:49:23+00:00
48,94,66,0.0,94,2025-09-29 14:49:25+00:00
40,88,66,0.0,88,2025-09-29 14:49:26+00:00
27,82,66,0.0,82,2025-09-29 14:49:27+00:00
20,79,66,0.0,79,2025-09-29 14:49:28+00:00
20,79,66,0.0,79,2025-09-29 14:49:29+00:00
25,80,66,0.0,80,2025-09-29 14:49:30+00:00
29,81,66,0.0,81,2025-09-29 14:49:31+00:00
34,82,66,0.0,82,2025-09-29 14:49:32+00:00
36,83,66,0.0,83,2025-09-29 14:49:33+00:00
33,85,66,0.0,85,2025-09-29 14:49:34+00:00
26,86,66,0.0,86,2025-09-29 14:49:35+00:00
19,87,66,0.0,87,2025-09-29 14:49:36+00:00
24,88,66,0.0,88,2025-09-29 14:49:38+00:00
19,87,66,0.0,87,2025-09-29 14:49:39+00:00
10,85,66,0.0,85,2025-09-29 14:49:40+00:00
16,86,66,0.0,86,2025-09-29 14:49:42+00:00
20,88,66,0.0,88,2025-09-29 14:49:43+00:00
15,96,66,0.0,96,2025-09-29 14:49:44+00:00
12,100,66,0.0,100,2025-09-29 14:49:45+00:00
16,101,66,0.0,101,2025-09-29 14:49:46+00:00
21,102,66,0.0,102,2025-09-29 14:49:47+00:00
25,103,66,0.0,103,2025-09-29 14:49:48+00:00
30,101,66,0.0,101,2025-09-29 14:49:50+00:00
22,95,66,0.0,95,2025-09-29 14:49:51+00:00
15,92,66,0.0,92,2025-09-29 14:49:52+00:00
9,89,66,0.0,89,2025-09-29 14:49:53+00:00
9,89,66,0.0,89,2025-09-29 14:49:54+00:00
7,88,66,0.0,88,2025-09-29 14:49:55+00:00
5,87,66,0.0,87,2025-09-29 14:49:57+00:00
3,86,66,0.0,86,2025-09-29 14:49:59+00:00
2,85,66,0.0,85,2025-09-29 14:50:03+00:00
2,84,66,0.0,84,2025-09-29 14:50:05+00:00
2,85,66,0.0,85,2025-09-29 14:50:07+00:00
1,86,66,0.0,86,2025-09-29 14:50:09+00:00
6,87,66,0.0,87,2025-09-29 14:50:12+00:00
9,90,66,0.0,90,2025-09-29 14:50:15+00:00
6,91,66,0.0,91,2025-09-29 14:50:16+00:00
1,92,66,0.0,92,2025-09-29 14:50:19+00:00
0,93,66,0.0,93,2025-09-29 14:50:21+00:00
1,95,66,0.0,95,2025-09-29 14:50:23+00:00
0,96,66,0.0,96,2025-09-29 14:50:24+00:00
0,95,66,0.0,95,2025-09-29 14:50:26+00:00
2,93,66,0.0,93,2025-09-29 14:50:29+00:00
3,92,66,0.0,92,2025-09-29 14:50:30+00:00
9,91,66,0.0,91,2025-09-29 14:50:31+00:00
1,90,66,0.0,90,2025-09-29 14:50:32+00:00
1,89,66,0.0,89,2025-09-29 14:50:33+00:00
4,88,66,0.0,88,2025-09-29 14:50:38+00:00
23,90,66,0.0,90,2025-09-29 14:50:42+00:00
8,92,66,0.0,92,2025-09-29 14:50:43+00:00
1,94,66,0.0,94,2025-09-29 14:50:44+00:00
0,95,66,0.0,95,2025-09-29 14:50:45+00:00
0,96,66,0.0,96,2025-09-29 14:50:46+00:00
0,97,66,0.0,97,2025-09-29 14:50:47+00:00
0,96,66,0.0,96,2025-09-29 14:50:49+00:00
0,95,66,0.0,95,2025-09-29 14:50:51+00:00
0,94,66,0.0,94,2025-09-29 14:50:52+00:00
1,93,66,0.0,93,2025-09-29 14:50:57+00:00
1,94,66,0.0,94,2025-09-29 14:50:58+00:00
1,93,66,0.0,93,2025-09-29 14:51:01+00:00
1,94,66,0.0,94,2025-09-29 14:51:02+00:00
1,93,66,0.0,93,2025-09-29 14:51:04+00:00
1,94,66,0.0,94,2025-09-29 14:51:07+00:00
1,95,66,0.0,95,2025-09-29 14:51:08+00:00
1,97,66,0.0,97,2025-09-29 14:51:10+00:00
1,98,66,0.0,98,2025-09-29 14:51:11+00:00
1,97,66,0.0,97,2025-09-29 14:51:14+00:00
4,96,66,0.0,96,2025-09-29 14:51:15+00:00
3,95,66,0.0,95,2025-09-29 14:51:16+00:00
8,96,66,0.0,96,2025-09-29 14:51:17+00:00
16,91,66,0.0,91,2025-09-29 14:51:19+00:00
14,89,66,0.0,89,2025-09-29 14:51:20+00:00
9,83,66,0.0,83,2025-09-29 14:51:21+00:00
10,81,66,0.0,81,2025-09-29 14:51:22+00:00
10,80,66,0.0,80,2025-09-29 14:51:23+00:00
10,79,66,0.0,79,2025-09-29 14:51:24+00:00
6,78,66,0.0,78,2025-09-29 14:51:27+00:00
7,79,66,0.0,79,2025-09-29 14:51:30+00:00
1,80,66,0.0,80,2025-09-29 14:51:31+00:00
3,81,66,0.0,81,2025-09-29 14:51:32+00:00
4,82,66,0.0,82,2025-09-29 14:51:33+00:00
0,85,66,0.0,85,2025-09-29 14:51:34+00:00
0,86,66,0.0,86,2025-09-29 14:51:37+00:00
0,87,66,0.0,87,2025-09-29 14:51:38+00:00
0,88,66,0.0,88,2025-09-29 14:51:39+00:00
0,89,66,0.0,89,2025-09-29 14:51:40+00:00
0,88,66,0.0,88,2025-09-29 14:51:46+00:00
0,87,66,0.0,87,2025-09-29 14:51:47+00:00
0,85,66,0.0,85,2025-09-29 14:51:48+00:00
0,84,66,0.0,84,2025-09-29 14:51:49+00:00
0,83,66,0.0,83,2025-09-29 14:51:52+00:00
1,82,66,0.0,82,2025-09-29 14:51:55+00:00
0,81,66,0.0,81,2025-09-29 14:51:56+00:00
1,80,66,0.0,80,2025-09-29 14:51:58+00:00
1,81,66,0.0,81,2025-09-29 14:51:59+00:00
2,82,66,0.0,82,2025-09-29 14:52:02+00:00
0,85,66,0.0,85,2025-09-29 14:52:03+00:00
0,86,66,0.0,86,2025-09-29 14:52:05+00:00
0,87,66,0.0,87,2025-09-29 14:52:07+00:00
0,88,66,0.0,88,2025-09-29 14:52:09+00:00
0,87,66,0.0,87,2025-09-29 14:52:11+00:00
0,86,66,0.0,86,2025-09-29 14:52:13+00:00
0,85,66,0.0,85,2025-09-29 14:52:14+00:00
0,86,66,0.0,86,2025-09-29 14:52:17+00:00
0,85,66,0.0,85,2025-09-29 14:52:20+00:00
0,84,66,0.0,84,2025-09-29 14:52:22+00:00
2,85,66,0.0,85,2025-09-29 14:52:26+00:00
1,86,66,0.0,86,2025-09-29 14:52:29+00:00
0,85,66,0.0,85,2025-09-29 14:52:30+00:00
0,86,66,0.0,86,2025-09-29 14:52:32+00:00
0,87,66,0.0,87,2025-09-29 14:52:33+00:00
0,88,66,0.0,88,2025-09-29 14:52:34+00:00
0,89,66,0.0,89,2025-09-29 14:52:35+00:00
0,90,66,0.0,90,2025-09-29 14:52:37+00:00
0,92,66,0.0,92,2025-09-29 14:52:38+00:00
0,93,66,0.0,93,2025-09-29 14:52:40+00:00
0,94,66,0.0,94,2025-09-29 14:52:45+00:00
0,95,66,0.0,95,2025-09-29 14:52:48+00:00
2,97,66,0.0,97,2025-09-29 14:53:00+00:00
1,96,66,0.0,96,2025-09-29 14:53:01+00:00
11,95,66,0.0,95,2025-09-29 14:53:07+00:00
11,89,66,0.0,89,2025-09-29 14:53:08+00:00
12,87,66,0.0,87,2025-09-29 14:53:09+00:00
11,90,66,0.0,90,2025-09-29 14:53:10+00:00
2,97,66,0.0,97,2025-09-29 14:53:11+00:00
2,97,66,0.0,97,2025-09-29 14:53:12+00:00
3,92,66,0.0,92,2025-09-29 14:53:13+00:00
3,92,66,0.0,92,2025-09-29 14:53:14+00:00
0,93,66,0.0,93,2025-09-29 14:53:15+00:00
0,94,66,0.0,94,2025-09-29 14:53:16+00:00
0,95,66,0.0,95,2025-09-29 14:53:17+00:00
0,97,66,0.0,97,2025-09-29 14:53:18+00:00
0,99,66,0.0,99,2025-09-29 14:53:19+00:00
0,100,66,0.0,100,2025-09-29 14:53:20+00:00
0,102,66,0.0,102,2025-09-29 14:53:21+00:00
0,103,66,0.0,103,2025-09-29 14:53:22+00:00
0,104,66,0.0,104,2025-09-29 14:53:24+00:00
0,103,66,0.0,103,2025-09-29 14:53:26+00:00
0,102,66,0.0,102,2025-09-29 14:53:27+00:00
1,103,66,0.0,103,2025-09-29 14:53:28+00:00
1,104,66,0.0,104,2025-09-29 14:53:31+00:00
1,103,66,0.0,103,2025-09-29 14:53:36+00:00
1,102,66,0.0,102,2025-09-29 14:53:39+00:00
0,101,66,0.0,101,2025-09-29 14:53:44+00:00
0,100,66,0.0,100,2025-09-29 14:53:51+00:00
0,99,66,0.0,99,2025-09-29 14:53:53+00:00
0,100,66,0.0,100,2025-09-29 14:53:59+00:00
0,101,66,0.0,101,2025-09-29 14:54:00+00:00
0,102,65,0.0,102,2025-09-29 14:54:05+00:00
0,103,65,0.0,103,2025-09-29 14:54:06+00:00
2,104,65,0.0,104,2025-09-29 14:54:08+00:00
1,105,65,0.0,105,2025-09-29 14:54:12+00:00
4,104,65,0.0,104,2025-09-29 14:54:13+00:00
1,105,65,0.0,105,2025-09-29 14:54:16+00:00
1,104,65,0.0,104,2025-09-29 14:54:17+00:00
1,102,65,0.0,102,2025-09-29 14:54:18+00:00
0,104,65,0.0,104,2025-09-29 14:54:21+00:00
0,105,65,0.0,105,2025-09-29 14:54:22+00:00
0,106,65,0.0,106,2025-09-29 14:54:23+00:00
0,107,65,0.0,107,2025-09-29 14:54:26+00:00
1,106,65,0.0,106,2025-09-29 14:54:32+00:00
1,107,65,0.0,107,2025-09-29 14:54:33+00:00
1,106,65,0.0,106,2025-09-29 14:54:34+00:00
0,105,65,0.0,105,2025-09-29 14:54:37+00:00
1,104,65,0.0,104,2025-09-29 14:54:40+00:00
0,103,65,0.0,103,2025-09-29 14:54:41+00:00
0,102,65,0.0,102,2025-09-29 14:54:42+00:00
0,101,65,0.0,101,2025-09-29 14:54:45+00:00
1,100,65,0.0,100,2025-09-29 14:54:48+00:00
3,99,65,0.0,99,2025-09-29 14:54:49+00:00
2,100,65,0.0,100,2025-09-29 14:54:50+00:00
11,101,65,0.0,101,2025-09-29 14:54:52+00:00
16,104,65,0.0,104,2025-09-29 14:54:53+00:00
20,106,65,0.0,106,2025-09-29 14:54:54+00:00
33,105,65,0.0,105,2025-09-29 14:54:56+00:00
37,106,65,0.0,106,2025-09-29 14:54:58+00:00
38,104,65,0.0,104,2025-09-29 14:55:01+00:00
36,105,65,0.0,105,2025-09-29 14:55:02+00:00
39,104,65,0.0,104,2025-09-29 14:55:03+00:00
1,103,65,0.0,103,2025-09-29 14:55:08+00:00
13,97,65,0.0,97,2025-09-29 14:55:12+00:00
13,97,65,0.0,97,2025-09-29 14:55:13+00:00
18,95,65,0.0,95,2025-09-29 14:55:14+00:00
20,94,65,0.0,94,2025-09-29 14:55:15+00:00
15,93,65,0.0,93,2025-09-29 14:55:17+00:00
11,94,65,0.0,94,2025-09-29 14:55:21+00:00
6,95,65,0.0,95,2025-09-29 14:55:26+00:00
5,96,65,0.0,96,2025-09-29 14:55:27+00:00
7,97,65,0.0,97,2025-09-29 14:55:28+00:00
7,98,65,0.0,98,2025-09-29 14:55:29+00:00
3,100,65,0.0,100,2025-09-29 14:55:30+00:00
3,102,65,0.0,102,2025-09-29 14:55:32+00:00
1,103,65,0.0,103,2025-09-29 14:55:33+00:00
5,102,65,0.0,102,2025-09-29 14:55:36+00:00
11,103,65,0.0,103,2025-09-29 14:55:37+00:00
15,104,65,0.0,104,2025-09-29 14:55:40+00:00
19,105,65,0.0,105,2025-09-29 14:55:42+00:00
22,106,65,0.0,106,2025-09-29 14:55:44+00:00
34,107,65,0.0,107,2025-09-29 14:55:47+00:00
38,106,65,0.0,106,2025-09-29 14:55:48+00:00
17,93,65,0.0,93,2025-09-29 14:55:49+00:00
4,87,65,0.0,87,2025-09-29 14:55:50+00:00
4,87,65,0.0,87,2025-09-29 14:55:51+00:00
5,88,65,0.0,88,2025-09-29 14:55:52+00:00
13,89,65,0.0,89,2025-09-29 14:55:54+00:00
10,90,65,0.0,90,2025-09-29 14:55:55+00:00
9,91,65,0.0,91,2025-09-29 14:55:56+00:00
13,90,65,0.0,90,2025-09-29 14:55:59+00:00
8,87,65,0.0,87,2025-09-29 14:56:01+00:00
3,85,65,0.0,85,2025-09-29 14:56:02+00:00
14,87,65,0.0,87,2025-09-29 14:56:06+00:00
11,91,65,0.0,91,2025-09-29 14:56:07+00:00
11,91,65,0.0,91,2025-09-29 14:56:08+00:00
21,90,65,0.0,90,2025-09-29 14:56:09+00:00
2,91,65,0.0,91,2025-09-29 14:56:13+00:00
5,92,65,0.0,92,2025-09-29 14:56:19+00:00
26,91,65,0.0,91,2025-09-29 14:56:22+00:00
32,92,65,0.0,92,2025-09-29 14:56:28+00:00
4,91,65,0.0,91,2025-09-29 14:56:31+00:00
10,92,65,0.0,92,2025-09-29 14:56:32+00:00
2,93,65,0.0,93,2025-09-29 14:56:38+00:00
2,94,65,0.0,94,2025-09-29 14:56:39+00:00
3,95,65,0.0,95,2025-09-29 14:56:40+00:00
1,96,65,0.0,96,2025-09-29 14:56:41+00:00
2,97,65,0.0,97,2025-09-29 14:56:42+00:00
1,98,65,0.0,98,2025-09-29 14:56:44+00:00
1,99,65,0.0,99,2025-09-29 14:56:47+00:00
2,100,65,0.0,100,2025-09-29 14:56:49+00:00
2,101,65,0.0,101,2025-09-29 14:56:52+00:00
50,89,65,0.0,89,2025-09-29 14:57:38+00:00
50,89,65,0.0,89,2025-09-29 14:57:39+00:00
11,90,65,0.0,90,2025-09-29 14:57:41+00:00
3,92,65,0.0,92,2025-09-29 14:57:42+00:00
6,91,65,0.0,91,2025-09-29 14:57:43+00:00
3,90,65,0.0,90,2025-09-29 14:57:45+00:00
2,89,65,0.0,89,2025-09-29 14:57:50+00:00
45,90,65,0.0,90,2025-09-29 14:57:56+00:00
48,91,65,0.0,91,2025-09-29 14:57:57+00:00
52,92,65,0.0,92,2025-09-29 14:57:58+00:00
42,91,65,0.0,91,2025-09-29 14:57:59+00:00
46,92,65,0.0,92,2025-09-29 14:58:00+00:00
72,93,65,0.0,93,2025-09-29 14:58:06+00:00
64,94,65,0.0,94,2025-09-29 14:58:08+00:00
74,95,65,0.0,95,2025-09-29 14:58:10+00:00
71,98,65,0.0,98,2025-09-29 14:58:11+00:00
69,100,65,0.0,100,2025-09-29 14:58:12+00:00
66,98,65,0.0,98,2025-09-29 14:58:13+00:00
61,95,65,0.0,95,2025-09-29 14:58:14+00:00
12,83,65,0.0,83,2025-09-29 14:58:15+00:00
2,80,65,0.0,80,2025-09-29 14:58:16+00:00
2,80,65,0.0,80,2025-09-29 14:58:17+00:00
1,79,65,0.0,79,2025-09-29 14:58:18+00:00
1,78,65,0.0,78,2025-09-29 14:58:21+00:00
1,76,65,0.0,76,2025-09-29 14:58:22+00:00
2,75,65,0.0,75,2025-09-29 14:58:24+00:00
29,76,65,0.0,76,2025-09-29 14:58:30+00:00
31,78,65,0.0,78,2025-09-29 14:58:31+00:00
21,83,65,0.0,83,2025-09-29 14:58:32+00:00
21,82,65,0.0,82,2025-09-29 14:58:33+00:00
37,83,65,0.0,83,2025-09-29 14:58:37+00:00
29,81,65,0.0,81,2025-09-29 14:58:38+00:00
21,78,65,0.0,78,2025-09-29 14:58:39+00:00
21,78,65,0.0,78,2025-09-29 14:58:40+00:00
47,79,65,0.0,79,2025-09-29 14:58:43+00:00
53,80,65,0.0,80,2025-09-29 14:58:44+00:00
52,84,65,0.0,84,2025-09-29 14:58:45+00:00
49,87,65,0.0,87,2025-09-29 14:58:46+00:00
52,89,65,0.0,89,2025-09-29 14:58:47+00:00
53,90,65,0.0,90,2025-09-29 14:58:48+00:00
49,93,65,0.0,93,2025-09-29 14:58:49+00:00
50,94,65,0.0,94,2025-09-29 14:58:50+00:00
50,95,65,0.0,95,2025-09-29 14:58:51+00:00
51,96,65,0.0,96,2025-09-29 14:58:52+00:00
47,98,65,0.0,98,2025-09-29 14:58:53+00:00
47,96,65,0.0,96,2025-09-29 14:58:55+00:00
41,91,65,0.0,91,2025-09-29 14:58:56+00:00
37,87,65,0.0,87,2025-09-29 14:58:57+00:00
41,85,65,0.0,85,2025-09-29 14:58:58+00:00
45,84,65,0.0,84,2025-09-29 14:58:59+00:00
49,83,65,0.0,83,2025-09-29 14:59:00+00:00
56,84,65,0.0,84,2025-09-29 14:59:02+00:00
57,86,65,0.0,86,2025-09-29 14:59:03+00:00
49,90,65,0.0,90,2025-09-29 14:59:04+00:00
31,97,65,0.0,97,2025-09-29 14:59:05+00:00
12,102,65,0.0,102,2025-09-29 14:59:06+00:00
11,103,65,0.0,103,2025-09-29 14:59:07+00:00
9,104,65,0.0,104,2025-09-29 14:59:08+00:00
12,105,65,0.0,105,2025-09-29 14:59:11+00:00
33,106,65,0.0,106,2025-09-29 14:59:15+00:00
35,108,65,0.0,108,2025-09-29 14:59:16+00:00
34,110,65,0.0,110,2025-09-29 14:59:17+00:00
19,116,65,0.0,116,2025-09-29 14:59:18+00:00
11,118,65,0.0,118,2025-09-29 14:59:19+00:00
12,119,65,0.0,119,2025-09-29 14:59:20+00:00
8,120,65,0.0,120,2025-09-29 14:59:21+00:00
7,121,65,0.0,121,2025-09-29 14:59:23+00:00
4,122,65,0.0,122,2025-09-29 14:59:26+00:00
4,124,65,0.0,124,2025-09-29 14:59:27+00:00
1,126,65,0.0,126,2025-09-29 14:59:28+00:00
1,127,65,0.0,127,2025-09-29 14:59:29+00:00
0,128,65,0.0,128,2025-09-29 14:59:30+00:00
2,129,65,0.0,129,2025-09-29 14:59:35+00:00
1,130,65,0.0,130,2025-09-29 14:59:37+00:00
0,131,65,0.0,131,2025-09-29 14:59:38+00:00
0,133,65,0.0,133,2025-09-29 14:59:40+00:00
0,134,65,0.0,134,2025-09-29 14:59:44+00:00
0,135,65,0.0,135,2025-09-29 14:59:46+00:00
0,136,65,0.0,136,2025-09-29 14:59:50+00:00
0,135,65,0.0,135,2025-09-29 14:59:51+00:00
0,136,65,0.0,136,2025-09-29 14:59:53+00:00
0,137,65,0.0,137,2025-09-29 14:59:55+00:00
0,138,65,0.0,138,2025-09-29 14:59:58+00:00
0,139,65,0.0,139,2025-09-29 15:00:00+00:00
0,140,65,0.0,140,2025-09-29 15:00:04+00:00
1,141,65,0.0,141,2025-09-29 15:00:09+00:00
3,142,65,0.0,142,2025-09-29 15:00:13+00:00
0,143,65,0.0,143,2025-09-29 15:00:19+00:00
1,144,65,0.0,144,2025-09-29 15:00:31+00:00
1,143,65,0.0,143,2025-09-29 15:00:39+00:00
2,144,65,0.0,144,2025-09-29 15:00:40+00:00
7,145,65,0.0,145,2025-09-29 15:00:44+00:00
3,144,65,0.0,144,2025-09-29 15:00:47+00:00
2,145,65,0.0,145,2025-09-29 15:00:48+00:00
2,144,65,0.0,144,2025-09-29 15:00:57+00:00
3,145,65,0.0,145,2025-09-29 15:00:58+00:00
4,144,64,0.0,144,2025-09-29 15:01:01+00:00
4,145,64,0.0,145,2025-09-29 15:01:02+00:00
2,146,64,0.0,146,2025-09-29 15:01:12+00:00
2,145,64,0.0,145,2025-09-29 15:01:13+00:00
2,146,64,0.0,146,2025-09-29 15:01:15+00:00
1,147,64,0.0,147,2025-09-29 15:01:35+00:00
0,146,64,0.0,146,2025-09-29 15:01:39+00:00
0,147,64,0.0,147,2025-09-29 15:01:40+00:00
1,146,64,0.0,146,2025-09-29 15:01:42+00:00
1,145,64,0.0,145,2025-09-29 15:01:55+00:00
1,146,64,0.0,146,2025-09-29 15:02:00+00:00
0,147,64,0.0,147,2025-09-29 15:02:07+00:00
0,148,64,0.0,148,2025-09-29 15:02:09+00:00
1,149,64,0.0,149,2025-09-29 15:02:10+00:00
0,150,64,0.0,150,2025-09-29 15:02:17+00:00
0,149,64,0.0,149,2025-09-29 15:02:18+00:00
0,150,64,0.0,150,2025-09-29 15:02:19+00:00
1,151,64,0.0,151,2025-09-29 15:02:22+00:00
1,152,64,0.0,152,2025-09-29 15:02:26+00:00
1,151,64,0.0,151,2025-09-29 15:02:30+00:00
1,152,64,0.0,152,2025-09-29 15:02:31+00:00
0,153,64,0.0,153,2025-09-29 15:02:40+00:00
0,152,64,0.0,152,2025-09-29 15:02:41+00:00
0,153,64,0.0,153,2025-09-29 15:02:42+00:00
0,154,64,0.0,154,2025-09-29 15:02:46+00:00
1,155,64,0.0,155,2025-09-29 15:02:50+00:00
1,156,64,0.0,156,2025-09-29 15:02:51+00:00
1,157,64,0.0,157,2025-09-29 15:02:56+00:00
1,156,64,0.0,156,2025-09-29 15:03:00+00:00
1,157,64,0.0,157,2025-09-29 15:03:08+00:00
0,156,64,0.0,156,2025-09-29 15:03:14+00:00
0,157,64,0.0,157,2025-09-29 15:03:15+00:00
1,156,64,0.0,156,2025-09-29 15:03:17+00:00
1,157,64,0.0,157,2025-09-29 15:03:18+00:00
1,156,64,0.0,156,2025-09-29 15:03:20+00:00
1,157,64,0.0,157,2025-09-29 15:03:21+00:00
1,156,64,0.0,156,2025-09-29 15:03:26+00:00
1,157,64,0.0,157,2025-09-29 15:03:27+00:00
1,156,64,0.0,156,2025-09-29 15:03:31+00:00
1,157,64,0.0,157,2025-09-29 15:03:33+00:00
1,156,64,0.0,156,2025-09-29 15:03:34+00:00
1,155,64,0.0,155,2025-09-29 15:03:38+00:00
1,156,64,0.0,156,2025-09-29 15:03:39+00:00
1,157,64,0.0,157,2025-09-29 15:03:42+00:00
1,158,64,0.0,158,2025-09-29 15:03:44+00:00
1,159,64,0.0,159,2025-09-29 15:03:47+00:00
1,158,64,0.0,158,2025-09-29 15:03:49+00:00
0,159,64,0.0,159,2025-09-29 15:03:56+00:00
0,160,64,0.0,160,2025-09-29 15:03:59+00:00
0,159,63,0.0,159,2025-09-29 15:04:06+00:00
0,160,63,0.0,160,2025-09-29 15:04:07+00:00
0,159,63,0.0,159,2025-09-29 15:04:14+00:00
0,160,63,0.0,160,2025-09-29 15:04:15+00:00
0,159,63,0.0,159,2025-09-29 15:04:17+00:00
0,160,63,0.0,160,2025-09-29 15:04:18+00:00
0,159,63,0.0,159,2025-09-29 15:04:21+00:00
0,160,63,0.0,160,2025-09-29 15:04:22+00:00
1,159,63,0.0,159,2025-09-29 15:04:25+00:00
1,160,63,0.0,160,2025-09-29 15:04:27+00:00
0,159,63,0.0,159,2025-09-29 15:04:28+00:00
0,160,63,0.0,160,2025-09-29 15:04:29+00:00
0,159,63,0.0,159,2025-09-29 15:04:33+00:00
0,160,63,0.0,160,2025-09-29 15:04:34+00:00
0,159,63,0.0,159,2025-09-29 15:04:36+00:00
0,160,63,0.0,160,2025-09-29 15:04:37+00:00
0,159,63,0.0,159,2025-09-29 15:04:38+00:00
0,160,63,0.0,160,2025-09-29 15:04:40+00:00
0,161,63,0.0,161,2025-09-29 15:04:43+00:00
0,162,63,0.0,162,2025-09-29 15:04:48+00:00
1,163,63,0.0,163,2025-09-29 15:04:51+00:00
1,164,63,0.0,164,2025-09-29 15:04:55+00:00
1,163,63,0.0,163,2025-09-29 15:04:56+00:00
1,164,63,0.0,164,2025-09-29 15:04:58+00:00
1,163,63,0.0,163,2025-09-29 15:05:00+00:00
1,164,63,0.0,164,2025-09-29 15:05:02+00:00
1,163,63,0.0,163,2025-09-29 15:05:04+00:00
1,164,63,0.0,164,2025-09-29 15:05:06+00:00
1,163,63,0.0,163,2025-09-29 15:05:10+00:00
1,164,63,0.0,164,2025-09-29 15:05:11+00:00
1,165,63,0.0,165,2025-09-29 15:05:18+00:00
1,166,63,0.0,166,2025-09-29 15:05:22+00:00
1,165,63,0.0,165,2025-09-29 15:05:25+00:00
1,164,63,0.0,164,2025-09-29 15:05:29+00:00
1,163,63,0.0,163,2025-09-29 15:05:39+00:00
1,164,63,0.0,164,2025-09-29 15:05:43+00:00
1,165,63,0.0,165,2025-09-29 15:05:55+00:00
1,164,63,0.0,164,2025-09-29 15:05:56+00:00
1,165,63,0.0,165,2025-09-29 15:06:04+00:00
1,164,63,0.0,164,2025-09-29 15:06:05+00:00
1,165,63,0.0,165,2025-09-29 15:06:09+00:00
1,164,63,0.0,164,2025-09-29 15:06:11+00:00
1,165,63,0.0,165,2025-09-29 15:06:12+00:00
1,164,63,0.0,164,2025-09-29 15:06:13+00:00
2,165,63,0.0,165,2025-09-29 15:06:14+00:00
1,164,63,0.0,164,2025-09-29 15:06:15+00:00
1,165,63,0.0,165,2025-09-29 15:06:16+00:00
1,164,63,0.0,164,2025-09-29 15:06:18+00:00
1,165,63,0.0,165,2025-09-29 15:06:21+00:00
1,166,63,0.0,166,2025-09-29 15:06:24+00:00
1,165,63,0.0,165,2025-09-29 15:06:28+00:00
1,166,63,0.0,166,2025-09-29 15:06:29+00:00
0,165,63,0.0,165,2025-09-29 15:06:31+00:00
0,166,63,0.0,166,2025-09-29 15:06:32+00:00
1,165,63,0.0,165,2025-09-29 15:06:35+00:00
1,164,63,0.0,164,2025-09-29 15:06:41+00:00
1,163,63,0.0,163,2025-09-29 15:06:58+00:00
1,162,62,0.0,162,2025-09-29 15:07:06+00:00
1,163,62,0.0,163,2025-09-29 15:07:09+00:00
1,162,62,0.0,162,2025-09-29 15:07:12+00:00
1,161,62,0.0,161,2025-09-29 15:07:15+00:00
1,162,62,0.0,162,2025-09-29 15:07:16+00:00
1,161,62,0.0,161,2025-09-29 15:07:17+00:00
1,160,62,0.0,160,2025-09-29 15:07:23+00:00
1,159,62,0.0,159,2025-09-29 15:07:27+00:00
1,160,62,0.0,160,2025-09-29 15:07:30+00:00
1,159,62,0.0,159,2025-09-29 15:07:34+00:00
1,160,62,0.0,160,2025-09-29 15:07:35+00:00
1,161,62,0.0,161,2025-09-29 15:07:37+00:00
1,160,62,0.0,160,2025-09-29 15:07:49+00:00
1,159,62,0.0,159,2025-09-29 15:07:53+00:00
1,160,62,0.0,160,2025-09-29 15:07:56+00:00
1,161,62,0.0,161,2025-09-29 15:07:59+00:00
2,160,62,0.0,160,2025-09-29 15:08:00+00:00
1,159,62,0.0,159,2025-09-29 15:08:05+00:00
0,160,62,0.0,160,2025-09-29 15:08:06+00:00
0,159,62,0.0,159,2025-09-29 15:08:08+00:00
1,160,62,0.0,160,2025-09-29 15:08:09+00:00
0,159,62,0.0,159,2025-09-29 15:08:11+00:00
0,160,62,0.0,160,2025-09-29 15:08:12+00:00
0,159,62,0.0,159,2025-09-29 15:08:14+00:00
0,160,62,0.0,160,2025-09-29 15:08:15+00:00
0,159,62,0.0,159,2025-09-29 15:08:17+00:00
1,158,62,0.0,158,2025-09-29 15:08:21+00:00
2,157,62,0.0,157,2025-09-29 15:08:29+00:00
2,158,62,0.0,158,2025-09-29 15:08:30+00:00
1,157,62,0.0,157,2025-09-29 15:08:35+00:00
1,158,62,0.0,158,2025-09-29 15:08:36+00:00
1,157,62,0.0,157,2025-09-29 15:08:38+00:00
1,158,62,0.0,158,2025-09-29 15:08:43+00:00
1,157,62,0.0,157,2025-09-29 15:08:44+00:00
1,158,62,0.0,158,2025-09-29 15:08:45+00:00
1,157,62,0.0,157,2025-09-29 15:09:03+00:00
0,156,62,0.0,156,2025-09-29 15:09:06+00:00
0,157,62,0.0,157,2025-09-29 15:09:07+00:00
1,156,62,0.0,156,2025-09-29 15:09:10+00:00
0,157,62,0.0,157,2025-09-29 15:09:11+00:00
1,156,62,0.0,156,2025-09-29 15:09:13+00:00
1,157,62,0.0,157,2025-09-29 15:09:16+00:00
1,156,62,0.0,156,2025-09-29 15:09:17+00:00
1,155,62,0.0,155,2025-09-29 15:09:20+00:00
1,156,62,0.0,156,2025-09-29 15:09:22+00:00
1,155,62,0.0,155,2025-09-29 15:09:25+00:00
1,156,62,0.0,156,2025-09-29 15:09:26+00:00
1,155,62,0.0,155,2025-09-29 15:09:32+00:00
0,154,62,0.0,154,2025-09-29 15:09:39+00:00
0,155,62,0.0,155,2025-09-29 15:09:40+00:00
0,154,62,0.0,154,2025-09-29 15:09:41+00:00
0,153,62,0.0,153,2025-09-29 15:09:44+00:00
0,152,62,0.0,152,2025-09-29 15:09:45+00:00
0,151,62,0.0,151,2025-09-29 15:09:48+00:00
0,150,62,0.0,150,2025-09-29 15:09:50+00:00
0,149,62,0.0,149,2025-09-29 15:09:51+00:00
0,148,62,0.0,148,2025-09-29 15:09:55+00:00
0,147,62,0.0,147,2025-09-29 15:09:58+00:00
1,146,62,0.0,146,2025-09-29 15:09:59+00:00
4,145,62,0.0,145,2025-09-29 15:10:01+00:00
1,143,62,0.0,143,2025-09-29 15:10:02+00:00
1,142,62,0.0,142,2025-09-29 15:10:03+00:00
18,141,62,0.0,141,2025-09-29 15:10:11+00:00
22,140,62,0.0,140,2025-09-29 15:10:12+00:00
26,139,62,0.0,139,2025-09-29 15:10:13+00:00
14,140,62,0.0,140,2025-09-29 15:10:15+00:00
11,141,62,0.0,141,2025-09-29 15:10:16+00:00
7,140,62,0.0,140,2025-09-29 15:10:17+00:00
4,139,62,0.0,139,2025-09-29 15:10:18+00:00
2,137,62,0.0,137,2025-09-29 15:10:19+00:00
1,136,62,0.0,136,2025-09-29 15:10:20+00:00
1,135,62,0.0,135,2025-09-29 15:10:22+00:00
1,136,62,0.0,136,2025-09-29 15:10:25+00:00
2,135,62,0.0,135,2025-09-29 15:10:35+00:00
2,136,62,0.0,136,2025-09-29 15:10:36+00:00
3,137,62,0.0,137,2025-09-29 15:10:39+00:00
4,136,62,0.0,136,2025-09-29 15:10:42+00:00
5,134,62,0.0,134,2025-09-29 15:10:44+00:00
3,132,62,0.0,132,2025-09-29 15:10:45+00:00
5,131,62,0.0,131,2025-09-29 15:10:46+00:00
1,132,62,0.0,132,2025-09-29 15:10:51+00:00
1,131,62,0.0,131,2025-09-29 15:10:52+00:00
1,130,62,0.0,130,2025-09-29 15:10:53+00:00
1,129,62,0.0,129,2025-09-29 15:10:55+00:00
1,128,62,0.0,128,2025-09-29 15:10:59+00:00
2,127,62,0.0,127,2025-09-29 15:11:03+00:00
2,128,62,0.0,128,2025-09-29 15:11:04+00:00
3,127,62,0.0,127,2025-09-29 15:11:06+00:00
3,128,62,0.0,128,2025-09-29 15:11:07+00:00
2,127,62,0.0,127,2025-09-29 15:11:10+00:00
1,128,62,0.0,128,2025-09-29 15:11:11+00:00
1,127,62,0.0,127,2025-09-29 15:11:14+00:00
1,128,62,0.0,128,2025-09-29 15:11:15+00:00
2,127,62,0.0,127,2025-09-29 15:11:19+00:00
2,128,62,0.0,128,2025-09-29 15:11:20+00:00
1,127,62,0.0,127,2025-09-29 15:11:21+00:00
0,125,62,0.0,125,2025-09-29 15:11:22+00:00
1,124,62,0.0,124,2025-09-29 15:11:23+00:00
1,123,62,0.0,123,2025-09-29 15:11:24+00:00
2,122,62,0.0,122,2025-09-29 15:11:25+00:00
4,121,62,0.0,121,2025-09-29 15:11:26+00:00
6,120,62,0.0,120,2025-09-29 15:11:27+00:00
2,119,62,0.0,119,2025-09-29 15:11:29+00:00
1,118,62,0.0,118,2025-09-29 15:11:34+00:00
2,117,62,0.0,117,2025-09-29 15:11:36+00:00
1,118,62,0.0,118,2025-09-29 15:11:40+00:00
1,117,62,0.0,117,2025-09-29 15:11:43+00:00
2,118,62,0.0,118,2025-09-29 15:11:45+00:00
3,117,62,0.0,117,2025-09-29 15:11:50+00:00
1,115,62,0.0,115,2025-09-29 15:11:52+00:00
0,112,62,0.0,112,2025-09-29 15:11:53+00:00
0,110,62,0.0,110,2025-09-29 15:11:54+00:00
0,109,62,0.0,109,2025-09-29 15:11:55+00:00
0,108,62,0.0,108,2025-09-29 15:11:56+00:00
0,109,62,0.0,109,2025-09-29 15:11:57+00:00
0,108,62,0.0,108,2025-09-29 15:11:58+00:00
2,109,62,0.0,109,2025-09-29 15:12:02+00:00
2,108,62,0.0,108,2025-09-29 15:12:03+00:00
4,109,62,0.0,109,2025-09-29 15:12:07+00:00
5,108,62,0.0,108,2025-09-29 15:12:08+00:00
6,109,62,0.0,109,2025-09-29 15:12:12+00:00
5,108,62,0.0,108,2025-09-29 15:12:13+00:00
1,107,62,0.0,107,2025-09-29 15:12:15+00:00
1,106,62,0.0,106,2025-09-29 15:12:16+00:00
1,105,62,0.0,105,2025-09-29 15:12:17+00:00
8,104,62,0.0,104,2025-09-29 15:12:20+00:00
8,103,62,0.0,103,2025-09-29 15:12:22+00:00
4,102,62,0.0,102,2025-09-29 15:12:26+00:00
3,103,62,0.0,103,2025-09-29 15:12:27+00:00
3,104,62,0.0,104,2025-09-29 15:12:28+00:00
1,106,62,0.0,106,2025-09-29 15:12:29+00:00
1,107,62,0.0,107,2025-09-29 15:12:30+00:00
1,109,62,0.0,109,2025-09-29 15:12:31+00:00
3,110,62,0.0,110,2025-09-29 15:12:32+00:00
2,112,62,0.0,112,2025-09-29 15:12:33+00:00
0,116,62,0.0,116,2025-09-29 15:12:34+00:00
0,117,62,0.0,117,2025-09-29 15:12:35+00:00
0,118,62,0.0,118,2025-09-29 15:12:36+00:00
0,119,62,0.0,119,2025-09-29 15:12:37+00:00
0,120,62,0.0,120,2025-09-29 15:12:40+00:00
0,121,62,0.0,121,2025-09-29 15:12:43+00:00
0,122,62,0.0,122,2025-09-29 15:12:46+00:00
1,123,62,0.0,123,2025-09-29 15:12:48+00:00
1,124,62,0.0,124,2025-09-29 15:12:52+00:00
2,125,62,0.0,125,2025-09-29 15:12:54+00:00
1,124,62,0.0,124,2025-09-29 15:12:59+00:00
1,125,62,0.0,125,2025-09-29 15:13:00+00:00
1,124,62,0.0,124,2025-09-29 15:13:01+00:00
0,123,62,0.0,123,2025-09-29 15:13:03+00:00
0,121,62,0.0,121,2025-09-29 15:13:04+00:00
0,122,62,0.0,122,2025-09-29 15:13:06+00:00
0,121,62,0.0,121,2025-09-29 15:13:07+00:00
0,120,62,0.0,120,2025-09-29 15:13:10+00:00
0,119,62,0.0,119,2025-09-29 15:13:12+00:00
1,116,62,0.0,116,2025-09-29 15:13:14+00:00
0,115,62,0.0,115,2025-09-29 15:13:15+00:00
0,114,62,0.0,114,2025-09-29 15:13:16+00:00
1,113,62,0.0,113,2025-09-29 15:13:22+00:00
1,110,62,0.0,110,2025-09-29 15:13:23+00:00
2,107,62,0.0,107,2025-09-29 15:13:24+00:00
2,106,62,0.0,106,2025-09-29 15:13:25+00:00
2,105,62,0.0,105,2025-09-29 15:13:28+00:00
3,106,62,0.0,106,2025-09-29 15:13:32+00:00
1,105,62,0.0,105,2025-09-29 15:13:34+00:00
6,106,62,0.0,106,2025-09-29 15:13:37+00:00
3,107,62,0.0,107,2025-09-29 15:13:38+00:00
0,106,62,0.0,106,2025-09-29 15:13:42+00:00
0,107,62,0.0,107,2025-09-29 15:13:44+00:00
0,108,62,0.0,108,2025-09-29 15:13:53+00:00
0,107,62,0.0,107,2025-09-29 15:13:54+00:00
0,106,62,0.0,106,2025-09-29 15:13:56+00:00
0,107,62,0.0,107,2025-09-29 15:13:58+00:00
1,106,62,0.0,106,2025-09-29 15:14:09+00:00
0,107,62,0.0,107,2025-09-29 15:14:15+00:00
0,108,62,0.0,108,2025-09-29 15:14:16+00:00
0,109,62,0.0,109,2025-09-29 15:14:17+00:00
0,110,62,0.0,110,2025-09-29 15:14:18+00:00
0,109,62,0.0,109,2025-09-29 15:14:33+00:00
0,110,62,0.0,110,2025-09-29 15:14:34+00:00
0,109,62,0.0,109,2025-09-29 15:14:37+00:00
1,108,62,0.0,108,2025-09-29 15:14:39+00:00
1,109,62,0.0,109,2025-09-29 15:14:44+00:00
1,110,62,0.0,110,2025-09-29 15:14:46+00:00
0,111,62,0.0,111,2025-09-29 15:14:47+00:00
0,112,62,0.0,112,2025-09-29 15:14:48+00:00
0,111,62,0.0,111,2025-09-29 15:14:51+00:00
0,110,62,0.0,110,2025-09-29 15:14:52+00:00
0,109,62,0.0,109,2025-09-29 15:14:53+00:00
0,107,62,0.0,107,2025-09-29 15:14:54+00:00
0,106,62,0.0,106,2025-09-29 15:14:55+00:00
0,105,62,0.0,105,2025-09-29 15:14:57+00:00
0,106,62,0.0,106,2025-09-29 15:15:00+00:00
0,105,61,0.0,105,2025-09-29 15:15:03+00:00
0,104,61,0.0,104,2025-09-29 15:15:09+00:00
0,105,61,0.0,105,2025-09-29 15:15:17+00:00
1,104,61,0.0,104,2025-09-29 15:15:18+00:00
2,103,61,0.0,103,2025-09-29 15:15:19+00:00
2,104,61,0.0,104,2025-09-29 15:15:22+00:00
0,103,61,0.0,103,2025-09-29 15:15:27+00:00
1,104,61,0.0,104,2025-09-29 15:15:28+00:00
1,103,61,0.0,103,2025-09-29 15:15:32+00:00
1,102,61,0.0,102,2025-09-29 15:15:33+00:00
2,101,61,0.0,101,2025-09-29 15:15:34+00:00
1,102,61,0.0,102,2025-09-29 15:15:35+00:00
3,103,61,0.0,103,2025-09-29 15:15:36+00:00
14,101,61,0.0,101,2025-09-29 15:15:40+00:00
12,97,61,0.0,97,2025-09-29 15:15:41+00:00
13,95,61,0.0,95,2025-09-29 15:15:42+00:00
12,94,61,0.0,94,2025-09-29 15:15:43+00:00
11,93,61,0.0,93,2025-09-29 15:15:44+00:00
0,95,61,0.0,95,2025-09-29 15:15:45+00:00
0,96,61,0.0,96,2025-09-29 15:15:46+00:00
0,97,61,0.0,97,2025-09-29 15:15:48+00:00
0,98,61,0.0,98,2025-09-29 15:15:51+00:00
0,99,61,0.0,99,2025-09-29 15:15:58+00:00
1,100,61,0.0,100,2025-09-29 15:16:01+00:00
1,99,61,0.0,99,2025-09-29 15:16:05+00:00
0,100,61,0.0,100,2025-09-29 15:16:09+00:00
1,101,61,0.0,101,2025-09-29 15:16:11+00:00
0,104,61,0.0,104,2025-09-29 15:16:13+00:00
0,105,61,0.0,105,2025-09-29 15:16:14+00:00
0,104,61,0.0,104,2025-09-29 15:16:17+00:00
0,105,61,0.0,105,2025-09-29 15:16:19+00:00
0,106,61,0.0,106,2025-09-29 15:16:22+00:00
0,107,61,0.0,107,2025-09-29 15:16:24+00:00
0,106,61,0.0,106,2025-09-29 15:16:34+00:00
0,105,61,0.0,105,2025-09-29 15:16:35+00:00
0,104,61,0.0,104,2025-09-29 15:16:41+00:00
0,103,61,0.0,103,2025-09-29 15:16:42+00:00
6,102,61,0.0,102,2025-09-29 15:16:44+00:00
4,98,61,0.0,98,2025-09-29 15:16:45+00:00
4,97,61,0.0,97,2025-09-29 15:16:46+00:00
2,99,61,0.0,99,2025-09-29 15:16:50+00:00
3,102,61,0.0,102,2025-09-29 15:16:51+00:00
0,104,61,0.0,104,2025-09-29 15:16:52+00:00
0,105,61,0.0,105,2025-09-29 15:16:53+00:00
0,106,61,0.0,106,2025-09-29 15:16:56+00:00
0,107,61,0.0,107,2025-09-29 15:16:58+00:00
0,106,61,0.0,106,2025-09-29 15:17:00+00:00
1,105,61,0.0,105,2025-09-29 15:17:03+00:00
6,104,61,0.0,104,2025-09-29 15:17:04+00:00
13,105,61,0.0,105,2025-09-29 15:17:06+00:00
6,98,61,0.0,98,2025-09-29 15:17:07+00:00
5,96,61,0.0,96,2025-09-29 15:17:08+00:00
4,95,61,0.0,95,2025-09-29 15:17:10+00:00
4,94,61,0.0,94,2025-09-29 15:17:11+00:00
3,92,61,0.0,92,2025-09-29 15:17:12+00:00
3,91,61,0.0,91,2025-09-29 15:17:13+00:00
3,88,61,0.0,88,2025-09-29 15:17:16+00:00
3,87,61,0.0,87,2025-09-29 15:17:17+00:00
9,86,61,0.0,86,2025-09-29 15:17:18+00:00
20,88,61,0.0,88,2025-09-29 15:17:22+00:00
14,95,61,0.0,95,2025-09-29 15:17:23+00:00
6,100,61,0.0,100,2025-09-29 15:17:24+00:00
3,102,61,0.0,102,2025-09-29 15:17:25+00:00
4,103,61,0.0,103,2025-09-29 15:17:27+00:00
2,102,61,0.0,102,2025-09-29 15:17:29+00:00
1,101,61,0.0,101,2025-09-29 15:17:30+00:00
1,100,61,0.0,100,2025-09-29 15:17:31+00:00
1,99,61,0.0,99,2025-09-29 15:17:32+00:00
1,98,61,0.0,98,2025-09-29 15:17:33+00:00
1,97,61,0.0,97,2025-09-29 15:17:35+00:00
0,98,61,0.0,98,2025-09-29 15:17:38+00:00
0,97,61,0.0,97,2025-09-29 15:17:39+00:00
0,96,61,0.0,96,2025-09-29 15:17:41+00:00
0,97,61,0.0,97,2025-09-29 15:17:45+00:00
0,96,61,0.0,96,2025-09-29 15:17:46+00:00
1,98,61,0.0,98,2025-09-29 15:17:55+00:00
0,100,61,0.0,100,2025-09-29 15:17:56+00:00
0,102,61,0.0,102,2025-09-29 15:17:57+00:00
1,101,61,0.0,101,2025-09-29 15:18:03+00:00
0,100,61,0.0,100,2025-09-29 15:18:04+00:00
0,101,61,0.0,101,2025-09-29 15:18:06+00:00
0,100,61,0.0,100,2025-09-29 15:18:09+00:00
0,98,61,0.0,98,2025-09-29 15:18:11+00:00
0,97,61,0.0,97,2025-09-29 15:18:12+00:00
0,98,61,0.0,98,2025-09-29 15:18:15+00:00
0,99,61,0.0,99,2025-09-29 15:18:18+00:00
0,100,61,0.0,100,2025-09-29 15:18:19+00:00
0,99,61,0.0,99,2025-09-29 15:18:21+00:00
0,99,61,0.0,99,2025-09-29 15:18:24+00:00
0,100,61,0.0,100,2025-09-29 15:18:25+00:00
0,101,61,0.0,101,2025-09-29 15:18:27+00:00
0,100,61,0.0,100,2025-09-29 15:18:31+00:00
0,99,61,0.0,99,2025-09-29 15:18:33+00:00
3,97,61,0.0,97,2025-09-29 15:18:36+00:00
15,98,61,0.0,98,2025-09-29 15:18:38+00:00
12,108,61,0.0,108,2025-09-29 15:18:39+00:00
1,117,61,0.0,117,2025-09-29 15:18:40+00:00
1,117,61,0.0,117,2025-09-29 15:18:41+00:00
1,116,61,0.0,116,2025-09-29 15:18:51+00:00
0,117,61,0.0,117,2025-09-29 15:18:52+00:00
1,116,61,0.0,116,2025-09-29 15:18:53+00:00
1,115,61,0.0,115,2025-09-29 15:18:55+00:00
0,113,61,0.0,113,2025-09-29 15:18:56+00:00
0,112,61,0.0,112,2025-09-29 15:18:57+00:00
1,111,61,0.0,111,2025-09-29 15:19:00+00:00
1,110,61,0.0,110,2025-09-29 15:19:03+00:00
1,111,61,0.0,111,2025-09-29 15:19:11+00:00
1,110,61,0.0,110,2025-09-29 15:19:15+00:00
3,104,61,0.0,104,2025-09-29 15:19:16+00:00
2,103,61,0.0,103,2025-09-29 15:19:17+00:00
3,102,61,0.0,102,2025-09-29 15:19:18+00:00
1,103,61,0.0,103,2025-09-29 15:19:21+00:00
1,102,61,0.0,102,2025-09-29 15:19:23+00:00
2,101,61,0.0,101,2025-09-29 15:19:28+00:00
0,102,61,0.0,102,2025-09-29 15:19:31+00:00
0,101,61,0.0,101,2025-09-29 15:19:32+00:00
4,100,61,0.0,100,2025-09-29 15:19:33+00:00
6,98,61,0.0,98,2025-09-29 15:19:34+00:00
8,99,61,0.0,99,2025-09-29 15:19:35+00:00
2,102,61,0.0,102,2025-09-29 15:19:36+00:00
1,96,61,0.0,96,2025-09-29 15:19:38+00:00
1,96,61,0.0,96,2025-09-29 15:19:39+00:00
0,97,61,0.0,97,2025-09-29 15:19:40+00:00
1,96,61,0.0,96,2025-09-29 15:19:45+00:00
3,95,61,0.0,95,2025-09-29 15:19:46+00:00
0,93,61,0.0,93,2025-09-29 15:19:47+00:00
6,94,61,0.0,94,2025-09-29 15:19:48+00:00
6,98,61,0.0,98,2025-09-29 15:19:52+00:00
2,100,61,0.0,100,2025-09-29 15:19:53+00:00
2,102,61,0.0,102,2025-09-29 15:19:54+00:00
2,104,61,0.0,104,2025-09-29 15:19:55+00:00
3,105,61,0.0,105,2025-09-29 15:19:56+00:00
3,106,61,0.0,106,2025-09-29 15:19:57+00:00
2,107,61,0.0,107,2025-09-29 15:19:58+00:00
22,108,61,0.0,108,2025-09-29 15:20:06+00:00
22,107,61,0.0,107,2025-09-29 15:20:07+00:00
10,104,61,0.0,104,2025-09-29 15:20:08+00:00
10,103,61,0.0,103,2025-09-29 15:20:09+00:00
9,102,61,0.0,102,2025-09-29 15:20:10+00:00
8,103,61,0.0,103,2025-09-29 15:20:12+00:00
7,104,61,0.0,104,2025-09-29 15:20:13+00:00
4,106,61,0.0,106,2025-09-29 15:20:16+00:00
3,105,61,0.0,105,2025-09-29 15:20:18+00:00
9,106,61,0.0,106,2025-09-29 15:20:21+00:00
8,107,61,0.0,107,2025-09-29 15:20:23+00:00
8,108,61,0.0,108,2025-09-29 15:20:27+00:00
5,109,61,0.0,109,2025-09-29 15:20:29+00:00
1,108,61,0.0,108,2025-09-29 15:20:33+00:00
2,107,61,0.0,107,2025-09-29 15:20:34+00:00
2,106,61,0.0,106,2025-09-29 15:20:35+00:00
2,105,61,0.0,105,2025-09-29 15:20:36+00:00
1,104,61,0.0,104,2025-09-29 15:20:38+00:00
1,105,61,0.0,105,2025-09-29 15:20:40+00:00
1,106,61,0.0,106,2025-09-29 15:20:44+00:00
1,105,61,0.0,105,2025-09-29 15:20:45+00:00
1,106,61,0.0,106,2025-09-29 15:20:48+00:00
1,107,61,0.0,107,2025-09-29 15:20:50+00:00
1,108,61,0.0,108,2025-09-29 15:20:54+00:00
1,107,61,0.0,107,2025-09-29 15:20:55+00:00
1,108,61,0.0,108,2025-09-29 15:20:56+00:00
1,107,61,0.0,107,2025-09-29 15:20:57+00:00
0,106,61,0.0,106,2025-09-29 15:21:00+00:00
0,107,61,0.0,107,2025-09-29 15:21:01+00:00
1,108,61,0.0,108,2025-09-29 15:21:03+00:00
1,113,61,0.0,113,2025-09-29 15:21:06+00:00
1,113,61,0.0,113,2025-09-29 15:21:07+00:00
2,114,61,0.0,114,2025-09-29 15:21:12+00:00
7,111,61,0.0,111,2025-09-29 15:21:16+00:00
5,112,61,0.0,112,2025-09-29 15:21:17+00:00
0,107,61,0.0,107,2025-09-29 15:21:18+00:00
0,105,61,0.0,105,2025-09-29 15:21:19+00:00
1,103,61,0.0,103,2025-09-29 15:21:20+00:00
0,100,61,0.0,100,2025-09-29 15:21:21+00:00
0,98,61,0.0,98,2025-09-29 15:21:22+00:00
0,95,61,0.0,95,2025-09-29 15:21:23+00:00
0,95,61,0.0,95,2025-09-29 15:21:24+00:00
8,97,61,0.0,97,2025-09-29 15:21:27+00:00
28,98,61,0.0,98,2025-09-29 15:21:29+00:00
28,98,61,0.0,98,2025-09-29 15:21:32+00:00
22,99,61,0.0,99,2025-09-29 15:21:33+00:00
16,97,61,0.0,97,2025-09-29 15:21:34+00:00
6,95,61,0.0,95,2025-09-29 15:21:35+00:00
2,94,61,0.0,94,2025-09-29 15:21:36+00:00
3,93,61,0.0,93,2025-09-29 15:21:37+00:00
3,93,61,0.0,93,2025-09-29 15:21:39+00:00
