107,135,136,143,cadence,cycle_length16,distance,enhanced_altitude,enhanced_speed,fractional_cadence,heart_rate,position_lat,position_long,timestamp
0,66,88,60,0,0.0,3.98,88.79999999999995,0.0,0.0,88,543622422,222665736,2025-08-09 17:09:57+00:00
1,55,87,60,0,0.0,5.54,90.0,0.0,0.0,87,543622577,222665878,2025-08-09 17:09:58+00:00
1,49,86,60,0,0.0,11.25,89.39999999999998,3.247,0.0,86,543623104,222666417,2025-08-09 17:10:00+00:00
1,19,84,60,83,0.0,17.78,89.39999999999998,3.163,0.0,84,543623643,222666929,2025-08-09 17:10:03+00:00
1,19,87,60,83,,25.05,88.60000000000002,3.07,0.5,87,543624236,222667558,2025-08-09 17:10:05+00:00
1,19,90,60,84,,27.68,88.60000000000002,3.126,0.5,90,543624485,222667836,2025-08-09 17:10:06+00:00
1,20,93,60,84,0.0,30.27,88.60000000000002,2.874,0.5,93,543624682,222668098,2025-08-09 17:10:07+00:00
1,20,98,60,85,0.0,35.33,88.20000000000005,2.753,0.5,98,543625110,222668644,2025-08-09 17:10:09+00:00
1,19,102,60,84,0.0,40.81,88.0,2.613,0.0,102,543625591,222669115,2025-08-09 17:10:11+00:00
1,16,106,60,84,0.0,46.56,88.0,2.678,0.5,106,543626071,222669610,2025-08-09 17:10:13+00:00
1,13,110,60,84,0.0,52.26,88.0,2.781,0.5,110,543626536,222670120,2025-08-09 17:10:15+00:00
1,9,114,60,84,0.0,57.23,88.39999999999998,2.799,0.0,114,543626915,222670686,2025-08-09 17:10:17+00:00
1,5,116,60,85,0.0,62.78,88.39999999999998,2.762,0.0,116,543627270,222671379,2025-08-09 17:10:19+00:00
1,2,118,60,84,0.0,76.96,88.60000000000002,2.771,0.0,118,543628368,222672831,2025-08-09 17:10:24+00:00
1,2,121,60,87,,87.69,88.79999999999995,2.706,0.0,121,543629267,222673972,2025-08-09 17:10:28+00:00
1,1,123,60,86,,98.62,89.0,2.734,0.0,123,543630196,222674996,2025-08-09 17:10:32+00:00
1,2,125,60,87,0.0,109.6,89.20000000000005,2.715,0.0,125,543631145,222676019,2025-08-09 17:10:36+00:00
1,1,126,60,88,0.0,120.91,90.0,2.743,0.0,126,543631959,222677163,2025-08-09 17:10:40+00:00
1,4,128,60,89,,128.51,90.39999999999998,2.743,0.0,128,543632401,222678172,2025-08-09 17:10:43+00:00
1,4,131,60,83,,134.06,90.60000000000002,2.715,0.5,131,543632895,222678683,2025-08-09 17:10:45+00:00
1,5,132,60,84,,139.79,90.79999999999995,2.725,0.0,132,543633441,222679107,2025-08-09 17:10:47+00:00
1,6,135,60,84,655.34,148.7,90.79999999999995,2.753,0.5,135,543634216,222679953,2025-08-09 17:10:50+00:00
1,5,136,60,84,0.01,151.72,91.20000000000005,2.753,0.5,136,543634431,222680377,2025-08-09 17:10:51+00:00
1,3,139,60,84,0.01,157.54,91.39999999999998,2.771,0.0,139,543634853,222681059,2025-08-09 17:10:53+00:00
1,3,139,60,86,0.01,160.14,91.39999999999998,2.781,0.0,139,543634902,222681420,2025-08-09 17:10:54+00:00
1,4,140,60,86,0.01,163.52,91.20000000000005,2.781,0.0,140,543634848,222681957,2025-08-09 17:10:55+00:00
1,4,140,60,86,0.0,172.06,92.0,2.827,0.0,140,543634495,222683142,2025-08-09 17:10:58+00:00
1,4,140,60,88,0.0,183.69,92.60000000000002,2.827,0.0,140,543633857,222684732,2025-08-09 17:11:02+00:00
1,2,140,60,86,0.0,195.66,91.79999999999995,2.865,0.0,140,543633445,222686356,2025-08-09 17:11:06+00:00
1,2,141,60,85,0.0,204.42,91.79999999999995,2.874,0.5,141,543632982,222687575,2025-08-09 17:11:09+00:00
1,1,144,60,85,26.96,214.52,91.79999999999995,2.855,0.0,144,543632640,222688990,2025-08-09 17:11:13+00:00
1,3,146,60,86,32.25,223.19,91.79999999999995,2.827,0.0,146,543632319,222690315,2025-08-09 17:11:16+00:00
1,7,147,60,86,28.95,238.0,92.0,2.837,0.0,147,543631714,222692391,2025-08-09 17:11:21+00:00
1,7,147,60,86,31.76,246.28,91.60000000000002,2.837,0.0,147,543631487,222693578,2025-08-09 17:11:24+00:00
1,4,146,60,85,31.84,257.15,91.79999999999995,2.837,0.0,146,543631098,222695171,2025-08-09 17:11:28+00:00
1,4,146,60,88,30.8,268.76,91.20000000000005,2.827,0.0,146,543630703,222696837,2025-08-09 17:11:32+00:00
1,5,147,60,87,30.58,284.02,91.39999999999998,2.846,0.0,147,543629980,222698960,2025-08-09 17:11:37+00:00
1,9,148,60,87,30.16,292.54,91.0,2.874,0.0,148,543629693,222700133,2025-08-09 17:11:40+00:00
1,9,148,60,86,31.94,303.98,90.79999999999995,2.865,0.0,148,543629221,222701764,2025-08-09 17:11:44+00:00
1,9,148,60,86,34.79,312.24,90.39999999999998,2.874,0.0,148,543628935,222702907,2025-08-09 17:11:47+00:00
1,7,148,60,87,17.51,325.89,90.39999999999998,2.855,0.0,148,543628476,222704853,2025-08-09 17:11:52+00:00
1,7,148,60,86,19.24,335.22,89.79999999999995,2.855,0.0,148,543628163,222706232,2025-08-09 17:11:55+00:00
1,7,148,60,86,16.83,346.88,90.39999999999998,2.865,0.0,148,543627879,222707941,2025-08-09 17:11:59+00:00
1,7,149,59,86,0.0,357.26,90.60000000000002,2.865,0.5,149,543627547,222709466,2025-08-09 17:12:03+00:00
1,5,148,59,86,20.98,370.72,92.0,2.837,0.0,148,543626914,222711306,2025-08-09 17:12:08+00:00
1,6,149,59,86,22.19,380.09,91.79999999999995,2.837,0.5,149,543626490,222712638,2025-08-09 17:12:11+00:00
1,2,150,59,85,17.03,392.2,91.60000000000002,2.855,0.5,150,543626025,222714309,2025-08-09 17:12:15+00:00
1,2,150,59,86,16.46,401.33,91.39999999999998,2.874,0.0,150,543625639,222715648,2025-08-09 17:12:18+00:00
1,1,151,59,88,15.67,410.38,91.20000000000005,2.883,0.0,151,543625401,222716943,2025-08-09 17:12:21+00:00
1,1,151,59,87,16.65,422.27,91.60000000000002,2.902,0.0,151,543625006,222718695,2025-08-09 17:12:25+00:00
1,1,151,59,88,18.92,430.24,91.20000000000005,2.902,0.0,151,543624763,222719788,2025-08-09 17:12:28+00:00
1,1,151,59,86,0.0,442.02,90.60000000000002,2.883,0.0,151,543624198,222721464,2025-08-09 17:12:32+00:00
1,2,151,59,88,19.4,450.52,90.39999999999998,2.902,0.0,151,543623850,222722577,2025-08-09 17:12:35+00:00
1,2,151,59,87,0.0,458.69,90.0,2.893,0.0,151,543623586,222723797,2025-08-09 17:12:38+00:00
1,2,151,59,87,12.61,473.18,90.60000000000002,2.874,0.0,151,543623049,222725900,2025-08-09 17:12:43+00:00
1,1,150,59,86,0.0,481.31,90.39999999999998,2.874,0.0,150,543623094,222727099,2025-08-09 17:12:46+00:00
1,1,151,59,87,12.61,490.43,90.20000000000005,2.883,0.0,151,543623051,222728504,2025-08-09 17:12:49+00:00
1,1,150,59,86,0.0,502.46,90.79999999999995,2.883,0.0,150,543622871,222730289,2025-08-09 17:12:53+00:00
1,1,150,59,87,0.0,511.21,90.60000000000002,2.902,0.0,150,543622902,222731659,2025-08-09 17:12:56+00:00
1,1,149,59,86,11.74,526.54,91.0,2.902,0.0,149,543622521,222733958,2025-08-09 17:13:01+00:00
1,1,150,59,87,0.0,534.97,90.79999999999995,2.911,0.0,150,543622413,222735168,2025-08-09 17:13:04+00:00
1,1,150,59,86,0.0,546.44,90.20000000000005,2.921,0.5,150,543622107,222736918,2025-08-09 17:13:08+00:00
1,1,150,59,88,0.0,557.65,90.39999999999998,2.921,0.0,150,543621981,222738562,2025-08-09 17:13:12+00:00
1,1,150,59,86,0.0,569.34,89.79999999999995,2.902,0.0,150,543621869,222740363,2025-08-09 17:13:16+00:00
1,1,151,59,87,0.0,577.93,89.39999999999998,2.911,0.0,151,543621485,222741526,2025-08-09 17:13:19+00:00
1,1,151,59,87,0.0,580.71,89.39999999999998,2.902,0.0,151,543621191,222741712,2025-08-09 17:13:20+00:00
1,1,151,59,87,17.7,583.78,89.39999999999998,2.902,0.0,151,543620801,222741775,2025-08-09 17:13:21+00:00
1,1,151,59,86,0.0,589.17,88.79999999999995,2.902,0.0,151,543620292,222742232,2025-08-09 17:13:23+00:00
1,1,151,59,87,0.0,600.26,89.39999999999998,2.902,0.0,151,543619625,222743551,2025-08-09 17:13:27+00:00
1,1,152,59,87,0.0,611.88,90.0,2.883,0.0,152,543618961,222745086,2025-08-09 17:13:31+00:00
1,1,152,59,87,0.0,624.29,90.20000000000005,2.902,0.0,152,543618285,222746772,2025-08-09 17:13:35+00:00
1,1,153,59,86,17.19,632.42,90.39999999999998,2.902,0.0,153,543617875,222747749,2025-08-09 17:13:38+00:00
1,1,152,59,86,0.0,640.68,90.0,2.893,0.0,152,543617573,222748979,2025-08-09 17:13:41+00:00
1,1,152,59,87,0.0,655.37,89.39999999999998,2.883,0.0,152,543616787,222750948,2025-08-09 17:13:46+00:00
1,1,152,59,87,0.0,664.08,88.79999999999995,2.893,0.0,152,543616444,222752146,2025-08-09 17:13:49+00:00
1,1,153,59,88,655.14,679.06,89.0,2.893,0.0,153,543615810,222754235,2025-08-09 17:13:54+00:00
1,1,154,59,86,0.0,691.13,89.20000000000005,2.911,0.5,154,543615268,222755874,2025-08-09 17:13:58+00:00
1,1,154,59,87,655.14,702.05,89.0,2.911,0.0,154,543614862,222757459,2025-08-09 17:14:02+00:00
1,1,155,59,86,0.0,712.96,89.60000000000002,2.893,0.0,155,543614385,222759006,2025-08-09 17:14:06+00:00
1,1,155,59,87,0.0,721.29,89.20000000000005,2.883,0.0,155,543613989,222760106,2025-08-09 17:14:09+00:00
1,1,154,59,87,23.84,735.89,89.39999999999998,2.874,0.5,154,543613352,222762117,2025-08-09 17:14:14+00:00
1,1,155,59,87,0.0,744.37,89.20000000000005,2.883,0.0,155,543612930,222763323,2025-08-09 17:14:17+00:00
1,1,154,59,86,0.0,752.65,88.79999999999995,2.874,0.5,154,543612729,222764517,2025-08-09 17:14:20+00:00
1,1,155,59,86,0.0,765.03,88.60000000000002,2.874,0.5,155,543612143,222766283,2025-08-09 17:14:24+00:00
1,1,155,59,87,0.0,777.67,89.39999999999998,2.902,0.0,155,543611577,222768008,2025-08-09 17:14:28+00:00
1,2,156,59,88,0.0,786.66,88.79999999999995,2.911,0.0,156,543611191,222769192,2025-08-09 17:14:31+00:00
1,1,157,59,88,0.0,800.72,89.39999999999998,2.911,0.0,157,543610636,222771184,2025-08-09 17:14:36+00:00
1,1,157,59,88,0.0,812.54,89.39999999999998,2.921,0.0,157,543610185,222772875,2025-08-09 17:14:40+00:00
1,2,156,59,87,0.0,823.99,88.79999999999995,2.921,0.0,156,543609666,222774536,2025-08-09 17:14:44+00:00
1,1,155,59,86,0.0,832.95,89.39999999999998,2.921,0.0,155,543609359,222775752,2025-08-09 17:14:47+00:00
1,1,156,59,87,0.0,844.19,89.0,2.921,0.0,156,543608991,222777444,2025-08-09 17:14:51+00:00
1,1,156,59,86,0.0,858.72,89.0,2.921,0.5,156,543608337,222779408,2025-08-09 17:14:56+00:00
1,1,156,59,88,0.0,870.49,88.60000000000002,2.911,0.0,156,543607869,222781119,2025-08-09 17:15:00+00:00
1,2,157,58,86,0.0,882.09,89.39999999999998,2.911,0.0,157,543607387,222782744,2025-08-09 17:15:04+00:00
1,1,157,58,86,0.0,897.05,89.20000000000005,2.911,0.0,157,543606713,222784811,2025-08-09 17:15:09+00:00
1,1,157,58,88,0.0,914.31,89.39999999999998,2.921,0.0,157,543606068,222787301,2025-08-09 17:15:15+00:00
1,2,157,58,87,0.0,925.67,89.79999999999995,2.93,0.5,157,543605669,222788925,2025-08-09 17:15:19+00:00
1,2,157,58,88,0.0,937.83,89.39999999999998,2.921,0.0,157,543605255,222790669,2025-08-09 17:15:23+00:00
1,1,157,58,89,0.0,952.61,90.20000000000005,2.921,0.0,157,543604618,222792758,2025-08-09 17:15:28+00:00
1,1,156,58,86,0.0,964.08,90.20000000000005,2.939,0.5,156,543604178,222794366,2025-08-09 17:15:32+00:00
1,1,157,58,87,0.0,975.43,89.20000000000005,2.921,0.0,157,543603776,222795979,2025-08-09 17:15:36+00:00
1,1,158,58,86,0.0,986.35,90.20000000000005,2.902,0.5,158,543603334,222797509,2025-08-09 17:15:40+00:00
1,1,158,58,88,0.0,996.21,90.39999999999998,2.902,0.0,158,543602904,222798928,2025-08-09 17:15:43+00:00
1,1,158,58,88,0.0,1004.91,90.20000000000005,2.921,0.0,158,543602723,222800197,2025-08-09 17:15:46+00:00
1,1,158,58,87,0.0,1017.97,90.79999999999995,2.911,0.0,158,543602200,222802004,2025-08-09 17:15:51+00:00
1,1,158,58,87,0.0,1029.1,90.20000000000005,2.883,0.0,158,543601734,222803614,2025-08-09 17:15:55+00:00
1,1,158,58,87,19.54,1043.51,90.0,2.865,0.0,158,543601344,222805715,2025-08-09 17:16:00+00:00
1,1,157,58,88,19.67,1054.95,89.79999999999995,2.855,0.0,157,543600988,222807434,2025-08-09 17:16:04+00:00
1,1,157,58,86,20.72,1070.58,89.79999999999995,2.883,0.5,157,543600517,222809673,2025-08-09 17:16:09+00:00
1,1,159,58,87,20.12,1081.89,89.20000000000005,2.883,0.0,159,543600269,222811441,2025-08-09 17:16:13+00:00
1,1,158,58,85,19.99,1094.18,89.39999999999998,2.893,0.0,158,543599590,222813035,2025-08-09 17:16:17+00:00
1,1,158,58,86,19.53,1105.64,89.20000000000005,2.893,0.0,158,543599170,222814635,2025-08-09 17:16:21+00:00
1,1,158,58,87,18.48,1117.54,89.20000000000005,2.902,0.0,158,543598729,222816313,2025-08-09 17:16:25+00:00
1,1,158,58,86,653.57,1129.34,89.20000000000005,2.902,0.5,158,543598292,222817929,2025-08-09 17:16:29+00:00
1,1,158,58,87,0.0,1145.65,89.0,2.902,0.0,158,543597645,222820352,2025-08-09 17:16:35+00:00
1,1,160,58,89,0.1,1162.56,88.60000000000002,2.874,0.0,160,543596993,222822761,2025-08-09 17:16:41+00:00
1,0,162,58,89,0.0,1180.07,88.60000000000002,2.874,0.5,162,543596460,222825305,2025-08-09 17:16:47+00:00
1,1,164,58,86,0.0,1191.61,88.79999999999995,2.874,0.5,164,543596193,222827007,2025-08-09 17:16:51+00:00
1,1,164,58,86,0.0,1203.31,88.79999999999995,2.893,0.0,164,543596139,222828820,2025-08-09 17:16:55+00:00
1,0,162,58,84,0.0,1213.28,89.0,2.846,0.0,162,543596087,222830395,2025-08-09 17:16:59+00:00
1,0,162,58,84,0.0,1215.73,89.0,2.827,0.0,162,543595871,222830703,2025-08-09 17:17:00+00:00
1,1,161,58,84,0.0,1222.23,89.0,2.809,0.5,161,543595097,222830774,2025-08-09 17:17:02+00:00
1,2,159,58,85,0.0,1235.82,88.79999999999995,2.874,0.0,159,543593723,222830358,2025-08-09 17:17:06+00:00
1,1,158,58,86,0.0,1248.35,88.39999999999998,2.939,0.0,158,543592477,222829953,2025-08-09 17:17:10+00:00
1,1,158,58,86,0.0,1258.04,88.20000000000005,2.958,0.0,158,543591460,222829393,2025-08-09 17:17:13+00:00
1,1,158,58,87,0.0,1266.15,88.0,2.986,0.0,158,543590590,222829167,2025-08-09 17:17:16+00:00
1,1,158,58,85,0.0,1280.52,87.39999999999998,3.014,0.0,158,543589102,222828854,2025-08-09 17:17:20+00:00
1,1,158,58,87,0.0,1291.07,86.79999999999995,3.042,0.0,158,543588033,222828841,2025-08-09 17:17:24+00:00
1,1,158,58,86,0.0,1299.7,87.20000000000005,3.014,0.5,158,543587084,222828752,2025-08-09 17:17:27+00:00
1,1,158,58,86,0.0,1307.35,87.39999999999998,2.986,0.0,158,543586350,222829402,2025-08-09 17:17:30+00:00
1,0,161,58,86,0.0,1317.17,87.39999999999998,2.948,0.0,161,543585996,222830792,2025-08-09 17:17:34+00:00
1,0,160,58,88,0.0,1326.84,87.0,2.827,0.0,160,543585834,222832297,2025-08-09 17:17:38+00:00
1,0,161,58,86,0.0,1340.92,87.79999999999995,2.781,0.0,161,543585523,222834420,2025-08-09 17:17:43+00:00
1,0,161,58,87,0.0,1351.93,88.20000000000005,2.706,0.0,161,543585205,222836001,2025-08-09 17:17:47+00:00
1,0,161,58,88,0.0,1363.78,88.20000000000005,2.781,0.5,161,543584923,222837782,2025-08-09 17:17:51+00:00
1,1,160,58,89,0.0,1374.6,89.0,2.771,0.0,160,543584558,222839341,2025-08-09 17:17:55+00:00
1,1,160,58,87,0.0,1387.12,89.60000000000002,2.911,0.0,160,543584094,222841136,2025-08-09 17:17:59+00:00
1,1,160,58,86,0.0,1401.44,89.60000000000002,2.883,0.0,160,543583800,222843278,2025-08-09 17:18:04+00:00
1,1,159,58,87,0.0,1412.63,89.60000000000002,2.865,0.0,159,543583647,222844971,2025-08-09 17:18:08+00:00
1,1,160,58,86,0.0,1423.47,89.79999999999995,2.827,0.0,160,543583402,222846681,2025-08-09 17:18:12+00:00
1,1,160,58,86,0.0,1426.46,89.79999999999995,2.827,0.0,160,543583366,222847108,2025-08-09 17:18:13+00:00
1,1,160,58,86,0.0,1433.36,89.39999999999998,2.827,0.0,160,543583270,222848063,2025-08-09 17:18:15+00:00
1,1,160,58,87,0.0,1439.78,89.0,2.865,0.0,160,543583209,222849023,2025-08-09 17:18:17+00:00
1,1,160,58,87,0.0,1450.71,88.79999999999995,2.893,0.0,160,543582901,222850700,2025-08-09 17:18:21+00:00
1,1,160,58,87,0.0,1458.38,89.20000000000005,2.865,0.0,160,543582762,222851789,2025-08-09 17:18:24+00:00
1,1,159,58,87,0.0,1470.49,88.79999999999995,2.846,0.0,159,543582348,222853606,2025-08-09 17:18:28+00:00
1,1,160,58,87,0.0,1481.71,88.79999999999995,2.865,0.0,160,543582159,222855295,2025-08-09 17:18:32+00:00
1,1,160,58,87,0.0,1490.42,88.79999999999995,2.855,0.0,160,543582062,222856569,2025-08-09 17:18:35+00:00
1,1,160,58,88,0.0,1502.68,89.0,2.874,0.0,160,543581828,222858400,2025-08-09 17:18:39+00:00
1,1,161,58,87,0.0,1513.59,89.39999999999998,2.865,0.0,161,543581598,222860044,2025-08-09 17:18:43+00:00
1,1,162,58,86,0.0,1525.58,89.20000000000005,2.874,0.0,162,543581416,222861850,2025-08-09 17:18:47+00:00
1,1,161,58,87,0.0,1537.87,89.20000000000005,2.883,0.0,161,543581166,222863597,2025-08-09 17:18:51+00:00
1,1,162,58,86,0.0,1546.31,88.79999999999995,2.893,0.0,162,543581022,222864957,2025-08-09 17:18:54+00:00
1,1,162,58,87,0.0,1557.91,89.0,2.893,0.0,162,543580734,222866635,2025-08-09 17:18:58+00:00
1,1,161,58,87,0.0,1569.59,89.0,2.893,0.0,161,543580430,222868373,2025-08-09 17:19:02+00:00
1,1,161,58,88,0.0,1581.61,88.0,2.902,0.0,161,543580268,222870197,2025-08-09 17:19:06+00:00
1,1,161,58,87,0.0,1593.41,88.39999999999998,2.902,0.5,161,543580092,222871991,2025-08-09 17:19:10+00:00
1,1,161,58,88,0.0,1600.81,88.39999999999998,2.902,0.5,161,543580158,222873090,2025-08-09 17:19:13+00:00
1,1,161,58,86,0.0,1612.26,88.39999999999998,2.883,0.0,161,543579993,222874883,2025-08-09 17:19:17+00:00
1,1,161,58,87,0.0,1621.08,89.0,2.855,0.0,161,543579990,222876143,2025-08-09 17:19:20+00:00
1,1,161,58,86,0.0,1629.74,88.79999999999995,2.865,0.0,161,543579963,222877503,2025-08-09 17:19:23+00:00
1,1,161,58,86,0.0,1640.88,89.0,2.855,0.0,161,543579881,222879140,2025-08-09 17:19:27+00:00
1,1,161,58,86,0.0,1649.81,88.60000000000002,2.855,0.0,161,543579761,222880559,2025-08-09 17:19:30+00:00
1,1,161,58,87,0.0,1660.89,88.39999999999998,2.865,0.0,161,543579253,222882000,2025-08-09 17:19:34+00:00
1,1,161,58,88,0.0,1668.52,88.39999999999998,2.846,0.0,161,543579070,222883196,2025-08-09 17:19:37+00:00
1,1,161,58,87,0.0,1675.68,88.20000000000005,2.818,0.0,161,543579038,222884199,2025-08-09 17:19:40+00:00
1,1,161,58,85,0.0,1685.8,88.79999999999995,2.781,0.5,161,543578783,222885807,2025-08-09 17:19:44+00:00
1,1,162,58,86,0.0,1698.13,89.0,2.781,0.0,162,543578709,222887651,2025-08-09 17:19:48+00:00
1,1,162,58,85,0.0,1709.51,88.60000000000002,2.79,0.5,162,543578487,222889347,2025-08-09 17:19:52+00:00
1,1,162,58,86,0.0,1712.07,88.39999999999998,2.79,0.0,162,543578276,222889613,2025-08-09 17:19:53+00:00
1,1,163,58,84,0.0,1721.04,88.79999999999995,2.781,0.5,163,543577662,222890695,2025-08-09 17:19:56+00:00
1,1,163,58,84,0.0,1730.79,89.0,2.771,0.0,163,543577605,222892161,2025-08-09 17:20:00+00:00
1,1,163,58,85,0.0,1741.61,89.20000000000005,2.734,0.0,163,543577627,222893825,2025-08-09 17:20:04+00:00
1,1,163,58,86,0.0,1753.31,89.0,2.734,0.0,163,543577745,222895566,2025-08-09 17:20:08+00:00
1,1,163,58,87,0.0,1766.89,88.79999999999995,2.734,0.0,163,543577789,222897663,2025-08-09 17:20:13+00:00
1,1,163,58,87,0.0,1775.81,88.79999999999995,2.743,0.5,163,543577815,222899085,2025-08-09 17:20:16+00:00
1,1,163,58,86,6.37,1787.43,88.20000000000005,2.762,0.5,163,543577867,222900788,2025-08-09 17:20:20+00:00
1,1,164,58,87,0.0,1798.6,88.60000000000002,2.762,0.0,164,543578017,222902459,2025-08-09 17:20:24+00:00
1,1,164,58,87,0.0,1807.29,88.39999999999998,2.771,0.0,164,543578075,222903825,2025-08-09 17:20:27+00:00
1,1,165,58,87,7.74,1821.58,87.79999999999995,2.781,0.0,165,543578143,222906024,2025-08-09 17:20:32+00:00
1,1,164,58,86,6.85,1835.88,87.20000000000005,2.79,0.0,164,543578265,222908201,2025-08-09 17:20:37+00:00
1,1,165,58,86,7.74,1850.69,87.39999999999998,2.799,0.0,165,543578539,222910440,2025-08-09 17:20:42+00:00
1,1,165,58,88,0.0,1862.86,88.0,2.818,0.5,165,543578793,222912302,2025-08-09 17:20:46+00:00
1,1,164,58,0,0.0,1863.99,88.60000000000002,0.0,0.0,164,543579052,222913142,2025-08-09 17:20:59+00:00
1,1,164,57,0,10.13,1873.04,89.0,2.697,0.0,164,543579270,222914545,2025-08-09 17:21:02+00:00
1,3,164,57,86,6.37,1887.76,89.60000000000002,2.93,0.5,164,543579555,222916711,2025-08-09 17:21:07+00:00
1,6,165,57,85,4.42,1899.49,89.79999999999995,2.911,0.0,165,543579796,222918472,2025-08-09 17:21:11+00:00
1,7,162,57,87,5.31,1911.89,89.60000000000002,2.921,0.0,162,543579997,222920341,2025-08-09 17:21:15+00:00
1,6,161,57,87,3.45,1914.97,89.60000000000002,2.939,0.0,161,543580024,222920870,2025-08-09 17:21:16+00:00
1,3,159,57,86,8.93,1924.15,89.79999999999995,3.023,0.0,159,543580253,222922114,2025-08-09 17:21:19+00:00
1,3,158,57,87,12.01,1934.84,89.39999999999998,2.986,0.0,158,543580490,222923768,2025-08-09 17:21:23+00:00
1,2,158,57,88,13.76,1950.7,90.20000000000005,3.014,0.0,158,543580869,222926068,2025-08-09 17:21:28+00:00
1,2,158,57,88,15.15,1959.55,91.20000000000005,3.032,0.0,158,543580985,222927486,2025-08-09 17:21:31+00:00
1,1,159,57,87,17.0,1968.12,91.20000000000005,2.995,0.0,159,543581105,222928743,2025-08-09 17:21:34+00:00
1,2,160,57,87,9.64,1983.51,91.60000000000002,2.995,0.0,160,543581282,222931053,2025-08-09 17:21:39+00:00
1,1,161,57,89,5.59,1992.79,91.79999999999995,3.004,0.5,161,543581308,222932521,2025-08-09 17:21:42+00:00
1,1,162,57,89,5.59,2001.63,91.39999999999998,3.004,0.0,162,543581517,222933772,2025-08-09 17:21:45+00:00
1,1,162,57,87,0.0,2004.94,91.20000000000005,3.004,0.0,162,543581548,222934313,2025-08-09 17:21:46+00:00
1,1,163,57,88,10.6,2010.43,91.0,3.004,0.5,163,543581705,222935108,2025-08-09 17:21:48+00:00
1,1,164,57,88,0.0,2021.9,91.39999999999998,2.986,0.0,164,543581837,222936906,2025-08-09 17:21:52+00:00
1,1,165,57,87,0.0,2034.5,91.60000000000002,3.004,0.0,165,543581979,222938717,2025-08-09 17:21:56+00:00
1,2,166,57,88,0.0,2042.95,90.39999999999998,2.995,0.0,166,543582032,222940064,2025-08-09 17:21:59+00:00
1,1,166,57,87,0.0,2054.0,89.39999999999998,2.967,0.0,166,543582101,222941792,2025-08-09 17:22:03+00:00
1,1,165,57,87,0.0,2065.76,89.39999999999998,2.967,0.5,165,543582290,222943532,2025-08-09 17:22:07+00:00
1,1,165,57,88,0.0,2075.35,89.20000000000005,2.958,0.5,165,543582337,222945061,2025-08-09 17:22:10+00:00
1,1,165,57,89,0.0,2083.53,88.79999999999995,2.958,0.0,165,543582531,222946241,2025-08-09 17:22:13+00:00
1,1,164,57,87,0.0,2097.93,88.79999999999995,2.948,0.0,164,543582791,222948410,2025-08-09 17:22:18+00:00
1,1,164,57,87,0.0,2107.26,89.39999999999998,2.939,0.5,164,543582810,222949875,2025-08-09 17:22:21+00:00
1,1,164,57,88,0.0,2116.16,89.0,2.948,0.0,164,543582923,222951139,2025-08-09 17:22:24+00:00
1,1,164,57,85,0.0,2130.34,89.0,2.948,0.0,164,543583124,222953272,2025-08-09 17:22:29+00:00
1,0,165,57,87,0.0,2138.39,89.0,2.921,0.0,165,543583182,222954599,2025-08-09 17:22:32+00:00
1,1,165,57,87,0.0,2147.59,88.60000000000002,2.893,0.0,165,543583357,222955955,2025-08-09 17:22:35+00:00
1,1,166,57,88,0.0,2163.45,88.79999999999995,2.939,0.0,166,543583821,222958202,2025-08-09 17:22:40+00:00
1,1,167,57,87,0.0,2176.09,89.20000000000005,2.967,0.0,167,543584090,222960091,2025-08-09 17:22:44+00:00
1,1,167,57,87,0.0,2188.72,89.39999999999998,3.004,0.0,167,543584217,222962043,2025-08-09 17:22:48+00:00
1,1,167,57,88,0.0,2201.14,89.60000000000002,3.014,0.0,167,543584324,222963942,2025-08-09 17:22:52+00:00
1,1,167,57,89,0.0,2210.43,89.39999999999998,3.014,0.0,167,543584570,222965252,2025-08-09 17:22:55+00:00
1,1,167,57,87,0.0,2222.69,89.20000000000005,3.023,0.0,167,543584786,222967092,2025-08-09 17:22:59+00:00
1,1,167,57,89,0.0,2231.83,88.79999999999995,3.032,0.0,167,543585058,222968493,2025-08-09 17:23:02+00:00
1,1,167,57,88,0.0,2246.94,89.39999999999998,3.042,0.5,167,543585291,222970788,2025-08-09 17:23:07+00:00
1,1,167,57,87,0.0,2256.05,89.60000000000002,3.032,0.0,167,543585519,222972058,2025-08-09 17:23:10+00:00
1,1,167,57,88,0.0,2265.84,89.60000000000002,3.042,0.0,167,543585654,222973619,2025-08-09 17:23:13+00:00
1,1,168,57,86,0.0,2278.96,89.39999999999998,3.051,0.5,168,543585825,222975547,2025-08-09 17:23:17+00:00
1,1,169,57,87,0.0,2290.24,89.60000000000002,3.042,0.0,169,543585990,222977239,2025-08-09 17:23:21+00:00
1,1,169,57,86,0.0,2299.73,89.60000000000002,3.042,0.5,169,543586137,222978747,2025-08-09 17:23:24+00:00
1,1,168,57,88,0.0,2311.92,89.60000000000002,3.06,0.0,168,543586486,222980442,2025-08-09 17:23:28+00:00
1,1,169,57,86,0.0,2323.39,90.0,3.051,0.5,169,543586622,222982168,2025-08-09 17:23:32+00:00
1,1,169,57,88,0.0,2332.49,90.20000000000005,3.042,0.0,169,543586785,222983640,2025-08-09 17:23:35+00:00
1,1,168,57,88,0.0,2351.58,90.20000000000005,3.07,0.0,168,543587102,222986434,2025-08-09 17:23:41+00:00
1,1,168,57,88,0.0,2360.39,90.0,3.06,0.0,168,543587223,222987804,2025-08-09 17:23:44+00:00
1,1,167,57,87,0.0,2369.24,90.39999999999998,3.051,0.0,167,543587426,222989114,2025-08-09 17:23:47+00:00
1,1,167,57,89,0.0,2382.13,90.39999999999998,3.079,0.0,167,543587631,222991062,2025-08-09 17:23:51+00:00
1,1,167,57,88,0.0,2400.21,90.60000000000002,3.07,0.5,167,543587956,222993779,2025-08-09 17:23:57+00:00
1,1,168,56,88,0.0,2412.3,90.20000000000005,3.07,0.0,168,543588115,222995602,2025-08-09 17:24:01+00:00
1,1,168,56,88,0.01,2424.05,90.0,3.06,0.0,168,543587992,222997366,2025-08-09 17:24:05+00:00
1,2,168,56,87,0.01,2436.82,90.39999999999998,3.051,0.5,168,543587585,222999187,2025-08-09 17:24:09+00:00
1,1,169,56,87,0.01,2448.38,90.39999999999998,3.06,0.0,169,543587672,223000975,2025-08-09 17:24:13+00:00
1,1,168,56,85,0.01,2462.73,91.0,3.042,0.5,168,543587930,223003145,2025-08-09 17:24:18+00:00
1,1,168,56,86,0.01,2474.96,91.60000000000002,3.023,0.0,168,543588121,223004966,2025-08-09 17:24:22+00:00
1,1,167,56,88,0.01,2490.55,91.39999999999998,3.032,0.0,167,543588422,223007258,2025-08-09 17:24:27+00:00
1,1,167,56,88,0.01,2510.26,91.0,3.004,0.0,167,543588833,223010288,2025-08-09 17:24:34+00:00
1,1,168,56,88,0.01,2522.17,90.79999999999995,3.004,0.0,168,543588942,223012065,2025-08-09 17:24:38+00:00
1,1,168,56,87,0.01,2534.54,90.60000000000002,2.995,0.5,168,543589096,223013965,2025-08-09 17:24:42+00:00
1,1,168,56,88,0.01,2550.65,91.0,3.023,0.0,168,543589451,223016362,2025-08-09 17:24:47+00:00
1,1,169,56,88,655.34,2565.97,90.79999999999995,3.032,0.0,169,543589578,223018672,2025-08-09 17:24:52+00:00
1,1,170,56,87,655.34,2577.53,90.60000000000002,3.032,0.0,170,543589731,223020455,2025-08-09 17:24:56+00:00
1,1,170,56,88,655.34,2592.0,90.60000000000002,3.023,0.0,170,543589982,223022587,2025-08-09 17:25:01+00:00
1,1,170,56,87,655.34,2604.56,90.20000000000005,3.004,0.0,170,543589610,223024471,2025-08-09 17:25:05+00:00
1,0,169,56,88,655.34,2614.12,89.79999999999995,3.014,0.0,169,543589542,223025821,2025-08-09 17:25:08+00:00
1,0,169,56,88,655.34,2630.46,90.20000000000005,2.995,0.0,169,543589496,223028413,2025-08-09 17:25:14+00:00
1,1,168,56,87,655.34,2641.96,90.60000000000002,2.976,0.5,168,543589519,223030208,2025-08-09 17:25:18+00:00
1,1,170,56,87,655.34,2662.6,91.60000000000002,2.967,0.0,170,543589656,223033259,2025-08-09 17:25:25+00:00
1,1,169,56,88,655.34,2677.25,90.79999999999995,2.967,0.0,169,543589574,223035452,2025-08-09 17:25:30+00:00
1,1,170,56,88,655.34,2692.1,89.39999999999998,2.939,0.0,170,543589449,223037747,2025-08-09 17:25:35+00:00
1,0,169,56,87,655.34,2704.89,89.39999999999998,2.967,0.0,169,543589147,223039645,2025-08-09 17:25:39+00:00
1,1,169,56,86,655.34,2723.48,89.60000000000002,2.976,0.0,169,543588755,223042451,2025-08-09 17:25:45+00:00
1,1,169,56,88,655.34,2735.36,90.60000000000002,2.986,0.0,169,543588513,223044236,2025-08-09 17:25:49+00:00
1,1,169,56,87,655.34,2747.27,90.39999999999998,2.986,0.5,169,543588358,223045993,2025-08-09 17:25:53+00:00
1,1,169,56,87,655.34,2762.36,90.60000000000002,2.986,0.0,169,543587973,223048205,2025-08-09 17:25:58+00:00
1,1,168,56,88,655.34,2774.53,89.79999999999995,2.995,0.5,168,543587581,223050017,2025-08-09 17:26:02+00:00
1,1,168,56,88,655.34,2783.39,89.39999999999998,3.004,0.5,168,543587382,223051260,2025-08-09 17:26:05+00:00
1,1,169,56,88,655.34,2795.04,88.79999999999995,2.995,0.5,169,543587004,223052991,2025-08-09 17:26:09+00:00
1,1,168,56,88,655.34,2806.88,89.79999999999995,2.986,0.0,168,543586589,223054724,2025-08-09 17:26:13+00:00
1,1,169,56,86,655.34,2816.22,89.79999999999995,2.986,0.5,169,543586241,223056023,2025-08-09 17:26:16+00:00
1,1,169,56,87,655.34,2828.77,89.60000000000002,3.014,0.0,169,543585824,223057869,2025-08-09 17:26:20+00:00
1,1,169,56,88,655.34,2843.05,89.60000000000002,3.023,0.0,169,543585421,223059883,2025-08-09 17:26:25+00:00
1,1,170,56,86,655.34,2854.53,88.60000000000002,2.986,0.5,170,543585146,223061617,2025-08-09 17:26:29+00:00
1,1,171,56,87,655.34,2869.1,88.79999999999995,2.976,0.0,171,543584964,223063838,2025-08-09 17:26:34+00:00
1,2,170,56,87,655.34,2877.77,89.20000000000005,2.976,0.0,170,543584531,223065053,2025-08-09 17:26:37+00:00
1,2,170,56,87,655.34,2889.83,89.60000000000002,2.958,0.0,170,543584092,223066782,2025-08-09 17:26:41+00:00
1,2,170,56,88,655.34,2902.49,90.39999999999998,2.967,0.5,170,543583402,223068393,2025-08-09 17:26:45+00:00
1,1,169,56,89,655.34,2911.9,91.0,2.986,0.0,169,543582780,223069577,2025-08-09 17:26:48+00:00
1,1,170,56,87,655.34,2922.91,90.60000000000002,2.986,0.0,170,543582339,223071144,2025-08-09 17:26:52+00:00
1,1,169,56,86,655.34,2934.59,91.0,2.958,0.0,169,543581699,223072570,2025-08-09 17:26:56+00:00
1,1,168,56,88,655.34,2943.54,91.0,2.939,0.5,168,543581158,223073721,2025-08-09 17:26:59+00:00
1,1,170,55,86,655.34,2954.95,90.60000000000002,2.921,0.5,170,543580588,223075311,2025-08-09 17:27:03+00:00
1,0,168,55,86,655.34,2970.49,90.79999999999995,2.93,0.5,168,543579636,223077270,2025-08-09 17:27:08+00:00
1,1,169,55,87,655.34,2979.35,90.20000000000005,2.958,0.0,169,543579233,223078456,2025-08-09 17:27:11+00:00
1,1,168,55,87,655.34,2991.87,89.79999999999995,2.976,0.0,168,543578529,223080094,2025-08-09 17:27:15+00:00
1,1,169,55,87,655.34,3003.09,89.79999999999995,2.967,0.5,169,543577884,223081489,2025-08-09 17:27:19+00:00
1,1,170,55,87,655.34,3014.12,90.20000000000005,2.958,0.0,170,543577235,223082888,2025-08-09 17:27:23+00:00
1,3,169,55,88,0.0,3028.65,89.79999999999995,2.93,0.0,169,543576347,223084808,2025-08-09 17:27:28+00:00
1,2,168,55,88,0.0,3040.4,90.20000000000005,2.921,0.5,168,543575782,223086355,2025-08-09 17:27:32+00:00
1,3,169,55,86,0.0,3052.33,90.20000000000005,2.93,0.5,169,543575117,223087925,2025-08-09 17:27:36+00:00
1,1,170,55,87,0.0,3063.17,90.79999999999995,2.921,0.5,170,543574528,223089260,2025-08-09 17:27:40+00:00
1,1,170,55,88,0.0,3071.85,90.79999999999995,2.874,0.0,170,543573999,223090423,2025-08-09 17:27:43+00:00
1,1,170,55,87,0.0,3082.63,91.0,2.855,0.0,170,543573482,223091874,2025-08-09 17:27:47+00:00
1,1,169,55,87,0.0,3094.25,91.60000000000002,2.846,0.0,169,543572739,223093259,2025-08-09 17:27:51+00:00
1,1,170,55,87,0.0,3103.06,91.20000000000005,2.865,0.5,170,543572203,223094414,2025-08-09 17:27:54+00:00
1,2,169,55,87,0.0,3113.87,91.20000000000005,2.855,0.5,169,543571629,223095858,2025-08-09 17:27:58+00:00
1,1,168,55,87,0.0,3122.83,91.60000000000002,2.837,0.0,168,543571045,223096971,2025-08-09 17:28:01+00:00
1,1,170,55,88,0.0,3135.05,91.39999999999998,2.855,0.0,170,543570522,223098655,2025-08-09 17:28:05+00:00
1,1,170,55,88,0.0,3149.63,91.60000000000002,2.865,0.0,170,543569697,223100521,2025-08-09 17:28:10+00:00
1,1,170,55,87,0.0,3161.15,91.0,2.865,0.0,170,543569045,223102036,2025-08-09 17:28:14+00:00
1,1,170,55,88,0.0,3172.2,91.0,2.865,0.0,170,543568398,223103479,2025-08-09 17:28:18+00:00
1,1,171,55,86,0.0,3180.44,91.0,2.865,0.5,171,543568127,223104645,2025-08-09 17:28:21+00:00
1,1,171,55,84,0.0,3194.17,91.20000000000005,2.846,0.5,171,543567401,223106518,2025-08-09 17:28:26+00:00
1,1,169,55,88,0.0,3209.62,89.20000000000005,2.865,0.0,169,543566698,223108556,2025-08-09 17:28:31+00:00
1,1,169,55,87,0.0,3221.0,89.39999999999998,2.874,0.0,169,543565981,223109963,2025-08-09 17:28:35+00:00
1,1,168,55,87,0.0,3235.54,90.39999999999998,2.865,0.0,168,543565242,223111917,2025-08-09 17:28:40+00:00
1,1,169,55,88,0.0,3250.92,90.79999999999995,2.902,0.0,169,543564551,223114030,2025-08-09 17:28:45+00:00
1,1,169,55,88,0.0,3262.4,91.20000000000005,2.911,0.0,169,543563766,223115367,2025-08-09 17:28:49+00:00
1,1,170,55,87,0.0,3274.23,91.0,2.911,0.0,170,543563211,223117016,2025-08-09 17:28:53+00:00
1,1,171,55,87,0.0,3293.17,91.20000000000005,2.93,0.0,171,543562122,223119431,2025-08-09 17:28:59+00:00
1,1,171,55,87,0.0,3305.59,91.39999999999998,2.958,0.5,171,543561541,223121101,2025-08-09 17:29:03+00:00
1,2,171,55,88,0.0,3316.54,91.79999999999995,2.948,0.0,171,543561051,223122622,2025-08-09 17:29:07+00:00
1,2,172,55,88,0.0,3327.41,92.39999999999998,2.939,0.0,172,543560388,223123982,2025-08-09 17:29:11+00:00
1,2,172,55,87,0.0,3336.62,91.60000000000002,2.93,0.0,172,543559964,223125314,2025-08-09 17:29:14+00:00
1,1,171,55,88,0.0,3354.31,90.79999999999995,2.93,0.0,171,543559061,223127623,2025-08-09 17:29:20+00:00
1,1,171,55,87,0.0,3364.05,90.79999999999995,2.939,0.0,171,543558360,223128795,2025-08-09 17:29:23+00:00
1,1,171,55,88,0.0,3373.45,90.60000000000002,2.958,0.0,171,543557716,223129855,2025-08-09 17:29:26+00:00
1,1,171,55,88,0.0,3387.98,90.20000000000005,2.986,0.0,171,543556733,223131530,2025-08-09 17:29:31+00:00
1,1,170,55,86,0.0,3399.49,90.79999999999995,2.986,0.0,170,543556003,223132884,2025-08-09 17:29:35+00:00
1,2,171,55,88,0.0,3413.31,90.79999999999995,2.948,0.0,171,543555334,223134854,2025-08-09 17:29:40+00:00
1,5,171,55,87,0.0,3424.64,91.0,2.93,0.5,171,543554653,223136251,2025-08-09 17:29:44+00:00
1,5,171,55,88,0.0,3434.38,90.79999999999995,2.939,0.0,171,543554156,223137583,2025-08-09 17:29:47+00:00
1,2,171,55,86,0.0,3448.66,91.20000000000005,2.939,0.0,171,543553263,223139358,2025-08-09 17:29:52+00:00
1,2,171,55,86,0.0,3459.19,90.60000000000002,2.921,0.0,171,543552772,223140751,2025-08-09 17:29:56+00:00
1,3,170,55,85,0.0,3478.66,90.39999999999998,2.893,0.5,170,543551817,223143384,2025-08-09 17:30:03+00:00
1,3,170,55,87,0.0,3488.81,90.79999999999995,2.865,0.0,170,543551261,223144772,2025-08-09 17:30:07+00:00
1,6,171,55,87,0.0,3501.53,91.39999999999998,2.865,0.5,171,543550743,223146522,2025-08-09 17:30:11+00:00
1,2,171,55,87,0.0,3516.28,91.60000000000002,2.874,0.0,171,543550122,223148583,2025-08-09 17:30:16+00:00
1,1,170,55,89,0.0,3527.44,91.39999999999998,2.883,0.0,170,543549572,223150062,2025-08-09 17:30:20+00:00
1,1,170,55,87,0.0,3539.38,91.0,2.855,0.5,170,543549133,223151828,2025-08-09 17:30:24+00:00
1,1,170,55,88,0.0,3551.99,91.0,2.93,0.5,170,543548638,223153640,2025-08-09 17:30:28+00:00
1,1,171,55,87,0.0,3564.32,90.60000000000002,2.939,0.5,171,543548224,223155426,2025-08-09 17:30:32+00:00
1,1,171,55,88,0.0,3575.65,90.79999999999995,2.948,0.5,171,543547750,223157014,2025-08-09 17:30:36+00:00
1,1,171,55,87,0.0,3583.98,90.60000000000002,2.921,0.5,171,543547636,223158261,2025-08-09 17:30:39+00:00
1,1,171,55,88,0.0,3596.0,90.39999999999998,2.921,0.0,171,543547313,223160056,2025-08-09 17:30:43+00:00
1,2,172,55,88,0.0,3613.16,90.79999999999995,2.921,0.5,172,543546754,223162539,2025-08-09 17:30:49+00:00
1,2,172,55,87,0.0,3628.02,90.60000000000002,2.911,0.5,172,543546290,223164697,2025-08-09 17:30:54+00:00
1,2,173,55,88,0.0,3639.79,90.39999999999998,2.921,0.0,173,543546045,223166473,2025-08-09 17:30:58+00:00
1,1,173,55,88,0.0,3650.34,91.20000000000005,2.902,0.5,173,543545850,223168084,2025-08-09 17:31:02+00:00
1,1,172,55,88,0.0,3658.66,91.20000000000005,2.883,0.0,172,543545717,223169317,2025-08-09 17:31:05+00:00
1,0,170,55,88,0.0,3670.55,90.79999999999995,2.893,0.0,170,543545447,223171105,2025-08-09 17:31:09+00:00
1,1,172,55,87,0.0,3685.03,90.39999999999998,2.883,0.0,172,543545194,223173234,2025-08-09 17:31:14+00:00
1,1,172,55,88,0.0,3693.88,90.79999999999995,2.883,0.0,172,543545069,223174600,2025-08-09 17:31:17+00:00
1,1,170,55,87,0.0,3710.9,91.20000000000005,2.874,0.0,170,543544800,223177165,2025-08-09 17:31:23+00:00
1,1,171,55,87,0.0,3722.44,91.20000000000005,2.874,0.5,171,543544625,223178863,2025-08-09 17:31:27+00:00
1,1,170,55,88,0.0,3734.4,91.0,2.883,0.0,170,543544438,223180673,2025-08-09 17:31:31+00:00
1,1,170,55,87,0.0,3745.25,91.0,2.865,0.0,170,543544269,223182338,2025-08-09 17:31:35+00:00
1,1,171,55,87,0.0,3756.31,90.60000000000002,2.855,0.0,171,543543685,223183728,2025-08-09 17:31:39+00:00
1,1,171,55,86,0.0,3759.62,90.39999999999998,2.855,0.5,171,543543334,223183901,2025-08-09 17:31:40+00:00
1,1,172,55,86,0.0,3769.33,90.60000000000002,2.874,0.0,172,543542608,223184791,2025-08-09 17:31:43+00:00
1,2,171,55,86,0.0,3778.65,90.0,2.902,0.0,171,543541678,223185369,2025-08-09 17:31:46+00:00
1,1,172,55,86,0.0,3790.85,89.79999999999995,2.921,0.0,172,543540442,223185709,2025-08-09 17:31:50+00:00
1,2,172,55,85,0.0,3801.62,90.0,2.911,0.5,172,543539250,223185726,2025-08-09 17:31:54+00:00
1,3,172,55,85,0.0,3809.46,90.39999999999998,2.902,0.0,172,543538461,223186149,2025-08-09 17:31:57+00:00
1,3,171,55,86,0.0,3817.03,90.79999999999995,2.874,0.0,171,543538222,223187339,2025-08-09 17:32:00+00:00
1,2,171,55,86,0.0,3831.72,90.20000000000005,2.855,0.0,171,543537946,223189568,2025-08-09 17:32:05+00:00
1,2,172,55,86,0.0,3840.04,89.79999999999995,2.855,0.0,172,543537958,223190798,2025-08-09 17:32:08+00:00
1,2,172,55,88,0.0,3851.6,89.60000000000002,2.855,0.0,172,543537865,223192590,2025-08-09 17:32:12+00:00
1,2,172,55,87,0.0,3864.34,90.39999999999998,2.855,0.5,172,543537748,223194507,2025-08-09 17:32:16+00:00
1,1,171,55,87,0.0,3876.32,90.20000000000005,2.893,0.0,171,543537644,223196283,2025-08-09 17:32:20+00:00
1,1,170,55,87,0.0,3890.05,90.0,2.865,0.0,170,543537493,223198424,2025-08-09 17:32:25+00:00
1,1,170,55,88,0.0,3901.65,90.0,2.865,0.0,170,543537491,223200182,2025-08-09 17:32:29+00:00
1,1,172,55,88,0.0,3915.81,90.39999999999998,2.874,0.0,172,543537379,223202316,2025-08-09 17:32:34+00:00
1,1,171,55,87,0.0,3924.64,90.39999999999998,2.865,0.0,171,543537417,223203629,2025-08-09 17:32:37+00:00
1,1,171,55,88,0.0,3935.66,89.20000000000005,2.865,0.0,171,543537343,223205353,2025-08-09 17:32:41+00:00
1,1,172,55,88,0.0,3950.45,89.0,2.855,0.0,172,543537261,223207606,2025-08-09 17:32:46+00:00
1,1,173,55,88,0.0,3962.21,89.39999999999998,2.865,0.0,173,543537291,223209376,2025-08-09 17:32:50+00:00
1,1,172,55,87,0.0,3971.15,89.60000000000002,2.874,0.5,172,543537316,223210736,2025-08-09 17:32:53+00:00
1,1,171,55,87,0.0,3988.09,90.60000000000002,2.874,0.0,171,543537277,223213305,2025-08-09 17:32:59+00:00
1,1,172,54,88,0.0,3999.9,90.79999999999995,2.874,0.0,172,543537164,223215068,2025-08-09 17:33:03+00:00
1,2,171,54,87,0.0,4005.3,90.60000000000002,2.883,0.5,171,543537272,223215913,2025-08-09 17:33:05+00:00
1,2,172,54,87,0.0,4010.75,90.39999999999998,2.874,0.5,172,543537325,223216770,2025-08-09 17:33:07+00:00
1,2,172,54,88,0.0,4022.48,90.60000000000002,2.865,0.5,172,543537499,223218567,2025-08-09 17:33:11+00:00
1,2,172,54,87,0.0,4034.1,90.0,2.865,0.0,172,543537605,223220336,2025-08-09 17:33:15+00:00
1,2,172,54,87,0.0,4042.29,90.0,2.865,0.0,172,543537676,223221549,2025-08-09 17:33:18+00:00
1,2,173,54,88,0.0,4050.74,90.20000000000005,2.865,0.5,173,543537797,223222812,2025-08-09 17:33:21+00:00
1,2,173,54,88,0.0,4056.85,90.39999999999998,2.865,0.0,173,543537840,223223757,2025-08-09 17:33:23+00:00
1,1,171,54,86,0.0,4071.96,90.0,2.874,0.0,171,543538097,223226032,2025-08-09 17:33:28+00:00
1,1,171,54,88,0.0,4084.06,90.20000000000005,2.893,0.0,171,543538301,223227823,2025-08-09 17:33:32+00:00
1,1,172,54,88,0.0,4094.83,90.39999999999998,2.902,0.0,172,543538587,223229392,2025-08-09 17:33:36+00:00
1,1,172,54,87,0.0,4103.56,89.79999999999995,2.874,0.0,172,543538779,223230762,2025-08-09 17:33:39+00:00
1,1,171,54,87,0.0,4115.04,90.39999999999998,2.893,0.5,171,543539196,223232348,2025-08-09 17:33:43+00:00
1,1,171,54,87,0.0,4117.68,90.39999999999998,2.893,0.0,171,543539363,223232764,2025-08-09 17:33:44+00:00
1,1,171,54,87,0.0,4126.43,90.39999999999998,2.874,0.0,171,543539822,223233885,2025-08-09 17:33:47+00:00
1,1,172,54,88,0.0,4138.88,90.79999999999995,2.902,0.0,172,543540470,223235539,2025-08-09 17:33:51+00:00
1,1,172,54,87,0.0,4151.2,91.60000000000002,2.893,0.5,172,543541314,223237045,2025-08-09 17:33:55+00:00
1,1,172,54,88,0.0,4160.94,92.0,2.921,0.0,172,543541978,223238063,2025-08-09 17:33:58+00:00
1,1,172,54,87,0.0,4172.47,92.79999999999995,2.939,0.5,172,543542780,223239431,2025-08-09 17:34:02+00:00
1,2,173,54,86,0.0,4189.22,92.79999999999995,2.93,0.5,173,543543753,223241632,2025-08-09 17:34:08+00:00
1,1,173,54,87,0.0,4198.16,92.60000000000002,2.911,0.0,173,543544163,223242758,2025-08-09 17:34:11+00:00
1,1,174,54,86,0.0,4209.74,92.39999999999998,2.911,0.5,174,543544505,223244538,2025-08-09 17:34:15+00:00
1,2,173,54,87,0.0,4221.08,93.20000000000005,2.921,0.0,173,543544758,223246257,2025-08-09 17:34:19+00:00
1,2,173,54,87,0.0,4230.11,92.79999999999995,2.921,0.0,173,543545013,223247468,2025-08-09 17:34:22+00:00
1,2,173,54,88,0.0,4240.97,92.79999999999995,2.902,0.0,173,543545241,223249145,2025-08-09 17:34:26+00:00
1,2,173,54,87,0.0,4252.77,92.79999999999995,2.893,0.5,173,543545616,223250891,2025-08-09 17:34:30+00:00
1,1,172,54,87,0.0,4261.63,92.39999999999998,2.893,0.0,172,543545838,223252150,2025-08-09 17:34:33+00:00
1,1,172,54,87,0.0,4276.22,92.20000000000005,2.902,0.0,172,543546347,223254242,2025-08-09 17:34:38+00:00
1,2,172,54,87,0.0,4285.12,91.79999999999995,2.902,0.0,172,543546659,223255584,2025-08-09 17:34:41+00:00
1,6,172,54,87,0.0,4299.46,92.0,2.902,0.5,172,543547150,223257660,2025-08-09 17:34:46+00:00
1,8,171,54,87,0.0,4312.12,92.20000000000005,2.911,0.5,171,543547575,223259531,2025-08-09 17:34:50+00:00
1,8,171,54,88,0.0,4321.14,92.0,2.93,0.5,171,543547991,223260711,2025-08-09 17:34:53+00:00
1,2,172,54,89,0.0,4329.75,92.0,2.93,0.0,172,543548206,223262022,2025-08-09 17:34:56+00:00
1,2,172,54,89,0.0,4340.91,92.20000000000005,2.921,0.0,172,543548631,223263594,2025-08-09 17:35:00+00:00
1,1,172,54,87,0.0,4353.16,92.79999999999995,2.93,0.0,172,543549150,223265255,2025-08-09 17:35:04+00:00
1,1,172,54,88,0.0,4362.02,92.79999999999995,2.939,0.0,172,543549530,223266544,2025-08-09 17:35:07+00:00
1,1,172,54,88,0.0,4370.02,92.79999999999995,2.93,0.0,172,543549909,223267626,2025-08-09 17:35:10+00:00
1,1,173,54,88,0.0,4381.63,92.79999999999995,2.921,0.5,173,543550350,223269319,2025-08-09 17:35:14+00:00
1,1,174,54,88,0.0,4389.95,92.79999999999995,2.911,0.0,174,543550806,223270360,2025-08-09 17:35:17+00:00
1,1,174,54,87,0.0,4398.74,92.60000000000002,2.902,0.5,174,543551160,223271694,2025-08-09 17:35:20+00:00
1,2,173,54,88,0.0,4407.25,92.60000000000002,2.902,0.0,173,543551583,223272819,2025-08-09 17:35:23+00:00
1,1,172,54,87,0.0,4422.09,93.0,2.902,0.0,172,543552345,223274754,2025-08-09 17:35:28+00:00
1,1,173,54,87,0.0,4430.76,92.79999999999995,2.902,0.0,173,543552838,223275959,2025-08-09 17:35:31+00:00
1,1,174,54,88,0.0,4442.74,92.39999999999998,2.911,0.0,174,543553511,223277506,2025-08-09 17:35:35+00:00
1,1,174,54,86,0.0,4456.0,92.20000000000005,2.865,0.0,174,543554399,223279104,2025-08-09 17:35:40+00:00
1,1,173,54,86,0.0,4465.11,92.60000000000002,2.855,0.5,173,543554848,223280268,2025-08-09 17:35:43+00:00
1,2,174,54,87,0.0,4479.68,93.60000000000002,2.883,0.5,174,543555544,223282177,2025-08-09 17:35:48+00:00
1,3,175,54,87,0.0,4488.59,94.20000000000005,2.902,0.0,175,543556059,223283405,2025-08-09 17:35:51+00:00
1,5,174,54,86,0.0,4502.84,94.60000000000002,2.893,0.0,174,543556859,223285271,2025-08-09 17:35:56+00:00
1,6,175,54,86,0.0,4510.75,94.20000000000005,2.883,0.0,175,543557380,223286154,2025-08-09 17:35:59+00:00
1,7,175,53,86,0.0,4521.67,93.60000000000002,2.855,0.0,175,543557792,223287775,2025-08-09 17:36:03+00:00
1,7,175,53,86,0.0,4524.19,93.79999999999995,2.855,0.0,175,543557978,223288040,2025-08-09 17:36:04+00:00
1,6,174,53,86,0.0,4530.14,93.79999999999995,2.846,0.0,174,543558255,223288874,2025-08-09 17:36:06+00:00
1,4,175,53,87,0.0,4541.65,93.60000000000002,2.846,0.0,175,543558739,223290494,2025-08-09 17:36:10+00:00
1,3,174,53,86,0.0,4553.47,93.39999999999998,2.846,0.0,174,543559135,223292142,2025-08-09 17:36:14+00:00
1,3,173,53,88,0.0,4563.72,92.39999999999998,2.837,0.0,173,543559583,223293596,2025-08-09 17:36:18+00:00
1,4,174,53,86,0.0,4574.47,92.60000000000002,2.818,0.0,174,543560089,223295088,2025-08-09 17:36:22+00:00
1,9,174,53,87,0.0,4586.68,92.20000000000005,2.809,0.0,174,543560498,223296918,2025-08-09 17:36:26+00:00
1,9,174,53,88,0.0,4601.79,92.20000000000005,2.827,0.0,174,543561259,223298901,2025-08-09 17:36:31+00:00
1,9,174,53,87,0.0,4610.81,92.39999999999998,2.846,0.0,174,543561609,223300145,2025-08-09 17:36:34+00:00
1,2,174,53,87,0.0,4624.09,92.60000000000002,2.846,0.0,174,543562187,223302034,2025-08-09 17:36:39+00:00
1,2,174,53,86,0.0,4634.78,91.60000000000002,2.827,0.5,174,543562525,223303628,2025-08-09 17:36:43+00:00
1,3,174,53,87,0.0,4646.43,92.20000000000005,2.818,0.0,174,543563027,223305239,2025-08-09 17:36:47+00:00
1,5,174,53,87,0.0,4655.56,92.60000000000002,2.827,0.0,174,543563450,223306539,2025-08-09 17:36:50+00:00
1,8,174,53,88,0.0,4663.86,91.79999999999995,2.837,0.0,174,543563817,223307640,2025-08-09 17:36:53+00:00
1,14,174,53,87,0.0,4680.2,93.0,2.818,0.0,174,543564419,223310004,2025-08-09 17:36:59+00:00
1,17,173,53,86,0.0,4692.04,92.60000000000002,2.827,0.5,173,543564781,223311680,2025-08-09 17:37:03+00:00
1,20,174,53,87,0.0,4706.11,92.60000000000002,2.818,0.0,174,543565187,223313784,2025-08-09 17:37:08+00:00
1,22,174,53,86,0.0,4713.99,92.0,2.818,0.0,174,543565445,223314910,2025-08-09 17:37:11+00:00
1,20,173,53,86,0.0,4727.62,91.20000000000005,2.809,0.0,173,543565619,223316948,2025-08-09 17:37:16+00:00
1,18,172,53,86,0.0,4736.07,91.20000000000005,2.799,0.0,172,543565670,223318286,2025-08-09 17:37:19+00:00
1,5,172,53,85,0.0,4750.52,91.39999999999998,2.79,0.0,172,543566077,223320408,2025-08-09 17:37:24+00:00
1,3,172,53,88,0.0,4761.59,92.0,2.79,0.0,172,543566203,223322061,2025-08-09 17:37:28+00:00
1,3,172,53,87,0.0,4776.41,92.60000000000002,2.818,0.0,172,543566059,223324331,2025-08-09 17:37:33+00:00
1,1,173,53,88,0.0,4784.56,92.20000000000005,2.827,0.5,173,543566180,223325531,2025-08-09 17:37:36+00:00
1,1,174,53,86,0.0,4793.78,91.60000000000002,2.827,0.5,174,543566377,223326961,2025-08-09 17:37:39+00:00
1,2,173,53,89,0.0,4808.57,91.39999999999998,2.855,0.0,173,543566608,223329208,2025-08-09 17:37:44+00:00
1,2,173,53,86,0.0,4819.54,91.20000000000005,2.827,0.0,173,543567103,223330742,2025-08-09 17:37:48+00:00
1,2,173,53,86,0.0,4830.87,91.60000000000002,2.827,0.0,173,543567775,223332124,2025-08-09 17:37:52+00:00
1,2,172,53,86,0.0,4842.19,90.39999999999998,2.837,0.0,172,543568163,223333775,2025-08-09 17:37:56+00:00
1,2,171,53,87,0.0,4857.15,90.0,2.846,0.0,171,543568383,223336031,2025-08-09 17:38:01+00:00
1,2,171,53,87,0.0,4866.4,90.39999999999998,2.865,0.0,171,543568500,223337457,2025-08-09 17:38:04+00:00
1,2,172,53,86,0.0,4877.38,90.0,2.865,0.0,172,543568630,223339087,2025-08-09 17:38:08+00:00
1,1,173,53,86,0.0,4888.61,90.79999999999995,2.855,0.0,173,543568889,223340776,2025-08-09 17:38:12+00:00
1,2,173,53,87,0.0,4903.03,90.60000000000002,2.855,0.0,173,543568938,223342953,2025-08-09 17:38:17+00:00
1,3,174,53,87,0.0,4914.55,91.39999999999998,2.855,0.0,174,543568954,223344695,2025-08-09 17:38:21+00:00
1,3,174,53,87,0.0,4926.05,91.39999999999998,2.865,0.0,174,543568995,223346495,2025-08-09 17:38:25+00:00
1,8,175,53,87,0.0,4940.64,91.39999999999998,2.865,0.5,175,543569242,223348691,2025-08-09 17:38:30+00:00
1,11,175,53,87,0.0,4952.26,91.0,2.865,0.0,175,543569312,223350477,2025-08-09 17:38:34+00:00
1,11,175,53,87,0.0,4966.83,91.20000000000005,2.874,0.0,175,543569656,223352615,2025-08-09 17:38:39+00:00
1,6,176,53,86,0.0,4977.61,91.0,2.874,0.0,176,543569748,223354252,2025-08-09 17:38:43+00:00
1,7,176,53,87,0.0,4990.98,91.60000000000002,2.837,0.0,176,543569872,223356297,2025-08-09 17:38:48+00:00
1,7,175,53,85,28.92,5003.58,91.60000000000002,2.855,0.5,175,543569984,223358259,2025-08-09 17:38:52+00:00
1,7,175,53,85,25.55,5006.31,91.79999999999995,2.883,0.5,175,543570055,223358612,2025-08-09 17:38:53+00:00
1,7,175,53,85,28.59,5015.46,92.20000000000005,2.883,0.5,175,543570117,223360033,2025-08-09 17:38:56+00:00
1,16,175,52,87,0.0,5030.04,91.60000000000002,2.902,0.0,175,543570281,223362264,2025-08-09 17:39:01+00:00
1,15,174,52,87,0.0,5041.69,91.60000000000002,2.902,0.0,174,543570478,223363987,2025-08-09 17:39:05+00:00
1,11,175,52,88,0.0,5052.75,91.39999999999998,2.893,0.0,175,543570587,223365684,2025-08-09 17:39:09+00:00
1,11,174,52,86,0.0,5063.95,92.0,2.883,0.0,174,543570776,223367326,2025-08-09 17:39:13+00:00
1,10,176,52,86,0.0,5078.15,91.79999999999995,2.874,0.0,176,543571015,223369459,2025-08-09 17:39:18+00:00
1,10,176,52,86,0.0,5087.27,91.39999999999998,2.874,0.0,176,543570982,223370868,2025-08-09 17:39:21+00:00
1,3,175,52,86,0.0,5101.44,92.0,2.874,0.0,175,543571023,223373039,2025-08-09 17:39:26+00:00
1,3,174,52,87,0.0,5112.62,91.79999999999995,2.855,0.0,174,543571157,223374706,2025-08-09 17:39:30+00:00
1,8,174,52,86,0.0,5124.28,92.39999999999998,2.855,0.0,174,543571209,223376472,2025-08-09 17:39:34+00:00
1,10,173,52,86,0.0,5136.03,92.0,2.865,0.0,173,543571206,223378282,2025-08-09 17:39:38+00:00
1,14,173,52,87,0.0,5146.77,92.60000000000002,2.855,0.0,173,543571365,223379955,2025-08-09 17:39:42+00:00
1,19,174,52,85,0.0,5158.46,92.39999999999998,2.855,0.0,174,543571433,223381699,2025-08-09 17:39:46+00:00
1,22,173,52,87,0.0,5170.07,93.0,2.846,0.0,173,543571632,223383422,2025-08-09 17:39:50+00:00
1,24,173,52,86,0.0,5181.8,93.20000000000005,2.865,0.0,173,543571682,223385214,2025-08-09 17:39:54+00:00
1,28,174,52,87,0.0,5195.18,93.79999999999995,2.855,0.0,174,543571891,223387227,2025-08-09 17:39:59+00:00
1,30,174,52,85,0.0,5204.23,93.39999999999998,2.846,0.0,174,543571963,223388608,2025-08-09 17:40:02+00:00
1,27,173,52,86,0.0,5218.16,93.60000000000002,2.837,0.0,173,543572028,223390765,2025-08-09 17:40:07+00:00
1,27,173,52,88,0.0,5226.07,93.39999999999998,2.809,0.0,173,543572148,223391944,2025-08-09 17:40:10+00:00
1,27,173,52,87,0.0,5238.17,92.60000000000002,2.827,0.0,173,543572148,223393841,2025-08-09 17:40:14+00:00
1,27,173,52,87,0.0,5249.71,92.60000000000002,2.837,0.5,173,543572254,223395595,2025-08-09 17:40:18+00:00
1,27,173,52,87,0.0,5258.0,93.0,2.837,0.0,173,543572494,223396771,2025-08-09 17:40:21+00:00
1,1,174,52,88,0.0,5272.82,93.60000000000002,2.846,0.0,174,543572715,223399029,2025-08-09 17:40:26+00:00
1,2,175,52,87,0.0,5285.34,93.20000000000005,2.865,0.0,175,543572826,223400894,2025-08-09 17:40:30+00:00
1,5,175,52,87,0.0,5296.99,93.79999999999995,2.893,0.0,175,543572995,223402703,2025-08-09 17:40:34+00:00
1,4,175,52,86,0.0,5304.72,94.20000000000005,2.883,0.0,175,543573168,223403803,2025-08-09 17:40:37+00:00
1,1,174,52,87,0.0,5317.22,94.0,2.874,0.0,174,543573116,223405755,2025-08-09 17:40:41+00:00
1,1,173,52,86,0.0,5329.35,94.0,2.902,0.0,173,543573210,223407630,2025-08-09 17:40:45+00:00
1,1,172,52,87,0.0,5338.09,93.39999999999998,2.911,0.0,172,543573303,223408926,2025-08-09 17:40:48+00:00
1,1,172,52,86,0.0,5353.24,92.39999999999998,2.921,0.0,172,543573438,223411184,2025-08-09 17:40:53+00:00
1,4,174,52,85,0.0,5364.42,92.20000000000005,2.921,0.5,174,543573509,223412948,2025-08-09 17:40:57+00:00
1,4,175,52,88,0.0,5376.18,92.39999999999998,2.921,0.0,175,543573642,223414719,2025-08-09 17:41:01+00:00
1,3,173,52,87,0.0,5384.86,92.20000000000005,2.921,0.5,173,543573787,223415958,2025-08-09 17:41:04+00:00
1,3,171,52,87,0.0,5396.03,91.60000000000002,2.921,0.0,171,543573868,223417724,2025-08-09 17:41:08+00:00
1,4,172,52,86,0.0,5407.59,92.60000000000002,2.902,0.5,172,543574041,223419480,2025-08-09 17:41:12+00:00
1,4,172,52,87,0.0,5419.77,92.39999999999998,2.911,0.0,172,543574259,223421265,2025-08-09 17:41:16+00:00
1,4,172,52,87,0.0,5434.31,93.0,2.921,0.0,172,543574290,223423439,2025-08-09 17:41:21+00:00
1,13,173,52,87,0.0,5444.78,92.39999999999998,2.893,0.0,173,543574361,223425099,2025-08-09 17:41:25+00:00
1,13,173,52,87,0.0,5459.91,92.60000000000002,2.893,0.0,173,543574437,223427405,2025-08-09 17:41:30+00:00
1,13,173,52,86,0.0,5468.33,92.60000000000002,2.893,0.0,173,543574593,223428658,2025-08-09 17:41:33+00:00
1,20,173,52,87,0.0,5483.04,92.39999999999998,2.893,0.0,173,543574665,223430841,2025-08-09 17:41:38+00:00
1,22,173,52,86,0.0,5491.67,92.0,2.902,0.0,173,543574658,223432208,2025-08-09 17:41:41+00:00
1,24,173,52,87,0.0,5499.86,92.20000000000005,2.893,0.0,173,543574641,223433417,2025-08-09 17:41:44+00:00
1,26,174,52,86,0.0,5511.02,92.39999999999998,2.874,0.0,174,543574760,223435203,2025-08-09 17:41:48+00:00
1,5,175,52,87,0.0,5519.73,91.60000000000002,2.874,0.0,175,543574818,223436474,2025-08-09 17:41:51+00:00
1,5,175,52,87,0.0,5534.09,91.20000000000005,2.883,0.0,175,543574966,223438663,2025-08-09 17:41:56+00:00
1,5,175,52,86,0.0,5546.15,91.20000000000005,2.883,0.0,175,543575171,223440473,2025-08-09 17:42:00+00:00
1,2,175,52,87,0.0,5557.17,91.20000000000005,2.874,0.0,175,543575264,223442188,2025-08-09 17:42:05+00:00
1,2,175,52,87,0.0,5558.19,91.0,2.874,0.0,175,543575182,223442329,2025-08-09 17:42:06+00:00
1,2,175,52,87,0.0,5561.47,90.79999999999995,2.846,0.0,175,543574951,223442685,2025-08-09 17:42:08+00:00
1,2,176,52,51,0.0,5564.35,90.60000000000002,2.557,0.5,176,543574865,223443073,2025-08-09 17:42:10+00:00
1,2,174,52,0,0.0,5567.74,89.79999999999995,0.0,0.0,174,543574978,223443614,2025-08-09 17:42:16+00:00
1,3,173,52,0,0.0,5569.86,90.20000000000005,0.709,0.0,173,543574723,223443894,2025-08-09 17:42:20+00:00
1,1,171,52,0,0.0,5572.19,89.20000000000005,0.0,0.0,171,543574655,223444251,2025-08-09 17:42:25+00:00
1,2,168,52,0,0.0,5574.26,88.60000000000002,0.0,0.0,168,543574807,223444401,2025-08-09 17:42:29+00:00
1,2,168,52,0,0.0,5575.37,88.60000000000002,0.0,0.0,168,543574946,223444397,2025-08-09 17:42:30+00:00
1,1,167,52,0,0.0,5579.59,88.79999999999995,0.756,0.0,167,543575308,223444259,2025-08-09 17:42:36+00:00
1,1,165,52,0,0.0,5582.81,88.60000000000002,0.662,0.0,165,543575152,223443837,2025-08-09 17:42:43+00:00
1,1,161,52,0,0.0,5584.84,88.39999999999998,0.0,0.0,161,543575111,223443494,2025-08-09 17:42:47+00:00
1,0,160,52,0,0.0,5586.06,88.39999999999998,0.0,0.0,160,543575134,223443296,2025-08-09 17:42:49+00:00
1,1,158,52,0,0.0,5591.76,88.60000000000002,0.84,0.0,158,543575059,223442469,2025-08-09 17:42:56+00:00
1,1,157,52,0,0.0,5599.86,89.39999999999998,1.521,0.0,157,543574996,223441204,2025-08-09 17:42:59+00:00
1,4,156,52,83,0.0,5614.68,90.0,2.948,0.5,156,543574880,223438973,2025-08-09 17:43:04+00:00
1,5,154,52,85,16.53,5623.88,90.0,2.93,0.5,154,543574640,223437610,2025-08-09 17:43:07+00:00
1,1,151,52,87,15.07,5631.79,90.0,2.921,0.0,151,543574685,223436422,2025-08-09 17:43:10+00:00
1,1,152,52,87,17.37,5636.96,90.0,2.743,0.0,152,543574682,223435546,2025-08-09 17:43:12+00:00
1,1,153,52,86,18.73,5648.0,89.60000000000002,2.809,0.5,153,543574495,223433948,2025-08-09 17:43:16+00:00
1,1,155,52,86,16.95,5658.18,89.60000000000002,2.697,0.0,155,543574438,223432418,2025-08-09 17:43:20+00:00
1,1,156,52,85,20.54,5667.04,90.39999999999998,2.715,0.5,156,543574356,223431048,2025-08-09 17:43:23+00:00
1,1,158,52,85,18.08,5677.94,91.20000000000005,2.743,0.5,158,543574184,223429409,2025-08-09 17:43:27+00:00
1,1,161,52,85,20.76,5683.98,91.20000000000005,2.771,0.0,161,543574080,223428521,2025-08-09 17:43:29+00:00
1,1,162,52,85,19.0,5686.84,91.0,2.827,0.0,162,543573994,223428071,2025-08-09 17:43:30+00:00
1,2,165,52,85,30.82,5698.43,91.39999999999998,2.837,0.5,165,543573882,223426346,2025-08-09 17:43:34+00:00
1,2,166,52,85,29.5,5710.09,91.39999999999998,2.855,0.0,166,543573851,223424577,2025-08-09 17:43:38+00:00
1,3,167,52,86,30.87,5721.54,92.20000000000005,2.837,0.0,167,543573710,223422790,2025-08-09 17:43:42+00:00
1,4,169,52,87,28.77,5732.97,92.0,2.837,0.0,169,543573461,223421128,2025-08-09 17:43:46+00:00
1,4,169,52,87,0.26,5736.07,92.0,2.837,0.0,169,543573523,223420626,2025-08-09 17:43:47+00:00
1,4,170,52,87,23.72,5741.66,92.39999999999998,2.855,0.0,170,543573569,223419782,2025-08-09 17:43:49+00:00
1,3,170,52,86,28.66,5749.54,91.79999999999995,2.837,0.0,170,543573388,223418586,2025-08-09 17:43:52+00:00
1,4,170,52,88,0.0,5761.2,92.0,2.837,0.0,170,543573249,223416822,2025-08-09 17:43:56+00:00
1,4,171,52,87,0.0,5769.68,91.60000000000002,2.837,0.0,171,543573158,223415576,2025-08-09 17:43:59+00:00
1,3,172,52,87,0.0,5777.98,91.39999999999998,2.837,0.0,172,543573044,223414282,2025-08-09 17:44:02+00:00
1,3,172,52,87,0.0,5792.56,91.79999999999995,2.827,0.0,172,543573010,223412051,2025-08-09 17:44:07+00:00
1,3,172,52,87,0.0,5801.07,91.79999999999995,2.846,0.0,172,543572840,223410811,2025-08-09 17:44:10+00:00
1,3,173,52,88,0.0,5815.08,91.60000000000002,2.837,0.0,173,543572771,223408694,2025-08-09 17:44:15+00:00
1,3,173,52,87,0.0,5824.34,91.20000000000005,2.855,0.0,173,543572742,223407223,2025-08-09 17:44:18+00:00
1,3,173,52,86,0.0,5832.99,91.20000000000005,2.855,0.0,173,543572626,223405946,2025-08-09 17:44:21+00:00
1,3,173,52,86,0.0,5844.28,91.0,2.855,0.0,173,543572572,223404199,2025-08-09 17:44:25+00:00
1,6,172,52,87,0.0,5852.76,91.20000000000005,2.855,0.5,172,543572323,223402980,2025-08-09 17:44:28+00:00
1,5,172,52,86,0.0,5867.26,91.20000000000005,2.865,0.0,172,543572185,223400843,2025-08-09 17:44:33+00:00
1,7,173,52,87,0.0,5876.1,91.20000000000005,2.874,0.0,173,543572078,223399438,2025-08-09 17:44:36+00:00
1,8,172,52,86,0.0,5890.3,91.79999999999995,2.874,0.0,172,543572043,223397310,2025-08-09 17:44:41+00:00
1,5,172,52,88,0.0,5898.74,91.79999999999995,2.874,0.0,172,543571891,223396047,2025-08-09 17:44:44+00:00
1,5,173,52,86,0.0,5910.17,91.39999999999998,2.865,0.0,173,543571874,223394293,2025-08-09 17:44:48+00:00
1,4,174,52,88,0.0,5921.86,92.39999999999998,2.874,0.0,174,543571772,223392507,2025-08-09 17:44:52+00:00
1,3,173,52,86,0.0,5930.35,91.60000000000002,2.874,0.5,173,543571609,223391251,2025-08-09 17:44:55+00:00
1,2,173,52,87,0.0,5945.34,91.60000000000002,2.874,0.0,173,543571573,223389020,2025-08-09 17:45:00+00:00
1,3,172,51,86,0.0,5951.16,92.0,2.883,0.5,172,543571498,223388168,2025-08-09 17:45:02+00:00
1,3,172,51,85,0.0,5954.25,91.79999999999995,2.893,0.5,172,543571448,223387655,2025-08-09 17:45:03+00:00
1,3,172,51,88,655.34,5965.62,91.60000000000002,2.893,0.5,172,543571267,223385996,2025-08-09 17:45:07+00:00
1,5,174,51,86,655.34,5974.47,91.39999999999998,2.893,0.5,174,543571290,223384598,2025-08-09 17:45:10+00:00
1,4,175,51,87,655.34,5982.1,91.20000000000005,2.855,0.0,175,543571176,223383482,2025-08-09 17:45:13+00:00
1,2,176,51,86,655.34,5995.8,91.39999999999998,2.827,0.0,176,543571020,223381416,2025-08-09 17:45:18+00:00
1,1,175,51,87,655.26,6004.57,91.60000000000002,2.846,0.0,175,543571007,223380056,2025-08-09 17:45:21+00:00
1,3,172,51,85,655.26,6015.65,91.60000000000002,2.846,0.5,172,543570736,223378420,2025-08-09 17:45:25+00:00
1,3,171,51,85,30.4,6021.6,91.79999999999995,2.846,0.5,171,543570678,223377518,2025-08-09 17:45:27+00:00
1,4,171,51,85,28.25,6036.3,91.60000000000002,2.865,0.0,171,543570650,223375254,2025-08-09 17:45:32+00:00
1,8,170,51,84,34.41,6047.91,91.20000000000005,2.865,0.5,170,543570584,223373487,2025-08-09 17:45:36+00:00
1,9,171,51,85,30.22,6056.55,92.0,2.874,0.0,171,543570476,223372195,2025-08-09 17:45:39+00:00
1,11,171,51,86,33.59,6070.52,92.20000000000005,2.855,0.0,171,543570462,223370036,2025-08-09 17:45:44+00:00
1,14,170,51,86,30.31,6078.82,91.79999999999995,2.855,0.0,170,543570253,223368810,2025-08-09 17:45:47+00:00
1,17,171,51,86,29.64,6093.66,91.39999999999998,2.865,0.5,171,543570125,223366585,2025-08-09 17:45:52+00:00
1,20,170,51,87,34.83,6105.07,91.60000000000002,2.874,0.0,170,543570011,223364857,2025-08-09 17:45:56+00:00
1,23,170,51,86,31.99,6114.21,92.0,2.883,0.5,170,543569863,223363467,2025-08-09 17:45:59+00:00
1,27,171,51,87,20.37,6129.57,93.0,2.902,0.0,171,543569835,223361090,2025-08-09 17:46:04+00:00
1,27,171,51,87,35.18,6138.37,92.60000000000002,2.911,0.0,171,543569694,223359810,2025-08-09 17:46:07+00:00
1,30,172,51,88,28.13,6149.64,91.20000000000005,2.921,0.0,172,543569515,223358087,2025-08-09 17:46:11+00:00
1,28,173,51,87,31.52,6163.85,91.39999999999998,2.911,0.5,173,543569429,223355968,2025-08-09 17:46:16+00:00
1,26,174,51,89,29.86,6172.83,91.39999999999998,2.911,0.0,174,543569358,223354546,2025-08-09 17:46:19+00:00
1,26,174,51,87,28.09,6181.59,91.0,2.911,0.5,174,543569233,223353280,2025-08-09 17:46:22+00:00
1,30,175,51,86,28.68,6196.06,92.0,2.911,0.0,175,543569084,223351116,2025-08-09 17:46:27+00:00
1,30,175,51,88,29.6,6204.04,92.60000000000002,2.911,0.5,175,543569052,223349829,2025-08-09 17:46:30+00:00
1,30,175,51,88,17.78,6212.01,92.60000000000002,2.893,0.0,175,543568945,223348671,2025-08-09 17:46:33+00:00
1,32,175,51,87,28.32,6226.43,93.39999999999998,2.865,0.0,175,543568867,223346468,2025-08-09 17:46:38+00:00
1,32,175,51,88,26.87,6235.3,93.39999999999998,2.883,0.0,175,543568751,223345102,2025-08-09 17:46:41+00:00
1,36,176,51,86,28.09,6250.5,92.79999999999995,2.893,0.0,176,543568600,223342846,2025-08-09 17:46:46+00:00
1,38,176,51,87,23.64,6258.81,92.79999999999995,2.902,0.0,176,543568430,223341634,2025-08-09 17:46:49+00:00
1,38,176,51,87,24.65,6267.11,92.60000000000002,2.893,0.0,176,543568348,223340288,2025-08-09 17:46:52+00:00
1,38,176,51,87,27.65,6282.46,92.39999999999998,2.893,0.0,176,543568333,223337961,2025-08-09 17:46:57+00:00
1,42,175,51,87,29.58,6291.49,91.79999999999995,2.911,0.0,175,543568166,223336669,2025-08-09 17:47:00+00:00
1,45,175,51,86,28.34,6303.19,91.39999999999998,2.921,0.0,175,543567980,223334876,2025-08-09 17:47:04+00:00
1,48,175,51,87,25.55,6314.34,91.20000000000005,2.911,0.0,175,543567846,223333155,2025-08-09 17:47:08+00:00
1,48,176,51,87,26.1,6322.13,91.20000000000005,2.902,0.0,176,543567512,223332058,2025-08-09 17:47:11+00:00
1,55,175,51,88,24.65,6335.72,92.0,2.865,0.0,175,543566634,223330392,2025-08-09 17:47:16+00:00
1,56,176,51,86,27.89,6347.84,92.20000000000005,2.865,0.5,176,543566133,223328704,2025-08-09 17:47:20+00:00
1,56,176,51,88,28.13,6356.62,92.20000000000005,2.874,0.0,176,543565873,223327382,2025-08-09 17:47:23+00:00
1,27,175,51,86,33.31,6368.59,92.60000000000002,2.893,0.5,175,543565783,223325599,2025-08-09 17:47:27+00:00
1,6,175,51,87,31.31,6377.69,92.39999999999998,2.902,0.0,175,543565766,223324159,2025-08-09 17:47:30+00:00
1,6,174,51,86,29.36,6389.19,92.39999999999998,2.911,0.5,174,543565868,223322502,2025-08-09 17:47:34+00:00
1,6,174,51,87,31.92,6395.45,92.79999999999995,2.911,0.0,174,543565984,223321584,2025-08-09 17:47:36+00:00
1,10,175,51,87,28.27,6398.55,92.60000000000002,2.921,0.0,175,543565982,223321093,2025-08-09 17:47:37+00:00
1,11,174,51,86,28.81,6409.3,92.20000000000005,2.921,0.0,174,543565731,223319505,2025-08-09 17:47:41+00:00
1,13,174,51,85,28.59,6420.49,91.60000000000002,2.893,0.5,174,543565540,223317818,2025-08-09 17:47:45+00:00
1,15,174,51,85,31.03,6429.0,91.60000000000002,2.883,0.5,174,543565326,223316526,2025-08-09 17:47:48+00:00
1,19,173,51,87,25.48,6443.47,92.0,2.883,0.0,173,543565076,223314299,2025-08-09 17:47:53+00:00
1,20,174,51,86,27.77,6452.15,91.79999999999995,2.883,0.0,174,543564747,223313102,2025-08-09 17:47:56+00:00
1,23,174,51,88,29.38,6464.56,92.0,2.893,0.0,174,543564421,223311274,2025-08-09 17:48:00+00:00
1,23,174,51,86,29.38,6473.13,91.79999999999995,2.902,0.5,174,543564130,223310051,2025-08-09 17:48:03+00:00
1,23,174,51,87,29.38,6480.97,91.20000000000005,2.893,0.0,174,543563918,223308886,2025-08-09 17:48:06+00:00
1,23,174,51,86,26.51,6495.68,91.20000000000005,2.874,0.0,174,543563401,223306718,2025-08-09 17:48:11+00:00
1,23,174,51,88,31.23,6503.74,91.0,2.883,0.0,174,543563017,223305640,2025-08-09 17:48:14+00:00
1,24,175,51,86,25.55,6512.43,90.79999999999995,2.874,0.5,175,543562496,223304507,2025-08-09 17:48:17+00:00
1,21,174,51,88,26.13,6526.26,91.0,2.865,0.0,174,543561942,223302515,2025-08-09 17:48:22+00:00
1,21,175,51,87,30.6,6534.66,91.60000000000002,2.865,0.0,175,543561599,223301408,2025-08-09 17:48:25+00:00
1,21,175,51,88,28.88,6543.43,92.0,2.855,0.5,175,543561276,223300120,2025-08-09 17:48:28+00:00
1,14,175,51,87,27.11,6556.95,92.0,2.837,0.0,175,543560782,223298145,2025-08-09 17:48:33+00:00
1,4,176,51,87,31.61,6568.53,91.79999999999995,2.818,0.0,176,543560306,223296534,2025-08-09 17:48:37+00:00
1,4,176,51,87,30.08,6579.48,92.20000000000005,2.827,0.0,176,543559855,223295032,2025-08-09 17:48:41+00:00
1,4,176,51,87,29.22,6590.96,92.39999999999998,2.818,0.0,176,543559427,223293400,2025-08-09 17:48:45+00:00
1,4,176,51,88,33.79,6598.62,93.0,2.818,0.0,176,543559116,223292285,2025-08-09 17:48:48+00:00
1,7,176,51,86,27.75,6613.77,93.79999999999995,2.818,0.0,176,543558436,223290144,2025-08-09 17:48:53+00:00
1,11,175,51,88,28.27,6622.72,94.0,2.827,0.0,175,543558039,223288973,2025-08-09 17:48:56+00:00
1,11,175,51,87,28.72,6631.49,93.79999999999995,2.837,0.0,175,543557568,223287763,2025-08-09 17:48:59+00:00
1,11,175,50,88,26.84,6642.6,94.20000000000005,2.837,0.0,175,543556971,223286338,2025-08-09 17:49:03+00:00
1,11,175,50,88,25.8,6655.11,95.0,2.846,0.0,175,543556261,223284725,2025-08-09 17:49:07+00:00
1,11,175,50,87,30.49,6666.68,94.20000000000005,2.865,0.0,175,543555588,223283211,2025-08-09 17:49:11+00:00
1,11,175,50,87,30.94,6680.93,94.0,2.865,0.0,175,543554851,223281320,2025-08-09 17:49:16+00:00
1,11,175,50,88,29.11,6695.38,93.0,2.874,0.0,175,543554100,223279365,2025-08-09 17:49:21+00:00
1,29,175,50,88,31.69,6706.15,92.39999999999998,2.874,0.0,175,543553460,223278047,2025-08-09 17:49:25+00:00
1,29,175,50,86,25.61,6716.95,92.0,2.837,0.0,175,543552759,223276752,2025-08-09 17:49:29+00:00
1,34,175,50,87,32.03,6728.55,91.60000000000002,2.827,0.0,175,543552064,223275243,2025-08-09 17:49:33+00:00
1,36,175,50,88,30.49,6742.5,91.39999999999998,2.827,0.5,175,543551367,223273391,2025-08-09 17:49:38+00:00
1,37,175,50,88,32.22,6754.4,91.60000000000002,2.837,0.0,175,543550864,223271697,2025-08-09 17:49:42+00:00
1,38,176,50,87,33.12,6766.67,92.0,2.855,0.0,176,543550287,223269995,2025-08-09 17:49:46+00:00
1,38,176,50,86,30.61,6781.61,92.79999999999995,2.874,0.0,176,543549571,223267974,2025-08-09 17:49:51+00:00
1,35,176,50,87,31.23,6793.61,92.39999999999998,2.902,0.0,176,543548968,223266363,2025-08-09 17:49:55+00:00
1,36,176,50,87,28.41,6807.79,92.79999999999995,2.902,0.5,176,543548342,223264429,2025-08-09 17:50:00+00:00
1,29,176,50,86,30.52,6822.02,91.79999999999995,2.902,0.5,176,543547870,223262301,2025-08-09 17:50:05+00:00
1,29,176,50,87,18.16,6836.32,91.60000000000002,2.893,0.0,176,543547384,223260213,2025-08-09 17:50:10+00:00
1,31,175,50,86,31.42,6845.5,91.0,2.883,0.5,175,543547095,223258916,2025-08-09 17:50:13+00:00
1,32,174,50,88,33.34,6857.34,90.60000000000002,2.921,0.0,174,543546707,223257184,2025-08-09 17:50:17+00:00
1,32,174,50,87,33.34,6872.23,91.20000000000005,2.921,0.0,174,543546262,223255055,2025-08-09 17:50:22+00:00
1,32,174,50,88,1.48,6881.33,91.60000000000002,2.921,0.0,174,543545870,223253718,2025-08-09 17:50:25+00:00
1,32,174,50,87,20.26,6889.85,92.0,2.93,0.0,174,543545553,223252545,2025-08-09 17:50:28+00:00
1,32,174,50,88,25.95,6903.92,92.60000000000002,2.921,0.0,174,543545228,223250516,2025-08-09 17:50:33+00:00
1,32,174,50,87,33.0,6912.38,92.39999999999998,2.911,0.0,174,543545109,223249109,2025-08-09 17:50:36+00:00
1,32,174,50,88,31.58,6924.57,92.0,2.921,0.0,174,543544707,223247446,2025-08-09 17:50:40+00:00
1,19,176,50,88,29.07,6939.31,93.0,2.911,0.5,176,543544359,223245196,2025-08-09 17:50:45+00:00
1,19,176,50,88,30.16,6947.6,92.60000000000002,2.939,0.0,176,543544187,223244037,2025-08-09 17:50:48+00:00
1,19,176,50,88,31.52,6956.96,92.20000000000005,2.921,0.0,176,543543895,223242598,2025-08-09 17:50:51+00:00
1,14,177,50,87,31.83,6967.85,91.60000000000002,2.939,0.5,177,543543357,223241165,2025-08-09 17:50:55+00:00
1,14,177,50,88,20.71,6978.49,92.0,2.902,0.0,177,543542742,223239832,2025-08-09 17:50:59+00:00
1,14,177,50,88,28.85,6986.8,92.0,2.883,0.0,177,543542088,223238848,2025-08-09 17:51:02+00:00
1,14,177,50,87,30.74,6998.09,92.60000000000002,2.865,0.5,177,543541402,223237531,2025-08-09 17:51:06+00:00
1,14,177,50,86,26.79,7003.11,92.79999999999995,2.855,0.5,177,543541120,223236868,2025-08-09 17:51:08+00:00
1,14,177,50,86,32.46,7008.42,92.60000000000002,2.837,0.5,177,543540743,223236253,2025-08-09 17:51:10+00:00
1,17,177,50,86,0.0,7017.12,92.0,2.827,0.0,177,543540119,223235226,2025-08-09 17:51:13+00:00
1,17,177,50,86,29.52,7029.07,92.79999999999995,2.827,0.0,177,543539511,223233670,2025-08-09 17:51:17+00:00
1,19,176,50,88,36.54,7037.66,92.39999999999998,2.837,0.0,176,543539099,223232444,2025-08-09 17:51:20+00:00
1,19,176,50,88,34.98,7049.56,92.60000000000002,2.846,0.0,176,543538548,223230841,2025-08-09 17:51:24+00:00
1,16,176,50,88,31.79,7061.48,93.20000000000005,2.855,0.0,176,543538149,223229158,2025-08-09 17:51:28+00:00
1,18,175,50,87,17.85,7070.62,92.60000000000002,2.865,0.0,175,543537873,223227768,2025-08-09 17:51:31+00:00
1,20,175,50,87,15.78,7082.19,92.60000000000002,2.883,0.0,175,543537559,223226091,2025-08-09 17:51:35+00:00
1,19,174,50,87,20.02,7097.3,92.79999999999995,2.893,0.5,174,543537516,223223759,2025-08-09 17:51:40+00:00
1,11,174,50,88,20.98,7105.64,92.60000000000002,2.902,0.0,174,543537392,223222546,2025-08-09 17:51:43+00:00
1,13,174,50,87,21.85,7116.77,92.39999999999998,2.883,0.0,174,543537288,223220846,2025-08-09 17:51:47+00:00
1,14,174,50,88,21.09,7127.88,92.79999999999995,2.874,0.0,174,543537251,223219157,2025-08-09 17:51:51+00:00
1,17,174,50,87,20.76,7141.61,92.39999999999998,2.855,0.0,174,543537173,223217077,2025-08-09 17:51:56+00:00
1,22,174,49,86,20.6,7155.47,91.60000000000002,2.855,0.0,174,543537054,223214993,2025-08-09 17:52:01+00:00
1,22,174,49,88,25.89,7164.1,91.39999999999998,2.846,0.0,174,543537005,223213613,2025-08-09 17:52:04+00:00
1,24,175,49,88,33.31,7172.55,91.79999999999995,2.846,0.0,175,543536918,223212374,2025-08-09 17:52:07+00:00
1,18,176,49,88,33.31,7184.48,92.20000000000005,2.846,0.5,176,543536980,223210575,2025-08-09 17:52:11+00:00
1,18,176,49,87,33.31,7195.95,92.20000000000005,2.855,0.0,176,543537151,223208787,2025-08-09 17:52:15+00:00
1,11,176,49,87,33.31,7204.57,91.39999999999998,2.855,0.5,176,543537128,223207513,2025-08-09 17:52:18+00:00
1,14,176,49,86,19.33,7216.46,91.0,2.865,0.0,176,543537222,223205688,2025-08-09 17:52:22+00:00
1,16,177,49,88,19.14,7227.39,91.0,2.865,0.0,177,543537275,223203987,2025-08-09 17:52:26+00:00
1,16,179,49,86,23.19,7243.35,89.79999999999995,2.827,0.0,179,543537357,223201609,2025-08-09 17:52:32+00:00
1,16,179,49,88,20.2,7254.62,89.79999999999995,2.827,0.0,179,543537484,223199952,2025-08-09 17:52:36+00:00
1,16,179,49,87,24.58,7262.48,90.20000000000005,2.809,0.5,179,543537605,223198670,2025-08-09 17:52:39+00:00
1,16,179,49,87,18.16,7271.51,90.60000000000002,2.799,0.5,179,543537509,223197367,2025-08-09 17:52:42+00:00
1,23,178,49,87,18.37,7283.09,89.39999999999998,2.818,0.5,178,543537620,223195588,2025-08-09 17:52:46+00:00
1,6,178,49,89,20.14,7296.47,89.60000000000002,2.809,0.0,178,543537773,223193610,2025-08-09 17:52:51+00:00
1,5,177,49,88,18.45,7301.74,89.60000000000002,2.799,0.5,177,543537828,223192783,2025-08-09 17:52:53+00:00
1,5,177,49,87,20.65,7304.75,89.60000000000002,2.799,0.5,177,543537858,223192293,2025-08-09 17:52:54+00:00
1,5,178,49,87,22.23,7315.82,89.79999999999995,2.799,0.5,178,543537841,223190648,2025-08-09 17:52:58+00:00
1,4,178,49,88,19.95,7330.01,90.20000000000005,2.781,0.0,178,543538010,223188460,2025-08-09 17:53:03+00:00
1,3,178,49,87,19.84,7342.26,90.0,2.809,0.0,178,543538328,223186621,2025-08-09 17:53:07+00:00
1,2,177,49,88,20.14,7350.34,89.79999999999995,2.809,0.0,177,543538804,223185772,2025-08-09 17:53:10+00:00
1,2,176,49,88,20.43,7355.86,90.20000000000005,2.809,0.0,176,543539399,223185626,2025-08-09 17:53:12+00:00
1,2,176,49,86,21.65,7362.0,90.20000000000005,2.799,0.0,176,543540083,223185700,2025-08-09 17:53:14+00:00
1,2,175,49,87,20.98,7373.46,90.39999999999998,2.818,0.0,175,543541241,223185870,2025-08-09 17:53:18+00:00
1,2,175,49,86,24.65,7381.97,90.20000000000005,2.827,0.0,175,543542149,223185893,2025-08-09 17:53:21+00:00
1,1,174,49,87,20.2,7393.32,88.60000000000002,2.827,0.0,174,543543395,223185795,2025-08-09 17:53:25+00:00
1,2,174,49,87,17.21,7403.19,88.79999999999995,2.809,0.5,174,543544136,223184770,2025-08-09 17:53:29+00:00
1,2,174,49,88,19.45,7405.93,88.79999999999995,2.809,0.0,174,543544277,223184377,2025-08-09 17:53:30+00:00
1,3,175,49,87,19.78,7416.57,88.79999999999995,2.781,0.0,175,543544514,223182750,2025-08-09 17:53:34+00:00
1,6,174,49,88,19.78,7427.41,88.20000000000005,2.762,0.0,174,543544651,223181105,2025-08-09 17:53:38+00:00
1,10,174,49,88,22.41,7436.16,88.39999999999998,2.762,0.0,174,543544863,223179767,2025-08-09 17:53:41+00:00
1,12,174,49,86,20.02,7447.21,88.0,2.762,0.0,174,543544873,223178140,2025-08-09 17:53:45+00:00
1,13,173,49,86,19.59,7459.14,88.60000000000002,2.762,0.5,173,543545161,223176403,2025-08-09 17:53:49+00:00
1,13,173,49,87,18.66,7467.56,88.39999999999998,2.79,0.0,173,543545309,223175102,2025-08-09 17:53:52+00:00
1,12,175,49,86,19.9,7484.24,88.79999999999995,2.781,0.0,175,543545601,223172619,2025-08-09 17:53:58+00:00
1,9,176,49,87,18.08,7495.55,88.60000000000002,2.79,0.0,176,543545884,223170913,2025-08-09 17:54:02+00:00
1,8,175,49,87,19.65,7507.4,88.79999999999995,2.809,0.5,175,543546123,223169135,2025-08-09 17:54:06+00:00
1,9,175,49,87,19.2,7519.41,89.39999999999998,2.818,0.0,175,543546388,223167361,2025-08-09 17:54:10+00:00
1,13,175,49,88,24.25,7530.77,89.20000000000005,2.827,0.0,175,543546535,223165638,2025-08-09 17:54:14+00:00
1,13,175,49,86,19.59,7544.69,90.0,2.827,0.0,175,543546991,223163573,2025-08-09 17:54:19+00:00
1,2,174,49,86,19.0,7555.56,90.0,2.827,0.0,174,543547287,223161988,2025-08-09 17:54:23+00:00
1,2,174,49,87,20.98,7567.04,90.60000000000002,2.818,0.5,174,543547550,223160301,2025-08-09 17:54:27+00:00
1,1,175,49,87,18.73,7581.32,91.79999999999995,2.827,0.0,175,543548157,223158277,2025-08-09 17:54:32+00:00
1,1,175,49,88,19.78,7589.53,91.60000000000002,2.827,0.0,175,543548327,223157104,2025-08-09 17:54:35+00:00
1,1,176,49,87,20.6,7600.11,90.39999999999998,2.818,0.5,176,543548634,223155474,2025-08-09 17:54:39+00:00
1,2,177,49,88,21.4,7612.27,90.39999999999998,2.818,0.0,177,543549237,223153881,2025-08-09 17:54:43+00:00
1,2,177,49,86,22.68,7622.51,89.39999999999998,2.837,0.5,177,543549702,223152461,2025-08-09 17:54:47+00:00
1,8,177,49,88,22.77,7635.94,89.60000000000002,2.79,0.0,177,543550262,223150612,2025-08-09 17:54:52+00:00
1,11,177,49,87,20.76,7647.57,88.79999999999995,2.781,0.0,177,543550576,223148893,2025-08-09 17:54:56+00:00
1,12,177,49,87,17.04,7662.39,89.0,2.809,0.0,177,543551122,223146776,2025-08-09 17:55:01+00:00
1,17,177,49,88,21.19,7677.03,89.20000000000005,2.827,0.0,177,543551816,223144842,2025-08-09 17:55:06+00:00
1,18,176,49,88,22.94,7688.18,89.39999999999998,2.827,0.0,176,543552345,223143252,2025-08-09 17:55:10+00:00
1,15,176,49,86,22.94,7703.29,90.39999999999998,2.837,0.5,176,543553023,223141210,2025-08-09 17:55:15+00:00
1,15,176,49,87,22.94,7712.68,90.60000000000002,2.865,0.5,176,543553556,223139983,2025-08-09 17:55:18+00:00
1,8,178,49,87,20.14,7723.55,90.60000000000002,2.865,0.0,178,543554095,223138520,2025-08-09 17:55:22+00:00
1,4,177,49,87,21.5,7734.98,90.0,2.855,0.0,177,543554779,223137121,2025-08-09 17:55:26+00:00
1,4,177,49,88,22.55,7743.38,90.79999999999995,2.865,0.0,177,543555253,223135946,2025-08-09 17:55:29+00:00
1,10,177,49,87,21.35,7751.84,90.39999999999998,2.855,0.0,177,543555665,223134851,2025-08-09 17:55:32+00:00
1,10,177,49,87,21.3,7762.6,91.0,2.846,0.0,177,543556254,223133449,2025-08-09 17:55:36+00:00
1,17,177,49,86,20.6,7776.21,90.79999999999995,2.827,0.0,177,543557031,223131701,2025-08-09 17:55:41+00:00
1,23,177,49,87,20.6,7790.05,91.60000000000002,2.818,0.5,177,543557983,223130112,2025-08-09 17:55:46+00:00
1,25,177,49,89,25.32,7800.79,92.0,2.809,0.0,177,543558735,223128910,2025-08-09 17:55:50+00:00
1,26,176,49,87,23.87,7811.46,92.60000000000002,2.753,0.5,176,543559421,223127520,2025-08-09 17:55:54+00:00
1,11,175,49,88,8.0,7823.45,93.20000000000005,2.771,0.0,175,543560068,223125943,2025-08-09 17:55:58+00:00
1,11,175,49,87,22.23,7835.95,93.0,2.818,0.0,175,543560699,223124290,2025-08-09 17:56:02+00:00
1,6,176,49,87,22.23,7849.42,93.20000000000005,2.818,0.0,176,543561383,223122531,2025-08-09 17:56:07+00:00
1,9,176,49,88,22.23,7860.38,93.20000000000005,2.809,0.0,176,543561961,223120970,2025-08-09 17:56:11+00:00
1,13,176,49,87,22.23,7868.8,92.60000000000002,2.809,0.0,176,543562359,223119887,2025-08-09 17:56:14+00:00
1,17,176,49,87,22.23,7883.66,92.39999999999998,2.827,0.0,176,543562972,223117843,2025-08-09 17:56:19+00:00
1,21,175,49,86,22.23,7893.01,92.20000000000005,2.799,0.0,175,543563653,223116763,2025-08-09 17:56:24+00:00
1,10,173,49,55,22.23,7896.11,92.0,2.239,0.0,173,543563810,223116285,2025-08-09 17:56:28+00:00
1,3,172,49,55,22.23,7896.83,92.0,1.297,0.0,172,543563812,223116204,2025-08-09 17:56:29+00:00
1,2,171,49,55,20.43,7902.25,92.79999999999995,1.036,0.5,171,543564134,223115437,2025-08-09 17:56:35+00:00
1,1,171,49,54,22.32,7910.69,91.20000000000005,1.278,0.0,171,543564545,223114214,2025-08-09 17:56:42+00:00
1,1,169,49,55,34.13,7918.52,91.39999999999998,1.456,0.5,169,543565097,223113347,2025-08-09 17:56:47+00:00
1,1,166,49,56,25.45,7922.33,90.79999999999995,1.418,0.5,166,543565395,223112867,2025-08-09 17:56:50+00:00
1,1,165,49,56,25.45,7922.65,91.20000000000005,1.4,0.5,165,543565366,223112963,2025-08-09 17:56:51+00:00
1,1,165,49,111,25.45,7924.24,91.39999999999998,1.39,0.0,165,543565570,223112804,2025-08-09 17:56:52+00:00
1,1,165,49,111,25.45,7925.42,91.39999999999998,1.446,0.0,165,543565570,223112492,2025-08-09 17:56:54+00:00
1,1,165,49,111,25.45,7927.44,91.0,1.428,0.0,165,543565660,223112121,2025-08-09 17:56:56+00:00
1,1,166,49,0,19.53,7935.02,91.39999999999998,1.568,0.0,166,543566142,223111308,2025-08-09 17:57:01+00:00
1,1,163,49,0,20.08,7941.95,91.20000000000005,1.568,0.0,163,543566451,223110406,2025-08-09 17:57:06+00:00
1,1,160,49,0,19.9,7945.64,90.79999999999995,1.222,0.0,160,543566717,223109910,2025-08-09 17:57:08+00:00
1,1,158,49,0,28.79,7949.92,91.0,1.652,0.0,158,543566913,223109316,2025-08-09 17:57:11+00:00
1,1,157,49,58,22.94,7952.37,91.39999999999998,1.437,0.5,157,543567087,223109073,2025-08-09 17:57:14+00:00
1,1,157,49,58,24.06,7954.48,91.60000000000002,0.784,0.5,157,543567086,223108842,2025-08-09 17:57:16+00:00
1,2,156,49,76,24.32,7961.7,91.79999999999995,1.885,0.5,156,543567042,223107647,2025-08-09 17:57:19+00:00
1,1,155,49,85,16.95,7976.05,91.60000000000002,2.809,0.0,155,543567577,223105586,2025-08-09 17:57:24+00:00
1,2,154,49,87,15.88,7981.38,91.20000000000005,2.855,0.0,154,543567597,223104783,2025-08-09 17:57:26+00:00
1,2,154,49,87,18.08,7986.66,91.39999999999998,2.641,0.0,154,543567667,223104038,2025-08-09 17:57:28+00:00
1,1,155,49,87,19.53,7989.2,91.60000000000002,2.641,0.0,155,543567859,223103660,2025-08-09 17:57:29+00:00
1,0,158,49,85,20.02,7997.8,92.39999999999998,2.613,0.0,158,543568329,223102547,2025-08-09 17:57:32+00:00
1,0,159,49,87,20.26,8004.52,92.60000000000002,2.725,0.0,159,543568785,223101777,2025-08-09 17:57:34+00:00
1,0,160,49,87,19.27,8010.62,92.79999999999995,2.827,0.0,160,543569196,223101029,2025-08-09 17:57:36+00:00
1,1,161,49,87,23.48,8022.31,92.79999999999995,2.902,0.0,161,543569921,223099562,2025-08-09 17:57:40+00:00
1,3,162,49,86,21.04,8030.81,92.39999999999998,2.921,0.5,162,543570278,223098412,2025-08-09 17:57:43+00:00
1,3,162,49,87,19.07,8045.9,91.79999999999995,2.967,0.0,162,543571163,223096560,2025-08-09 17:57:48+00:00
1,1,165,49,88,19.27,8054.65,92.0,2.921,0.0,165,543571661,223095383,2025-08-09 17:57:51+00:00
1,1,165,49,87,19.4,8062.53,91.60000000000002,2.893,0.0,165,543572073,223094385,2025-08-09 17:57:54+00:00
1,2,167,49,87,8.0,8076.17,92.60000000000002,2.846,0.0,167,543572911,223092680,2025-08-09 17:57:59+00:00
1,2,168,48,88,8.0,8085.84,93.20000000000005,2.865,0.5,168,543573558,223091452,2025-08-09 17:58:02+00:00
1,2,169,48,89,8.0,8093.82,92.39999999999998,2.883,0.0,169,543573886,223090435,2025-08-09 17:58:05+00:00
1,2,169,48,86,18.37,8104.94,92.60000000000002,2.818,0.0,169,543574563,223088935,2025-08-09 17:58:09+00:00
1,2,169,48,87,19.4,8112.62,92.60000000000002,2.818,0.0,169,543574919,223087954,2025-08-09 17:58:12+00:00
1,4,170,48,87,18.01,8126.3,92.20000000000005,2.79,0.0,170,543575600,223086112,2025-08-09 17:58:17+00:00
1,3,171,48,87,18.52,8134.91,92.60000000000002,2.79,0.0,171,543576226,223085064,2025-08-09 17:58:20+00:00
1,3,171,48,86,17.12,8137.39,92.60000000000002,2.79,0.0,171,543576268,223084732,2025-08-09 17:58:21+00:00
1,3,172,48,87,17.29,8143.26,92.60000000000002,2.79,0.5,172,543576619,223083997,2025-08-09 17:58:23+00:00
1,3,172,48,89,17.04,8155.12,92.39999999999998,2.809,0.0,172,543577314,223082461,2025-08-09 17:58:27+00:00
1,4,173,48,88,20.31,8168.92,91.79999999999995,2.809,0.5,173,543578059,223080606,2025-08-09 17:58:32+00:00
1,4,173,48,86,19.33,8180.37,91.79999999999995,2.809,0.5,173,543578674,223079166,2025-08-09 17:58:36+00:00
1,4,173,48,88,20.43,8189.39,91.79999999999995,2.818,0.5,173,543579197,223077999,2025-08-09 17:58:39+00:00
1,2,173,48,86,16.7,8203.82,92.60000000000002,2.827,0.5,173,543580103,223076238,2025-08-09 17:58:44+00:00
1,2,173,48,87,19.33,8209.08,92.60000000000002,2.827,0.0,173,543580453,223075540,2025-08-09 17:58:46+00:00
1,2,173,48,87,19.33,8211.74,92.79999999999995,2.827,0.0,173,543580560,223075220,2025-08-09 17:58:47+00:00
1,2,173,48,87,19.33,8220.85,91.79999999999995,2.818,0.5,173,543581047,223073955,2025-08-09 17:58:50+00:00
1,2,173,48,87,20.76,8232.0,91.60000000000002,2.837,0.0,173,543581623,223072510,2025-08-09 17:58:54+00:00
1,2,174,48,87,8.0,8244.03,92.20000000000005,2.837,0.5,174,543582282,223070986,2025-08-09 17:58:58+00:00
1,3,174,48,89,20.71,8253.1,92.20000000000005,2.846,0.0,174,543582824,223069738,2025-08-09 17:59:01+00:00
1,3,174,48,89,20.37,8261.72,92.20000000000005,2.865,0.0,174,543583140,223068553,2025-08-09 17:59:04+00:00
1,2,174,48,88,20.76,8278.39,92.79999999999995,2.865,0.0,174,543583999,223066344,2025-08-09 17:59:10+00:00
1,2,175,48,87,20.31,8287.05,92.60000000000002,2.855,0.5,175,543584391,223065144,2025-08-09 17:59:13+00:00
1,2,175,48,89,22.41,8296.19,92.79999999999995,2.865,0.0,175,543584778,223063830,2025-08-09 17:59:16+00:00
1,2,175,48,88,20.2,8304.09,92.20000000000005,2.865,0.5,175,543584983,223062679,2025-08-09 17:59:19+00:00
1,2,175,48,88,18.23,8318.1,91.39999999999998,2.846,0.5,175,543585115,223060564,2025-08-09 17:59:24+00:00
1,2,177,48,86,19.2,8327.36,92.0,2.846,0.5,177,543585363,223059117,2025-08-09 17:59:27+00:00
1,2,177,48,87,17.54,8336.05,91.79999999999995,2.865,0.0,177,543585530,223057879,2025-08-09 17:59:30+00:00
1,7,178,48,87,18.73,8350.21,92.60000000000002,2.874,0.0,178,543585968,223055831,2025-08-09 17:59:35+00:00
1,7,178,48,88,19.95,8359.17,92.39999999999998,2.865,0.0,178,543586386,223054553,2025-08-09 17:59:38+00:00
1,7,178,48,86,18.08,8367.7,92.39999999999998,2.865,0.5,178,543586638,223053343,2025-08-09 17:59:41+00:00
1,17,178,48,88,18.08,8382.38,92.20000000000005,2.874,0.0,178,543587116,223051233,2025-08-09 17:59:46+00:00
1,21,179,48,88,19.07,8394.04,92.39999999999998,2.874,0.5,179,543587462,223049549,2025-08-09 17:59:50+00:00
1,23,179,48,88,17.7,8402.88,91.79999999999995,2.883,0.0,179,543587676,223048184,2025-08-09 17:59:53+00:00
1,27,179,48,87,8.0,8417.01,91.60000000000002,2.893,0.0,179,543588011,223046097,2025-08-09 17:59:58+00:00
1,10,177,48,87,20.49,8428.23,91.39999999999998,2.874,0.0,177,543588348,223044403,2025-08-09 18:00:02+00:00
1,10,177,48,88,18.23,8436.42,91.60000000000002,2.865,0.5,177,543588440,223043202,2025-08-09 18:00:05+00:00
1,2,177,48,88,18.52,8447.83,91.60000000000002,2.865,0.0,177,543588700,223041521,2025-08-09 18:00:09+00:00
1,3,177,48,89,16.53,8462.11,91.79999999999995,2.855,0.0,177,543589072,223039428,2025-08-09 18:00:14+00:00
1,6,176,48,88,20.2,8471.53,91.39999999999998,2.855,0.5,176,543589291,223037976,2025-08-09 18:00:17+00:00
1,2,176,48,88,19.4,8479.88,91.20000000000005,2.874,0.5,176,543589220,223036765,2025-08-09 18:00:20+00:00
1,1,177,48,88,20.26,8491.26,91.39999999999998,2.874,0.5,177,543589319,223035058,2025-08-09 18:00:24+00:00
1,4,177,48,89,17.29,8507.85,91.79999999999995,2.855,0.0,177,543589376,223032459,2025-08-09 18:00:30+00:00
1,4,178,48,87,19.78,8519.08,92.20000000000005,2.855,0.5,178,543589349,223030827,2025-08-09 18:00:34+00:00
1,6,178,48,86,16.53,8533.22,91.79999999999995,2.827,0.5,178,543589383,223028616,2025-08-09 18:00:39+00:00
1,8,178,48,88,19.33,8547.72,92.20000000000005,2.846,0.0,178,543589398,223026459,2025-08-09 18:00:44+00:00
1,8,178,48,87,18.08,8559.29,91.79999999999995,2.846,0.0,178,543589429,223024676,2025-08-09 18:00:48+00:00
1,8,178,48,86,20.49,8573.6,91.39999999999998,2.846,0.5,178,543589670,223022479,2025-08-09 18:00:53+00:00
1,8,178,48,88,22.59,8583.98,90.79999999999995,2.837,0.0,178,543589463,223020908,2025-08-09 18:00:57+00:00
1,10,178,48,88,22.77,8598.44,91.60000000000002,2.827,0.5,178,543589299,223018718,2025-08-09 18:01:02+00:00
1,14,177,48,87,30.84,8612.71,92.0,2.818,0.0,177,543589295,223016487,2025-08-09 18:01:07+00:00
1,15,178,48,87,17.7,8622.2,92.60000000000002,2.837,0.5,178,543589144,223015120,2025-08-09 18:01:10+00:00
1,15,177,48,88,23.6,8631.05,92.20000000000005,2.865,0.5,177,543588955,223013726,2025-08-09 18:01:13+00:00
1,15,177,48,87,20.76,8639.67,92.39999999999998,2.865,0.0,177,543588719,223012491,2025-08-09 18:01:16+00:00
1,15,177,48,88,23.84,8654.24,92.79999999999995,2.874,0.0,177,543588475,223010357,2025-08-09 18:01:21+00:00
1,15,177,48,88,17.37,8665.45,93.39999999999998,2.874,0.5,177,543588316,223008692,2025-08-09 18:01:25+00:00
1,21,177,48,87,18.52,8681.99,93.20000000000005,2.855,0.5,177,543588039,223006153,2025-08-09 18:01:31+00:00
1,23,177,48,89,19.7,8693.94,93.39999999999998,2.855,0.0,177,543587870,223004294,2025-08-09 18:01:35+00:00
1,25,177,48,87,22.94,8702.6,93.20000000000005,2.865,0.5,177,543587704,223003052,2025-08-09 18:01:38+00:00
1,29,177,48,89,19.95,8713.97,92.79999999999995,2.865,0.0,177,543587421,223001352,2025-08-09 18:01:42+00:00
1,31,177,48,87,20.76,8722.46,93.39999999999998,2.865,0.5,177,543587199,223000034,2025-08-09 18:01:45+00:00
1,34,177,48,88,17.85,8731.74,94.39999999999998,2.855,0.0,177,543587279,222998662,2025-08-09 18:01:48+00:00
1,36,178,48,88,18.23,8737.99,95.0,2.874,0.0,178,543587481,222997786,2025-08-09 18:01:50+00:00
1,36,177,48,86,20.65,8745.67,94.39999999999998,2.874,0.0,177,543587540,222996582,2025-08-09 18:01:53+00:00
1,36,177,48,88,21.95,8757.32,94.20000000000005,2.874,0.0,177,543587557,222994793,2025-08-09 18:01:57+00:00
1,35,176,47,86,25.61,8768.03,94.39999999999998,2.865,0.0,176,543587526,222993172,2025-08-09 18:02:01+00:00
1,36,177,47,87,22.59,8779.12,94.20000000000005,2.846,0.0,177,543587282,222991507,2025-08-09 18:02:05+00:00
1,40,176,47,87,29.52,8793.11,93.60000000000002,2.837,0.0,176,543586921,222989395,2025-08-09 18:02:10+00:00
1,41,176,47,88,22.81,8802.25,93.60000000000002,2.837,0.0,176,543586810,222988081,2025-08-09 18:02:13+00:00
1,41,176,47,88,23.07,8816.66,94.20000000000005,2.855,0.0,176,543586619,222985956,2025-08-09 18:02:18+00:00
1,40,175,47,87,27.24,8824.69,93.60000000000002,2.855,0.0,175,543586497,222984665,2025-08-09 18:02:21+00:00
1,40,175,47,88,22.9,8833.66,93.60000000000002,2.837,0.5,175,543586283,222983328,2025-08-09 18:02:24+00:00
1,40,175,47,87,22.41,8848.02,93.79999999999995,2.855,0.5,175,543586001,222981216,2025-08-09 18:02:29+00:00
1,40,175,47,89,23.36,8862.71,95.20000000000005,2.855,0.0,175,543585827,222979008,2025-08-09 18:02:34+00:00
1,40,175,47,87,25.06,8871.19,95.0,2.855,0.5,175,543585698,222977795,2025-08-09 18:02:37+00:00
1,26,176,47,88,31.57,8879.1,94.79999999999995,2.855,0.0,176,543585500,222976536,2025-08-09 18:02:40+00:00
1,26,175,47,87,29.07,8890.81,95.20000000000005,2.855,0.5,175,543585417,222974771,2025-08-09 18:02:44+00:00
1,28,176,47,89,23.28,8908.24,96.39999999999998,2.855,0.0,176,543585303,222972136,2025-08-09 18:02:50+00:00
1,32,176,47,87,28.61,8917.29,95.79999999999995,2.855,0.0,176,543585059,222970691,2025-08-09 18:02:53+00:00
1,33,175,47,87,20.6,8926.56,95.60000000000002,2.874,0.0,175,543584793,222969415,2025-08-09 18:02:56+00:00
1,35,175,47,88,22.86,8937.84,95.0,2.883,0.0,175,543584598,222967697,2025-08-09 18:03:00+00:00
1,36,176,47,87,22.27,8952.54,94.39999999999998,2.893,0.5,176,543584344,222965502,2025-08-09 18:03:05+00:00
1,36,176,47,89,22.9,8965.28,94.0,2.874,0.0,176,543584228,222963591,2025-08-09 18:03:10+00:00
1,36,176,47,88,21.45,8973.24,94.39999999999998,2.855,0.5,176,543584116,222962392,2025-08-09 18:03:13+00:00
1,35,177,47,88,22.37,8984.99,93.79999999999995,2.837,0.5,177,543583935,222960598,2025-08-09 18:03:17+00:00
1,30,175,47,86,25.02,8998.71,94.0,2.827,0.0,175,543583768,222958530,2025-08-09 18:03:22+00:00
1,30,175,47,89,25.09,9004.38,94.0,2.837,0.0,175,543583681,222957657,2025-08-09 18:03:24+00:00
1,29,175,47,89,24.32,9010.17,94.0,2.837,0.0,175,543583581,222956789,2025-08-09 18:03:26+00:00
1,28,175,47,86,0.0,9019.36,94.0,2.855,0.0,175,543583450,222955356,2025-08-09 18:03:29+00:00
1,28,176,47,86,0.0,9030.79,94.60000000000002,2.855,0.5,176,543583232,222953657,2025-08-09 18:03:33+00:00
1,30,175,47,89,0.0,9044.96,94.79999999999995,2.865,0.0,175,543582996,222951546,2025-08-09 18:03:38+00:00
1,35,176,47,87,0.0,9054.51,94.60000000000002,2.827,0.0,176,543582856,222950025,2025-08-09 18:03:42+00:00
1,38,176,47,88,0.0,9069.21,94.79999999999995,2.799,0.5,176,543582582,222947815,2025-08-09 18:03:47+00:00
1,36,177,47,88,0.0,9084.77,95.20000000000005,2.818,0.5,177,543582307,222945563,2025-08-09 18:03:52+00:00
1,36,177,47,87,0.0,9098.37,95.60000000000002,2.837,0.5,177,543582050,222943450,2025-08-09 18:03:57+00:00
1,42,177,47,88,0.0,9115.01,95.20000000000005,2.827,0.0,177,543581801,222940971,2025-08-09 18:04:03+00:00
1,44,178,47,87,0.0,9126.64,96.0,2.827,0.5,178,543581679,222939174,2025-08-09 18:04:07+00:00
1,46,177,47,85,0.0,9138.66,95.39999999999998,2.837,0.5,177,543581514,222937325,2025-08-09 18:04:11+00:00
1,47,177,47,87,0.0,9157.16,95.60000000000002,2.883,0.0,177,543581311,222934557,2025-08-09 18:04:17+00:00
1,47,177,47,88,0.0,9168.77,95.60000000000002,2.902,0.5,177,543581247,222932799,2025-08-09 18:04:21+00:00
1,47,177,47,87,0.0,9179.92,94.60000000000002,2.902,0.0,177,543581036,222931103,2025-08-09 18:04:25+00:00
1,47,177,47,89,0.0,9190.29,94.39999999999998,2.883,0.5,177,543580856,222929503,2025-08-09 18:04:29+00:00
1,47,177,47,89,0.0,9199.49,94.39999999999998,2.846,0.0,177,543580708,222928135,2025-08-09 18:04:32+00:00
1,47,177,47,87,0.0,9205.1,94.60000000000002,2.874,0.5,177,543580513,222927330,2025-08-09 18:04:34+00:00
1,47,177,47,88,0.0,9216.14,94.79999999999995,2.855,0.0,177,543580227,222925711,2025-08-09 18:04:38+00:00
1,47,177,47,87,0.0,9231.04,95.0,2.846,0.0,177,543580087,222923435,2025-08-09 18:04:43+00:00
1,47,178,47,87,0.0,9242.34,94.60000000000002,2.874,0.0,178,543579976,222921723,2025-08-09 18:04:47+00:00
1,36,180,47,87,0.0,9256.48,94.39999999999998,2.865,0.0,180,543579749,222919594,2025-08-09 18:04:52+00:00
1,36,179,47,86,0.0,9267.51,93.79999999999995,2.855,0.5,179,543579589,222917932,2025-08-09 18:04:56+00:00
1,31,180,47,88,0.0,9278.82,93.39999999999998,2.846,0.0,180,543579411,222916222,2025-08-09 18:05:00+00:00
1,21,178,46,89,0.0,9297.24,94.0,2.874,0.5,178,543579000,222913507,2025-08-09 18:05:06+00:00
1,14,179,46,87,0.0,9308.89,94.60000000000002,2.902,0.5,179,543578759,222911782,2025-08-09 18:05:10+00:00
1,16,179,46,87,0.0,9318.54,94.20000000000005,2.921,0.5,179,543578475,222910424,2025-08-09 18:05:13+00:00
1,13,180,46,87,0.0,9331.81,95.20000000000005,2.883,0.5,180,543578422,222908342,2025-08-09 18:05:18+00:00
1,13,180,46,88,0.0,9342.52,95.79999999999995,2.883,0.0,180,543578245,222906678,2025-08-09 18:05:22+00:00
1,5,178,46,88,0.0,9362.3,95.39999999999998,2.855,0.0,178,543578032,222903709,2025-08-09 18:05:29+00:00
1,5,178,46,88,0.0,9377.49,94.60000000000002,2.874,0.0,178,543577958,222901450,2025-08-09 18:05:34+00:00
1,5,178,46,90,0.0,9386.52,94.20000000000005,2.883,0.0,178,543577915,222900023,2025-08-09 18:05:37+00:00
1,5,178,46,88,0.0,9397.21,93.39999999999998,2.855,0.0,178,543577813,222898351,2025-08-09 18:05:41+00:00
1,8,178,46,88,0.0,9408.2,93.39999999999998,2.837,0.0,178,543577642,222896721,2025-08-09 18:05:45+00:00
1,12,178,46,89,0.0,9423.99,94.0,2.855,0.0,178,543577662,222894305,2025-08-09 18:05:50+00:00
1,15,178,46,87,0.0,9433.02,93.39999999999998,2.883,0.0,178,543577492,222892982,2025-08-09 18:05:53+00:00
1,18,178,46,88,0.0,9444.91,93.39999999999998,2.902,0.0,178,543577500,222891092,2025-08-09 18:05:57+00:00
1,20,178,46,86,0.0,9452.91,93.79999999999995,2.911,0.0,178,543577458,222889754,2025-08-09 18:06:00+00:00
1,3,154,46,0,,9452.91,92.20000000000005,0.0,0.0,154,543577861,222889448,2025-08-09 18:07:20+00:00
1,3,154,46,0,0.0,9453.81,92.20000000000005,0.0,0.0,154,543577718,222889549,2025-08-09 18:07:21+00:00
1,3,153,46,0,32.37,9461.38,91.0,1.745,0.0,153,543576848,222889409,2025-08-09 18:07:24+00:00
1,3,153,46,84,31.88,9472.85,91.20000000000005,2.976,0.5,153,543575711,222888654,2025-08-09 18:07:28+00:00
1,14,153,46,87,30.96,9486.43,91.0,2.827,0.0,153,543574517,222887580,2025-08-09 18:07:33+00:00
1,16,154,46,87,37.5,9496.86,91.20000000000005,2.687,0.5,154,543573421,222887343,2025-08-09 18:07:37+00:00
1,13,155,46,85,30.86,9512.12,91.0,2.603,0.0,155,543571685,222887622,2025-08-09 18:07:43+00:00
1,16,156,46,86,30.61,9527.25,92.0,2.687,0.5,156,543570135,222887880,2025-08-09 18:07:48+00:00
1,13,158,46,86,18.37,9538.04,92.0,2.706,0.0,158,543568986,222887993,2025-08-09 18:07:52+00:00
1,4,161,46,86,18.37,9540.82,92.0,2.706,0.0,161,543568692,222888000,2025-08-09 18:07:53+00:00
1,2,163,46,86,23.56,9552.53,91.79999999999995,2.753,0.0,163,543567421,222888207,2025-08-09 18:07:57+00:00
1,1,165,46,87,24.5,9563.22,91.60000000000002,2.771,0.0,165,543566242,222888394,2025-08-09 18:08:01+00:00
1,1,166,46,86,17.62,9571.07,91.39999999999998,2.753,0.5,166,543565464,222888220,2025-08-09 18:08:04+00:00
1,1,166,46,86,16.95,9573.43,91.79999999999995,2.753,0.5,166,543565365,222887861,2025-08-09 18:08:05+00:00
1,1,166,46,86,21.5,9576.93,92.20000000000005,2.734,0.5,166,543565382,222887278,2025-08-09 18:08:06+00:00
1,1,167,46,86,22.41,9583.54,92.20000000000005,2.753,0.0,167,543565360,222886328,2025-08-09 18:08:08+00:00
1,1,169,46,86,21.25,9594.48,92.39999999999998,2.781,0.0,169,543565468,222884696,2025-08-09 18:08:12+00:00
1,1,170,46,86,24.32,9603.32,93.0,2.79,0.0,170,543565694,222883321,2025-08-09 18:08:15+00:00
1,1,170,46,86,19.0,9614.28,93.60000000000002,2.799,0.0,170,543565964,222881716,2025-08-09 18:08:19+00:00
1,1,171,46,88,20.31,9628.54,93.20000000000005,2.809,0.0,171,543566427,222879676,2025-08-09 18:08:24+00:00
1,1,173,46,87,15.17,9640.47,93.60000000000002,2.818,0.5,173,543566719,222877918,2025-08-09 18:08:28+00:00
1,1,173,46,88,21.75,9653.61,93.60000000000002,2.809,0.0,173,543566677,222875878,2025-08-09 18:08:33+00:00
1,2,173,46,89,23.4,9667.25,93.79999999999995,2.809,0.0,173,543566542,222873868,2025-08-09 18:08:38+00:00
1,2,175,46,87,21.75,9677.75,94.60000000000002,2.799,0.5,175,543566661,222872295,2025-08-09 18:08:42+00:00
1,3,177,46,88,20.93,9685.92,94.79999999999995,2.79,0.0,177,543566665,222870931,2025-08-09 18:08:45+00:00
1,5,178,46,87,22.09,9696.86,95.0,2.781,0.5,178,543566441,222869317,2025-08-09 18:08:49+00:00
1,11,179,46,88,22.09,9714.0,96.20000000000005,2.79,0.0,179,543566580,222866801,2025-08-09 18:08:55+00:00
1,11,179,46,87,8.0,9721.48,96.60000000000002,2.781,0.5,179,543566570,222865574,2025-08-09 18:08:58+00:00
1,16,180,46,86,24.06,9734.94,97.20000000000005,2.762,0.5,180,543566480,222863527,2025-08-09 18:09:03+00:00
1,21,181,46,87,19.84,9746.5,97.39999999999998,2.771,0.0,181,543566307,222861852,2025-08-09 18:09:07+00:00
1,22,181,46,86,18.01,9753.51,97.60000000000002,2.753,0.5,181,543566210,222860818,2025-08-09 18:09:10+00:00
1,19,180,46,88,13.82,9763.22,98.60000000000002,2.743,0.0,180,543566171,222859303,2025-08-09 18:09:14+00:00
1,11,178,46,86,13.69,9772.9,100.20000000000005,2.715,0.5,178,543566204,222857874,2025-08-09 18:09:18+00:00
1,13,178,46,87,15.17,9782.6,102.60000000000002,2.697,0.0,178,543566114,222856261,2025-08-09 18:09:22+00:00
1,15,178,46,87,18.52,9797.29,104.39999999999998,2.687,0.5,178,543566034,222853905,2025-08-09 18:09:27+00:00
1,15,176,46,88,24.1,9818.04,108.0,2.715,0.0,176,543565806,222850844,2025-08-09 18:09:34+00:00
1,11,175,46,86,20.82,9837.43,109.0,2.715,0.5,175,543565605,222847850,2025-08-09 18:09:40+00:00
1,11,175,46,88,25.89,9853.34,107.0,2.799,0.0,175,543565414,222845562,2025-08-09 18:09:45+00:00
1,11,175,46,88,21.5,9868.44,106.20000000000005,2.921,0.0,175,543565408,222843372,2025-08-09 18:09:50+00:00
1,11,175,46,89,18.01,9877.63,105.0,2.893,0.0,175,543565281,222841983,2025-08-09 18:09:53+00:00
1,11,175,46,88,8.0,9891.01,104.20000000000005,2.781,0.0,175,543565447,222839920,2025-08-09 18:09:58+00:00
1,15,176,46,87,17.7,9901.81,102.60000000000002,2.818,0.5,176,543565644,222838303,2025-08-09 18:10:02+00:00
1,16,176,46,89,35.27,9913.53,102.39999999999998,2.818,0.0,176,543565817,222836504,2025-08-09 18:10:06+00:00
1,20,176,46,89,16.16,9929.57,100.0,3.07,0.5,176,543565866,222834096,2025-08-09 18:10:11+00:00
1,23,176,46,87,14.41,9943.53,99.20000000000005,2.958,0.5,176,543566116,222832008,2025-08-09 18:10:16+00:00
1,20,177,46,88,8.29,9946.83,99.39999999999998,2.948,0.5,177,543566391,222831633,2025-08-09 18:10:17+00:00
1,13,177,46,89,22.94,9957.07,99.79999999999995,3.004,0.0,177,543567141,222830596,2025-08-09 18:10:20+00:00
1,15,177,46,87,31.94,9971.99,99.20000000000005,3.032,0.0,177,543568312,222829112,2025-08-09 18:10:25+00:00
1,16,178,46,85,35.81,9984.29,98.0,3.023,0.5,178,543569303,222827911,2025-08-09 18:10:29+00:00
1,11,176,46,87,29.42,9997.25,96.39999999999998,3.06,0.0,176,543570534,222826866,2025-08-09 18:10:33+00:00
1,11,176,46,87,0.0,10002.94,96.20000000000005,3.06,0.0,176,543571189,222826557,2025-08-09 18:10:35+00:00
1,11,176,46,87,0.0,10003.22,95.79999999999995,3.06,0.0,176,543571177,222826654,2025-08-09 18:10:36+00:00
1,1,147,45,0,655.14,10003.49,95.20000000000005,0.0,0.0,147,543570366,222827844,2025-08-09 18:13:10+00:00
1,1,147,45,0,0.0,10005.1,95.0,0.0,0.0,147,543570470,222827544,2025-08-09 18:13:11+00:00
1,1,146,45,0,0.0,10010.33,95.0,0.0,0.0,146,543570969,222827029,2025-08-09 18:13:13+00:00
1,1,148,45,85,0.0,10023.38,95.60000000000002,3.163,0.0,148,543571976,222825726,2025-08-09 18:13:17+00:00
1,0,149,45,84,0.0,10033.41,95.39999999999998,2.715,0.0,149,543572719,222824739,2025-08-09 18:13:21+00:00
1,1,150,45,85,0.0,10043.58,95.39999999999998,2.482,0.5,150,543573556,222823666,2025-08-09 18:13:25+00:00
1,1,149,45,85,0.0,10054.43,95.60000000000002,2.585,0.0,149,543574510,222822685,2025-08-09 18:13:29+00:00
1,2,150,45,86,0.0,10056.83,95.79999999999995,2.585,0.0,150,543574658,222822466,2025-08-09 18:13:30+00:00
1,3,151,45,88,0.0,10068.03,95.79999999999995,2.613,0.0,151,543575582,222821493,2025-08-09 18:13:34+00:00
1,1,154,45,86,0.0,10076.41,97.20000000000005,2.669,0.0,154,543576083,222820460,2025-08-09 18:13:37+00:00
1,0,155,45,86,0.0,10079.11,97.20000000000005,2.687,0.5,155,543576325,222820390,2025-08-09 18:13:38+00:00
1,1,157,45,84,0.0,10088.04,96.60000000000002,2.585,0.0,157,543577342,222820538,2025-08-09 18:13:42+00:00
1,0,159,45,84,0.0,10099.24,97.39999999999998,2.65,0.5,159,543578390,222821184,2025-08-09 18:13:46+00:00
1,2,161,45,84,0.0,10107.95,98.60000000000002,2.613,0.0,161,543579194,222821542,2025-08-09 18:13:50+00:00
1,5,162,45,81,0.0,10118.61,101.0,2.557,0.5,162,543580355,222821722,2025-08-09 18:13:55+00:00
1,7,164,45,81,0.0,10129.95,103.79999999999995,2.398,0.5,164,543581730,222821805,2025-08-09 18:14:00+00:00
1,5,165,45,83,0.0,10142.32,107.20000000000005,2.426,0.5,165,543583108,222822268,2025-08-09 18:14:05+00:00
1,6,165,45,84,0.0,10159.04,109.39999999999998,2.641,0.0,165,543584923,222822764,2025-08-09 18:14:10+00:00
1,5,166,45,86,0.0,10179.88,106.20000000000005,2.986,0.0,166,543587057,222823492,2025-08-09 18:14:16+00:00
1,7,167,45,86,0.0,10184.1,106.20000000000005,2.986,0.0,167,543587329,222823572,2025-08-09 18:14:17+00:00
1,9,168,45,86,0.0,10193.75,102.39999999999998,2.697,0.0,168,543588279,222823140,2025-08-09 18:14:21+00:00
1,9,168,45,84,0.0,10200.68,101.0,2.305,0.0,168,543588580,222822260,2025-08-09 18:14:25+00:00
1,9,168,45,84,0.0,10203.21,100.60000000000002,2.239,0.0,168,543588900,222822243,2025-08-09 18:14:26+00:00
1,12,169,45,84,0.0,10211.42,99.60000000000002,2.426,0.5,169,543589765,222822258,2025-08-09 18:14:29+00:00
1,9,170,45,84,0.0,10219.55,97.20000000000005,2.529,0.0,170,543590680,222822395,2025-08-09 18:14:32+00:00
1,9,170,45,87,0.0,10230.77,96.20000000000005,2.603,0.0,170,543591808,222822617,2025-08-09 18:14:36+00:00
1,16,171,45,84,0.0,10242.48,96.20000000000005,2.659,0.0,171,543592971,222823149,2025-08-09 18:14:40+00:00
1,16,171,45,86,0.0,10250.47,96.0,2.743,0.5,171,543593772,222823396,2025-08-09 18:14:43+00:00
1,16,171,45,86,0.0,10252.87,95.39999999999998,2.743,0.5,171,543594052,222823553,2025-08-09 18:14:44+00:00
1,23,173,45,87,0.0,10266.17,93.79999999999995,2.613,0.0,173,543595462,222824224,2025-08-09 18:14:49+00:00
1,23,173,45,87,0.0,10268.46,93.79999999999995,2.659,0.0,173,543595689,222824167,2025-08-09 18:14:50+00:00
1,23,173,45,84,0.0,10273.01,93.0,2.622,0.5,173,543596214,222824100,2025-08-09 18:14:52+00:00
1,25,172,45,84,0.0,10275.52,92.39999999999998,2.585,0.0,172,543596451,222823830,2025-08-09 18:14:53+00:00
1,26,173,45,85,0.0,10280.07,91.79999999999995,2.547,0.0,173,543596710,222823246,2025-08-09 18:14:55+00:00
1,26,173,45,86,0.0,10282.82,91.39999999999998,2.547,0.0,173,543596911,222822901,2025-08-09 18:14:56+00:00
1,29,173,45,87,0.0,10290.36,91.60000000000002,2.519,0.0,173,543597084,222821756,2025-08-09 18:14:59+00:00
1,30,174,45,88,0.0,10304.06,91.0,2.547,0.0,174,543597502,222819755,2025-08-09 18:15:04+00:00
1,29,173,45,87,0.0,10314.67,91.60000000000002,2.575,0.0,173,543597885,222818281,2025-08-09 18:15:08+00:00
1,29,173,45,88,0.0,10322.79,91.60000000000002,2.585,0.0,173,543598240,222817111,2025-08-09 18:15:11+00:00
1,21,173,45,87,0.0,10333.48,91.39999999999998,2.594,0.5,173,543598619,222815577,2025-08-09 18:15:15+00:00
1,21,173,45,87,0.0,10347.54,91.79999999999995,2.613,0.0,173,543599206,222813608,2025-08-09 18:15:20+00:00
1,24,174,45,87,0.0,10355.6,92.0,2.622,0.5,174,543599463,222812478,2025-08-09 18:15:23+00:00
1,24,174,45,87,0.0,10368.68,91.79999999999995,2.622,0.0,174,543599976,222810654,2025-08-09 18:15:28+00:00
1,24,174,45,85,0.0,10376.81,91.79999999999995,2.631,0.0,174,543600439,222809503,2025-08-09 18:15:31+00:00
1,24,174,45,87,0.0,10387.4,91.0,2.641,0.0,174,543600757,222807989,2025-08-09 18:15:35+00:00
1,24,174,45,88,0.0,10398.01,91.0,2.641,0.0,174,543601148,222806488,2025-08-09 18:15:39+00:00
1,24,174,45,87,0.0,10406.17,91.20000000000005,2.641,0.0,174,543601497,222805302,2025-08-09 18:15:42+00:00
1,24,174,45,88,0.0,10416.43,91.20000000000005,2.641,0.0,174,543601822,222803836,2025-08-09 18:15:46+00:00
1,13,173,45,86,0.0,10427.17,91.79999999999995,2.641,0.0,173,543602223,222802344,2025-08-09 18:15:50+00:00
1,5,172,45,87,0.0,10436.61,91.0,2.659,0.0,172,543602604,222800963,2025-08-09 18:15:53+00:00
1,3,172,45,84,0.0,10450.68,91.20000000000005,2.687,0.0,172,543603071,222798863,2025-08-09 18:15:58+00:00
1,3,172,45,88,0.0,10461.23,91.39999999999998,2.715,0.0,172,543603388,222797400,2025-08-09 18:16:02+00:00
1,3,172,45,87,0.0,10474.77,92.20000000000005,2.678,0.0,172,543603990,222795464,2025-08-09 18:16:07+00:00
1,2,173,45,87,0.0,10483.36,92.60000000000002,2.697,0.0,173,543604268,222794291,2025-08-09 18:16:10+00:00
1,2,174,45,87,0.01,10494.18,92.39999999999998,2.715,0.5,174,543604756,222792797,2025-08-09 18:16:14+00:00
1,3,174,45,86,0.01,10507.56,92.60000000000002,2.715,0.5,174,543605123,222790780,2025-08-09 18:16:19+00:00
1,3,174,45,87,0.01,10515.95,92.20000000000005,2.734,0.5,174,543605500,222789586,2025-08-09 18:16:22+00:00
1,3,174,45,87,0.01,10527.14,92.0,2.725,0.0,174,543606002,222788098,2025-08-09 18:16:26+00:00
1,11,175,45,86,655.34,10538.32,92.20000000000005,2.734,0.5,175,543606456,222786523,2025-08-09 18:16:30+00:00
1,15,176,45,87,655.34,10549.96,92.39999999999998,2.743,0.5,176,543606922,222784843,2025-08-09 18:16:34+00:00
1,19,176,45,87,655.34,10564.03,92.0,2.771,0.0,176,543607440,222782898,2025-08-09 18:16:39+00:00
1,14,177,45,86,655.34,10572.55,91.79999999999995,2.771,0.5,177,543607787,222781696,2025-08-09 18:16:42+00:00
1,3,178,45,88,655.34,10586.31,91.79999999999995,2.79,0.0,178,543608281,222779736,2025-08-09 18:16:47+00:00
1,5,178,45,89,655.34,10599.83,91.79999999999995,2.781,0.0,178,543608828,222777781,2025-08-09 18:16:52+00:00
1,1,175,45,89,655.34,10605.64,92.20000000000005,2.781,0.0,175,543609088,222776991,2025-08-09 18:16:54+00:00
1,1,175,45,87,655.34,10614.25,92.20000000000005,2.781,0.5,175,543609560,222775858,2025-08-09 18:16:57+00:00
1,2,175,44,89,655.34,10625.01,91.60000000000002,2.781,0.0,175,543610046,222774349,2025-08-09 18:17:01+00:00
1,2,174,44,88,655.34,10635.69,91.60000000000002,2.771,0.0,174,543610396,222772821,2025-08-09 18:17:05+00:00
1,2,175,44,87,655.34,10646.68,92.0,2.771,0.0,175,543610874,222771305,2025-08-09 18:17:09+00:00
1,3,175,44,87,655.34,10657.85,91.79999999999995,2.771,0.0,175,543611328,222769727,2025-08-09 18:17:13+00:00
1,2,174,44,86,37.5,10671.45,91.60000000000002,2.762,0.5,174,543611729,222767769,2025-08-09 18:17:18+00:00
1,3,174,44,89,37.5,10682.53,92.20000000000005,2.762,0.0,174,543612124,222766157,2025-08-09 18:17:22+00:00
1,3,174,44,89,37.5,10694.66,91.79999999999995,2.781,0.0,174,543612656,222764440,2025-08-09 18:17:26+00:00
1,2,175,44,88,37.5,10710.71,92.20000000000005,2.753,0.0,175,543613306,222762212,2025-08-09 18:17:32+00:00
1,2,175,44,89,16.25,10721.6,91.79999999999995,2.725,0.5,175,543613726,222760649,2025-08-09 18:17:36+00:00
1,2,175,44,88,17.54,10732.97,91.79999999999995,2.743,0.5,175,543614151,222758990,2025-08-09 18:17:40+00:00
1,4,175,44,88,17.54,10741.28,91.79999999999995,2.762,0.5,175,543614463,222757862,2025-08-09 18:17:43+00:00
1,1,174,44,89,17.54,10752.96,91.39999999999998,2.781,0.0,174,543615020,222756263,2025-08-09 18:17:47+00:00
1,1,174,44,88,17.54,10764.45,92.0,2.799,0.0,174,543615590,222754706,2025-08-09 18:17:51+00:00
1,4,174,44,88,17.54,10772.67,92.60000000000002,2.809,0.0,174,543615895,222753557,2025-08-09 18:17:54+00:00
1,9,175,44,88,17.54,10784.22,92.20000000000005,2.818,0.5,175,543616444,222751983,2025-08-09 18:17:58+00:00
1,11,175,44,87,17.54,10798.64,92.39999999999998,2.827,0.5,175,543617164,222750015,2025-08-09 18:18:03+00:00
1,11,175,44,88,0.0,10808.01,92.79999999999995,2.846,0.0,175,543617676,222748743,2025-08-09 18:18:06+00:00
1,11,175,44,88,655.24,10816.24,92.60000000000002,2.855,0.0,175,543617981,222747631,2025-08-09 18:18:09+00:00
1,14,175,44,87,655.24,10825.06,92.0,2.855,0.5,175,543618415,222746390,2025-08-09 18:18:12+00:00
1,14,175,44,89,655.24,10836.11,91.60000000000002,2.865,0.5,175,543618962,222744956,2025-08-09 18:18:16+00:00
1,15,176,44,88,655.24,10850.01,91.60000000000002,2.855,0.5,176,543619874,222743289,2025-08-09 18:18:21+00:00
1,12,177,44,88,655.24,10857.79,91.79999999999995,2.846,0.0,177,543620420,222742383,2025-08-09 18:18:24+00:00
1,12,177,44,87,655.24,10866.81,91.39999999999998,2.846,0.0,177,543621123,222741384,2025-08-09 18:18:27+00:00
1,18,176,44,89,655.24,10876.32,91.60000000000002,2.818,0.0,176,543621532,222740013,2025-08-09 18:18:31+00:00
1,21,176,44,87,655.24,10887.56,92.0,2.809,0.0,176,543621558,222738313,2025-08-09 18:18:35+00:00
1,22,177,44,88,655.24,10896.65,91.60000000000002,2.799,0.0,177,543621640,222736876,2025-08-09 18:18:38+00:00
1,25,178,44,87,655.24,10904.79,91.39999999999998,2.827,0.5,178,543621727,222735701,2025-08-09 18:18:41+00:00
1,25,178,44,89,655.24,10913.51,91.20000000000005,2.818,0.0,178,543621807,222734384,2025-08-09 18:18:44+00:00
1,29,178,44,88,655.24,10929.26,91.79999999999995,2.809,0.5,178,543622267,222732068,2025-08-09 18:18:50+00:00
1,29,178,44,88,655.24,10940.89,92.0,2.799,0.0,178,543622380,222730320,2025-08-09 18:18:54+00:00
1,29,178,44,88,655.24,10958.4,92.39999999999998,2.827,0.0,178,543622524,222727614,2025-08-09 18:19:00+00:00
1,28,178,44,88,655.24,10971.48,92.20000000000005,2.809,0.5,178,543622667,222725661,2025-08-09 18:19:05+00:00
1,28,178,44,88,655.24,10980.55,92.20000000000005,2.809,0.0,178,543622943,222724298,2025-08-09 18:19:08+00:00
1,15,177,44,88,655.24,10988.41,92.60000000000002,2.818,0.5,177,543623098,222723181,2025-08-09 18:19:11+00:00
1,13,177,44,89,655.24,10996.29,92.60000000000002,2.809,0.5,177,543623379,222721941,2025-08-09 18:19:14+00:00
1,13,177,44,89,0.0,11004.96,92.79999999999995,2.79,0.0,177,543623661,222720766,2025-08-09 18:19:17+00:00
1,13,177,44,88,17.85,11007.72,93.0,2.799,0.5,177,543623826,222720351,2025-08-09 18:19:18+00:00
1,13,177,44,89,0.0,11021.62,92.60000000000002,2.79,0.0,177,543624453,222718401,2025-08-09 18:19:23+00:00
1,11,176,44,88,0.0,11035.75,93.60000000000002,2.799,0.5,176,543624838,222716376,2025-08-09 18:19:28+00:00
1,11,177,44,89,0.0,11047.42,93.0,2.799,0.0,177,543625209,222714650,2025-08-09 18:19:32+00:00
1,14,177,44,89,0.0,11058.73,92.79999999999995,2.818,0.5,177,543625553,222713027,2025-08-09 18:19:36+00:00
1,14,177,44,89,0.0,11066.97,92.60000000000002,2.809,0.0,177,543625991,222711867,2025-08-09 18:19:39+00:00
1,14,177,44,89,0.0,11078.51,92.20000000000005,2.818,0.5,177,543626502,222710290,2025-08-09 18:19:43+00:00
1,15,176,44,88,0.0,11093.13,92.79999999999995,2.818,0.5,176,543627076,222708197,2025-08-09 18:19:48+00:00
1,15,176,44,89,0.0,11104.74,92.20000000000005,2.827,0.0,176,543627542,222706592,2025-08-09 18:19:52+00:00
1,14,176,44,87,0.0,11112.61,92.0,2.837,0.5,176,543627764,222705476,2025-08-09 18:19:55+00:00
1,14,176,44,88,0.0,11120.61,91.39999999999998,2.818,0.0,176,543628083,222704255,2025-08-09 18:19:58+00:00
1,21,176,44,87,0.0,11135.54,91.20000000000005,2.818,0.5,176,543628796,222702218,2025-08-09 18:20:03+00:00
1,27,177,44,88,0.0,11150.1,91.60000000000002,2.846,0.0,177,543629387,222700192,2025-08-09 18:20:08+00:00
1,27,176,44,88,0.0,11159.35,91.60000000000002,2.846,0.5,176,543629649,222698788,2025-08-09 18:20:11+00:00
1,27,176,44,89,0.0,11167.29,91.60000000000002,2.855,0.0,176,543629790,222697632,2025-08-09 18:20:14+00:00
1,27,176,44,86,0.0,11181.03,92.0,2.837,0.5,176,543630311,222695694,2025-08-09 18:20:19+00:00
1,27,176,44,86,0.0,11190.08,92.60000000000002,2.846,0.5,176,543630709,222694419,2025-08-09 18:20:22+00:00
1,27,176,44,87,0.0,11198.49,93.0,2.855,0.5,176,543631034,222693259,2025-08-09 18:20:25+00:00
1,40,175,44,88,0.0,11209.54,92.0,2.846,0.5,175,543631558,222691713,2025-08-09 18:20:29+00:00
1,44,176,44,87,0.0,11223.19,91.60000000000002,2.837,0.5,176,543632085,222689788,2025-08-09 18:20:34+00:00
1,48,176,44,89,0.0,11237.45,91.79999999999995,2.827,0.5,176,543632593,222687698,2025-08-09 18:20:39+00:00
1,48,176,44,89,0.0,11245.77,91.79999999999995,2.827,0.5,176,543632809,222686581,2025-08-09 18:20:42+00:00
1,43,177,44,89,0.0,11253.92,91.79999999999995,2.827,0.0,177,543633265,222685386,2025-08-09 18:20:45+00:00
1,43,177,44,87,0.0,11262.77,91.60000000000002,2.818,0.5,177,543633819,222684294,2025-08-09 18:20:48+00:00
1,30,178,44,87,0.0,11276.17,91.79999999999995,2.827,0.0,178,543634378,222682374,2025-08-09 18:20:53+00:00
1,30,178,44,84,0.0,11287.19,91.39999999999998,2.818,0.0,178,543634157,222680629,2025-08-09 18:20:57+00:00
1,30,178,44,86,0.0,11295.56,91.0,2.79,0.0,178,543633549,222679696,2025-08-09 18:21:00+00:00
1,20,177,43,86,0.0,11307.0,91.20000000000005,2.799,0.0,177,543632619,222678510,2025-08-09 18:21:04+00:00
1,20,178,43,88,0.0,11317.35,91.79999999999995,2.781,0.0,178,543631866,222677372,2025-08-09 18:21:08+00:00
1,15,177,43,86,0.0,11325.0,91.60000000000002,2.753,0.5,177,543631193,222676722,2025-08-09 18:21:11+00:00
1,5,176,43,85,0.0,11335.82,91.60000000000002,2.725,0.5,176,543630319,222675648,2025-08-09 18:21:15+00:00
1,2,175,43,82,0.0,11346.47,91.79999999999995,2.706,0.5,175,543629432,222674639,2025-08-09 18:21:19+00:00
1,1,175,43,84,0.0,11357.7,91.60000000000002,2.743,0.5,175,543628543,222673475,2025-08-09 18:21:23+00:00
1,1,175,43,84,0.0,11369.41,91.20000000000005,2.734,0.0,175,543627629,222672296,2025-08-09 18:21:27+00:00
1,2,174,43,88,0.0,11380.7,91.0,2.753,0.0,174,543626700,222671235,2025-08-09 18:21:31+00:00
1,6,175,43,87,0.0,11391.13,91.0,2.753,0.0,175,543625813,222670208,2025-08-09 18:21:35+00:00
1,6,175,43,88,0.0,11405.23,90.20000000000005,2.771,0.0,175,543624615,222668924,2025-08-09 18:21:40+00:00
1,9,176,43,89,0.0,11415.49,90.79999999999995,2.725,0.0,176,543623744,222667992,2025-08-09 18:21:44+00:00
1,13,176,43,87,0.0,11429.4,90.60000000000002,2.725,0.5,176,543622517,222666590,2025-08-09 18:21:49+00:00
1,8,178,43,89,0.0,11440.85,90.60000000000002,2.734,0.0,178,543621804,222665188,2025-08-09 18:21:53+00:00
1,8,178,43,89,0.0,11443.64,90.79999999999995,2.743,0.0,178,543621868,222664758,2025-08-09 18:21:54+00:00
1,3,179,43,84,0.0,11449.7,90.79999999999995,2.743,0.0,179,543622285,222664018,2025-08-09 18:21:56+00:00
1,3,178,43,82,0.0,11455.88,90.20000000000005,2.771,0.5,178,543622716,222663325,2025-08-09 18:21:58+00:00
1,3,177,43,85,0.0,11468.24,89.79999999999995,2.865,0.5,177,543623719,222662165,2025-08-09 18:22:02+00:00
1,4,178,43,87,0.0,11477.53,89.39999999999998,2.911,0.0,178,543624508,222661223,2025-08-09 18:22:05+00:00
1,5,177,43,87,0.0,11488.58,88.60000000000002,2.93,0.0,177,543625356,222660088,2025-08-09 18:22:09+00:00
1,4,175,43,87,0.0,11500.6,89.20000000000005,2.911,0.5,175,543626318,222658958,2025-08-09 18:22:13+00:00
1,3,174,43,87,0.0,11509.36,89.0,2.911,0.0,174,543627088,222658088,2025-08-09 18:22:16+00:00
1,7,174,43,88,0.0,11522.98,89.0,2.865,0.0,174,543628173,222656745,2025-08-09 18:22:21+00:00
1,9,174,43,88,0.0,11533.67,89.0,2.865,0.0,174,543629013,222655652,2025-08-09 18:22:25+00:00
1,10,174,43,87,0.0,11544.87,88.39999999999998,2.799,0.0,174,543629874,222654401,2025-08-09 18:22:29+00:00
1,9,175,43,87,0.0,11553.01,87.79999999999995,2.809,0.0,175,543630515,222653659,2025-08-09 18:22:32+00:00
1,9,175,43,87,0.0,11567.29,88.79999999999995,2.799,0.5,175,543631643,222652204,2025-08-09 18:22:37+00:00
1,7,174,43,88,0.0,11576.07,89.60000000000002,2.818,0.0,174,543632346,222651257,2025-08-09 18:22:40+00:00
1,7,174,43,87,0.0,11584.26,89.0,2.818,0.5,174,543632968,222650426,2025-08-09 18:22:43+00:00
1,7,174,43,88,0.0,11595.56,88.39999999999998,2.827,0.5,174,543633935,222649363,2025-08-09 18:22:47+00:00
1,8,175,43,89,0.0,11614.39,88.79999999999995,2.855,0.5,175,543635484,222647509,2025-08-09 18:22:53+00:00
1,3,177,43,88,0.0,11629.05,89.60000000000002,2.883,0.5,177,543636618,222646009,2025-08-09 18:22:58+00:00
1,3,178,43,89,0.0,11639.2,90.0,2.883,0.5,178,543637368,222644938,2025-08-09 18:23:02+00:00
1,3,179,43,87,0.0,11649.77,90.0,2.818,0.0,179,543638205,222643794,2025-08-09 18:23:06+00:00
1,3,179,43,88,0.0,11666.82,90.60000000000002,2.809,0.5,179,543639653,222642186,2025-08-09 18:23:12+00:00
1,1,178,43,89,0.0,11678.44,90.79999999999995,2.818,0.0,178,543640551,222640904,2025-08-09 18:23:16+00:00
1,1,178,43,87,0.0,11688.37,90.39999999999998,2.818,0.5,178,543641434,222640062,2025-08-09 18:23:20+00:00
1,1,178,43,87,0.0,11693.73,90.60000000000002,2.79,0.5,178,543641805,222639622,2025-08-09 18:23:22+00:00
1,2,179,43,87,0.0,11696.66,90.79999999999995,2.79,0.5,179,543642073,222639192,2025-08-09 18:23:23+00:00
1,3,179,43,84,0.0,11704.77,91.0,2.781,0.5,179,543642650,222638390,2025-08-09 18:23:26+00:00
1,3,178,43,86,0.0,11713.25,91.20000000000005,2.771,0.0,178,543643303,222637485,2025-08-09 18:23:29+00:00
1,4,177,43,86,0.0,11716.61,91.39999999999998,2.781,0.5,177,543643606,222637124,2025-08-09 18:23:30+00:00
1,4,177,43,85,0.0,11724.76,90.79999999999995,2.799,0.5,177,543644234,222636354,2025-08-09 18:23:33+00:00
1,4,177,43,83,22.04,11733.53,91.20000000000005,2.762,0.5,177,543644930,222635590,2025-08-09 18:23:37+00:00
1,5,178,43,56,22.04,11741.83,90.60000000000002,1.073,0.5,178,543645599,222634655,2025-08-09 18:23:45+00:00
1,24,175,43,56,22.04,11748.08,90.0,1.008,0.5,175,543645948,222633834,2025-08-09 18:23:51+00:00
1,35,172,43,54,22.04,11755.69,90.79999999999995,1.017,0.5,172,543646164,222632738,2025-08-09 18:23:58+00:00
1,5,175,43,55,22.04,11759.28,90.79999999999995,1.082,0.0,175,543646351,222632197,2025-08-09 18:24:01+00:00
1,1,174,43,52,22.04,11763.9,90.60000000000002,1.12,0.5,174,543646568,222631612,2025-08-09 18:24:05+00:00
1,1,173,43,0,22.04,11767.18,90.60000000000002,1.073,0.0,173,543646780,222631208,2025-08-09 18:24:08+00:00
1,1,172,43,0,22.04,11769.36,90.79999999999995,1.129,0.0,172,543646860,222630977,2025-08-09 18:24:10+00:00
1,1,170,43,0,22.04,11773.13,90.79999999999995,1.064,0.0,170,543647003,222630373,2025-08-09 18:24:14+00:00
1,1,169,43,0,22.04,11780.8,90.60000000000002,1.064,0.0,169,543647360,222629276,2025-08-09 18:24:21+00:00
1,2,168,43,54,22.04,11791.44,90.0,1.148,0.5,168,543647818,222627792,2025-08-09 18:24:26+00:00
1,7,167,43,85,22.04,11805.43,91.20000000000005,2.622,0.5,167,543648398,222625851,2025-08-09 18:24:31+00:00
1,7,167,43,86,22.04,11815.61,91.39999999999998,2.575,0.0,167,543648799,222624433,2025-08-09 18:24:35+00:00
1,7,166,43,88,22.04,11828.67,91.79999999999995,2.538,0.0,166,543649468,222622639,2025-08-09 18:24:40+00:00
1,6,165,43,86,22.04,11836.0,92.0,2.65,0.5,165,543649687,222621635,2025-08-09 18:24:43+00:00
1,2,165,43,88,22.04,11846.23,92.39999999999998,2.585,0.0,165,543650104,222620155,2025-08-09 18:24:47+00:00
1,3,166,43,87,22.04,11860.53,92.79999999999995,2.641,0.5,166,543650714,222618178,2025-08-09 18:24:52+00:00
1,2,167,43,88,22.04,11869.08,92.39999999999998,2.659,0.5,167,543651143,222616988,2025-08-09 18:24:55+00:00
1,2,168,43,87,22.04,11876.84,92.39999999999998,2.687,0.0,168,543651419,222615875,2025-08-09 18:24:58+00:00
1,3,169,42,88,22.04,11891.29,92.79999999999995,2.734,0.0,169,543652031,222613888,2025-08-09 18:25:03+00:00
1,3,170,42,86,22.04,11899.95,93.0,2.725,0.5,170,543652400,222612722,2025-08-09 18:25:06+00:00
1,2,171,42,87,22.04,11912.64,92.79999999999995,2.65,0.0,171,543653096,222610985,2025-08-09 18:25:11+00:00
1,4,172,42,87,22.04,11923.71,92.20000000000005,2.659,0.0,172,543653573,222609396,2025-08-09 18:25:15+00:00
1,4,173,42,87,22.04,11935.21,91.79999999999995,2.753,0.0,173,543653973,222607800,2025-08-09 18:25:19+00:00
1,4,174,42,87,22.04,11946.52,92.0,2.762,0.5,174,543654532,222606304,2025-08-09 18:25:23+00:00
1,5,175,42,88,22.04,11957.38,92.0,2.799,0.0,175,543655007,222604783,2025-08-09 18:25:27+00:00
1,11,176,42,88,22.04,11971.19,91.79999999999995,2.771,0.0,176,543655649,222602855,2025-08-09 18:25:32+00:00
1,7,177,42,88,22.04,11980.05,92.0,2.781,0.0,177,543656075,222601609,2025-08-09 18:25:35+00:00
1,2,176,42,87,22.04,11988.09,92.0,2.79,0.0,176,543656338,222600482,2025-08-09 18:25:38+00:00
1,2,175,42,87,22.04,12002.46,92.39999999999998,2.79,0.0,175,543656933,222598474,2025-08-09 18:25:43+00:00
1,2,175,42,86,0.0,12005.49,92.60000000000002,2.79,0.0,175,543657093,222598073,2025-08-09 18:25:44+00:00
1,2,174,42,88,0.0,12013.24,92.60000000000002,2.79,0.5,174,543657532,222597085,2025-08-09 18:25:47+00:00
1,1,158,42,0,0.0,12013.24,91.39999999999998,0.0,0.0,158,543657794,222596849,2025-08-09 18:27:04+00:00
1,1,158,42,0,0.0,12014.18,90.79999999999995,0.0,0.0,158,543657738,222596674,2025-08-09 18:27:05+00:00
1,1,157,42,0,0.0,12016.37,91.0,0.0,0.0,157,543657884,222596306,2025-08-09 18:27:06+00:00
1,1,154,42,88,0.0,12025.15,91.20000000000005,3.004,0.0,154,543658185,222595082,2025-08-09 18:27:09+00:00
1,1,154,42,85,0.0,12027.8,91.60000000000002,3.004,0.0,154,543658243,222594709,2025-08-09 18:27:10+00:00
1,3,155,42,83,0.0,12038.75,92.20000000000005,2.669,0.5,155,543658708,222593162,2025-08-09 18:27:14+00:00
1,2,157,42,85,0.0,12052.0,93.0,2.622,0.5,157,543659202,222591311,2025-08-09 18:27:19+00:00
1,2,157,42,86,0.0,12060.29,93.0,2.678,0.0,157,543659530,222590106,2025-08-09 18:27:22+00:00
1,0,156,42,87,0.0,12070.94,93.20000000000005,2.678,0.0,156,543659964,222588654,2025-08-09 18:27:26+00:00
1,0,156,42,86,0.0,12080.97,93.79999999999995,2.715,0.0,156,543660397,222587305,2025-08-09 18:27:30+00:00
1,0,156,42,87,0.0,12091.14,93.60000000000002,2.687,0.0,156,543660924,222585847,2025-08-09 18:27:34+00:00
1,2,157,42,86,0.0,12102.0,94.39999999999998,2.669,0.0,157,543661412,222584333,2025-08-09 18:27:38+00:00
1,3,160,42,87,0.0,12109.26,94.20000000000005,2.669,0.0,160,543661678,222583299,2025-08-09 18:27:41+00:00
1,1,163,42,87,0.0,12117.36,94.20000000000005,2.65,0.0,163,543662020,222582238,2025-08-09 18:27:44+00:00
1,1,163,42,87,0.0,12120.22,94.39999999999998,2.65,0.0,163,543662190,222581812,2025-08-09 18:27:45+00:00
1,2,162,42,86,0.0,12128.32,94.20000000000005,2.65,0.0,162,543662572,222580719,2025-08-09 18:27:48+00:00
1,4,164,42,88,0.0,12139.26,94.0,2.669,0.0,164,543663107,222579182,2025-08-09 18:27:52+00:00
1,4,165,42,86,0.0,12147.69,93.79999999999995,2.669,0.0,165,543663410,222578034,2025-08-09 18:27:55+00:00
1,4,167,42,86,0.0,12158.59,93.39999999999998,2.678,0.0,167,543663941,222576543,2025-08-09 18:27:59+00:00
1,5,169,42,87,0.0,12170.78,94.20000000000005,2.659,0.0,169,543664337,222574802,2025-08-09 18:28:04+00:00
1,3,170,42,88,0.0,12181.54,93.60000000000002,2.65,0.0,170,543664826,222573324,2025-08-09 18:28:08+00:00
1,2,170,42,88,0.0,12188.92,92.79999999999995,2.65,0.5,170,543665084,222572195,2025-08-09 18:28:11+00:00
1,2,171,42,88,0.0,12203.12,92.79999999999995,2.65,0.0,171,543665666,222570193,2025-08-09 18:28:16+00:00
1,2,171,42,86,0.0,12211.0,93.0,2.659,0.5,171,543665964,222569144,2025-08-09 18:28:19+00:00
1,2,171,42,88,0.0,12221.02,92.79999999999995,2.659,0.0,171,543666481,222567746,2025-08-09 18:28:23+00:00
1,6,172,42,88,0.0,12235.64,93.20000000000005,2.659,0.0,172,543667218,222565848,2025-08-09 18:28:28+00:00
1,4,172,42,88,0.0,12245.89,93.20000000000005,2.669,0.0,172,543667776,222564486,2025-08-09 18:28:32+00:00
1,4,172,42,88,0.0,12254.71,93.0,2.678,0.5,172,543668362,222563384,2025-08-09 18:28:35+00:00
1,3,173,42,89,0.0,12262.47,92.39999999999998,2.678,0.0,173,543668847,222562467,2025-08-09 18:28:38+00:00
1,2,172,42,87,0.0,12275.57,91.60000000000002,2.678,0.0,172,543669575,222560740,2025-08-09 18:28:43+00:00
1,2,172,42,86,0.0,12288.93,91.60000000000002,2.659,0.0,172,543670333,222559041,2025-08-09 18:28:48+00:00
1,2,174,42,89,0.0,12302.84,90.60000000000002,2.678,0.0,174,543671278,222557375,2025-08-09 18:28:53+00:00
1,2,176,42,88,0.0,12321.26,90.79999999999995,2.678,0.0,176,543672533,222555214,2025-08-09 18:29:00+00:00
1,4,175,42,86,0.0,12333.05,91.60000000000002,2.687,0.5,175,543673299,222553808,2025-08-09 18:29:04+00:00
1,3,174,42,87,0.0,12349.01,92.20000000000005,2.697,0.0,174,543674425,222551922,2025-08-09 18:29:10+00:00
1,4,173,42,86,0.0,12356.49,91.60000000000002,2.697,0.5,173,543674935,222551082,2025-08-09 18:29:13+00:00
1,3,171,42,87,0.0,12367.38,91.39999999999998,2.678,0.0,171,543675687,222549753,2025-08-09 18:29:17+00:00
1,4,173,42,87,0.0,12378.35,91.79999999999995,2.687,0.0,173,543676291,222548333,2025-08-09 18:29:21+00:00
1,4,173,42,87,0.0,12389.74,91.20000000000005,2.697,0.0,173,543677036,222546929,2025-08-09 18:29:25+00:00
1,5,174,42,88,0.0,12398.64,91.20000000000005,2.706,0.5,174,543677586,222545914,2025-08-09 18:29:28+00:00
1,5,174,42,88,0.0,12411.73,91.60000000000002,2.715,0.0,174,543678463,222544313,2025-08-09 18:29:33+00:00
1,4,174,42,88,0.0,12423.07,92.39999999999998,2.715,0.5,174,543679224,222542979,2025-08-09 18:29:37+00:00
1,3,174,42,89,0.0,12432.09,92.39999999999998,2.734,0.0,174,543679823,222541866,2025-08-09 18:29:40+00:00
1,3,175,42,88,0.0,12442.51,92.20000000000005,2.743,0.5,175,543680537,222540619,2025-08-09 18:29:44+00:00
1,4,176,42,88,0.0,12453.19,91.60000000000002,2.734,0.0,176,543681241,222539343,2025-08-09 18:29:48+00:00
1,4,176,42,87,0.0,12466.43,91.39999999999998,2.734,0.5,176,543682177,222537807,2025-08-09 18:29:53+00:00
1,4,176,42,88,0.0,12477.33,91.39999999999998,2.725,0.0,176,543682957,222536562,2025-08-09 18:29:57+00:00
1,4,176,42,87,0.0,12488.38,90.20000000000005,2.725,0.5,176,543683609,222535187,2025-08-09 18:30:01+00:00
1,4,176,42,88,0.0,12502.66,91.0,2.743,0.0,176,543684368,222533286,2025-08-09 18:30:06+00:00
1,12,175,42,87,0.0,12511.1,91.20000000000005,2.743,0.5,175,543684623,222532100,2025-08-09 18:30:09+00:00
1,12,175,42,88,0.0,12519.64,90.79999999999995,2.753,0.0,175,543684918,222530798,2025-08-09 18:30:12+00:00
1,12,175,42,87,0.0,12527.73,90.79999999999995,2.762,0.5,175,543685123,222529640,2025-08-09 18:30:15+00:00
1,12,175,42,88,0.0,12544.34,91.20000000000005,2.762,0.5,175,543685674,222527232,2025-08-09 18:30:21+00:00
1,2,176,42,88,0.0,12555.39,91.39999999999998,2.753,0.0,176,543686009,222525588,2025-08-09 18:30:25+00:00
1,2,176,42,89,0.0,12563.33,91.60000000000002,2.762,0.0,176,543686099,222524439,2025-08-09 18:30:28+00:00
1,2,176,42,87,0.0,12571.93,91.20000000000005,2.762,0.5,176,543686236,222523114,2025-08-09 18:30:31+00:00
1,2,175,42,89,0.0,12585.97,91.60000000000002,2.762,0.0,175,543686637,222521038,2025-08-09 18:30:36+00:00
1,2,176,42,87,0.0,12597.92,92.20000000000005,2.781,0.5,176,543687171,222519399,2025-08-09 18:30:40+00:00
1,2,175,42,88,0.0,12605.83,93.0,2.79,0.5,175,543687283,222518281,2025-08-09 18:30:43+00:00
1,2,175,42,88,0.0,12614.12,92.60000000000002,2.781,0.0,175,543687566,222517004,2025-08-09 18:30:46+00:00
1,2,176,42,87,0.0,12622.05,92.20000000000005,2.781,0.5,176,543687735,222515832,2025-08-09 18:30:49+00:00
1,2,176,42,89,0.0,12636.08,92.20000000000005,2.781,0.0,176,543688091,222513774,2025-08-09 18:30:54+00:00
1,2,176,42,88,0.0,12647.14,92.60000000000002,2.781,0.5,176,543688438,222512156,2025-08-09 18:30:58+00:00
1,3,177,42,88,0.0,12655.86,92.20000000000005,2.79,0.0,177,543688616,222510821,2025-08-09 18:31:01+00:00
1,2,179,42,88,0.0,12667.06,91.20000000000005,2.79,0.5,179,543688787,222509094,2025-08-09 18:31:05+00:00
1,2,179,42,88,0.0,12681.33,91.0,2.818,0.0,179,543689067,222506996,2025-08-09 18:31:10+00:00
1,2,179,42,89,0.0,12692.56,91.60000000000002,2.799,0.5,179,543689440,222505328,2025-08-09 18:31:14+00:00
1,10,178,42,89,0.0,12704.53,91.79999999999995,2.809,0.0,178,543689632,222503545,2025-08-09 18:31:18+00:00
1,10,178,42,89,0.0,12712.91,92.20000000000005,2.837,0.5,178,543689755,222502316,2025-08-09 18:31:21+00:00
1,10,178,42,89,0.0,12722.89,92.39999999999998,2.865,0.0,178,543689925,222500797,2025-08-09 18:31:24+00:00
1,10,178,42,87,0.0,12730.99,92.60000000000002,2.883,0.5,178,543690012,222499622,2025-08-09 18:31:27+00:00
1,10,178,42,90,0.0,12744.01,91.39999999999998,2.855,0.0,178,543690399,222497606,2025-08-09 18:31:32+00:00
1,20,178,42,89,0.0,12762.28,91.39999999999998,2.865,0.5,178,543690710,222494906,2025-08-09 18:31:38+00:00
1,20,178,42,89,0.0,12773.98,91.79999999999995,2.874,0.0,178,543691009,222493219,2025-08-09 18:31:42+00:00
1,20,178,42,89,0.0,12782.45,92.0,2.883,0.5,178,543691142,222491872,2025-08-09 18:31:45+00:00
1,19,178,42,89,0.0,12790.86,92.20000000000005,2.874,0.5,178,543691103,222490649,2025-08-09 18:31:48+00:00
1,21,179,42,88,0.0,12801.14,91.79999999999995,2.855,0.5,179,543691151,222489072,2025-08-09 18:31:52+00:00
1,22,178,42,88,0.0,12812.1,91.39999999999998,2.837,0.0,178,543691512,222487446,2025-08-09 18:31:56+00:00
1,21,179,41,89,0.0,12826.78,91.20000000000005,2.837,0.5,179,543691848,222485261,2025-08-09 18:32:01+00:00
1,24,178,41,88,0.0,12841.77,92.0,2.855,0.0,178,543692353,222483047,2025-08-09 18:32:06+00:00
1,26,179,41,88,0.0,12849.83,92.39999999999998,2.865,0.5,179,543692518,222481880,2025-08-09 18:32:09+00:00
1,26,180,41,88,0.0,12861.29,93.20000000000005,2.855,0.0,180,543692918,222480212,2025-08-09 18:32:13+00:00
1,14,177,41,88,0.0,12875.89,93.20000000000005,2.874,0.5,177,543693468,222478169,2025-08-09 18:32:18+00:00
1,4,177,41,89,0.0,12885.75,93.39999999999998,2.902,0.0,177,543693937,222476769,2025-08-09 18:32:21+00:00
1,4,177,41,88,0.0,12894.66,93.20000000000005,2.93,0.5,177,543694205,222475531,2025-08-09 18:32:24+00:00
1,2,176,41,89,0.0,12903.76,93.20000000000005,2.939,0.0,176,543694621,222474222,2025-08-09 18:32:27+00:00
1,2,176,41,88,0.0,12912.25,93.20000000000005,2.958,0.5,176,543694859,222473039,2025-08-09 18:32:30+00:00
1,3,175,41,89,0.0,12920.5,93.0,2.948,0.5,175,543695159,222471809,2025-08-09 18:32:33+00:00
1,5,177,41,89,0.0,12934.99,92.60000000000002,2.939,0.5,177,543695784,222469804,2025-08-09 18:32:38+00:00
1,4,178,41,89,0.0,12943.8,92.20000000000005,2.93,0.5,178,543696155,222468503,2025-08-09 18:32:41+00:00
1,7,178,41,90,0.0,12955.96,92.39999999999998,2.939,0.5,178,543696571,222466758,2025-08-09 18:32:45+00:00
1,6,178,41,89,0.0,12971.18,92.39999999999998,2.958,0.5,178,543697289,222464716,2025-08-09 18:32:50+00:00
1,4,177,41,89,0.0,12982.91,92.0,2.958,0.0,177,543697826,222463112,2025-08-09 18:32:54+00:00
1,6,178,41,88,0.0,12994.09,92.20000000000005,2.948,0.5,178,543698233,222461485,2025-08-09 18:32:58+00:00
1,6,178,41,89,0.0,13005.06,91.20000000000005,2.939,0.0,178,543698610,222459859,2025-08-09 18:33:02+00:00
1,7,177,41,0,0.0,13012.66,91.60000000000002,2.902,0.0,177,543698940,222458894,2025-08-09 18:33:06+00:00
1,5,177,41,0,24.25,13020.24,91.39999999999998,2.706,0.0,177,543699238,222457814,2025-08-09 18:33:12+00:00
1,0,174,41,0,18.16,13022.39,91.20000000000005,2.538,0.0,174,543699346,222457403,2025-08-09 18:33:15+00:00
1,0,174,41,0,20.93,13026.46,91.39999999999998,2.482,0.0,174,543699439,222456842,2025-08-09 18:33:18+00:00
1,0,173,41,0,0.0,13034.22,91.79999999999995,1.232,0.0,173,543699760,222455802,2025-08-09 18:33:25+00:00
1,1,172,41,53,16.25,13043.02,91.39999999999998,1.306,0.0,172,543700144,222454546,2025-08-09 18:33:32+00:00
1,1,170,41,50,20.02,13046.39,90.79999999999995,0.896,0.0,170,543700242,222454041,2025-08-09 18:33:37+00:00
1,1,167,41,50,22.04,13051.78,90.60000000000002,1.064,0.5,167,543700475,222453286,2025-08-09 18:33:41+00:00
1,1,167,41,50,22.81,13054.31,90.60000000000002,1.288,0.5,167,543700569,222452933,2025-08-09 18:33:43+00:00
1,0,166,41,0,15.78,13059.5,90.39999999999998,1.036,0.0,166,543700735,222452181,2025-08-09 18:33:48+00:00
1,1,165,41,0,17.37,13070.42,90.39999999999998,1.278,0.0,165,543701228,222450668,2025-08-09 18:33:53+00:00
1,2,163,41,85,17.21,13081.86,90.60000000000002,2.846,0.0,163,543701593,222448990,2025-08-09 18:33:57+00:00
1,2,162,41,86,15.28,13089.76,91.20000000000005,2.743,0.0,162,543701867,222447901,2025-08-09 18:34:00+00:00
1,1,163,41,88,18.23,13100.69,91.0,2.603,0.5,163,543702344,222446351,2025-08-09 18:34:04+00:00
1,4,164,41,88,24.5,13112.49,90.60000000000002,2.855,0.0,164,543702854,222444681,2025-08-09 18:34:08+00:00
1,3,164,41,89,14.85,13126.72,90.79999999999995,2.865,0.5,164,543703419,222442650,2025-08-09 18:34:13+00:00
1,6,165,41,87,17.62,13138.5,91.39999999999998,2.855,0.5,165,543703914,222441080,2025-08-09 18:34:17+00:00
1,2,166,41,88,17.12,13146.77,91.60000000000002,2.846,0.5,166,543704231,222439788,2025-08-09 18:34:20+00:00
1,2,167,41,88,18.66,13155.02,92.0,2.827,0.5,167,543704488,222438633,2025-08-09 18:34:23+00:00
1,2,169,41,88,19.4,13166.6,91.39999999999998,2.855,0.5,169,543704922,222436970,2025-08-09 18:34:27+00:00
1,3,172,41,88,16.7,13181.14,91.79999999999995,2.874,0.0,172,543705467,222434953,2025-08-09 18:34:32+00:00
1,3,172,41,87,17.21,13189.65,91.60000000000002,2.865,0.5,172,543705827,222433653,2025-08-09 18:34:35+00:00
1,6,172,41,90,16.25,13197.87,91.79999999999995,2.855,0.0,172,543706119,222432564,2025-08-09 18:34:38+00:00
1,7,173,41,88,17.29,13205.92,91.79999999999995,2.846,0.0,173,543706427,222431354,2025-08-09 18:34:41+00:00
1,11,174,41,89,20.26,13220.91,91.39999999999998,2.855,0.5,174,543707041,222429286,2025-08-09 18:34:46+00:00
1,6,174,41,89,19.0,13235.14,91.39999999999998,2.846,0.5,174,543707676,222427292,2025-08-09 18:34:51+00:00
1,4,175,41,89,18.45,13251.92,91.0,2.855,0.0,175,543708360,222424968,2025-08-09 18:34:57+00:00
1,5,176,41,88,17.78,13260.86,91.20000000000005,2.846,0.5,176,543708727,222423633,2025-08-09 18:35:00+00:00
1,4,175,41,89,18.01,13269.1,91.60000000000002,2.855,0.0,175,543708955,222422442,2025-08-09 18:35:03+00:00
1,2,174,41,87,19.07,13278.34,91.60000000000002,2.855,0.5,174,543709292,222421068,2025-08-09 18:35:06+00:00
1,3,175,41,89,17.45,13289.53,91.79999999999995,2.865,0.5,175,543709754,222419495,2025-08-09 18:35:10+00:00
1,3,175,41,89,16.87,13306.72,92.0,2.865,0.5,175,543710437,222417090,2025-08-09 18:35:16+00:00
1,6,176,41,89,16.62,13324.25,91.60000000000002,2.865,0.0,176,543711088,222414573,2025-08-09 18:35:22+00:00
1,8,176,41,89,0.0,13338.18,91.39999999999998,2.865,0.5,176,543711603,222412597,2025-08-09 18:35:27+00:00
1,7,177,41,89,16.25,13352.0,91.20000000000005,2.865,0.5,177,543712102,222410652,2025-08-09 18:35:32+00:00
1,6,178,41,89,0.0,13363.19,91.20000000000005,2.855,0.0,178,543712516,222409047,2025-08-09 18:35:36+00:00
1,4,178,41,89,14.29,13372.34,91.60000000000002,2.846,0.0,178,543712913,222407714,2025-08-09 18:35:39+00:00
1,4,178,41,88,16.44,13381.03,92.20000000000005,2.865,0.5,178,543713208,222406533,2025-08-09 18:35:42+00:00
1,4,178,41,90,18.29,13389.66,92.39999999999998,2.865,0.5,178,543713602,222405250,2025-08-09 18:35:45+00:00
1,12,179,41,88,17.62,13398.3,92.20000000000005,2.865,0.5,179,543713864,222404075,2025-08-09 18:35:48+00:00
1,13,179,41,89,19.45,13406.02,91.60000000000002,2.865,0.5,179,543714172,222402877,2025-08-09 18:35:51+00:00
1,11,178,41,89,0.0,13414.45,91.39999999999998,2.846,0.0,178,543714377,222401696,2025-08-09 18:35:54+00:00
1,11,178,41,90,17.45,13423.7,91.0,2.855,0.5,178,543714700,222400301,2025-08-09 18:35:57+00:00
1,11,178,41,90,17.12,13431.84,91.60000000000002,2.855,0.5,178,543714808,222399112,2025-08-09 18:36:00+00:00
1,11,178,41,90,18.73,13440.73,91.20000000000005,2.855,0.0,178,543714939,222397711,2025-08-09 18:36:03+00:00
1,11,178,41,89,18.87,13449.45,91.39999999999998,2.855,0.5,178,543715046,222396444,2025-08-09 18:36:06+00:00
1,11,178,41,89,19.07,13458.18,91.20000000000005,2.865,0.5,178,543715042,222395063,2025-08-09 18:36:09+00:00
1,2,177,41,89,19.0,13466.82,91.39999999999998,2.865,0.0,177,543714940,222393800,2025-08-09 18:36:12+00:00
1,3,178,41,89,19.4,13475.92,91.79999999999995,2.874,0.5,178,543714930,222392356,2025-08-09 18:36:15+00:00
1,4,178,41,89,17.29,13488.05,91.39999999999998,2.893,0.5,178,543714924,222390508,2025-08-09 18:36:19+00:00
1,4,178,41,89,19.2,13499.89,91.60000000000002,2.902,0.5,178,543714874,222388746,2025-08-09 18:36:23+00:00
1,4,178,41,89,22.32,13517.08,92.20000000000005,2.902,0.0,178,543714936,222386131,2025-08-09 18:36:29+00:00
1,4,178,41,89,17.85,13528.51,92.20000000000005,2.911,0.5,178,543714970,222384380,2025-08-09 18:36:33+00:00
1,4,178,41,90,16.07,13540.43,91.39999999999998,2.911,0.0,178,543715027,222382601,2025-08-09 18:36:37+00:00
1,4,178,41,89,18.01,13549.17,91.39999999999998,2.911,0.5,178,543714980,222381206,2025-08-09 18:36:40+00:00
1,14,178,41,89,15.58,13557.61,91.60000000000002,2.902,0.5,178,543715006,222379962,2025-08-09 18:36:43+00:00
1,18,179,41,89,0.0,13569.61,91.79999999999995,2.911,0.5,179,543715090,222378146,2025-08-09 18:36:47+00:00
1,21,179,41,89,655.14,13579.03,91.60000000000002,2.921,0.5,179,543715162,222376645,2025-08-09 18:36:50+00:00
1,21,179,41,89,17.37,13587.56,91.79999999999995,2.93,0.5,179,543715153,222375410,2025-08-09 18:36:53+00:00
1,22,180,41,89,15.28,13601.29,91.79999999999995,2.921,0.5,180,543715329,222373254,2025-08-09 18:36:58+00:00
1,25,180,40,89,16.07,13609.58,91.79999999999995,2.911,0.5,180,543715339,222372040,2025-08-09 18:37:01+00:00
1,25,180,40,88,14.06,13621.18,91.39999999999998,2.902,0.5,180,543715451,222370244,2025-08-09 18:37:05+00:00
1,25,180,40,89,17.29,13634.39,91.60000000000002,2.902,0.5,180,543715606,222368326,2025-08-09 18:37:10+00:00
1,17,179,40,89,15.78,13640.81,91.39999999999998,2.659,0.5,179,543715660,222367230,2025-08-09 18:37:16+00:00
1,3,176,40,55,18.52,13644.75,90.79999999999995,1.157,0.0,176,543715805,222366545,2025-08-09 18:37:21+00:00
1,3,175,40,56,19.4,13647.93,91.39999999999998,1.754,0.5,175,543715692,222366194,2025-08-09 18:37:24+00:00
1,3,175,40,56,18.66,13649.51,90.79999999999995,0.914,0.5,175,543715690,222366556,2025-08-09 18:37:26+00:00
1,1,173,40,51,18.01,13656.53,90.79999999999995,1.502,0.5,173,543715799,222367545,2025-08-09 18:37:31+00:00
1,2,172,40,57,17.29,13664.88,90.60000000000002,1.39,0.0,172,543715723,222368845,2025-08-09 18:37:37+00:00
1,2,171,40,58,17.45,13673.63,90.60000000000002,1.381,0.0,171,543715773,222370231,2025-08-09 18:37:44+00:00
1,1,168,40,58,24.89,13677.27,90.60000000000002,1.325,0.0,168,543715838,222370806,2025-08-09 18:37:47+00:00
1,1,165,40,59,19.14,13679.96,90.79999999999995,1.194,0.5,165,543715934,222371211,2025-08-09 18:37:50+00:00
1,1,164,40,59,18.29,13683.98,91.0,1.166,0.5,164,543715847,222371770,2025-08-09 18:37:52+00:00
1,1,161,40,59,22.81,13692.58,90.79999999999995,1.465,0.5,161,543715621,222373032,2025-08-09 18:37:58+00:00
1,1,161,40,57,24.36,13700.9,91.20000000000005,1.362,0.5,161,543715614,222374323,2025-08-09 18:38:05+00:00
1,1,159,40,58,25.77,13708.9,90.79999999999995,1.25,0.5,159,543715478,222375618,2025-08-09 18:38:12+00:00
1,1,157,40,55,21.65,13715.76,91.60000000000002,1.222,0.0,157,543715412,222376640,2025-08-09 18:38:17+00:00
1,1,156,40,59,17.54,13725.61,91.39999999999998,1.446,0.0,156,543715271,222377970,2025-08-09 18:38:23+00:00
1,0,156,40,57,28.7,13730.87,91.79999999999995,1.437,0.0,156,543715226,222378866,2025-08-09 18:38:27+00:00
1,0,157,40,52,0.0,13736.63,91.20000000000005,1.409,0.5,157,543715332,222379783,2025-08-09 18:38:32+00:00
1,0,157,40,56,17.93,13739.93,90.79999999999995,1.297,0.5,157,543715324,222380301,2025-08-09 18:38:35+00:00
1,1,155,40,58,19.95,13745.99,90.60000000000002,1.306,0.5,155,543715280,222381196,2025-08-09 18:38:39+00:00
1,0,153,40,120,19.95,13755.82,90.79999999999995,1.39,0.5,153,543715264,222382643,2025-08-09 18:38:44+00:00
1,1,152,40,83,0.0,13764.2,91.0,2.585,0.5,152,543715260,222383976,2025-08-09 18:38:47+00:00
1,1,153,40,86,25.58,13777.88,91.60000000000002,2.631,0.0,153,543715191,222386064,2025-08-09 18:38:52+00:00
1,6,154,40,87,25.26,13785.86,91.60000000000002,2.753,0.0,154,543715205,222387258,2025-08-09 18:38:55+00:00
1,4,157,40,86,21.09,13799.19,92.0,2.687,0.0,157,543715328,222389255,2025-08-09 18:39:00+00:00
1,4,160,40,87,31.52,13809.23,92.20000000000005,2.65,0.0,160,543715320,222390784,2025-08-09 18:39:04+00:00
1,5,162,40,87,25.26,13819.44,92.60000000000002,2.631,0.0,162,543715281,222392353,2025-08-09 18:39:08+00:00
1,3,164,40,88,0.0,13832.45,92.39999999999998,2.622,0.0,164,543715278,222394327,2025-08-09 18:39:13+00:00
1,4,165,40,87,28.92,13843.18,91.60000000000002,2.631,0.5,165,543715181,222395959,2025-08-09 18:39:17+00:00
1,6,166,40,88,0.0,13854.48,91.39999999999998,2.631,0.0,166,543715045,222397670,2025-08-09 18:39:21+00:00
1,2,168,40,88,30.05,13867.06,92.79999999999995,2.641,0.0,168,543714927,222399544,2025-08-09 18:39:26+00:00
1,1,169,40,87,0.0,13875.62,92.79999999999995,2.65,0.0,169,543714660,222400855,2025-08-09 18:39:29+00:00
1,1,169,40,86,0.0,13886.13,92.39999999999998,2.65,0.5,169,543714450,222402391,2025-08-09 18:39:33+00:00
1,1,169,40,88,0.0,13896.56,93.0,2.659,0.0,169,543714141,222403873,2025-08-09 18:39:37+00:00
1,2,170,40,87,0.0,13904.58,93.0,2.65,0.0,170,543713800,222405082,2025-08-09 18:39:40+00:00
1,2,171,40,87,31.97,13915.93,92.79999999999995,2.659,0.0,171,543713361,222406674,2025-08-09 18:39:44+00:00
1,2,171,40,88,0.0,13931.28,92.60000000000002,2.669,0.5,171,543712826,222408861,2025-08-09 18:39:50+00:00
1,1,172,40,89,0.0,13941.38,93.20000000000005,2.65,0.0,172,543712468,222410307,2025-08-09 18:39:54+00:00
1,1,171,40,87,0.0,13949.79,93.20000000000005,2.65,0.5,171,543712097,222411530,2025-08-09 18:39:57+00:00
1,2,172,39,88,25.58,13962.99,93.0,2.641,0.0,172,543711516,222413363,2025-08-09 18:40:02+00:00
1,1,172,39,88,31.74,13972.48,93.20000000000005,2.641,0.5,172,543711217,222414752,2025-08-09 18:40:06+00:00
1,1,171,39,88,0.0,13980.33,92.60000000000002,2.622,0.0,171,543710919,222415825,2025-08-09 18:40:09+00:00
1,1,171,39,86,34.49,13991.32,92.60000000000002,2.622,0.5,171,543710453,222417380,2025-08-09 18:40:13+00:00
1,1,172,39,89,0.0,14004.25,92.79999999999995,2.622,0.0,172,543709960,222419210,2025-08-09 18:40:18+00:00
1,1,172,39,87,27.0,14015.45,92.79999999999995,2.622,0.0,172,543709533,222420784,2025-08-09 18:40:22+00:00
1,1,172,39,87,0.0,14024.1,92.20000000000005,2.659,0.0,172,543709177,222422062,2025-08-09 18:40:25+00:00
1,1,172,39,87,0.0,14035.05,91.79999999999995,2.678,0.5,172,543708777,222423611,2025-08-09 18:40:29+00:00
1,2,172,39,89,0.0,14048.07,92.39999999999998,2.678,0.0,172,543708249,222425482,2025-08-09 18:40:34+00:00
1,2,172,39,86,0.0,14059.64,92.39999999999998,2.678,0.5,172,543707798,222427074,2025-08-09 18:40:38+00:00
1,2,174,39,87,0.0,14071.9,92.20000000000005,2.678,0.0,174,543707319,222428842,2025-08-09 18:40:43+00:00
1,2,174,39,88,0.0,14085.77,92.39999999999998,2.669,0.5,174,543706779,222430806,2025-08-09 18:40:48+00:00
1,5,173,39,88,0.0,14096.54,93.0,2.678,0.5,173,543706394,222432297,2025-08-09 18:40:52+00:00
1,5,172,39,87,0.0,14107.16,92.79999999999995,2.678,0.0,172,543705912,222433797,2025-08-09 18:40:56+00:00
1,4,172,39,87,0.0,14116.48,93.20000000000005,2.659,0.0,172,543705580,222435172,2025-08-09 18:41:00+00:00
1,8,171,39,86,0.0,14124.31,93.20000000000005,2.641,0.5,171,543705310,222436287,2025-08-09 18:41:03+00:00
1,9,172,39,88,0.0,14138.77,92.39999999999998,2.65,0.0,172,543704763,222438339,2025-08-09 18:41:08+00:00
1,9,172,39,88,0.0,14149.38,92.39999999999998,2.659,0.5,172,543704356,222439840,2025-08-09 18:41:12+00:00
1,19,173,39,89,31.36,14160.06,92.60000000000002,2.659,0.0,173,543703952,222441333,2025-08-09 18:41:16+00:00
1,19,173,39,87,30.1,14170.77,92.39999999999998,2.669,0.5,173,543703536,222442828,2025-08-09 18:41:20+00:00
1,10,173,39,87,0.0,14181.45,92.79999999999995,2.669,0.5,173,543703004,222444283,2025-08-09 18:41:24+00:00
1,10,173,39,87,0.0,14193.23,93.0,2.641,0.5,173,543702533,222445966,2025-08-09 18:41:29+00:00
1,2,173,39,88,0.0,14204.49,93.0,2.631,0.0,173,543702176,222447599,2025-08-09 18:41:33+00:00
1,2,174,39,88,0.0,14218.15,92.79999999999995,2.641,0.0,174,543701646,222449579,2025-08-09 18:41:38+00:00
1,2,176,39,87,0.0,14228.91,93.0,2.659,0.0,176,543701240,222451064,2025-08-09 18:41:42+00:00
1,3,175,39,87,0.0,14237.71,92.79999999999995,2.669,0.5,175,543700840,222452286,2025-08-09 18:41:45+00:00
1,6,176,39,88,0.0,14250.87,92.20000000000005,2.669,0.0,176,543700333,222454169,2025-08-09 18:41:50+00:00
1,10,176,39,89,0.0,14263.39,92.79999999999995,2.65,0.0,176,543699838,222455929,2025-08-09 18:41:55+00:00
1,13,176,39,90,0.0,14273.73,93.39999999999998,2.641,0.0,176,543699444,222457401,2025-08-09 18:41:59+00:00
1,18,175,39,87,0.0,14282.57,93.39999999999998,2.669,0.0,175,543699096,222458677,2025-08-09 18:42:02+00:00
1,19,176,39,88,0.0,14293.38,92.79999999999995,2.697,0.0,176,543698676,222460220,2025-08-09 18:42:06+00:00
1,19,176,39,88,0.0,14304.21,92.79999999999995,2.687,0.5,176,543698271,222461754,2025-08-09 18:42:10+00:00
1,18,175,39,89,0.0,14315.67,93.0,2.706,0.0,175,543697840,222463389,2025-08-09 18:42:14+00:00
1,18,175,39,88,0.0,14326.87,92.60000000000002,2.725,0.5,175,543697396,222464905,2025-08-09 18:42:18+00:00
1,18,175,39,87,0.0,14335.31,92.79999999999995,2.725,0.0,175,543697009,222466133,2025-08-09 18:42:21+00:00
1,18,175,39,89,0.0,14345.82,92.79999999999995,2.725,0.5,175,543696630,222467679,2025-08-09 18:42:25+00:00
1,7,174,39,88,0.0,14359.99,92.79999999999995,2.753,0.0,174,543696084,222469633,2025-08-09 18:42:30+00:00
1,7,174,39,87,0.0,14369.84,92.60000000000002,2.734,0.5,174,543695648,222470990,2025-08-09 18:42:34+00:00
1,7,174,39,88,0.0,14377.32,92.79999999999995,2.687,0.5,174,543695460,222472054,2025-08-09 18:42:37+00:00
1,7,174,39,89,0.0,14387.65,93.0,2.669,0.5,174,543695053,222473556,2025-08-09 18:42:41+00:00
1,16,174,39,89,0.0,14398.77,92.79999999999995,2.659,0.5,174,543694628,222475175,2025-08-09 18:42:45+00:00
1,17,175,39,88,0.0,14412.35,93.60000000000002,2.678,0.5,175,543694131,222477079,2025-08-09 18:42:50+00:00
1,17,175,39,88,0.0,14420.79,93.79999999999995,2.678,0.0,175,543693748,222478301,2025-08-09 18:42:53+00:00
1,17,175,39,87,0.0,14429.09,94.20000000000005,2.697,0.0,175,543693415,222479439,2025-08-09 18:42:56+00:00
1,1,174,39,88,0.0,14442.06,94.20000000000005,2.697,0.0,174,543692982,222481313,2025-08-09 18:43:01+00:00
1,1,173,39,85,0.0,14452.7,94.0,2.687,0.0,173,543692585,222482832,2025-08-09 18:43:05+00:00
1,5,173,39,89,0.0,14463.74,93.60000000000002,2.687,0.5,173,543692289,222484456,2025-08-09 18:43:09+00:00
1,6,174,39,89,0.0,14472.18,93.20000000000005,2.734,0.5,174,543692040,222485712,2025-08-09 18:43:12+00:00
1,3,175,39,89,0.0,14485.03,93.0,2.669,0.0,175,543691669,222487638,2025-08-09 18:43:17+00:00
1,4,176,39,87,0.0,14498.63,92.39999999999998,2.687,0.0,176,543691399,222489606,2025-08-09 18:43:22+00:00
1,2,177,39,88,0.0,14507.04,92.0,2.687,0.5,177,543691182,222490925,2025-08-09 18:43:25+00:00
1,2,176,39,88,0.0,14514.88,92.0,2.687,0.5,176,543691044,222492097,2025-08-09 18:43:28+00:00
1,2,176,39,88,0.0,14529.06,92.60000000000002,2.715,0.0,176,543690868,222494212,2025-08-09 18:43:33+00:00
1,4,176,39,87,0.0,14537.62,92.79999999999995,2.715,0.0,176,543690691,222495545,2025-08-09 18:43:36+00:00
1,7,177,39,86,0.0,14545.65,92.39999999999998,2.725,0.5,177,543690561,222496702,2025-08-09 18:43:39+00:00
1,9,177,39,88,0.0,14558.82,92.39999999999998,2.725,0.0,177,543690272,222498677,2025-08-09 18:43:44+00:00
1,11,177,39,87,0.0,14569.84,92.39999999999998,2.715,0.5,177,543690102,222500328,2025-08-09 18:43:48+00:00
1,11,177,39,88,0.0,14580.67,92.39999999999998,2.715,0.5,177,543689876,222501919,2025-08-09 18:43:52+00:00
1,11,177,39,88,0.0,14588.69,92.60000000000002,2.715,0.0,177,543689760,222503180,2025-08-09 18:43:55+00:00
1,11,177,39,89,0.0,14596.23,93.20000000000005,2.697,0.5,177,543689599,222504267,2025-08-09 18:43:58+00:00
1,18,178,39,90,0.0,14607.09,93.60000000000002,2.697,0.0,178,543689316,222505912,2025-08-09 18:44:02+00:00
1,19,177,39,89,0.0,14618.76,93.39999999999998,2.706,0.5,177,543689013,222507658,2025-08-09 18:44:06+00:00
1,20,177,39,88,0.0,14628.49,93.0,2.715,0.0,177,543688816,222509096,2025-08-09 18:44:10+00:00
1,20,178,39,57,0.0,14636.16,92.60000000000002,2.575,0.5,178,543688587,222510171,2025-08-09 18:44:16+00:00
1,6,175,39,56,0.0,14642.14,92.0,1.614,0.5,175,543688589,222511154,2025-08-09 18:44:22+00:00
1,6,175,39,53,0.0,14643.18,92.20000000000005,1.596,0.5,175,543688653,222511266,2025-08-09 18:44:23+00:00
1,7,174,39,53,0.0,14645.83,92.0,1.568,0.0,174,543688583,222511598,2025-08-09 18:44:25+00:00
1,7,174,39,53,0.0,14649.37,91.79999999999995,1.801,0.0,174,543688426,222512034,2025-08-09 18:44:27+00:00
1,7,173,39,57,0.0,14656.17,91.39999999999998,1.521,0.0,173,543688227,222513073,2025-08-09 18:44:33+00:00
1,1,172,39,56,0.0,14664.16,91.0,1.502,0.0,172,543688022,222514235,2025-08-09 18:44:40+00:00
1,1,169,39,0,0.0,14669.84,91.0,1.362,0.0,169,543687934,222515155,2025-08-09 18:44:45+00:00
1,1,167,39,57,0.0,14676.36,91.39999999999998,1.213,0.0,167,543687811,222516072,2025-08-09 18:44:51+00:00
1,1,164,39,54,0.0,14686.87,91.39999999999998,1.241,0.0,164,543687580,222517598,2025-08-09 18:44:59+00:00
1,2,161,39,54,0.0,14689.92,91.79999999999995,1.25,0.0,161,543687529,222518134,2025-08-09 18:45:01+00:00
1,1,160,39,0,0.0,14694.91,91.79999999999995,1.278,0.0,160,543687403,222518786,2025-08-09 18:45:03+00:00
1,1,160,39,83,0.0,14702.27,92.20000000000005,1.894,0.5,160,543687137,222519916,2025-08-09 18:45:06+00:00
1,5,159,39,84,0.0,14710.11,92.20000000000005,2.155,0.5,159,543686903,222521034,2025-08-09 18:45:09+00:00
1,1,160,39,87,0.0,14723.26,92.20000000000005,2.221,0.0,160,543686577,222522937,2025-08-09 18:45:14+00:00
1,0,160,39,86,0.0,14731.94,92.20000000000005,2.258,0.0,160,543686197,222524230,2025-08-09 18:45:17+00:00
1,0,160,39,86,0.0,14739.23,92.39999999999998,2.323,0.5,160,543685978,222525256,2025-08-09 18:45:20+00:00
1,1,162,39,87,0.0,14754.95,92.60000000000002,2.379,0.0,162,543685581,222527619,2025-08-09 18:45:26+00:00
1,1,165,39,88,0.0,14765.64,92.60000000000002,2.417,0.0,165,543685243,222529150,2025-08-09 18:45:30+00:00
1,1,165,39,88,0.0,14779.21,92.39999999999998,2.463,0.0,165,543684694,222531072,2025-08-09 18:45:35+00:00
1,1,166,39,88,0.0,14793.44,92.20000000000005,2.529,0.0,166,543684127,222533053,2025-08-09 18:45:40+00:00
1,1,166,39,85,0.0,14804.33,93.20000000000005,2.566,0.0,166,543683744,222534623,2025-08-09 18:45:44+00:00
1,2,168,39,87,0.0,14817.41,93.39999999999998,2.575,0.0,168,543683060,222536322,2025-08-09 18:45:49+00:00
1,1,170,39,87,0.0,14825.17,93.20000000000005,2.575,0.0,170,543682486,222537227,2025-08-09 18:45:52+00:00
1,2,171,39,88,0.0,14840.31,93.39999999999998,2.566,0.0,171,543681525,222539083,2025-08-09 18:45:58+00:00
1,2,171,39,86,0.0,14850.75,93.60000000000002,2.575,0.5,171,543680847,222540307,2025-08-09 18:46:02+00:00
1,2,171,39,87,0.0,14858.97,93.20000000000005,2.575,0.0,171,543680275,222541327,2025-08-09 18:46:05+00:00
1,2,171,39,87,0.0,14875.02,93.0,2.613,0.5,171,543679190,222543174,2025-08-09 18:46:11+00:00
1,2,172,39,88,0.0,14885.58,93.0,2.613,0.0,172,543678490,222544425,2025-08-09 18:46:15+00:00
1,2,173,39,88,0.0,14898.45,93.79999999999995,2.613,0.0,173,543677645,222545985,2025-08-09 18:46:20+00:00
1,1,172,39,88,0.0,14913.78,94.39999999999998,2.613,0.0,172,543676655,222547821,2025-08-09 18:46:26+00:00
1,2,172,39,88,0.0,14923.77,93.79999999999995,2.613,0.5,172,543676042,222549091,2025-08-09 18:46:30+00:00
1,2,173,39,88,0.0,14934.08,93.0,2.613,0.0,173,543675351,222550352,2025-08-09 18:46:34+00:00
1,2,173,39,88,0.0,14944.29,93.20000000000005,2.603,0.0,173,543674641,222551590,2025-08-09 18:46:38+00:00
1,2,173,39,88,0.0,14952.99,93.39999999999998,2.603,0.0,173,543674129,222552635,2025-08-09 18:46:41+00:00
1,2,172,39,87,0.0,14963.54,93.60000000000002,2.631,0.0,172,543673385,222553829,2025-08-09 18:46:45+00:00
1,2,172,39,87,0.0,14974.11,93.79999999999995,2.631,0.0,172,543672633,222555062,2025-08-09 18:46:49+00:00
1,1,173,39,86,0.0,14981.52,93.20000000000005,2.641,0.0,173,543672219,222556018,2025-08-09 18:46:52+00:00
1,1,173,39,87,0.0,14992.57,92.79999999999995,2.631,0.0,173,543671441,222557345,2025-08-09 18:46:56+00:00
1,7,174,39,86,0.0,15003.56,92.20000000000005,2.659,0.5,174,543670682,222558697,2025-08-09 18:47:00+00:00
1,9,174,39,55,0.0,15011.4,91.79999999999995,2.659,0.5,174,543670205,222559616,2025-08-09 18:47:04+00:00
1,9,174,39,57,27.42,15018.07,92.0,2.519,0.5,174,543669728,222560379,2025-08-09 18:47:10+00:00
1,13,174,39,59,35.63,15029.17,92.20000000000005,1.689,0.0,174,543669077,222561714,2025-08-09 18:47:18+00:00
1,3,171,39,58,36.93,15033.79,92.20000000000005,1.54,0.5,171,543668782,222562330,2025-08-09 18:47:22+00:00
1,2,170,39,58,34.21,15038.38,91.60000000000002,1.624,0.0,170,543668474,222562747,2025-08-09 18:47:25+00:00
1,2,170,39,0,35.75,15045.14,91.79999999999995,1.362,0.0,170,543668081,222563698,2025-08-09 18:47:31+00:00
1,1,169,39,111,33.74,15055.26,91.79999999999995,2.585,0.0,169,543667492,222565021,2025-08-09 18:47:36+00:00
1,1,168,39,84,29.78,15065.77,92.39999999999998,2.687,0.5,168,543667004,222566433,2025-08-09 18:47:40+00:00
1,1,168,39,87,34.2,15074.54,91.60000000000002,2.585,0.0,168,543666552,222567659,2025-08-09 18:47:43+00:00
1,13,168,39,87,31.03,15088.39,92.39999999999998,2.753,0.0,168,543665918,222569528,2025-08-09 18:47:48+00:00
1,2,166,39,87,29.7,15096.17,92.60000000000002,2.715,0.5,166,543665619,222570586,2025-08-09 18:47:51+00:00
1,3,166,39,88,36.91,15104.36,92.20000000000005,2.678,0.5,166,543665245,222571761,2025-08-09 18:47:54+00:00
1,3,165,39,86,38.3,15115.06,91.79999999999995,2.678,0.5,165,543664826,222573282,2025-08-09 18:47:58+00:00
1,2,166,38,88,29.58,15125.48,91.60000000000002,2.659,0.0,166,543664340,222574691,2025-08-09 18:48:02+00:00
1,2,166,38,87,28.59,15136.35,91.60000000000002,2.659,0.5,166,543663827,222576182,2025-08-09 18:48:06+00:00
1,2,166,38,88,40.32,15144.71,91.20000000000005,2.669,0.5,166,543663517,222577397,2025-08-09 18:48:09+00:00
1,2,167,38,87,30.86,15158.21,92.0,2.669,0.0,167,543662874,222579267,2025-08-09 18:48:14+00:00
1,2,168,38,88,31.6,15169.36,92.39999999999998,2.669,0.0,168,543662361,222580795,2025-08-09 18:48:18+00:00
1,2,169,38,87,37.89,15179.86,92.20000000000005,2.678,0.0,169,543661974,222582232,2025-08-09 18:48:22+00:00
1,2,172,38,87,30.31,15187.66,92.20000000000005,2.669,0.0,172,543661582,222583324,2025-08-09 18:48:25+00:00
1,2,172,38,88,29.07,15192.9,92.20000000000005,2.669,0.0,172,543661346,222584038,2025-08-09 18:48:27+00:00
1,4,171,38,88,31.33,15203.48,92.20000000000005,2.659,0.0,171,543660901,222585507,2025-08-09 18:48:31+00:00
1,2,172,38,89,30.63,15213.48,92.20000000000005,2.641,0.5,172,543660493,222586940,2025-08-09 18:48:35+00:00
1,2,172,38,89,35.95,15224.53,92.0,2.641,0.0,172,543660022,222588510,2025-08-09 18:48:39+00:00
1,2,172,38,89,24.43,15238.18,92.20000000000005,2.659,0.5,172,543659461,222590422,2025-08-09 18:48:44+00:00
1,2,172,38,87,31.61,15251.31,92.39999999999998,2.65,0.5,172,543658876,222592191,2025-08-09 18:48:49+00:00
1,2,172,38,89,34.95,15259.84,92.60000000000002,2.659,0.0,172,543658448,222593374,2025-08-09 18:48:52+00:00
1,3,172,38,87,25.22,15273.7,92.20000000000005,2.687,0.5,172,543657862,222595305,2025-08-09 18:48:57+00:00
1,3,172,38,89,36.31,15286.54,92.39999999999998,2.669,0.0,172,543657363,222597101,2025-08-09 18:49:02+00:00
1,3,173,38,88,31.52,15296.98,93.20000000000005,2.659,0.5,173,543656916,222598549,2025-08-09 18:49:06+00:00
1,3,173,38,89,32.24,15305.32,93.39999999999998,2.659,0.5,173,543656592,222599770,2025-08-09 18:49:09+00:00
1,3,173,38,90,28.18,15313.1,93.60000000000002,2.659,0.0,173,543656333,222600877,2025-08-09 18:49:12+00:00
1,3,173,38,88,39.95,15325.77,92.79999999999995,2.641,0.0,173,543655793,222602624,2025-08-09 18:49:17+00:00
1,3,173,38,87,40.48,15341.11,93.0,2.641,0.5,173,543655122,222604765,2025-08-09 18:49:23+00:00
1,3,174,38,89,31.26,15351.57,93.0,2.622,0.5,174,543654691,222606217,2025-08-09 18:49:27+00:00
1,2,175,38,87,28.66,15362.41,93.0,2.622,0.5,175,543654228,222607707,2025-08-09 18:49:31+00:00
1,3,174,38,89,33.71,15370.22,93.0,2.631,0.5,174,543653881,222608803,2025-08-09 18:49:34+00:00
1,2,174,38,88,33.45,15380.68,93.39999999999998,2.622,0.5,174,543653394,222610325,2025-08-09 18:49:38+00:00
1,2,175,38,89,41.86,15392.04,93.79999999999995,2.641,0.0,175,543652904,222611849,2025-08-09 18:49:42+00:00
1,2,175,38,88,28.09,15404.62,94.39999999999998,2.641,0.5,175,543652249,222613546,2025-08-09 18:49:47+00:00
1,5,174,38,89,30.87,15415.54,94.39999999999998,2.631,0.5,174,543651671,222615012,2025-08-09 18:49:51+00:00
1,5,174,38,89,27.34,15419.37,94.20000000000005,2.622,0.0,174,543651555,222615625,2025-08-09 18:49:54+00:00
1,1,174,38,58,27.03,15426.3,92.79999999999995,1.726,0.5,174,543651337,222616849,2025-08-09 18:50:02+00:00
1,0,173,38,58,29.97,15427.78,92.60000000000002,1.689,0.5,173,543651269,222617047,2025-08-09 18:50:03+00:00
1,1,171,38,58,40.73,15438.23,92.39999999999998,1.819,0.0,171,543650668,222618309,2025-08-09 18:50:09+00:00
1,1,170,38,60,35.68,15447.45,92.0,1.521,0.0,170,543650221,222619565,2025-08-09 18:50:16+00:00
1,4,167,38,60,36.63,15454.74,91.79999999999995,1.409,0.0,167,543649818,222620605,2025-08-09 18:50:22+00:00
1,4,167,38,59,32.93,15456.09,91.60000000000002,1.372,0.0,167,543649756,222620798,2025-08-09 18:50:23+00:00
1,2,166,38,55,31.57,15463.55,92.39999999999998,1.362,0.0,166,543649437,222621927,2025-08-09 18:50:29+00:00
1,1,163,38,53,36.96,15469.14,92.60000000000002,1.4,0.5,163,543649314,222622733,2025-08-09 18:50:33+00:00
1,1,163,38,53,36.4,15471.66,92.79999999999995,1.381,0.5,163,543649243,222623084,2025-08-09 18:50:35+00:00
1,1,162,38,55,32.97,15483.11,93.39999999999998,1.344,0.5,162,543648651,222624680,2025-08-09 18:50:42+00:00
1,2,161,38,55,30.49,15491.91,93.0,1.353,0.5,161,543648274,222625847,2025-08-09 18:50:45+00:00
1,2,160,38,86,29.88,15505.6,92.60000000000002,2.258,0.0,160,543647635,222627637,2025-08-09 18:50:50+00:00
1,0,161,38,87,33.48,15514.28,92.79999999999995,2.267,0.0,161,543647124,222628796,2025-08-09 18:50:53+00:00
1,0,161,38,88,28.06,15521.9,92.60000000000002,2.267,0.5,161,543646873,222629892,2025-08-09 18:50:56+00:00
1,0,161,38,89,29.6,15533.43,92.39999999999998,2.529,0.0,161,543646318,222631486,2025-08-09 18:51:00+00:00
1,0,163,38,88,27.34,15546.2,92.79999999999995,2.342,0.0,163,543645783,222633248,2025-08-09 18:51:05+00:00
1,0,162,38,88,38.68,15554.53,92.39999999999998,2.379,0.0,162,543645328,222634358,2025-08-09 18:51:08+00:00
1,0,163,38,85,28.5,15564.44,92.79999999999995,2.417,0.0,163,543644707,222635586,2025-08-09 18:51:12+00:00
1,1,165,38,85,28.85,15576.87,92.60000000000002,2.361,0.5,165,543643882,222637055,2025-08-09 18:51:17+00:00
1,1,166,38,85,29.6,15592.37,92.20000000000005,2.398,0.5,166,543642743,222638865,2025-08-09 18:51:23+00:00
1,1,167,38,85,29.5,15600.67,92.20000000000005,2.426,0.5,167,543642251,222639910,2025-08-09 18:51:26+00:00
1,1,167,38,84,26.59,15606.16,92.20000000000005,2.445,0.5,167,543641825,222640348,2025-08-09 18:51:29+00:00
1,1,167,38,84,24.65,15608.21,92.20000000000005,2.417,0.5,167,543641643,222640472,2025-08-09 18:51:30+00:00
1,2,168,38,82,25.35,15618.4,92.20000000000005,2.389,0.5,168,543640640,222641294,2025-08-09 18:51:34+00:00
1,5,169,38,86,26.76,15632.59,91.39999999999998,2.463,0.0,169,543639449,222642610,2025-08-09 18:51:39+00:00
1,5,169,38,87,24.89,15643.78,91.0,2.566,0.5,169,543638498,222643625,2025-08-09 18:51:43+00:00
1,4,169,38,88,37.18,15657.47,91.20000000000005,2.603,0.0,169,543637450,222645089,2025-08-09 18:51:48+00:00
1,4,169,38,86,26.36,15671.12,91.20000000000005,2.622,0.5,169,543636370,222646514,2025-08-09 18:51:53+00:00
1,2,169,38,88,25.95,15679.42,91.0,2.631,0.5,169,543635779,222647330,2025-08-09 18:51:56+00:00
1,3,170,38,88,32.0,15687.88,90.60000000000002,2.65,0.0,170,543635010,222648159,2025-08-09 18:51:59+00:00
1,3,170,37,88,24.72,15702.4,90.20000000000005,2.678,0.5,170,543633810,222649528,2025-08-09 18:52:04+00:00
1,3,170,37,88,27.52,15718.63,90.39999999999998,2.715,0.5,170,543632523,222651210,2025-08-09 18:52:10+00:00
1,3,171,37,89,28.36,15726.41,90.39999999999998,2.725,0.0,171,543631948,222652006,2025-08-09 18:52:13+00:00
1,3,171,37,88,24.82,15737.8,89.60000000000002,2.725,0.5,171,543631064,222653208,2025-08-09 18:52:17+00:00
1,3,171,37,89,36.13,15747.24,89.60000000000002,2.753,0.5,171,543630258,222654141,2025-08-09 18:52:20+00:00
1,4,172,37,86,35.25,15763.59,89.39999999999998,2.781,0.5,172,543628954,222655756,2025-08-09 18:52:26+00:00
1,4,172,37,88,28.77,15774.12,89.39999999999998,2.781,0.5,172,543628043,222656738,2025-08-09 18:52:30+00:00
1,3,173,37,88,25.39,15785.74,89.60000000000002,2.79,0.5,173,543627162,222657963,2025-08-09 18:52:34+00:00
1,3,174,37,88,38.24,15794.1,90.0,2.809,0.5,174,543626504,222658822,2025-08-09 18:52:37+00:00
1,5,174,37,59,35.99,15803.06,89.79999999999995,2.594,0.0,174,543625671,222659721,2025-08-09 18:52:44+00:00
1,5,174,37,59,36.93,15804.23,89.79999999999995,1.941,0.5,174,543625596,222659887,2025-08-09 18:52:45+00:00
1,1,171,37,58,33.99,15807.96,89.79999999999995,1.222,0.5,171,543625343,222660445,2025-08-09 18:52:49+00:00
1,1,171,37,58,26.7,15808.99,89.79999999999995,1.661,0.5,171,543625192,222660486,2025-08-09 18:52:50+00:00
1,1,171,37,59,32.79,15810.63,90.0,1.708,0.0,171,543625082,222660673,2025-08-09 18:52:51+00:00
1,1,169,37,58,0.0,15822.71,89.79999999999995,1.913,0.5,169,543624125,222661766,2025-08-09 18:52:59+00:00
1,1,167,37,58,27.92,15834.12,88.60000000000002,1.736,0.5,167,543623171,222662730,2025-08-09 18:53:07+00:00
1,1,164,37,120,26.48,15842.62,88.20000000000005,1.577,0.0,164,543622421,222663610,2025-08-09 18:53:12+00:00
1,4,163,37,85,31.11,15853.01,88.20000000000005,2.155,0.5,163,543621499,222664567,2025-08-09 18:53:16+00:00
1,6,162,37,87,30.51,15863.47,87.60000000000002,2.258,0.0,162,543620563,222665396,2025-08-09 18:53:20+00:00
1,1,164,37,87,32.08,15875.2,88.0,2.249,0.0,164,543619371,222665901,2025-08-09 18:53:25+00:00
1,1,164,37,88,28.04,15885.3,89.0,2.286,0.0,164,543618287,222666430,2025-08-09 18:53:29+00:00
1,1,164,37,88,24.18,15896.76,89.20000000000005,2.473,0.5,164,543617143,222666917,2025-08-09 18:53:33+00:00
1,1,166,37,87,27.77,15916.22,89.0,2.529,0.5,166,543615113,222667609,2025-08-09 18:53:40+00:00
1,1,167,37,88,20.2,15926.44,89.0,2.547,0.0,167,543614087,222668137,2025-08-09 18:53:44+00:00
1,1,167,37,86,30.6,15933.72,88.39999999999998,2.547,0.5,167,543613348,222668424,2025-08-09 18:53:47+00:00
1,5,168,37,88,28.52,15948.54,88.60000000000002,2.557,0.0,168,543611779,222668870,2025-08-09 18:53:53+00:00
1,5,168,37,87,19.4,15956.76,89.39999999999998,2.529,0.5,168,543610946,222669168,2025-08-09 18:53:56+00:00
1,2,170,37,89,28.72,15966.68,89.79999999999995,2.547,0.0,170,543609883,222669442,2025-08-09 18:54:00+00:00
1,3,172,37,87,27.16,15977.72,89.39999999999998,2.547,0.5,172,543608718,222669218,2025-08-09 18:54:04+00:00
1,3,172,37,87,29.66,15980.07,89.39999999999998,2.566,0.5,172,543608525,222669168,2025-08-09 18:54:05+00:00
1,5,173,37,81,24.25,15989.86,90.0,2.575,0.0,173,543607251,222668963,2025-08-09 18:54:09+00:00
1,8,174,37,82,0.0,16002.29,90.20000000000005,2.51,0.5,174,543605883,222668978,2025-08-09 18:54:14+00:00
1,10,173,37,82,0.0,16004.81,90.39999999999998,2.51,0.5,173,543605548,222669037,2025-08-09 18:54:15+00:00
