107,135,136,143,cadence,cycle_length16,distance,enhanced_altitude,enhanced_speed,fractional_cadence,heart_rate,position_lat,position_long,timestamp
0,99,80,72,0,0.0,0.39,89.39999999999998,0.0,0.0,80,543646231,222633914,2025-03-13 14:12:09+00:00
1,99,80,72,0,0.0,1.64,89.39999999999998,0.0,0.0,80,543646287,222633728,2025-03-13 14:12:10+00:00
1,91,82,72,0,0.0,5.78,89.39999999999998,0.0,0.0,82,543646411,222633124,2025-03-13 14:12:12+00:00
1,94,84,72,80,0.0,16.34,89.20000000000005,2.501,0.5,84,543646854,222631654,2025-03-13 14:12:16+00:00
1,95,88,72,80,0.0,22.45,89.0,2.818,0.5,88,543647113,222630789,2025-03-13 14:12:18+00:00
1,94,91,72,81,655.28,24.77,89.20000000000005,2.948,0.0,91,543647161,222630473,2025-03-13 14:12:19+00:00
1,95,93,72,82,655.28,27.72,89.60000000000002,2.948,0.0,93,543647328,222630031,2025-03-13 14:12:20+00:00
1,93,98,72,83,655.28,33.02,89.79999999999995,2.659,0.5,98,543647529,222629324,2025-03-13 14:12:22+00:00
1,93,101,72,84,655.28,35.68,89.79999999999995,2.725,0.0,101,543647698,222628965,2025-03-13 14:12:23+00:00
1,83,105,72,85,655.28,38.03,90.20000000000005,2.706,0.0,105,543647734,222628641,2025-03-13 14:12:24+00:00
1,75,108,72,85,655.28,40.96,90.20000000000005,2.706,0.0,108,543647927,222628211,2025-03-13 14:12:25+00:00
1,72,111,72,83,655.28,43.37,90.0,2.697,0.5,111,543648035,222627953,2025-03-13 14:12:26+00:00
1,67,114,72,81,655.28,46.13,90.0,2.65,0.5,114,543648136,222627607,2025-03-13 14:12:27+00:00
1,66,117,72,81,655.28,48.81,90.0,2.659,0.5,117,543648282,222627218,2025-03-13 14:12:28+00:00
1,61,122,72,82,655.28,53.46,90.0,2.659,0.5,122,543648496,222626572,2025-03-13 14:12:30+00:00
1,52,124,72,83,655.28,55.11,89.79999999999995,2.603,0.0,124,543648571,222626345,2025-03-13 14:12:31+00:00
1,43,127,72,83,655.28,57.39,89.60000000000002,2.594,0.5,127,543648642,222626017,2025-03-13 14:12:32+00:00
1,19,131,72,84,655.28,61.34,89.79999999999995,2.51,0.5,131,543648781,222625484,2025-03-13 14:12:34+00:00
1,15,132,72,84,655.28,63.63,89.39999999999998,2.51,0.5,132,543648900,222625069,2025-03-13 14:12:35+00:00
1,4,134,72,82,655.28,73.79,89.20000000000005,2.473,0.5,134,543649366,222623730,2025-03-13 14:12:39+00:00
1,7,137,72,83,655.31,81.23,89.60000000000002,2.463,0.5,137,543649623,222622648,2025-03-13 14:12:42+00:00
1,8,139,72,83,655.31,86.46,89.79999999999995,2.473,0.5,139,543649869,222621942,2025-03-13 14:12:44+00:00
1,12,142,72,83,655.28,97.21,89.60000000000002,2.463,0.5,142,543650318,222620354,2025-03-13 14:12:48+00:00
1,14,144,72,83,655.28,104.93,89.79999999999995,2.501,0.0,144,543650684,222619328,2025-03-13 14:12:51+00:00
1,15,145,72,84,655.29,112.1,90.0,2.51,0.5,145,543650977,222618368,2025-03-13 14:12:54+00:00
1,7,142,72,84,655.29,117.18,90.39999999999998,2.491,0.5,142,543651255,222617598,2025-03-13 14:12:56+00:00
1,2,140,72,83,655.29,122.71,90.60000000000002,2.491,0.5,140,543651488,222616845,2025-03-13 14:12:58+00:00
1,2,140,72,83,655.29,133.03,90.79999999999995,2.519,0.5,140,543651923,222615479,2025-03-13 14:13:02+00:00
1,2,142,72,83,655.29,142.91,91.20000000000005,2.529,0.5,142,543652453,222614111,2025-03-13 14:13:06+00:00
1,1,143,72,83,655.29,150.66,91.0,2.501,0.5,143,543652809,222613032,2025-03-13 14:13:09+00:00
1,3,144,72,84,655.29,158.52,91.0,2.519,0.0,144,543653100,222611962,2025-03-13 14:13:12+00:00
1,3,144,72,84,655.29,168.78,91.20000000000005,2.529,0.5,144,543653596,222610501,2025-03-13 14:13:16+00:00
1,5,145,72,83,654.35,176.48,91.0,2.529,0.5,145,543653911,222609481,2025-03-13 14:13:19+00:00
1,5,145,72,83,654.48,183.32,90.79999999999995,2.529,0.0,145,543654168,222608532,2025-03-13 14:13:22+00:00
1,9,146,72,84,654.6,193.41,91.0,2.51,0.5,146,543654609,222607036,2025-03-13 14:13:26+00:00
1,12,147,72,84,654.6,201.54,91.20000000000005,2.51,0.5,147,543655063,222606038,2025-03-13 14:13:29+00:00
1,12,147,72,83,655.29,208.64,91.39999999999998,2.519,0.5,147,543655360,222605061,2025-03-13 14:13:32+00:00
1,14,148,72,84,655.29,219.23,92.0,2.519,0.5,148,543655831,222603507,2025-03-13 14:13:36+00:00
1,18,149,72,84,655.28,227.13,91.60000000000002,2.529,0.5,149,543656075,222602422,2025-03-13 14:13:39+00:00
1,18,149,72,85,655.28,237.98,91.60000000000002,2.547,0.0,149,543656536,222600857,2025-03-13 14:13:43+00:00
1,22,150,72,85,655.29,245.2,91.39999999999998,2.547,0.0,150,543656826,222599874,2025-03-13 14:13:46+00:00
1,23,151,72,85,655.28,252.88,91.60000000000002,2.547,0.5,151,543657161,222598818,2025-03-13 14:13:49+00:00
1,17,152,72,85,655.28,264.04,92.0,2.557,0.0,152,543657690,222597293,2025-03-13 14:13:53+00:00
1,17,152,72,84,655.28,274.04,91.60000000000002,2.566,0.5,152,543658060,222595889,2025-03-13 14:13:57+00:00
1,15,153,71,83,655.28,281.65,91.60000000000002,2.575,0.5,153,543658399,222594791,2025-03-13 14:14:00+00:00
1,15,153,71,84,655.29,291.6,91.0,2.566,0.0,153,543658784,222593465,2025-03-13 14:14:04+00:00
1,20,154,71,84,655.29,298.81,90.60000000000002,2.557,0.5,154,543659161,222592460,2025-03-13 14:14:07+00:00
1,20,154,71,84,655.29,309.32,90.39999999999998,2.547,0.5,154,543659586,222590964,2025-03-13 14:14:11+00:00
1,25,155,71,86,655.29,319.94,90.0,2.557,0.0,155,543660068,222589438,2025-03-13 14:14:15+00:00
1,25,155,71,84,655.28,328.26,90.20000000000005,2.566,0.5,155,543660395,222588306,2025-03-13 14:14:18+00:00
1,25,155,71,84,655.29,338.88,90.20000000000005,2.585,0.5,155,543660837,222586819,2025-03-13 14:14:22+00:00
1,31,156,71,84,655.28,345.87,89.60000000000002,2.575,0.5,156,543661145,222585819,2025-03-13 14:14:25+00:00
1,29,156,71,84,655.28,353.51,89.79999999999995,2.575,0.5,156,543661440,222584815,2025-03-13 14:14:28+00:00
1,31,155,71,84,655.28,361.46,90.39999999999998,2.575,0.5,155,543661795,222583670,2025-03-13 14:14:31+00:00
1,31,156,71,84,655.28,369.99,91.0,2.585,0.0,156,543662244,222582487,2025-03-13 14:14:34+00:00
1,31,156,71,86,655.29,378.0,91.0,2.594,0.0,156,543662624,222581438,2025-03-13 14:14:37+00:00
1,34,157,71,84,655.28,384.94,91.20000000000005,2.603,0.5,157,543662850,222580496,2025-03-13 14:14:40+00:00
1,34,157,71,84,655.28,395.31,91.0,2.585,0.5,157,543663331,222578946,2025-03-13 14:14:44+00:00
1,34,157,71,85,655.28,402.86,90.79999999999995,2.585,0.0,157,543663609,222577927,2025-03-13 14:14:47+00:00
1,35,158,71,84,655.28,414.57,92.0,2.594,0.5,158,543664122,222576218,2025-03-13 14:14:51+00:00
1,36,157,71,84,655.27,422.82,91.60000000000002,2.622,0.5,157,543664451,222575083,2025-03-13 14:14:54+00:00
1,37,158,71,85,655.28,430.81,92.0,2.631,0.0,158,543664702,222573999,2025-03-13 14:14:57+00:00
1,37,158,71,85,655.28,439.2,91.79999999999995,2.65,0.5,158,543665157,222572909,2025-03-13 14:15:00+00:00
1,37,158,71,85,655.28,447.41,92.0,2.65,0.5,158,543665558,222571690,2025-03-13 14:15:03+00:00
1,35,159,71,85,655.28,458.51,92.0,2.669,0.0,159,543665962,222570207,2025-03-13 14:15:07+00:00
1,35,159,71,84,655.28,466.59,92.0,2.678,0.5,159,543666342,222569015,2025-03-13 14:15:10+00:00
1,32,159,71,84,655.28,476.52,92.0,2.669,0.5,159,543666818,222567681,2025-03-13 14:15:14+00:00
1,31,159,71,85,655.28,485.15,91.79999999999995,2.678,0.0,159,543667232,222566470,2025-03-13 14:15:17+00:00
1,31,159,71,85,655.28,496.09,92.0,2.687,0.0,159,543667703,222565027,2025-03-13 14:15:21+00:00
1,31,159,71,85,655.28,504.35,91.60000000000002,2.687,0.5,159,543668172,222563890,2025-03-13 14:15:24+00:00
1,17,158,71,86,655.28,515.74,92.0,2.706,0.0,158,543668839,222562552,2025-03-13 14:15:28+00:00
1,17,158,71,86,655.29,523.32,91.79999999999995,2.715,0.0,158,543669381,222561583,2025-03-13 14:15:31+00:00
1,9,159,71,85,655.28,537.86,91.60000000000002,2.706,0.5,159,543670346,222559778,2025-03-13 14:15:36+00:00
1,9,159,71,86,655.29,545.2,91.20000000000005,2.725,0.0,159,543670816,222558930,2025-03-13 14:15:39+00:00
1,9,159,71,86,655.29,557.08,91.79999999999995,2.725,0.5,159,543671552,222557369,2025-03-13 14:15:43+00:00
1,15,160,71,86,655.29,565.85,91.79999999999995,2.743,0.5,160,543672050,222556327,2025-03-13 14:15:46+00:00
1,19,160,71,86,655.29,576.05,92.39999999999998,2.762,0.0,160,543672641,222555009,2025-03-13 14:15:50+00:00
1,19,160,71,86,655.29,582.84,92.60000000000002,2.734,0.0,160,543673115,222554196,2025-03-13 14:15:53+00:00
1,19,160,71,84,655.31,594.53,93.20000000000005,2.725,0.5,160,543673892,222552788,2025-03-13 14:15:57+00:00
1,27,160,71,85,655.29,607.11,93.20000000000005,2.734,0.0,160,543674712,222551254,2025-03-13 14:16:02+00:00
1,29,161,71,85,655.29,617.88,92.39999999999998,2.715,0.5,161,543675470,222550061,2025-03-13 14:16:06+00:00
1,33,161,71,84,655.31,626.79,92.39999999999998,2.715,0.5,161,543676086,222549011,2025-03-13 14:16:09+00:00
1,33,161,71,86,655.29,636.7,92.20000000000005,2.715,0.0,161,543676784,222547864,2025-03-13 14:16:13+00:00
1,33,161,71,85,655.29,648.38,91.60000000000002,2.715,0.5,161,543677568,222546477,2025-03-13 14:16:17+00:00
1,33,161,71,85,655.28,660.4,91.60000000000002,2.743,0.5,161,543678328,222544975,2025-03-13 14:16:21+00:00
1,24,162,71,86,655.28,668.0,91.60000000000002,2.753,0.0,162,543678812,222544134,2025-03-13 14:16:24+00:00
1,25,162,71,85,655.29,678.68,91.79999999999995,2.743,0.5,162,543679510,222542835,2025-03-13 14:16:28+00:00
1,25,162,71,85,655.28,689.2,91.60000000000002,2.734,0.5,162,543680193,222541604,2025-03-13 14:16:32+00:00
1,25,162,71,85,655.28,697.05,91.39999999999998,2.734,0.0,162,543680714,222540592,2025-03-13 14:16:35+00:00
1,25,162,71,85,655.28,708.18,91.20000000000005,2.715,0.5,162,543681370,222539233,2025-03-13 14:16:39+00:00
1,25,162,71,85,655.28,716.08,91.20000000000005,2.734,0.5,162,543681919,222538210,2025-03-13 14:16:42+00:00
1,25,162,71,86,655.28,727.08,92.20000000000005,2.734,0.0,162,543682604,222536969,2025-03-13 14:16:46+00:00
1,25,162,71,85,655.28,734.33,92.79999999999995,2.725,0.5,162,543683114,222536031,2025-03-13 14:16:49+00:00
1,25,162,71,85,655.28,746.27,94.20000000000005,2.725,0.5,162,543683789,222534606,2025-03-13 14:16:53+00:00
1,6,162,71,85,655.29,754.34,94.39999999999998,2.734,0.0,162,543684213,222533492,2025-03-13 14:16:56+00:00
1,7,162,70,86,655.29,764.59,94.39999999999998,2.734,0.0,162,543684622,222532028,2025-03-13 14:17:00+00:00
1,9,162,70,85,655.29,775.64,93.79999999999995,2.725,0.5,162,543685135,222530483,2025-03-13 14:17:04+00:00
1,9,163,70,85,655.29,783.22,93.60000000000002,2.706,0.0,163,543685381,222529420,2025-03-13 14:17:07+00:00
1,10,163,70,86,655.29,794.65,93.20000000000005,2.706,0.0,163,543685777,222527726,2025-03-13 14:17:11+00:00
1,10,162,70,85,655.29,802.87,93.20000000000005,2.715,0.5,162,543685958,222526573,2025-03-13 14:17:14+00:00
1,10,162,70,86,655.29,813.6,93.20000000000005,2.725,0.5,162,543686316,222524959,2025-03-13 14:17:18+00:00
1,10,162,70,86,655.29,821.45,92.79999999999995,2.715,0.0,162,543686530,222523839,2025-03-13 14:17:21+00:00
1,4,162,70,85,655.29,834.06,93.0,2.706,0.5,162,543686929,222522022,2025-03-13 14:17:26+00:00
1,4,162,70,85,655.29,845.34,93.0,2.697,0.0,162,543687216,222520306,2025-03-13 14:17:30+00:00
1,4,162,70,84,655.29,852.51,92.60000000000002,2.687,0.0,162,543687380,222519271,2025-03-13 14:17:33+00:00
1,1,162,70,84,655.28,863.4,92.39999999999998,2.678,0.5,162,543687742,222517650,2025-03-13 14:17:37+00:00
1,1,162,70,85,655.28,870.96,91.79999999999995,2.669,0.5,162,543687718,222516537,2025-03-13 14:17:40+00:00
1,1,162,70,86,655.28,883.11,92.39999999999998,2.678,0.0,162,543688154,222514736,2025-03-13 14:17:44+00:00
1,2,163,70,85,655.28,891.13,91.79999999999995,2.706,0.5,163,543688284,222513583,2025-03-13 14:17:47+00:00
1,2,163,70,85,655.3,902.34,92.20000000000005,2.715,0.5,163,543688490,222511869,2025-03-13 14:17:51+00:00
1,2,164,70,86,655.3,910.17,92.0,2.715,0.0,164,543688747,222510793,2025-03-13 14:17:54+00:00
1,2,163,70,85,655.3,918.34,92.79999999999995,2.706,0.0,163,543688903,222509625,2025-03-13 14:17:57+00:00
1,2,164,70,85,655.3,928.63,93.39999999999998,2.706,0.5,164,543689097,222507997,2025-03-13 14:18:01+00:00
1,2,164,70,84,655.29,936.63,93.60000000000002,2.697,0.5,164,543689296,222506850,2025-03-13 14:18:04+00:00
1,2,164,70,85,655.29,947.93,93.20000000000005,2.687,0.0,164,543689624,222505162,2025-03-13 14:18:08+00:00
1,2,165,70,84,655.29,955.35,93.0,2.706,0.5,165,543689686,222504038,2025-03-13 14:18:11+00:00
1,2,164,70,85,655.29,969.29,93.0,2.715,0.0,164,543689876,222501952,2025-03-13 14:18:16+00:00
1,2,165,70,85,655.29,981.48,93.39999999999998,2.734,0.5,165,543690186,222500102,2025-03-13 14:18:20+00:00
1,2,164,70,84,655.29,989.31,93.20000000000005,2.734,0.5,164,543690269,222498961,2025-03-13 14:18:23+00:00
1,2,164,70,85,655.29,1000.51,93.39999999999998,2.734,0.0,164,543690571,222497298,2025-03-13 14:18:27+00:00
1,2,164,70,85,655.29,1003.17,93.39999999999998,2.734,0.0,164,543690623,222496938,2025-03-13 14:18:28+00:00
1,2,165,70,85,655.29,1010.91,93.0,2.743,0.5,165,543690716,222495794,2025-03-13 14:18:31+00:00
1,2,164,70,84,0.0,1018.76,93.39999999999998,2.734,0.5,164,543690908,222494581,2025-03-13 14:18:34+00:00
1,1,164,70,85,0.0,1028.25,93.0,2.697,0.0,164,543691080,222493176,2025-03-13 14:18:38+00:00
1,1,165,70,85,0.0,1036.95,93.0,2.697,0.0,165,543691232,222491866,2025-03-13 14:18:41+00:00
1,1,164,70,84,0.0,1049.99,93.20000000000005,2.697,0.5,164,543691304,222489897,2025-03-13 14:18:46+00:00
1,1,165,70,85,655.28,1063.49,93.60000000000002,2.687,0.0,165,543691599,222487846,2025-03-13 14:18:51+00:00
1,1,164,70,84,655.28,1073.41,94.39999999999998,2.687,0.5,164,543691742,222486373,2025-03-13 14:18:55+00:00
1,1,165,70,84,655.28,1085.04,94.60000000000002,2.678,0.0,165,543692065,222484643,2025-03-13 14:18:59+00:00
1,1,164,70,85,655.29,1095.97,94.60000000000002,2.678,0.0,164,543692416,222483046,2025-03-13 14:19:03+00:00
1,1,164,70,84,655.29,1106.69,94.0,2.687,0.5,164,543692715,222481536,2025-03-13 14:19:07+00:00
1,1,164,70,84,655.29,1115.04,93.79999999999995,2.697,0.5,164,543693026,222480322,2025-03-13 14:19:10+00:00
1,1,165,70,85,655.28,1128.83,94.20000000000005,2.687,0.0,165,543693527,222478272,2025-03-13 14:19:15+00:00
1,2,166,70,84,655.28,1139.78,94.0,2.715,0.5,166,543693927,222476843,2025-03-13 14:19:19+00:00
1,1,166,70,85,655.3,1147.58,94.0,2.706,0.0,166,543694271,222475669,2025-03-13 14:19:22+00:00
1,1,165,70,85,655.28,1162.71,94.20000000000005,2.715,0.5,165,543694959,222473592,2025-03-13 14:19:27+00:00
1,1,165,70,85,655.28,1169.68,93.60000000000002,2.725,0.5,165,543695157,222472588,2025-03-13 14:19:30+00:00
1,1,166,70,86,655.28,1180.7,93.79999999999995,2.706,0.0,166,543695600,222470964,2025-03-13 14:19:34+00:00
1,1,166,70,86,655.28,1189.68,93.20000000000005,2.715,0.0,166,543695866,222469704,2025-03-13 14:19:37+00:00
1,2,165,70,85,655.28,1200.89,94.0,2.734,0.5,165,543696252,222468047,2025-03-13 14:19:41+00:00
1,2,165,70,85,655.28,1208.57,93.60000000000002,2.734,0.0,165,543696494,222466939,2025-03-13 14:19:44+00:00
1,2,165,70,86,655.31,1219.4,94.0,2.734,0.5,165,543696904,222465392,2025-03-13 14:19:48+00:00
1,2,165,70,86,655.29,1229.91,93.20000000000005,2.734,0.5,165,543697358,222464001,2025-03-13 14:19:52+00:00
1,2,165,70,86,655.28,1238.4,93.20000000000005,2.725,0.0,165,543697780,222462776,2025-03-13 14:19:55+00:00
1,2,165,70,85,655.28,1246.86,92.79999999999995,2.725,0.5,165,543698121,222461619,2025-03-13 14:19:58+00:00
1,4,164,69,84,655.28,1255.12,93.0,2.743,0.5,164,543698396,222460521,2025-03-13 14:20:01+00:00
1,6,164,69,84,655.28,1266.53,92.79999999999995,2.734,0.5,164,543698841,222458809,2025-03-13 14:20:05+00:00
1,2,165,69,86,655.28,1275.12,93.20000000000005,2.743,0.0,165,543699117,222457585,2025-03-13 14:20:08+00:00
1,2,165,69,85,655.28,1289.84,93.60000000000002,2.771,0.5,165,543699716,222455572,2025-03-13 14:20:13+00:00
1,2,165,69,86,655.28,1297.81,93.39999999999998,2.781,0.0,165,543700110,222454445,2025-03-13 14:20:16+00:00
1,2,165,69,85,655.28,1308.96,93.39999999999998,2.781,0.0,165,543700555,222452899,2025-03-13 14:20:20+00:00
1,2,166,69,85,655.28,1319.63,93.20000000000005,2.781,0.5,166,543701018,222451267,2025-03-13 14:20:24+00:00
1,2,166,69,84,655.28,1327.36,93.0,2.771,0.0,166,543701162,222450169,2025-03-13 14:20:27+00:00
1,2,167,69,84,655.3,1339.36,93.20000000000005,2.762,0.5,167,543701688,222448455,2025-03-13 14:20:31+00:00
1,2,167,69,84,655.3,1349.63,92.79999999999995,2.781,0.5,167,543702053,222447042,2025-03-13 14:20:35+00:00
1,2,167,69,84,655.28,1360.93,92.79999999999995,2.762,0.0,167,543702507,222445468,2025-03-13 14:20:39+00:00
1,2,166,69,85,655.28,1371.69,92.79999999999995,2.771,0.5,166,543703072,222443928,2025-03-13 14:20:43+00:00
1,2,166,69,85,655.28,1380.48,92.60000000000002,2.762,0.5,166,543703337,222442806,2025-03-13 14:20:46+00:00
1,2,165,69,85,655.28,1390.12,92.60000000000002,2.762,0.0,165,543703801,222441320,2025-03-13 14:20:50+00:00
1,2,166,69,85,655.28,1398.07,92.79999999999995,2.743,0.0,166,543704122,222440266,2025-03-13 14:20:53+00:00
1,1,167,69,84,655.32,1408.28,93.39999999999998,2.725,0.5,167,543704468,222438770,2025-03-13 14:20:57+00:00
1,2,168,69,84,655.27,1418.63,92.60000000000002,2.715,0.0,168,543704902,222437381,2025-03-13 14:21:01+00:00
1,2,167,69,84,655.27,1426.98,92.0,2.715,0.5,167,543705269,222436185,2025-03-13 14:21:04+00:00
1,2,167,69,85,655.29,1435.23,92.79999999999995,2.706,0.5,167,543705619,222434963,2025-03-13 14:21:07+00:00
1,2,167,69,85,655.29,1443.01,93.0,2.706,0.0,167,543705845,222433896,2025-03-13 14:21:10+00:00
1,1,167,69,85,655.29,1453.63,93.20000000000005,2.687,0.0,167,543706338,222432328,2025-03-13 14:21:14+00:00
1,2,167,69,85,655.29,1465.32,92.79999999999995,2.697,0.5,167,543706755,222430704,2025-03-13 14:21:18+00:00
1,1,168,69,85,655.23,1473.71,92.60000000000002,2.715,0.0,168,543707129,222429514,2025-03-13 14:21:21+00:00
1,1,167,69,84,655.29,1486.87,92.0,2.706,0.5,167,543707681,222427664,2025-03-13 14:21:26+00:00
1,1,167,69,83,655.29,1498.24,91.39999999999998,2.715,0.5,167,543708022,222426110,2025-03-13 14:21:30+00:00
1,1,167,69,86,655.29,1509.31,91.20000000000005,2.706,0.0,167,543708484,222424467,2025-03-13 14:21:34+00:00
1,1,167,69,84,655.28,1520.26,92.0,2.715,0.5,167,543708855,222422922,2025-03-13 14:21:38+00:00
1,1,168,69,84,655.3,1530.56,92.60000000000002,2.715,0.0,168,543709230,222421485,2025-03-13 14:21:42+00:00
1,1,168,69,84,655.28,1541.5,93.20000000000005,2.715,0.5,168,543709680,222419872,2025-03-13 14:21:46+00:00
1,1,167,69,84,655.28,1549.76,93.79999999999995,2.706,0.5,167,543709901,222418695,2025-03-13 14:21:49+00:00
1,1,167,69,85,655.31,1561.52,95.20000000000005,2.715,0.0,167,543710465,222417017,2025-03-13 14:21:53+00:00
1,1,167,69,85,655.25,1569.18,95.39999999999998,2.725,0.5,167,543710777,222416008,2025-03-13 14:21:56+00:00
1,1,166,69,84,655.29,1579.8,95.20000000000005,2.715,0.5,166,543711166,222414415,2025-03-13 14:22:00+00:00
1,1,166,69,85,655.28,1590.74,95.0,2.706,0.0,166,543711560,222412915,2025-03-13 14:22:04+00:00
1,1,167,69,85,655.34,1598.88,94.60000000000002,2.715,0.5,167,543711843,222411688,2025-03-13 14:22:07+00:00
1,1,167,69,85,655.28,1609.92,94.79999999999995,2.715,0.5,167,543712296,222410208,2025-03-13 14:22:11+00:00
1,1,167,69,86,655.29,1617.5,94.79999999999995,2.715,0.0,167,543712622,222409097,2025-03-13 14:22:14+00:00
1,1,169,69,84,655.3,1630.65,94.79999999999995,2.697,0.5,169,543713145,222407167,2025-03-13 14:22:19+00:00
1,1,169,69,84,655.3,1641.77,94.60000000000002,2.706,0.5,169,543713519,222405669,2025-03-13 14:22:23+00:00
1,2,169,69,85,,1650.69,94.0,2.706,0.0,169,543713831,222404349,2025-03-13 14:22:26+00:00
1,2,168,69,85,,1661.73,94.20000000000005,2.725,0.5,168,543714282,222402818,2025-03-13 14:22:30+00:00
1,2,168,69,86,655.29,1670.36,94.60000000000002,2.725,0.0,168,543714579,222401546,2025-03-13 14:22:33+00:00
1,2,168,69,86,655.29,1680.64,95.0,2.734,0.0,168,543714836,222400082,2025-03-13 14:22:37+00:00
1,2,168,69,86,655.31,1689.63,95.39999999999998,2.725,0.0,168,543715083,222398647,2025-03-13 14:22:40+00:00
1,2,168,69,86,655.31,1701.08,95.20000000000005,2.743,0.0,168,543715103,222397014,2025-03-13 14:22:44+00:00
1,2,169,69,86,655.31,1710.8,95.60000000000002,2.734,0.0,169,543715159,222395484,2025-03-13 14:22:48+00:00
1,2,169,69,86,655.29,1722.72,96.20000000000005,2.734,0.5,169,543715106,222393706,2025-03-13 14:22:52+00:00
1,2,168,69,85,655.31,1730.51,96.20000000000005,2.743,0.0,168,543715121,222392498,2025-03-13 14:22:55+00:00
1,2,168,69,86,655.28,1742.44,96.20000000000005,2.753,0.5,168,543715123,222390653,2025-03-13 14:22:59+00:00
1,2,168,69,86,655.29,1750.44,96.20000000000005,2.762,0.0,168,543715130,222389544,2025-03-13 14:23:02+00:00
1,2,169,69,87,655.28,1757.79,95.60000000000002,2.753,0.0,169,543715047,222388353,2025-03-13 14:23:05+00:00
1,2,169,69,87,655.28,1769.86,95.60000000000002,2.743,0.0,169,543715099,222386525,2025-03-13 14:23:09+00:00
1,2,169,69,86,655.28,1779.19,96.0,2.771,0.0,169,543715121,222385036,2025-03-13 14:23:12+00:00
1,2,170,69,86,655.31,1794.2,96.60000000000002,2.799,0.5,170,543715172,222382785,2025-03-13 14:23:17+00:00
1,2,170,69,86,655.31,1801.84,96.39999999999998,2.809,0.5,170,543715105,222381608,2025-03-13 14:23:20+00:00
1,2,170,69,87,655.31,1815.8,97.39999999999998,2.809,0.0,170,543715151,222379500,2025-03-13 14:23:25+00:00
1,2,169,69,87,655.3,1824.93,97.0,2.818,0.0,169,543715261,222378089,2025-03-13 14:23:28+00:00
1,3,170,69,87,655.3,1838.75,96.60000000000002,2.827,0.0,170,543715377,222376007,2025-03-13 14:23:33+00:00
1,3,170,69,86,655.3,1846.53,96.60000000000002,2.799,0.0,170,543715325,222374798,2025-03-13 14:23:36+00:00
1,3,171,69,85,0.0,1858.44,96.79999999999995,2.809,0.5,171,543715506,222372952,2025-03-13 14:23:40+00:00
1,3,171,69,85,655.31,1867.32,96.39999999999998,2.818,0.0,171,543715509,222371676,2025-03-13 14:23:43+00:00
1,6,172,69,85,655.3,1878.13,96.20000000000005,2.818,0.5,172,543715661,222369962,2025-03-13 14:23:47+00:00
1,9,172,69,85,655.3,1887.23,95.79999999999995,2.827,0.5,172,543715764,222368635,2025-03-13 14:23:50+00:00
1,12,171,69,86,655.29,1895.64,95.60000000000002,2.837,0.0,171,543715791,222367429,2025-03-13 14:23:53+00:00
1,15,171,69,85,655.28,1906.42,95.60000000000002,2.837,0.5,171,543716080,222365772,2025-03-13 14:23:57+00:00
1,16,172,69,85,655.29,1915.43,95.20000000000005,2.827,0.5,172,543716328,222364538,2025-03-13 14:24:00+00:00
1,10,173,69,86,655.29,1926.24,94.60000000000002,2.837,0.0,173,543716800,222362986,2025-03-13 14:24:04+00:00
1,7,173,69,85,655.29,1934.23,94.20000000000005,2.827,0.5,173,543716974,222361781,2025-03-13 14:24:07+00:00
1,6,172,69,84,655.29,1946.31,94.60000000000002,2.827,0.0,172,543717353,222359974,2025-03-13 14:24:11+00:00
1,8,173,69,85,655.29,1955.26,93.79999999999995,2.837,0.0,173,543717636,222358722,2025-03-13 14:24:14+00:00
1,10,172,69,84,655.28,1967.45,94.0,2.855,0.5,172,543717953,222356914,2025-03-13 14:24:18+00:00
1,12,172,69,86,655.28,1974.86,93.79999999999995,2.855,0.0,172,543718108,222355864,2025-03-13 14:24:21+00:00
1,13,172,69,85,655.28,1985.67,94.0,2.827,0.5,172,543718581,222354288,2025-03-13 14:24:25+00:00
1,11,172,69,84,655.17,1997.46,93.79999999999995,2.837,0.5,172,543718963,222352597,2025-03-13 14:24:29+00:00
1,11,172,69,85,20.18,2003.38,93.60000000000002,2.837,0.0,172,543719251,222351814,2025-03-13 14:24:31+00:00
1,6,173,69,84,20.89,2006.26,93.39999999999998,2.837,0.5,173,543719237,222351409,2025-03-13 14:24:33+00:00
1,6,173,69,84,0.0,2008.43,93.39999999999998,2.809,0.5,173,543719385,222351132,2025-03-13 14:24:36+00:00
1,8,172,69,84,0.0,2009.73,93.0,2.697,0.5,172,543719397,222350891,2025-03-13 14:24:38+00:00
1,6,171,69,55,0.0,2010.71,92.79999999999995,0.97,0.0,171,543719389,222350761,2025-03-13 14:24:39+00:00
1,3,169,69,0,0.0,2011.94,92.39999999999998,0.97,0.0,169,543719428,222350552,2025-03-13 14:24:41+00:00
1,1,168,69,0,655.29,2013.66,91.39999999999998,0.0,0.0,168,543719470,222350298,2025-03-13 14:24:45+00:00
1,1,169,69,0,655.28,2018.32,91.39999999999998,0.0,0.0,169,543719477,222349559,2025-03-13 14:24:51+00:00
1,1,164,69,0,655.27,2021.54,91.39999999999998,0.858,0.0,164,543719600,222349079,2025-03-13 14:24:55+00:00
1,1,162,69,0,655.28,2023.5,92.0,0.793,0.0,162,543719672,222348803,2025-03-13 14:24:57+00:00
1,5,159,68,0,655.27,2026.57,92.20000000000005,0.728,0.0,159,543719661,222348356,2025-03-13 14:25:02+00:00
1,5,160,68,0,655.27,2027.54,92.39999999999998,0.728,0.0,160,543719698,222348223,2025-03-13 14:25:03+00:00
1,8,156,68,79,655.27,2031.2,92.0,0.728,0.0,156,543719800,222347721,2025-03-13 14:25:09+00:00
1,4,152,68,0,655.27,2031.98,92.20000000000005,0.709,0.0,152,543719839,222347582,2025-03-13 14:25:11+00:00
1,2,149,68,0,655.28,2032.38,91.79999999999995,0.0,0.0,149,543719848,222347546,2025-03-13 14:25:14+00:00
1,4,148,68,0,655.26,2032.38,91.79999999999995,0.0,0.0,148,543719848,222347545,2025-03-13 14:25:15+00:00
1,2,145,68,0,655.28,2034.27,91.20000000000005,0.0,0.0,145,543719914,222347273,2025-03-13 14:25:18+00:00
1,7,142,68,0,655.31,2035.82,91.0,0.0,0.0,142,543719875,222347026,2025-03-13 14:25:21+00:00
1,5,140,68,0,655.31,2036.62,91.20000000000005,0.0,0.0,140,543719793,222347082,2025-03-13 14:25:23+00:00
1,4,139,68,0,655.28,2040.22,91.79999999999995,0.765,0.0,139,543719848,222346480,2025-03-13 14:25:28+00:00
1,2,137,68,0,655.3,2043.07,91.20000000000005,0.718,0.0,137,543719880,222346039,2025-03-13 14:25:34+00:00
1,2,133,68,0,655.29,2045.31,91.0,0.541,0.0,133,543719907,222345713,2025-03-13 14:25:39+00:00
1,1,131,68,0,655.29,2045.67,91.0,0.541,0.0,131,543719924,222345675,2025-03-13 14:25:40+00:00
1,1,130,68,0,655.29,2047.16,91.0,0.457,0.0,130,543720017,222345572,2025-03-13 14:25:46+00:00
1,1,130,68,66,0.0,2052.57,90.60000000000002,0.998,0.5,130,543720203,222344876,2025-03-13 14:25:50+00:00
1,0,129,68,66,0.0,2054.17,90.60000000000002,0.998,0.5,129,543720164,222344662,2025-03-13 14:25:51+00:00
1,0,129,68,80,0.0,2064.35,90.39999999999998,2.277,0.0,129,543720293,222343123,2025-03-13 14:25:54+00:00
1,0,131,68,84,0.0,2073.86,90.20000000000005,3.004,0.5,131,543720323,222341620,2025-03-13 14:25:57+00:00
1,0,134,68,84,655.28,2090.66,90.39999999999998,3.182,0.0,134,543720330,222339052,2025-03-13 14:26:02+00:00
1,0,137,68,85,655.29,2100.5,91.0,3.462,0.0,137,543720330,222337577,2025-03-13 14:26:05+00:00
1,0,138,68,85,655.28,2103.26,91.20000000000005,3.284,0.0,138,543720305,222337171,2025-03-13 14:26:06+00:00
1,0,140,68,85,655.29,2113.66,91.20000000000005,3.2,0.5,140,543720338,222335579,2025-03-13 14:26:09+00:00
1,0,144,68,84,655.3,2122.7,91.39999999999998,3.219,0.0,144,543720455,222334203,2025-03-13 14:26:12+00:00
1,0,145,68,84,655.3,2128.16,91.79999999999995,3.172,0.0,145,543720458,222333391,2025-03-13 14:26:14+00:00
1,0,148,68,86,655.28,2133.94,91.79999999999995,3.126,0.0,148,543720526,222332513,2025-03-13 14:26:16+00:00
1,0,149,68,86,655.28,2139.96,91.79999999999995,3.107,0.5,149,543720482,222331664,2025-03-13 14:26:18+00:00
1,0,151,68,85,655.29,2148.85,92.20000000000005,3.088,0.5,151,543720533,222330218,2025-03-13 14:26:21+00:00
1,1,152,68,86,655.28,2158.73,92.60000000000002,3.079,0.0,152,543720602,222328790,2025-03-13 14:26:24+00:00
1,1,154,68,86,655.28,2169.92,94.20000000000005,3.098,0.5,154,543720671,222327042,2025-03-13 14:26:28+00:00
1,1,155,68,85,655.28,2178.04,94.39999999999998,3.023,0.0,155,543720682,222325774,2025-03-13 14:26:31+00:00
1,1,158,68,86,655.29,2187.94,94.60000000000002,3.023,0.5,158,543720686,222324362,2025-03-13 14:26:34+00:00
1,1,158,68,86,655.29,2191.14,94.60000000000002,3.042,0.5,158,543720744,222323771,2025-03-13 14:26:35+00:00
1,1,160,68,85,655.31,2203.65,93.79999999999995,3.088,0.0,160,543720806,222321952,2025-03-13 14:26:39+00:00
1,1,161,68,86,655.31,2215.73,93.60000000000002,3.088,0.0,161,543720810,222320122,2025-03-13 14:26:43+00:00
1,1,163,68,85,655.3,2227.07,94.20000000000005,3.07,0.5,163,543720884,222318313,2025-03-13 14:26:47+00:00
1,1,166,68,86,655.3,2235.69,94.39999999999998,3.051,0.0,166,543720875,222317051,2025-03-13 14:26:50+00:00
1,1,166,68,85,655.3,2247.61,94.60000000000002,3.023,0.5,166,543720979,222315156,2025-03-13 14:26:54+00:00
1,1,166,68,85,655.3,2256.09,94.39999999999998,3.032,0.0,166,543721005,222313914,2025-03-13 14:26:57+00:00
1,1,167,68,85,655.34,2267.43,94.79999999999995,2.995,0.5,167,543721065,222312179,2025-03-13 14:27:01+00:00
1,1,167,68,85,655.31,2279.04,94.0,2.986,0.5,167,543721080,222310470,2025-03-13 14:27:05+00:00
1,1,167,68,86,655.3,2288.5,94.0,2.976,0.0,167,543721152,222308907,2025-03-13 14:27:08+00:00
1,1,167,68,86,,2297.67,93.20000000000005,2.986,0.5,167,543721242,222307588,2025-03-13 14:27:11+00:00
1,1,168,68,86,655.3,2306.81,93.39999999999998,2.986,0.0,168,543721272,222306278,2025-03-13 14:27:14+00:00
1,1,169,68,86,655.3,2316.51,93.0,2.995,0.0,169,543721350,222304737,2025-03-13 14:27:17+00:00
1,1,170,68,86,655.3,2332.37,93.0,3.014,0.0,170,543721477,222302243,2025-03-13 14:27:22+00:00
1,1,171,68,87,655.3,2342.37,92.79999999999995,3.032,0.0,171,543721491,222300822,2025-03-13 14:27:25+00:00
1,1,171,68,86,655.29,2357.2,93.20000000000005,3.051,0.0,171,543721541,222298649,2025-03-13 14:27:30+00:00
1,2,171,68,86,655.29,2365.26,93.60000000000002,3.042,0.0,171,543721615,222297264,2025-03-13 14:27:33+00:00
1,2,172,68,88,655.25,2374.47,93.79999999999995,3.014,0.0,172,543721583,222295925,2025-03-13 14:27:36+00:00
1,2,172,68,87,655.28,2386.34,94.20000000000005,3.004,0.0,172,543721629,222294042,2025-03-13 14:27:40+00:00
1,2,172,68,87,655.21,2395.87,94.39999999999998,3.014,0.5,172,543721603,222292680,2025-03-13 14:27:43+00:00
1,2,173,68,88,655.29,2405.29,94.60000000000002,3.023,0.0,173,543721588,222291156,2025-03-13 14:27:46+00:00
1,1,174,68,87,655.27,2421.22,95.39999999999998,3.042,0.0,174,543721728,222288823,2025-03-13 14:27:51+00:00
1,1,174,68,88,655.29,2430.02,95.0,3.051,0.0,174,543721724,222287494,2025-03-13 14:27:54+00:00
1,1,174,68,88,655.31,2440.12,95.0,3.042,0.0,174,543721746,222285865,2025-03-13 14:27:57+00:00
1,7,174,68,87,14.71,2456.31,95.0,3.07,0.5,174,543721839,222283361,2025-03-13 14:28:02+00:00
1,7,174,68,87,15.98,2461.4,94.20000000000005,3.079,0.0,174,543721910,222282788,2025-03-13 14:28:05+00:00
1,5,174,68,0,655.29,2465.89,93.20000000000005,0.858,0.0,174,543721997,222281962,2025-03-13 14:28:12+00:00
1,1,173,68,0,655.29,2469.41,92.79999999999995,0.0,0.0,173,543722051,222281418,2025-03-13 14:28:18+00:00
1,1,172,68,46,655.28,2473.69,92.79999999999995,0.905,0.0,172,543722097,222280799,2025-03-13 14:28:23+00:00
1,0,169,68,46,655.29,2475.18,92.79999999999995,0.886,0.0,169,543722112,222280545,2025-03-13 14:28:25+00:00
1,1,166,68,0,655.3,2476.8,92.60000000000002,0.868,0.0,166,543722209,222280353,2025-03-13 14:28:27+00:00
1,1,165,68,0,655.3,2477.52,92.60000000000002,0.84,0.0,165,543722228,222280211,2025-03-13 14:28:28+00:00
1,1,162,68,45,655.29,2478.36,92.60000000000002,0.83,0.0,162,543722220,222280158,2025-03-13 14:28:30+00:00
1,1,158,68,45,655.3,2479.33,92.60000000000002,0.774,0.0,158,543722245,222279923,2025-03-13 14:28:32+00:00
1,1,157,68,45,655.29,2479.83,92.60000000000002,0.746,0.0,157,543722257,222279876,2025-03-13 14:28:33+00:00
1,1,154,68,45,655.3,2481.0,92.20000000000005,0.728,0.0,154,543722253,222279658,2025-03-13 14:28:35+00:00
1,1,152,68,0,655.3,2483.04,92.0,0.0,0.0,152,543722233,222279306,2025-03-13 14:28:38+00:00
1,2,149,68,0,655.29,2485.21,91.79999999999995,0.0,0.0,149,543722223,222278989,2025-03-13 14:28:41+00:00
1,1,148,68,0,655.27,2486.6,91.60000000000002,0.737,0.0,148,543722239,222278780,2025-03-13 14:28:43+00:00
1,2,147,68,0,655.27,2489.36,91.60000000000002,0.0,0.0,147,543722182,222278366,2025-03-13 14:28:47+00:00
1,1,144,68,0,655.24,2493.15,91.79999999999995,0.634,0.0,144,543722230,222277726,2025-03-13 14:28:53+00:00
1,1,141,68,0,655.24,2494.02,91.60000000000002,0.56,0.0,141,543722167,222277586,2025-03-13 14:28:56+00:00
1,1,140,68,0,655.24,2495.74,91.60000000000002,0.532,0.0,140,543722156,222277337,2025-03-13 14:28:57+00:00
1,1,137,68,0,655.24,2497.88,91.20000000000005,0.606,0.0,137,543722141,222277126,2025-03-13 14:28:59+00:00
1,1,135,67,0,655.24,2499.47,91.60000000000002,0.812,0.0,135,543722149,222276876,2025-03-13 14:29:02+00:00
1,1,134,67,62,655.31,2503.47,91.60000000000002,0.728,0.5,134,543722224,222276272,2025-03-13 14:29:07+00:00
1,2,133,67,0,20.45,2509.11,91.20000000000005,0.914,0.0,133,543722270,222275422,2025-03-13 14:29:11+00:00
1,2,132,67,0,20.86,2518.17,90.60000000000002,2.809,0.0,132,543722250,222274055,2025-03-13 14:29:14+00:00
1,2,132,67,83,2.87,2526.88,90.39999999999998,3.098,0.5,132,543722287,222272693,2025-03-13 14:29:17+00:00
1,1,134,67,83,2.85,2535.92,90.79999999999995,2.846,0.5,134,543722417,222271263,2025-03-13 14:29:20+00:00
1,0,138,67,83,2.97,2542.23,90.39999999999998,2.967,0.5,138,543722477,222270377,2025-03-13 14:29:22+00:00
1,0,140,67,84,2.81,2548.29,90.60000000000002,3.079,0.5,140,543722531,222269514,2025-03-13 14:29:24+00:00
1,0,142,67,84,2.86,2558.12,90.60000000000002,3.051,0.5,142,543722665,222267954,2025-03-13 14:29:27+00:00
1,0,145,67,85,2.94,2567.51,90.20000000000005,3.126,0.0,145,543722720,222266467,2025-03-13 14:29:30+00:00
1,0,146,67,85,2.9,2570.61,90.20000000000005,3.126,0.0,146,543722696,222266108,2025-03-13 14:29:31+00:00
1,0,149,67,85,9.52,2581.62,89.79999999999995,3.088,0.5,149,543722942,222264407,2025-03-13 14:29:35+00:00
1,0,153,67,85,9.52,2593.98,89.60000000000002,3.079,0.0,153,543723022,222262511,2025-03-13 14:29:39+00:00
1,0,156,67,86,655.31,2606.2,89.39999999999998,3.051,0.0,156,543723184,222260698,2025-03-13 14:29:43+00:00
1,1,158,67,86,655.24,2618.42,89.79999999999995,3.098,0.0,158,543723418,222258934,2025-03-13 14:29:47+00:00
1,1,160,67,87,655.31,2627.81,89.79999999999995,3.116,0.0,160,543723638,222257457,2025-03-13 14:29:50+00:00
1,1,163,67,86,655.31,2639.42,90.20000000000005,3.07,0.5,163,543723774,222255752,2025-03-13 14:29:54+00:00
1,1,163,67,86,655.31,2642.9,90.39999999999998,3.07,0.5,163,543723879,222255109,2025-03-13 14:29:55+00:00
1,1,164,67,87,655.31,2655.46,90.39999999999998,3.088,0.0,164,543724088,222253260,2025-03-13 14:29:59+00:00
1,1,166,67,86,655.31,2668.45,91.0,3.107,0.0,166,543724280,222251368,2025-03-13 14:30:03+00:00
1,1,167,67,86,655.31,2677.19,91.0,3.116,0.0,167,543724443,222250044,2025-03-13 14:30:06+00:00
1,1,168,67,86,655.31,2692.44,91.79999999999995,3.098,0.0,168,543724906,222247724,2025-03-13 14:30:11+00:00
1,1,169,67,86,655.28,2702.03,92.20000000000005,3.098,0.5,169,543725177,222246394,2025-03-13 14:30:14+00:00
1,1,169,67,87,655.31,2716.46,92.79999999999995,3.098,0.0,169,543725518,222244290,2025-03-13 14:30:19+00:00
1,1,169,67,86,655.31,2725.39,92.60000000000002,3.088,0.5,169,543725760,222242960,2025-03-13 14:30:22+00:00
1,1,169,67,87,655.31,2740.72,93.0,3.06,0.0,169,543726244,222240664,2025-03-13 14:30:27+00:00
1,1,170,67,86,655.31,2749.51,92.39999999999998,3.07,0.0,170,543726366,222239359,2025-03-13 14:30:30+00:00
1,1,170,67,87,655.31,2764.64,92.20000000000005,3.06,0.0,170,543726730,222237142,2025-03-13 14:30:35+00:00
1,1,171,67,86,655.31,2774.58,91.39999999999998,3.07,0.0,171,543727094,222235645,2025-03-13 14:30:38+00:00
1,1,171,67,86,655.31,2785.91,91.79999999999995,3.06,0.0,171,543727316,222233960,2025-03-13 14:30:42+00:00
1,2,172,67,88,655.28,2798.73,92.60000000000002,3.06,0.0,172,543727616,222232150,2025-03-13 14:30:46+00:00
1,2,172,67,87,655.25,2807.93,92.39999999999998,3.07,0.0,172,543727923,222230702,2025-03-13 14:30:49+00:00
1,2,173,67,87,655.25,2820.47,92.0,3.07,0.5,173,543728252,222228916,2025-03-13 14:30:53+00:00
1,1,174,67,88,655.26,2833.08,92.39999999999998,3.088,0.0,174,543728530,222227110,2025-03-13 14:30:57+00:00
1,2,175,67,88,655.26,2839.1,92.20000000000005,3.098,0.0,175,543728679,222226212,2025-03-13 14:30:59+00:00
1,2,175,67,87,655.26,2847.23,91.60000000000002,3.07,0.5,175,543728873,222224879,2025-03-13 14:31:02+00:00
1,6,176,67,87,655.26,2860.14,91.79999999999995,3.07,0.0,176,543729188,222223017,2025-03-13 14:31:06+00:00
1,6,176,67,87,0.0,2870.66,91.79999999999995,3.079,0.0,176,543729481,222221387,2025-03-13 14:31:09+00:00
1,6,176,67,88,0.0,2879.76,91.39999999999998,3.098,0.0,176,543729704,222220148,2025-03-13 14:31:12+00:00
1,2,177,67,86,0.0,2893.98,91.79999999999995,3.088,0.5,177,543730024,222218024,2025-03-13 14:31:17+00:00
1,3,177,67,87,0.0,2903.44,91.60000000000002,3.079,0.0,177,543730326,222216559,2025-03-13 14:31:20+00:00
1,3,176,67,88,0.0,2912.13,91.79999999999995,3.079,0.0,176,543730570,222215283,2025-03-13 14:31:23+00:00
1,2,177,67,88,0.0,2914.2,92.0,3.079,0.0,177,543730619,222214964,2025-03-13 14:31:24+00:00
1,3,177,67,88,0.0,2918.46,93.0,3.023,0.0,177,543730591,222214384,2025-03-13 14:31:28+00:00
1,1,174,67,0,0.0,2925.23,93.20000000000005,0.961,0.0,174,543730837,222213419,2025-03-13 14:31:35+00:00
1,1,174,67,50,0.0,2926.85,93.0,0.942,0.0,174,543731008,222213295,2025-03-13 14:31:36+00:00
1,1,174,67,0,0.0,2929.01,91.39999999999998,0.0,0.0,174,543731084,222213016,2025-03-13 14:31:40+00:00
1,2,171,67,0,655.3,2932.31,90.79999999999995,0.0,0.0,171,543731210,222212493,2025-03-13 14:31:44+00:00
1,1,169,67,0,655.3,2933.68,90.39999999999998,0.0,0.0,169,543731232,222212317,2025-03-13 14:31:46+00:00
1,2,166,67,0,655.27,2935.76,89.60000000000002,0.0,0.0,166,543731329,222211953,2025-03-13 14:31:51+00:00
1,2,166,67,0,655.3,2936.64,89.39999999999998,0.0,0.0,166,543731385,222211862,2025-03-13 14:31:52+00:00
1,1,163,67,0,655.32,2938.66,90.0,0.0,0.0,163,543731395,222211509,2025-03-13 14:31:55+00:00
1,1,160,67,0,655.32,2938.85,90.0,0.0,0.0,160,543731365,222211454,2025-03-13 14:31:58+00:00
1,1,156,66,0,655.3,2943.58,90.39999999999998,0.924,0.0,156,543731498,222210834,2025-03-13 14:32:03+00:00
1,1,155,66,0,655.3,2944.16,90.39999999999998,0.905,0.0,155,543731529,222210790,2025-03-13 14:32:04+00:00
1,1,152,66,0,655.3,2945.21,90.39999999999998,0.0,0.0,152,543731532,222210611,2025-03-13 14:32:06+00:00
1,1,149,66,0,655.32,2946.54,91.0,0.0,0.0,149,543731480,222210428,2025-03-13 14:32:08+00:00
1,1,147,66,0,655.31,2947.48,90.79999999999995,0.69,0.0,147,543731551,222210295,2025-03-13 14:32:10+00:00
1,1,144,66,0,655.31,2948.79,90.60000000000002,0.0,0.0,144,543731643,222210100,2025-03-13 14:32:12+00:00
1,1,142,66,0,655.32,2951.28,90.0,0.0,0.0,142,543731652,222209838,2025-03-13 14:32:16+00:00
1,1,140,66,0,655.33,2953.88,90.39999999999998,0.0,0.0,140,543731713,222209414,2025-03-13 14:32:21+00:00
1,1,139,66,0,655.33,2957.01,90.39999999999998,0.0,0.0,139,543731809,222209086,2025-03-13 14:32:29+00:00
1,1,136,66,0,16.29,2961.89,90.0,0.0,0.0,136,543731982,222208207,2025-03-13 14:32:32+00:00
1,1,135,66,0,15.81,2964.6,90.20000000000005,0.0,0.0,135,543731949,222207858,2025-03-13 14:32:33+00:00
1,1,134,66,81,1.0,2975.62,90.20000000000005,3.443,0.0,134,543732175,222206294,2025-03-13 14:32:36+00:00
1,1,134,66,83,0.0,2984.4,90.60000000000002,3.126,0.5,134,543732323,222204897,2025-03-13 14:32:39+00:00
1,0,137,66,84,0.0,2993.14,91.0,3.023,0.5,137,543732524,222203602,2025-03-13 14:32:42+00:00
1,0,140,66,85,0.0,2999.51,91.20000000000005,3.051,0.0,140,543732716,222202647,2025-03-13 14:32:44+00:00
1,0,142,66,86,0.0,3005.8,91.39999999999998,3.126,0.0,142,543732848,222201743,2025-03-13 14:32:46+00:00
1,0,144,66,86,0.0,3014.97,91.0,3.144,0.0,144,543733086,222200447,2025-03-13 14:32:49+00:00
1,0,146,66,87,0.0,3026.52,91.39999999999998,3.051,0.0,146,543733422,222198676,2025-03-13 14:32:53+00:00
1,0,148,66,87,0.0,3036.04,92.0,3.07,0.0,148,543733561,222197336,2025-03-13 14:32:56+00:00
1,0,151,66,87,0.0,3046.11,91.79999999999995,3.116,0.5,151,543733810,222195779,2025-03-13 14:32:59+00:00
1,0,154,66,87,0.0,3055.12,92.20000000000005,3.191,0.5,154,543734007,222194439,2025-03-13 14:33:02+00:00
1,0,155,66,88,0.0,3057.34,92.60000000000002,3.163,0.0,155,543734018,222194176,2025-03-13 14:33:03+00:00
1,0,157,66,86,0.0,3066.01,92.79999999999995,3.023,0.5,157,543734255,222192835,2025-03-13 14:33:06+00:00
1,1,159,66,86,0.0,3077.42,93.60000000000002,3.004,0.0,159,543734499,222191182,2025-03-13 14:33:10+00:00
1,1,160,66,87,0.0,3086.73,93.60000000000002,2.995,0.0,160,543734743,222189756,2025-03-13 14:33:13+00:00
1,1,163,66,86,655.32,3101.96,93.39999999999998,3.042,0.0,163,543735220,222187507,2025-03-13 14:33:18+00:00
1,1,165,66,87,655.32,3110.12,93.0,3.023,0.0,165,543735323,222186259,2025-03-13 14:33:21+00:00
1,1,164,66,86,655.32,3123.17,93.79999999999995,3.032,0.5,164,543735756,222184345,2025-03-13 14:33:25+00:00
1,1,166,66,85,655.28,3131.61,93.79999999999995,3.051,0.5,166,543736026,222183224,2025-03-13 14:33:28+00:00
1,1,168,66,87,655.28,3140.99,93.39999999999998,3.051,0.0,168,543736225,222181787,2025-03-13 14:33:31+00:00
1,1,168,66,88,655.28,3156.59,94.0,3.06,0.0,168,543736688,222179497,2025-03-13 14:33:36+00:00
1,1,169,66,87,655.28,3164.56,93.60000000000002,3.06,0.5,169,543736865,222178381,2025-03-13 14:33:39+00:00
1,1,169,66,88,655.28,3174.15,92.79999999999995,3.051,0.0,169,543737231,222176870,2025-03-13 14:33:42+00:00
1,1,170,66,88,655.28,3184.27,92.0,3.06,0.0,170,543737410,222175400,2025-03-13 14:33:45+00:00
1,1,171,66,88,655.28,3203.14,91.79999999999995,3.088,0.0,171,543738006,222172595,2025-03-13 14:33:51+00:00
1,1,171,66,88,655.33,3213.06,91.39999999999998,3.098,0.0,171,543738205,222171203,2025-03-13 14:33:54+00:00
1,1,172,66,87,655.33,3222.44,90.79999999999995,3.116,0.5,172,543738446,222169751,2025-03-13 14:33:57+00:00
1,1,172,66,88,655.33,3231.53,90.60000000000002,3.126,0.5,172,543738639,222168471,2025-03-13 14:34:00+00:00
1,1,174,66,88,655.33,3243.74,90.20000000000005,3.126,0.0,174,543738989,222166612,2025-03-13 14:34:04+00:00
1,1,174,66,88,655.33,3258.6,90.60000000000002,3.135,0.5,174,543739345,222164464,2025-03-13 14:34:09+00:00
1,1,174,66,88,655.33,3268.23,90.60000000000002,3.126,0.5,174,543739629,222162979,2025-03-13 14:34:12+00:00
1,2,174,66,88,655.33,3276.87,90.60000000000002,3.126,0.0,174,543739849,222161793,2025-03-13 14:34:15+00:00
1,2,175,66,88,655.33,3291.29,90.60000000000002,3.107,0.0,175,543740310,222159663,2025-03-13 14:34:20+00:00
1,1,174,66,88,655.33,3300.31,90.79999999999995,3.098,0.0,174,543740589,222158251,2025-03-13 14:34:23+00:00
1,1,175,66,88,655.33,3309.64,90.39999999999998,3.088,0.0,175,543740787,222156952,2025-03-13 14:34:26+00:00
1,2,175,66,88,655.33,3322.56,90.39999999999998,3.088,0.5,175,543741181,222154984,2025-03-13 14:34:30+00:00
1,4,175,66,87,655.33,3335.25,91.20000000000005,3.126,0.0,175,543741487,222153158,2025-03-13 14:34:34+00:00
1,2,177,66,87,655.33,3344.3,91.20000000000005,3.116,0.5,177,543741772,222151889,2025-03-13 14:34:37+00:00
1,2,177,66,88,655.33,3353.3,91.0,3.116,0.5,177,543742061,222150522,2025-03-13 14:34:40+00:00
1,2,178,66,87,655.33,3364.89,91.39999999999998,3.107,0.5,178,543742318,222148798,2025-03-13 14:34:44+00:00
1,2,177,66,87,655.33,3370.91,90.79999999999995,3.079,0.0,177,543742446,222147947,2025-03-13 14:34:48+00:00
1,2,176,66,52,0.0,3380.09,90.60000000000002,1.036,0.5,176,543742614,222146561,2025-03-13 14:34:57+00:00
1,1,175,65,51,0.0,3383.7,90.20000000000005,1.204,0.0,175,543742821,222146151,2025-03-13 14:35:02+00:00
1,1,172,65,47,655.31,3386.87,90.39999999999998,0.69,0.5,172,543742960,222145650,2025-03-13 14:35:06+00:00
1,1,171,65,47,655.31,3387.4,90.20000000000005,0.821,0.5,171,543742995,222145580,2025-03-13 14:35:07+00:00
1,1,168,65,46,655.31,3389.65,89.60000000000002,0.737,0.0,168,543743076,222145199,2025-03-13 14:35:10+00:00
1,1,167,65,46,655.31,3390.84,89.20000000000005,0.784,0.0,167,543743117,222145016,2025-03-13 14:35:12+00:00
1,1,164,65,48,655.31,3392.19,89.0,0.774,0.5,164,543743144,222144841,2025-03-13 14:35:14+00:00
1,1,161,65,50,655.31,3395.52,88.79999999999995,0.793,0.0,161,543743240,222144298,2025-03-13 14:35:17+00:00
1,2,157,65,50,655.31,3399.13,88.79999999999995,0.868,0.0,157,543743346,222143757,2025-03-13 14:35:21+00:00
1,2,153,65,48,655.31,3401.82,89.0,0.97,0.5,153,543743454,222143326,2025-03-13 14:35:24+00:00
1,1,150,65,48,655.31,3403.75,89.0,0.98,0.5,150,543743376,222143112,2025-03-13 14:35:26+00:00
1,1,149,65,48,655.31,3405.15,88.79999999999995,0.989,0.5,149,543743409,222142907,2025-03-13 14:35:28+00:00
1,1,147,65,0,655.31,3407.62,89.0,0.84,0.0,147,543743552,222142523,2025-03-13 14:35:33+00:00
1,1,143,65,47,655.33,3411.33,89.60000000000002,0.746,0.0,143,543743604,222141943,2025-03-13 14:35:37+00:00
1,0,140,65,47,655.33,3413.25,89.60000000000002,0.83,0.0,140,543743653,222141695,2025-03-13 14:35:39+00:00
1,1,138,65,0,655.33,3417.17,89.20000000000005,0.718,0.0,138,543743714,222141052,2025-03-13 14:35:45+00:00
1,1,138,65,0,655.33,3424.73,89.60000000000002,0.849,0.0,138,543743913,222139941,2025-03-13 14:35:52+00:00
1,1,138,65,0,0.0,3426.81,89.60000000000002,0.868,0.0,138,543743820,222139646,2025-03-13 14:35:53+00:00
1,1,136,65,125,0.0,3433.62,89.60000000000002,0.97,0.0,136,543743952,222138591,2025-03-13 14:35:55+00:00
1,1,133,65,83,0.0,3439.37,90.20000000000005,3.35,0.5,133,543744163,222137742,2025-03-13 14:35:57+00:00
1,1,134,65,83,0.0,3442.29,90.39999999999998,3.154,0.5,134,543744155,222137408,2025-03-13 14:35:58+00:00
1,0,137,65,84,0.0,3451.29,90.79999999999995,2.995,0.0,137,543744456,222136037,2025-03-13 14:36:01+00:00
1,0,140,65,86,0.0,3461.04,91.39999999999998,3.023,0.0,140,543744776,222134560,2025-03-13 14:36:04+00:00
1,0,143,65,85,0.0,3470.19,91.0,3.144,0.5,143,543744964,222133230,2025-03-13 14:36:07+00:00
1,0,145,65,85,0.0,3482.72,91.39999999999998,3.144,0.0,145,543745345,222131374,2025-03-13 14:36:11+00:00
1,0,148,65,87,0.0,3490.78,91.0,3.07,0.0,148,543745485,222130179,2025-03-13 14:36:14+00:00
1,0,152,65,85,0.0,3503.87,91.0,3.023,0.5,152,543745790,222128209,2025-03-13 14:36:18+00:00
1,0,153,65,86,0.0,3507.03,91.0,3.042,0.0,153,543745757,222127844,2025-03-13 14:36:19+00:00
1,1,155,65,87,0.0,3516.69,90.79999999999995,3.098,0.5,155,543745921,222126318,2025-03-13 14:36:22+00:00
1,1,158,65,87,0.0,3531.35,90.79999999999995,3.06,0.0,158,543746030,222124049,2025-03-13 14:36:27+00:00
1,1,160,65,87,0.0,3540.48,90.79999999999995,3.07,0.0,160,543745883,222122732,2025-03-13 14:36:30+00:00
1,1,163,65,88,0.0,3546.86,90.60000000000002,3.088,0.0,163,543745757,222121773,2025-03-13 14:36:32+00:00
1,1,163,65,88,0.0,3550.26,90.39999999999998,3.088,0.0,163,543745740,222121161,2025-03-13 14:36:33+00:00
1,1,165,65,88,0.0,3559.56,90.39999999999998,3.107,0.0,165,543745503,222119828,2025-03-13 14:36:36+00:00
1,1,168,65,87,0.0,3568.52,90.60000000000002,3.088,0.5,168,543745286,222118476,2025-03-13 14:36:39+00:00
1,1,169,65,88,0.0,3574.78,91.0,3.088,0.5,169,543745020,222117602,2025-03-13 14:36:41+00:00
1,2,170,65,88,0.0,3583.91,91.39999999999998,3.098,0.0,170,543744575,222116283,2025-03-13 14:36:44+00:00
1,2,170,65,87,0.0,3592.88,91.20000000000005,3.098,0.5,170,543744026,222115256,2025-03-13 14:36:47+00:00
1,2,171,65,88,0.0,3605.03,90.79999999999995,3.079,0.0,171,543743377,222113603,2025-03-13 14:36:51+00:00
1,1,171,65,87,0.0,3617.33,90.60000000000002,3.079,0.5,171,543742682,222112021,2025-03-13 14:36:55+00:00
1,1,172,65,87,0.0,3626.71,90.39999999999998,3.079,0.0,172,543742067,222110895,2025-03-13 14:36:58+00:00
1,1,172,65,87,0.0,3638.8,90.79999999999995,3.079,0.0,172,543741409,222109270,2025-03-13 14:37:02+00:00
1,2,173,65,87,655.32,3651.22,91.39999999999998,3.07,0.5,173,543740665,222107641,2025-03-13 14:37:06+00:00
1,1,174,65,88,655.32,3660.43,91.60000000000002,3.079,0.0,174,543740091,222106591,2025-03-13 14:37:09+00:00
1,1,175,65,88,655.32,3670.34,91.60000000000002,3.107,0.0,175,543739448,222105323,2025-03-13 14:37:12+00:00
1,1,175,65,88,655.32,3683.2,92.0,3.116,0.5,175,543738744,222103714,2025-03-13 14:37:16+00:00
1,1,176,65,88,655.32,3698.58,93.20000000000005,3.126,0.0,176,543737858,222101689,2025-03-13 14:37:21+00:00
1,2,176,65,87,655.32,3707.44,93.39999999999998,3.116,0.5,176,543737270,222100686,2025-03-13 14:37:24+00:00
1,2,176,65,89,655.32,3717.18,93.0,3.116,0.5,176,543736800,222099282,2025-03-13 14:37:27+00:00
1,2,176,65,88,655.32,3726.05,92.79999999999995,3.116,0.0,176,543736187,222098294,2025-03-13 14:37:30+00:00
1,2,176,65,87,655.32,3738.8,92.39999999999998,3.126,0.5,176,543735468,222096629,2025-03-13 14:37:34+00:00
1,3,177,65,88,655.32,3756.59,92.60000000000002,3.107,0.0,177,543734282,222094454,2025-03-13 14:37:40+00:00
1,3,177,65,87,655.32,3765.89,92.60000000000002,3.098,0.5,177,543733617,222093483,2025-03-13 14:37:43+00:00
1,3,177,65,88,655.32,3775.6,92.60000000000002,3.098,0.0,177,543733031,222092203,2025-03-13 14:37:46+00:00
1,10,178,65,88,655.32,3784.77,92.79999999999995,3.107,0.0,178,543732433,222091082,2025-03-13 14:37:49+00:00
1,12,178,65,89,655.32,3798.83,92.60000000000002,3.126,0.5,178,543731530,222089431,2025-03-13 14:37:53+00:00
1,16,178,65,88,655.29,3816.15,93.20000000000005,3.126,0.0,178,543730306,222087402,2025-03-13 14:37:59+00:00
1,16,178,65,88,655.28,3829.13,93.20000000000005,3.116,0.5,178,543729311,222085898,2025-03-13 14:38:03+00:00
1,23,178,65,88,655.28,3834.37,93.0,3.116,0.5,178,543728987,222085424,2025-03-13 14:38:06+00:00
1,27,179,65,88,655.32,3839.51,93.20000000000005,2.781,0.5,179,543728741,222084788,2025-03-13 14:38:11+00:00
1,4,176,65,0,655.32,3840.7,92.79999999999995,0.0,0.0,176,543728645,222084538,2025-03-13 14:38:15+00:00
1,1,175,65,0,655.28,3843.59,91.20000000000005,0.7,0.0,175,543728460,222084177,2025-03-13 14:38:20+00:00
1,2,171,65,0,655.28,3848.84,89.79999999999995,0.83,0.0,171,543728017,222083675,2025-03-13 14:38:28+00:00
1,1,168,65,0,655.28,3851.62,90.0,0.662,0.0,168,543727750,222083500,2025-03-13 14:38:32+00:00
1,2,166,65,0,655.28,3852.82,90.0,0.672,0.0,166,543727632,222083426,2025-03-13 14:38:34+00:00
1,2,163,65,40,655.28,3855.83,90.60000000000002,0.625,0.5,163,543727423,222083208,2025-03-13 14:38:40+00:00
1,1,161,65,0,655.28,3857.92,91.20000000000005,0.802,0.0,161,543727169,222082939,2025-03-13 14:38:43+00:00
1,1,158,65,0,655.28,3858.62,91.39999999999998,0.784,0.0,158,543727089,222082899,2025-03-13 14:38:45+00:00
1,1,155,65,0,655.28,3860.01,91.39999999999998,0.737,0.0,155,543726977,222082769,2025-03-13 14:38:47+00:00
1,0,153,65,0,655.28,3861.82,91.60000000000002,0.737,0.0,153,543726902,222082505,2025-03-13 14:38:49+00:00
1,1,150,65,0,655.28,3863.19,91.79999999999995,0.728,0.0,150,543726787,222082370,2025-03-13 14:38:51+00:00
1,1,149,65,0,655.28,3863.28,91.79999999999995,0.653,0.0,149,543726765,222082393,2025-03-13 14:38:54+00:00
1,0,148,65,0,655.28,3866.58,91.20000000000005,0.0,0.0,148,543726568,222081973,2025-03-13 14:38:59+00:00
1,1,145,65,0,655.28,3868.95,92.0,0.0,0.0,145,543726367,222081739,2025-03-13 14:39:06+00:00
1,0,144,65,0,655.28,3869.76,92.0,0.0,0.0,144,543726324,222081689,2025-03-13 14:39:07+00:00
1,0,141,65,0,655.28,3871.09,92.60000000000002,0.0,0.0,141,543726212,222081589,2025-03-13 14:39:10+00:00
1,1,140,65,0,35.52,3874.26,93.60000000000002,0.0,0.0,140,543725892,222081388,2025-03-13 14:39:12+00:00
1,1,139,65,0,32.71,3876.85,93.60000000000002,0.0,0.0,139,543725617,222081103,2025-03-13 14:39:13+00:00
1,1,138,65,0,29.01,3885.77,93.39999999999998,2.762,0.0,138,543724774,222080670,2025-03-13 14:39:16+00:00
1,1,137,65,84,0.0,3897.1,94.20000000000005,2.809,0.5,137,543723582,222080140,2025-03-13 14:39:20+00:00
1,1,139,65,85,0.0,3906.58,93.79999999999995,3.051,0.0,139,543722603,222079869,2025-03-13 14:39:23+00:00
1,1,142,65,87,0.0,3913.44,93.79999999999995,3.172,0.0,142,543721881,222079683,2025-03-13 14:39:25+00:00
1,1,145,65,87,0.0,3919.63,93.79999999999995,3.247,0.0,145,543721222,222079462,2025-03-13 14:39:27+00:00
1,0,146,65,87,0.0,3929.14,93.39999999999998,3.2,0.0,146,543720274,222079311,2025-03-13 14:39:30+00:00
1,0,148,65,87,0.0,3939.11,93.39999999999998,3.2,0.0,148,543719153,222079082,2025-03-13 14:39:33+00:00
1,0,151,65,88,0.0,3948.64,93.0,3.238,0.5,151,543718186,222078808,2025-03-13 14:39:36+00:00
1,0,152,65,89,0.0,3951.82,93.0,3.238,0.0,152,543717822,222078688,2025-03-13 14:39:37+00:00
1,0,155,65,88,38.68,3963.92,92.79999999999995,3.172,0.0,155,543716590,222078421,2025-03-13 14:39:41+00:00
1,1,158,65,87,40.13,3973.34,92.39999999999998,3.163,0.0,158,543715538,222078208,2025-03-13 14:39:44+00:00
1,1,160,65,86,34.43,3985.64,92.20000000000005,3.144,0.0,160,543714272,222078020,2025-03-13 14:39:48+00:00
1,1,163,65,86,37.64,3991.98,92.60000000000002,3.154,0.0,163,543713619,222077900,2025-03-13 14:39:50+00:00
1,1,164,65,86,41.24,3995.32,93.0,3.154,0.0,164,543713272,222077657,2025-03-13 14:39:51+00:00
1,1,166,65,87,27.68,4004.11,93.0,3.154,0.0,166,543712370,222077306,2025-03-13 14:39:54+00:00
1,1,167,65,86,28.11,4019.55,92.60000000000002,3.135,0.0,167,543710716,222076983,2025-03-13 14:39:59+00:00
1,1,169,65,87,22.96,4028.47,92.20000000000005,3.135,0.5,169,543709837,222077609,2025-03-13 14:40:02+00:00
1,1,170,65,85,37.99,4033.82,92.60000000000002,3.098,0.5,170,543710408,222077688,2025-03-13 14:40:05+00:00
1,1,170,65,84,29.76,4042.73,92.79999999999995,2.976,0.5,170,543711289,222077264,2025-03-13 14:40:08+00:00
1,2,169,65,84,8.0,4046.68,92.79999999999995,2.995,0.0,169,543711646,222077180,2025-03-13 14:40:09+00:00
1,2,169,65,86,34.99,4057.18,93.39999999999998,3.191,0.0,169,543712802,222077261,2025-03-13 14:40:12+00:00
1,1,171,65,85,29.18,4074.39,94.0,3.266,0.5,171,543714638,222077520,2025-03-13 14:40:17+00:00
1,1,172,65,86,29.26,4084.48,94.20000000000005,3.368,0.0,172,543715648,222077795,2025-03-13 14:40:20+00:00
1,1,173,65,88,40.33,4094.02,93.60000000000002,3.303,0.0,173,543716666,222078031,2025-03-13 14:40:23+00:00
1,1,174,65,86,35.0,4108.59,92.20000000000005,3.088,0.0,174,543718174,222078526,2025-03-13 14:40:28+00:00
1,1,174,65,87,0.0,4116.27,92.0,2.939,0.0,174,543718982,222078572,2025-03-13 14:40:31+00:00
1,4,174,65,86,0.0,4128.72,91.79999999999995,2.93,0.5,174,543720343,222078953,2025-03-13 14:40:35+00:00
1,5,173,65,86,0.0,4132.23,91.79999999999995,2.948,0.5,173,543720659,222078874,2025-03-13 14:40:36+00:00
1,4,174,65,86,0.0,4138.26,92.20000000000005,3.023,0.0,174,543721281,222079287,2025-03-13 14:40:38+00:00
1,1,174,65,86,0.0,4150.45,92.0,3.042,0.0,174,543722562,222079607,2025-03-13 14:40:42+00:00
1,4,174,65,87,0.0,4168.57,92.20000000000005,3.032,0.5,174,543724480,222080374,2025-03-13 14:40:48+00:00
1,5,174,65,88,0.0,4179.1,92.20000000000005,3.06,0.5,174,543725551,222080754,2025-03-13 14:40:51+00:00
1,7,175,65,88,0.0,4190.16,92.0,3.107,0.0,175,543726579,222081599,2025-03-13 14:40:54+00:00
1,6,176,65,87,0.0,4199.72,92.20000000000005,3.154,0.5,176,543727365,222082458,2025-03-13 14:40:57+00:00
1,4,177,65,88,0.0,4212.08,93.0,3.154,0.0,177,543728383,222083668,2025-03-13 14:41:01+00:00
1,4,178,65,86,0.0,4221.51,92.60000000000002,3.163,0.0,178,543729120,222084577,2025-03-13 14:41:04+00:00
1,4,178,65,87,0.0,4235.16,92.20000000000005,3.182,0.5,178,543730069,222086165,2025-03-13 14:41:08+00:00
1,1,177,65,87,0.0,4243.95,92.20000000000005,3.191,0.0,177,543730727,222087099,2025-03-13 14:41:11+00:00
1,1,177,65,87,0.0,4255.82,91.39999999999998,3.172,0.0,177,543731480,222088625,2025-03-13 14:41:15+00:00
1,1,177,65,87,0.0,4268.18,91.60000000000002,3.154,0.0,177,543732252,222090097,2025-03-13 14:41:19+00:00
1,1,177,65,85,22.47,4276.71,91.39999999999998,3.154,0.5,177,543732733,222091254,2025-03-13 14:41:22+00:00
1,1,178,65,85,24.49,4278.48,91.20000000000005,3.144,0.5,178,543732861,222091478,2025-03-13 14:41:23+00:00
1,1,178,65,85,24.23,4279.73,91.20000000000005,3.135,0.5,178,543733015,222091535,2025-03-13 14:41:24+00:00
1,1,178,65,0,0.0,4281.82,91.0,3.07,0.0,178,543733116,222091758,2025-03-13 14:41:27+00:00
1,1,177,65,57,0.0,4285.87,91.20000000000005,0.849,0.5,177,543733369,222092289,2025-03-13 14:41:32+00:00
1,2,176,65,50,0.0,4289.17,90.79999999999995,0.998,0.5,176,543733596,222092699,2025-03-13 14:41:36+00:00
1,2,175,65,0,0.0,4293.16,90.79999999999995,0.0,0.0,175,543733779,222093243,2025-03-13 14:41:42+00:00
1,2,172,65,0,0.0,4296.95,91.0,0.924,0.0,172,543734042,222093737,2025-03-13 14:41:47+00:00
1,1,170,65,0,0.0,4298.45,91.0,0.69,0.0,170,543734142,222093864,2025-03-13 14:41:49+00:00
1,1,167,65,0,0.0,4300.68,90.79999999999995,0.812,0.0,167,543734262,222094165,2025-03-13 14:41:52+00:00
1,2,164,65,0,0.0,4302.29,90.60000000000002,0.579,0.0,164,543734426,222094333,2025-03-13 14:41:56+00:00
1,2,160,65,0,0.0,4304.22,89.79999999999995,0.793,0.0,160,543734464,222094634,2025-03-13 14:41:59+00:00
1,1,157,64,0,0.0,4305.73,89.60000000000002,0.0,0.0,157,543734582,222094817,2025-03-13 14:42:02+00:00
1,1,154,64,0,0.0,4307.54,89.20000000000005,0.0,0.0,154,543734715,222095083,2025-03-13 14:42:05+00:00
1,1,153,64,0,0.0,4310.05,88.60000000000002,0.0,0.0,153,543734846,222095262,2025-03-13 14:42:10+00:00
1,1,151,64,0,0.0,4312.47,88.79999999999995,0.0,0.0,151,543735002,222095727,2025-03-13 14:42:16+00:00
1,0,150,64,0,0.0,4313.93,88.39999999999998,0.0,0.0,150,543735103,222095961,2025-03-13 14:42:21+00:00
1,3,148,64,0,0.0,4314.19,88.20000000000005,0.0,0.0,148,543735141,222096034,2025-03-13 14:42:27+00:00
1,2,143,64,0,0.0,4314.19,88.39999999999998,0.0,0.0,143,543735141,222096039,2025-03-13 14:42:28+00:00
1,2,141,64,0,0.0,4320.4,90.0,1.362,0.0,141,543735424,222096809,2025-03-13 14:42:31+00:00
1,2,141,64,61,0.0,4323.06,90.39999999999998,2.277,0.0,141,543735644,222097009,2025-03-13 14:42:32+00:00
1,1,140,64,61,0.0,4332.32,90.60000000000002,2.883,0.0,140,543736258,222098081,2025-03-13 14:42:35+00:00
1,1,140,64,83,0.0,4341.73,90.60000000000002,3.004,0.0,140,543736969,222099186,2025-03-13 14:42:38+00:00
1,1,142,64,85,0.0,4354.33,90.79999999999995,3.2,0.5,142,543737757,222100630,2025-03-13 14:42:42+00:00
1,0,145,64,85,0.0,4357.52,90.79999999999995,3.2,0.0,145,543737889,222101138,2025-03-13 14:42:43+00:00
1,0,147,64,84,0.0,4363.2,90.60000000000002,3.154,0.5,147,543738266,222101812,2025-03-13 14:42:45+00:00
1,0,149,64,85,0.0,4375.22,90.79999999999995,3.032,0.0,149,543739013,222103276,2025-03-13 14:42:49+00:00
1,0,152,64,85,0.0,4384.97,91.0,3.098,0.5,152,543739640,222104482,2025-03-13 14:42:52+00:00
1,0,154,64,85,0.0,4396.99,91.60000000000002,3.126,0.5,154,543740389,222105932,2025-03-13 14:42:56+00:00
1,0,156,64,86,0.0,4405.65,91.0,3.014,0.0,156,543740978,222107075,2025-03-13 14:42:59+00:00
1,0,159,64,86,0.0,4418.18,91.39999999999998,3.144,0.0,159,543741596,222108695,2025-03-13 14:43:03+00:00
1,0,159,64,87,0.0,4421.54,91.60000000000002,3.135,0.0,159,543741779,222109191,2025-03-13 14:43:04+00:00
1,1,161,64,87,0.0,4430.59,91.39999999999998,3.126,0.5,161,543742392,222110196,2025-03-13 14:43:07+00:00
1,1,161,64,88,0.0,4439.91,91.0,3.126,0.0,161,543742933,222111393,2025-03-13 14:43:10+00:00
1,1,162,64,86,0.0,4455.51,91.39999999999998,3.126,0.5,162,543743830,222113473,2025-03-13 14:43:15+00:00
1,1,163,64,87,0.0,4465.08,91.39999999999998,3.135,0.0,163,543744408,222114619,2025-03-13 14:43:18+00:00
1,1,165,64,87,0.0,4477.39,91.20000000000005,3.144,0.0,165,543744973,222116343,2025-03-13 14:43:22+00:00
1,2,167,64,88,0.0,4492.28,92.0,3.126,0.0,167,543745657,222118357,2025-03-13 14:43:27+00:00
1,2,167,64,88,0.0,4495.65,92.0,3.126,0.0,167,543745677,222118967,2025-03-13 14:43:28+00:00
1,2,168,64,88,0.0,4501.82,91.79999999999995,3.126,0.0,168,543745885,222119866,2025-03-13 14:43:30+00:00
1,1,169,64,87,0.0,4514.87,91.79999999999995,3.144,0.0,169,543746098,222121733,2025-03-13 14:43:34+00:00
1,1,169,64,87,0.0,4524.31,92.39999999999998,3.144,0.0,169,543746234,222123237,2025-03-13 14:43:37+00:00
1,1,170,64,86,0.0,4533.52,92.79999999999995,3.144,0.0,170,543746314,222124565,2025-03-13 14:43:40+00:00
1,1,170,64,87,0.0,4549.16,93.39999999999998,3.135,0.0,170,543746327,222126903,2025-03-13 14:43:45+00:00
1,1,171,64,87,0.0,4558.67,94.20000000000005,3.144,0.0,171,543746058,222128381,2025-03-13 14:43:48+00:00
1,1,173,64,87,0.0,4571.43,94.0,3.163,0.0,173,543745750,222130226,2025-03-13 14:43:52+00:00
1,1,174,64,87,0.0,4587.6,94.39999999999998,3.172,0.5,174,543745269,222132601,2025-03-13 14:43:57+00:00
1,1,174,64,87,0.0,4596.36,94.60000000000002,3.172,0.5,174,543745128,222133893,2025-03-13 14:44:00+00:00
1,1,174,64,86,0.0,4608.14,94.39999999999998,3.163,0.0,174,543744772,222135667,2025-03-13 14:44:04+00:00
1,5,174,64,88,0.0,4620.25,94.60000000000002,3.144,0.0,174,543744419,222137453,2025-03-13 14:44:08+00:00
1,6,175,64,86,0.0,4628.99,94.60000000000002,3.126,0.0,175,543744219,222138715,2025-03-13 14:44:11+00:00
1,1,176,64,87,0.0,4643.65,94.60000000000002,3.107,0.0,176,543743864,222140889,2025-03-13 14:44:16+00:00
1,1,177,64,87,0.0,4653.52,94.0,3.107,0.0,177,543743588,222142371,2025-03-13 14:44:19+00:00
1,1,176,64,87,0.0,4669.32,94.39999999999998,3.107,0.0,176,543743062,222144689,2025-03-13 14:44:24+00:00
1,2,176,64,87,0.0,4678.41,94.20000000000005,3.116,0.0,176,543742918,222146011,2025-03-13 14:44:27+00:00
1,2,176,64,86,0.0,4690.73,94.20000000000005,3.107,0.0,176,543742540,222147858,2025-03-13 14:44:31+00:00
1,2,176,64,87,0.0,4699.34,94.20000000000005,3.107,0.0,176,543742391,222149099,2025-03-13 14:44:34+00:00
1,2,176,64,87,0.0,4711.58,94.79999999999995,3.098,0.0,176,543742043,222150919,2025-03-13 14:44:38+00:00
1,2,178,64,87,0.0,4722.37,95.0,3.07,0.0,178,543741807,222152592,2025-03-13 14:44:42+00:00
1,2,178,64,43,0.0,4729.14,95.20000000000005,3.023,0.0,178,543741502,222153507,2025-03-13 14:44:46+00:00
1,2,177,64,43,0.0,4733.46,94.79999999999995,0.97,0.0,177,543741457,222154151,2025-03-13 14:44:51+00:00
1,2,176,64,48,0.0,4735.51,94.20000000000005,0.7,0.5,176,543741282,222154321,2025-03-13 14:44:55+00:00
1,2,176,64,0,0.0,4737.45,94.39999999999998,0.504,0.0,176,543741311,222154654,2025-03-13 14:44:59+00:00
1,2,174,63,0,0.0,4739.59,93.79999999999995,0.69,0.0,174,543741189,222154956,2025-03-13 14:45:04+00:00
1,2,171,63,0,0.0,4741.32,93.39999999999998,0.485,0.0,171,543741056,222155137,2025-03-13 14:45:07+00:00
1,2,170,63,0,0.0,4741.32,93.39999999999998,0.0,0.0,170,543741031,222155269,2025-03-13 14:45:10+00:00
1,1,167,63,0,0.0,4744.01,94.0,0.7,0.0,167,543740967,222155650,2025-03-13 14:45:14+00:00
1,2,166,63,0,0.0,4745.14,94.20000000000005,0.644,0.0,166,543740927,222155869,2025-03-13 14:45:16+00:00
1,2,163,63,0,0.0,4745.95,94.60000000000002,0.56,0.0,163,543740886,222156000,2025-03-13 14:45:19+00:00
1,1,160,63,0,0.0,4747.95,94.39999999999998,0.0,0.0,160,543740917,222156216,2025-03-13 14:45:21+00:00
1,1,157,63,0,0.0,4749.48,94.39999999999998,0.0,0.0,157,543740917,222156458,2025-03-13 14:45:25+00:00
1,1,157,63,0,0.0,4750.16,94.0,0.0,0.0,157,543740896,222156574,2025-03-13 14:45:27+00:00
1,1,156,63,0,0.0,4751.38,94.20000000000005,0.0,0.0,156,543740843,222156747,2025-03-13 14:45:31+00:00
1,1,153,63,0,0.0,4752.47,95.60000000000002,0.0,0.0,153,543740845,222156869,2025-03-13 14:45:35+00:00
1,0,150,63,0,0.0,4753.58,95.60000000000002,0.0,0.0,150,543740820,222156983,2025-03-13 14:45:38+00:00
1,1,147,63,0,0.0,4754.52,94.60000000000002,0.0,0.0,147,543740777,222157176,2025-03-13 14:45:42+00:00
1,0,144,63,0,0.0,4755.91,94.0,0.0,0.0,144,543740764,222157357,2025-03-13 14:45:44+00:00
1,1,142,63,0,24.15,4760.99,93.60000000000002,0.0,0.0,142,543740698,222158090,2025-03-13 14:45:51+00:00
1,1,141,63,0,25.16,4763.82,93.60000000000002,0.0,0.0,141,543740618,222158576,2025-03-13 14:45:52+00:00
1,1,140,63,0,25.78,4772.23,93.79999999999995,2.874,0.0,140,543740511,222159763,2025-03-13 14:45:55+00:00
1,1,140,63,83,0.0,4780.62,93.39999999999998,2.762,0.5,140,543740319,222161006,2025-03-13 14:45:58+00:00
1,0,142,63,85,0.0,4789.43,93.60000000000002,2.687,0.5,142,543740098,222162415,2025-03-13 14:46:01+00:00
1,0,145,63,84,0.0,4798.79,93.79999999999995,3.21,0.5,145,543739861,222163768,2025-03-13 14:46:04+00:00
1,0,145,63,84,0.0,4801.78,94.20000000000005,3.098,0.5,145,543739802,222164189,2025-03-13 14:46:05+00:00
1,0,147,63,86,0.0,4811.59,95.0,3.088,0.0,147,543739539,222165694,2025-03-13 14:46:08+00:00
1,0,149,63,86,0.0,4823.46,94.79999999999995,3.144,0.5,149,543739187,222167404,2025-03-13 14:46:12+00:00
1,0,151,63,86,0.0,4833.69,95.0,3.154,0.0,151,543738934,222168951,2025-03-13 14:46:15+00:00
1,0,154,63,88,0.0,4843.57,94.39999999999998,3.2,0.0,154,543738692,222170393,2025-03-13 14:46:18+00:00
1,0,154,63,88,0.0,4847.18,94.20000000000005,3.238,0.0,154,543738633,222170888,2025-03-13 14:46:19+00:00
1,0,157,63,87,0.0,4853.11,94.39999999999998,3.256,0.0,157,543738470,222171747,2025-03-13 14:46:21+00:00
1,0,159,63,87,0.0,4861.94,94.39999999999998,3.107,0.0,159,543738148,222173102,2025-03-13 14:46:24+00:00
1,1,162,63,87,0.0,4870.84,94.60000000000002,3.126,0.0,162,543737849,222174373,2025-03-13 14:46:27+00:00
1,1,165,63,86,0.0,4889.7,95.0,3.163,0.0,165,543737308,222177182,2025-03-13 14:46:33+00:00
1,1,165,63,87,0.0,4892.74,95.39999999999998,3.154,0.5,165,543737307,222177564,2025-03-13 14:46:34+00:00
1,1,167,63,87,0.0,4901.54,95.20000000000005,3.144,0.0,167,543737073,222178979,2025-03-13 14:46:37+00:00
1,1,167,63,86,0.0,4914.22,94.60000000000002,3.154,0.5,167,543736808,222180808,2025-03-13 14:46:41+00:00
1,1,168,63,88,0.0,4926.17,95.0,3.135,0.0,168,543736488,222182552,2025-03-13 14:46:45+00:00
1,1,170,63,87,0.0,4936.32,94.39999999999998,3.135,0.0,170,543736210,222184090,2025-03-13 14:46:48+00:00
1,1,170,63,87,0.0,4950.85,95.0,3.144,0.0,170,543735765,222186203,2025-03-13 14:46:53+00:00
1,1,171,63,87,0.0,4959.01,95.79999999999995,3.107,0.0,171,543735538,222187371,2025-03-13 14:46:56+00:00
1,1,171,63,87,0.0,4968.97,95.60000000000002,3.098,0.5,171,543735289,222188886,2025-03-13 14:46:59+00:00
1,1,172,63,87,0.0,4985.47,96.60000000000002,3.126,0.0,172,543734832,222191329,2025-03-13 14:47:04+00:00
1,1,173,63,86,0.0,4993.56,96.60000000000002,3.126,0.5,173,543734644,222192499,2025-03-13 14:47:07+00:00
1,1,173,63,87,0.0,5008.29,96.0,3.098,0.0,173,543734352,222194721,2025-03-13 14:47:12+00:00
1,6,174,63,87,0.0,5020.59,95.39999999999998,3.088,0.0,174,543734015,222196533,2025-03-13 14:47:16+00:00
1,6,174,63,87,0.0,5035.63,95.20000000000005,3.079,0.0,174,543733708,222198762,2025-03-13 14:47:21+00:00
1,4,173,63,86,0.0,5044.98,95.20000000000005,3.079,0.0,173,543733409,222200166,2025-03-13 14:47:24+00:00
1,2,174,63,87,0.0,5057.11,95.20000000000005,3.07,0.0,174,543733103,222201890,2025-03-13 14:47:28+00:00
1,1,173,63,86,0.0,5065.96,95.20000000000005,3.079,0.0,173,543732964,222203313,2025-03-13 14:47:31+00:00
1,2,175,63,87,0.0,5078.24,95.20000000000005,3.07,0.0,175,543732618,222205057,2025-03-13 14:47:35+00:00
1,1,176,63,86,0.0,5090.0,95.79999999999995,3.06,0.0,176,543732242,222206767,2025-03-13 14:47:39+00:00
1,1,177,63,86,0.0,5098.57,95.20000000000005,3.051,0.0,177,543732062,222208069,2025-03-13 14:47:42+00:00
1,1,176,63,87,0.0,5114.59,94.79999999999995,3.051,0.0,176,543731685,222210470,2025-03-13 14:47:47+00:00
1,2,176,63,86,0.0,5123.93,94.39999999999998,3.06,0.5,176,543731389,222211771,2025-03-13 14:47:50+00:00
1,2,178,63,87,0.0,5140.35,94.0,3.098,0.0,178,543730861,222214157,2025-03-13 14:47:55+00:00
1,2,178,63,87,0.0,5149.61,93.60000000000002,3.088,0.0,178,543730682,222215593,2025-03-13 14:47:58+00:00
1,2,178,62,87,0.0,5161.35,93.60000000000002,3.098,0.0,178,543730409,222217353,2025-03-13 14:48:02+00:00
1,2,178,62,85,0.0,5167.81,94.0,3.07,0.5,178,543730127,222218260,2025-03-13 14:48:06+00:00
1,2,178,62,0,9.52,5169.5,93.39999999999998,2.967,0.0,178,543730279,222218388,2025-03-13 14:48:09+00:00
1,1,177,62,0,9.52,5172.75,92.0,0.886,0.0,177,543730481,222218001,2025-03-13 14:48:12+00:00
1,1,177,62,0,9.52,5176.06,91.20000000000005,0.821,0.0,177,543730410,222217474,2025-03-13 14:48:16+00:00
1,2,176,62,0,9.52,5178.35,90.79999999999995,0.672,0.0,176,543730341,222217063,2025-03-13 14:48:20+00:00
1,1,174,62,45,9.52,5181.85,90.79999999999995,0.513,0.5,174,543730286,222216585,2025-03-13 14:48:24+00:00
1,1,171,62,0,9.52,5184.63,90.60000000000002,0.606,0.0,171,543730317,222216941,2025-03-13 14:48:29+00:00
1,1,168,62,0,9.52,5186.61,90.0,0.802,0.0,168,543730274,222217201,2025-03-13 14:48:32+00:00
1,1,165,62,0,9.52,5188.37,89.39999999999998,0.0,0.0,165,543730201,222217455,2025-03-13 14:48:35+00:00
1,1,164,62,0,9.52,5188.91,89.0,0.0,0.0,164,543730196,222217544,2025-03-13 14:48:36+00:00
1,1,161,62,0,9.52,5191.7,88.39999999999998,0.672,0.0,161,543730092,222217968,2025-03-13 14:48:40+00:00
1,1,158,62,0,9.52,5194.43,88.39999999999998,0.0,0.0,158,543729970,222218339,2025-03-13 14:48:45+00:00
1,1,155,62,0,9.52,5195.87,89.0,0.0,0.0,155,543729934,222218559,2025-03-13 14:48:48+00:00
1,1,152,62,0,9.52,5198.42,89.39999999999998,0.0,0.0,152,543729930,222218965,2025-03-13 14:48:53+00:00
1,1,152,62,0,9.52,5198.8,89.60000000000002,0.0,0.0,152,543729929,222219075,2025-03-13 14:48:54+00:00
1,0,149,62,0,9.52,5201.18,89.39999999999998,0.0,0.0,149,543729861,222219323,2025-03-13 14:48:57+00:00
1,0,146,62,0,9.52,5201.67,90.20000000000005,0.0,0.0,146,543729845,222219325,2025-03-13 14:49:00+00:00
1,0,144,62,0,9.52,5203.36,90.60000000000002,0.0,0.0,144,543729884,222219584,2025-03-13 14:49:05+00:00
1,1,145,62,0,0.0,5207.79,90.20000000000005,0.0,0.0,145,543729786,222220197,2025-03-13 14:49:11+00:00
1,0,144,62,57,21.11,5210.15,90.39999999999998,1.166,0.5,144,543729720,222220643,2025-03-13 14:49:12+00:00
1,0,142,62,79,0.0,5222.0,91.0,3.042,0.0,142,543729573,222222382,2025-03-13 14:49:16+00:00
1,1,144,62,85,0.0,5234.86,91.60000000000002,3.2,0.0,144,543729352,222224379,2025-03-13 14:49:20+00:00
1,0,146,62,85,0.0,5247.15,91.39999999999998,3.256,0.5,146,543729129,222226230,2025-03-13 14:49:24+00:00
1,0,149,62,86,0.0,5256.85,91.20000000000005,3.098,0.0,149,543728889,222227668,2025-03-13 14:49:27+00:00
1,0,152,62,87,0.0,5270.43,92.20000000000005,3.331,0.0,152,543728479,222229666,2025-03-13 14:49:31+00:00
1,0,154,62,86,0.0,5279.14,92.39999999999998,3.275,0.0,154,543728300,222230897,2025-03-13 14:49:34+00:00
1,0,156,62,87,0.0,5288.35,92.20000000000005,3.256,0.0,156,543728097,222232278,2025-03-13 14:49:37+00:00
1,0,159,62,86,0.0,5300.33,92.60000000000002,3.154,0.5,159,543727777,222234057,2025-03-13 14:49:41+00:00
1,0,161,62,86,0.0,5309.95,92.39999999999998,3.126,0.0,161,543727479,222235481,2025-03-13 14:49:44+00:00
1,1,164,62,87,0.0,5324.72,93.39999999999998,3.172,0.0,164,543726972,222237665,2025-03-13 14:49:49+00:00
1,1,165,62,86,0.0,5333.81,93.20000000000005,3.144,0.0,165,543726757,222238956,2025-03-13 14:49:52+00:00
1,1,166,62,87,0.0,5347.87,93.0,3.126,0.0,166,543726411,222240996,2025-03-13 14:49:57+00:00
1,1,167,62,86,0.0,5356.73,92.60000000000002,3.107,0.5,167,543726125,222242332,2025-03-13 14:50:00+00:00
1,1,168,62,87,0.0,5368.99,93.79999999999995,3.098,0.0,168,543725839,222244163,2025-03-13 14:50:04+00:00
1,1,169,62,86,0.0,5384.93,94.20000000000005,3.107,0.5,169,543725544,222246509,2025-03-13 14:50:09+00:00
1,2,170,62,86,0.0,5393.78,94.39999999999998,3.107,0.0,170,543725289,222247868,2025-03-13 14:50:12+00:00
1,2,171,62,85,0.0,5408.46,95.0,3.088,0.5,171,543724873,222250097,2025-03-13 14:50:17+00:00
1,2,171,62,86,0.0,5418.45,95.0,3.098,0.0,171,543724778,222251530,2025-03-13 14:50:20+00:00
1,2,172,62,87,0.0,5431.19,94.60000000000002,3.098,0.0,172,543724489,222253467,2025-03-13 14:50:24+00:00
1,1,173,62,87,0.0,5444.54,94.39999999999998,3.126,0.5,173,543724086,222255420,2025-03-13 14:50:28+00:00
1,1,173,62,88,0.0,5456.61,94.20000000000005,3.135,0.0,173,543723882,222257273,2025-03-13 14:50:32+00:00
1,1,174,62,87,0.0,5465.88,93.79999999999995,3.135,0.0,174,543723696,222258636,2025-03-13 14:50:35+00:00
1,1,174,62,88,0.0,5481.67,94.79999999999995,3.144,0.0,174,543723384,222260964,2025-03-13 14:50:40+00:00
1,2,174,62,87,0.0,5491.29,95.39999999999998,3.144,0.0,174,543723253,222262478,2025-03-13 14:50:43+00:00
1,2,174,62,87,0.0,5500.36,94.79999999999995,3.144,0.5,174,543723172,222263830,2025-03-13 14:50:46+00:00
1,3,175,62,88,0.0,5514.19,94.39999999999998,3.163,0.0,175,543723003,222265946,2025-03-13 14:50:50+00:00
1,4,176,62,87,0.0,5530.12,95.39999999999998,3.191,0.5,176,543722805,222268297,2025-03-13 14:50:55+00:00
1,5,177,62,88,0.0,5539.46,95.0,3.191,0.5,177,543722653,222269808,2025-03-13 14:50:58+00:00
1,4,176,62,88,0.0,5549.04,94.60000000000002,3.182,0.0,176,543722645,222271198,2025-03-13 14:51:01+00:00
1,4,176,62,88,0.0,5564.54,94.0,3.182,0.0,176,543722579,222273525,2025-03-13 14:51:06+00:00
1,2,177,62,87,0.0,5576.11,94.39999999999998,3.182,0.0,177,543722497,222275281,2025-03-13 14:51:10+00:00
1,3,178,62,87,0.0,5585.67,94.20000000000005,3.163,0.5,178,543722378,222276816,2025-03-13 14:51:13+00:00
1,3,178,62,89,0.0,5594.25,94.20000000000005,3.163,0.0,178,543722520,222278047,2025-03-13 14:51:16+00:00
1,3,178,62,88,0.0,5602.9,94.20000000000005,3.144,0.0,178,543722457,222279403,2025-03-13 14:51:19+00:00
1,9,179,62,87,0.0,5612.16,95.0,3.126,0.5,179,543722350,222280836,2025-03-13 14:51:22+00:00
1,9,179,62,87,0.0,5614.65,95.20000000000005,3.126,0.5,179,543722275,222281195,2025-03-13 14:51:23+00:00
1,9,179,62,86,25.33,5621.2,94.79999999999995,3.098,0.5,179,543722174,222282126,2025-03-13 14:51:27+00:00
1,7,176,62,0,25.33,5623.69,93.60000000000002,2.827,0.0,176,543722123,222282499,2025-03-13 14:51:32+00:00
1,1,175,62,43,25.33,5631.9,91.20000000000005,0.802,0.0,175,543722080,222283737,2025-03-13 14:51:42+00:00
1,1,174,62,42,25.33,5634.14,91.79999999999995,0.532,0.5,174,543722230,222283798,2025-03-13 14:51:47+00:00
1,2,171,62,48,25.33,5635.29,92.0,0.579,0.5,171,543722274,222283566,2025-03-13 14:51:50+00:00
1,1,168,62,0,25.33,5637.41,91.0,0.588,0.0,168,543722212,222283240,2025-03-13 14:51:54+00:00
1,1,165,62,0,25.33,5639.31,90.79999999999995,0.625,0.0,165,543722085,222283018,2025-03-13 14:51:58+00:00
1,1,164,62,0,25.33,5639.46,90.39999999999998,0.597,0.0,164,543722063,222282976,2025-03-13 14:51:59+00:00
1,0,161,62,0,25.33,5640.34,90.0,0.0,0.0,161,543722053,222282843,2025-03-13 14:52:03+00:00
1,1,158,62,0,25.33,5642.41,90.0,0.0,0.0,158,543722012,222282574,2025-03-13 14:52:06+00:00
1,1,156,62,0,25.33,5643.02,90.20000000000005,0.0,0.0,156,543721975,222282517,2025-03-13 14:52:07+00:00
1,1,153,62,0,25.33,5644.01,90.60000000000002,0.0,0.0,153,543722014,222282373,2025-03-13 14:52:10+00:00
1,1,152,62,47,25.33,5644.93,91.20000000000005,0.0,0.5,152,543722014,222282373,2025-03-13 14:52:13+00:00
1,1,152,62,0,25.33,5648.17,91.79999999999995,0.0,0.0,152,543722014,222281758,2025-03-13 14:52:18+00:00
1,0,149,62,0,25.33,5650.31,91.60000000000002,0.0,0.0,149,543722084,222281444,2025-03-13 14:52:24+00:00
1,0,147,62,0,25.33,5650.31,91.60000000000002,0.0,0.0,147,543722085,222281443,2025-03-13 14:52:26+00:00
1,0,146,62,0,29.64,5650.89,91.79999999999995,0.0,0.0,146,543722097,222281305,2025-03-13 14:52:31+00:00
1,0,145,62,0,32.55,5656.32,91.60000000000002,0.0,0.0,145,543722066,222280492,2025-03-13 14:52:33+00:00
1,0,145,62,87,0.0,5670.72,91.60000000000002,3.49,0.5,145,543722001,222278406,2025-03-13 14:52:37+00:00
1,1,146,62,88,0.0,5680.54,91.60000000000002,3.378,0.0,146,543722136,222276799,2025-03-13 14:52:40+00:00
1,0,147,62,89,0.0,5690.69,91.39999999999998,3.368,0.0,147,543722134,222275331,2025-03-13 14:52:43+00:00
1,0,149,62,89,0.0,5700.88,91.39999999999998,3.415,0.5,149,543722338,222273733,2025-03-13 14:52:46+00:00
1,0,151,62,90,0.0,5710.23,91.0,3.322,0.5,151,543722249,222272381,2025-03-13 14:52:49+00:00
1,0,153,62,89,0.0,5720.88,90.60000000000002,3.266,0.5,153,543722438,222270730,2025-03-13 14:52:52+00:00
1,0,155,62,89,0.0,5729.48,89.79999999999995,3.284,0.5,155,543722389,222269447,2025-03-13 14:52:55+00:00
1,0,158,62,89,0.0,5737.15,89.60000000000002,3.266,0.0,158,543722439,222268296,2025-03-13 14:52:57+00:00
1,0,159,62,88,0.0,5741.2,89.60000000000002,3.266,0.5,159,543722544,222267684,2025-03-13 14:52:58+00:00
1,1,161,62,89,0.0,5750.42,89.79999999999995,3.322,0.0,161,543722612,222266317,2025-03-13 14:53:01+00:00
1,1,164,62,90,0.0,5760.34,90.20000000000005,3.238,0.5,164,543722712,222264762,2025-03-13 14:53:04+00:00
1,1,166,62,90,0.0,5769.97,90.60000000000002,3.48,0.0,166,543722763,222263294,2025-03-13 14:53:07+00:00
1,1,167,62,90,0.0,5784.66,91.39999999999998,3.536,0.0,167,543723021,222261076,2025-03-13 14:53:11+00:00
1,1,170,62,90,0.0,5797.07,92.0,3.406,0.5,170,543723233,222259202,2025-03-13 14:53:15+00:00
1,1,170,62,90,0.0,5809.11,91.79999999999995,3.303,0.0,170,543723498,222257421,2025-03-13 14:53:19+00:00
1,1,171,62,89,0.0,5822.02,92.20000000000005,3.256,0.5,171,543723767,222255464,2025-03-13 14:53:23+00:00
1,1,172,62,90,0.0,5834.91,92.20000000000005,3.275,0.0,172,543724025,222253521,2025-03-13 14:53:27+00:00
1,2,174,62,89,0.0,5851.77,92.20000000000005,3.284,0.5,174,543724493,222251000,2025-03-13 14:53:32+00:00
1,2,174,62,89,0.0,5855.16,92.20000000000005,3.284,0.5,174,543724626,222250464,2025-03-13 14:53:33+00:00
1,2,174,62,89,0.0,5857.9,92.39999999999998,3.266,0.5,174,543724546,222250116,2025-03-13 14:53:36+00:00
1,2,174,62,89,33.16,5858.97,92.39999999999998,3.238,0.5,174,543724472,222250417,2025-03-13 14:53:38+00:00
1,2,174,62,89,33.16,5861.39,92.60000000000002,1.456,0.5,174,543724471,222250779,2025-03-13 14:53:40+00:00
1,2,174,62,48,33.16,5864.25,92.60000000000002,1.045,0.0,174,543724542,222251173,2025-03-13 14:53:44+00:00
1,3,173,62,0,33.16,5868.77,92.79999999999995,0.0,0.0,173,543724359,222252019,2025-03-13 14:53:53+00:00
1,2,172,62,0,33.16,5870.78,92.60000000000002,0.0,0.0,172,543724407,222252287,2025-03-13 14:53:56+00:00
1,2,169,62,0,33.16,5874.52,92.60000000000002,0.924,0.0,169,543724371,222252784,2025-03-13 14:54:01+00:00
1,1,168,62,0,33.16,5874.6,92.60000000000002,0.0,0.0,168,543724389,222252796,2025-03-13 14:54:02+00:00
1,1,165,62,0,33.16,5876.3,92.0,0.0,0.0,165,543724429,222253071,2025-03-13 14:54:07+00:00
1,1,165,62,0,33.16,5876.54,92.0,0.0,0.0,165,543724390,222253078,2025-03-13 14:54:08+00:00
1,1,162,62,0,33.16,5878.21,91.60000000000002,0.0,0.0,162,543724230,222253295,2025-03-13 14:54:12+00:00
1,2,159,62,0,33.16,5880.81,91.79999999999995,0.0,0.0,159,543724077,222253609,2025-03-13 14:54:18+00:00
1,2,158,62,0,33.16,5881.29,91.79999999999995,0.0,0.0,158,543724053,222253601,2025-03-13 14:54:20+00:00
1,1,157,62,0,28.39,5881.97,91.60000000000002,0.0,0.0,157,543724074,222253829,2025-03-13 14:54:22+00:00
1,1,154,62,0,27.11,5887.62,92.0,0.0,0.0,154,543723997,222254710,2025-03-13 14:54:24+00:00
1,1,152,62,0,0.0,5898.26,91.60000000000002,3.004,0.0,152,543723871,222256342,2025-03-13 14:54:27+00:00
1,0,154,62,89,0.0,5915.97,92.0,3.592,0.5,154,543723542,222258995,2025-03-13 14:54:32+00:00
1,0,155,62,91,0.0,5933.71,92.0,3.555,0.5,155,543723174,222261699,2025-03-13 14:54:37+00:00
1,0,157,62,91,0.0,5943.22,92.39999999999998,3.546,0.0,157,543723231,222263061,2025-03-13 14:54:40+00:00
1,0,159,62,90,0.0,5952.85,92.39999999999998,3.396,0.0,159,543723097,222264571,2025-03-13 14:54:43+00:00
1,0,162,62,89,0.0,5965.18,92.0,3.322,0.5,162,543722881,222266498,2025-03-13 14:54:47+00:00
1,0,163,62,90,0.0,5974.77,92.20000000000005,3.303,0.5,163,543722834,222267903,2025-03-13 14:54:50+00:00
1,0,166,62,91,0.0,5984.88,92.79999999999995,3.34,0.5,166,543722784,222269490,2025-03-13 14:54:53+00:00
1,0,166,62,92,0.0,5994.5,93.79999999999995,3.312,0.0,166,543722796,222270896,2025-03-13 14:54:56+00:00
1,0,168,61,92,0.0,6007.68,94.60000000000002,3.34,0.0,168,543722655,222272874,2025-03-13 14:55:00+00:00
1,1,170,61,94,0.0,6024.77,94.0,3.322,0.0,170,543722619,222275517,2025-03-13 14:55:05+00:00
1,1,172,61,91,0.0,6038.24,93.79999999999995,3.378,0.5,172,543722465,222277567,2025-03-13 14:55:09+00:00
1,1,173,61,91,24.52,6048.19,93.39999999999998,3.378,0.5,173,543722396,222279108,2025-03-13 14:55:12+00:00
1,1,173,61,92,0.0,6057.4,93.20000000000005,3.35,0.0,173,543722396,222280436,2025-03-13 14:55:15+00:00
1,1,174,61,89,0.0,6067.64,93.20000000000005,3.322,0.5,174,543722273,222282104,2025-03-13 14:55:18+00:00
1,1,175,61,89,0.0,6078.51,93.20000000000005,3.34,0.5,175,543722257,222283620,2025-03-13 14:55:21+00:00
1,1,175,61,90,0.0,6084.11,93.39999999999998,3.368,0.5,175,543722244,222284556,2025-03-13 14:55:23+00:00
1,1,175,61,90,0.0,6086.89,93.39999999999998,3.359,0.5,175,543722250,222284938,2025-03-13 14:55:24+00:00
1,2,176,61,90,0.0,6092.76,93.79999999999995,3.247,0.5,176,543722150,222285817,2025-03-13 14:55:29+00:00
1,2,175,61,0,0.0,6095.12,93.0,0.756,0.0,175,543722094,222286113,2025-03-13 14:55:34+00:00
1,2,174,61,0,0.0,6096.94,92.60000000000002,0.0,0.0,174,543722014,222286440,2025-03-13 14:55:38+00:00
1,1,172,61,0,0.0,6101.28,91.79999999999995,0.634,0.0,172,543721906,222287029,2025-03-13 14:55:46+00:00
1,1,169,61,0,0.0,6102.46,91.60000000000002,0.476,0.0,169,543721911,222287211,2025-03-13 14:55:51+00:00
1,1,168,61,0,0.0,6102.98,91.79999999999995,0.439,0.0,168,543721960,222287327,2025-03-13 14:55:53+00:00
1,1,165,61,0,0.0,6105.41,91.79999999999995,0.0,0.0,165,543721871,222287682,2025-03-13 14:55:58+00:00
1,1,164,61,0,0.0,6105.41,92.0,0.0,0.0,164,543721960,222287591,2025-03-13 14:55:59+00:00
1,2,164,61,0,0.0,6108.01,91.79999999999995,0.0,0.0,164,543721937,222288068,2025-03-13 14:56:05+00:00
1,7,161,61,0,0.0,6108.64,91.39999999999998,0.0,0.0,161,543721876,222288180,2025-03-13 14:56:09+00:00
1,2,157,61,0,0.0,6108.64,91.39999999999998,0.0,0.0,157,543721870,222288181,2025-03-13 14:56:11+00:00
1,1,156,61,0,0.0,6110.91,91.39999999999998,0.0,0.0,156,543721886,222288458,2025-03-13 14:56:13+00:00
1,1,155,61,0,0.0,6113.94,91.39999999999998,0.0,0.0,155,543721866,222289011,2025-03-13 14:56:14+00:00
1,1,152,61,0,0.0,6123.76,91.79999999999995,3.07,0.0,152,543721887,222290422,2025-03-13 14:56:17+00:00
1,1,151,61,91,0.0,6130.23,92.20000000000005,3.07,0.0,151,543721918,222291414,2025-03-13 14:56:19+00:00
1,0,152,61,89,0.0,6143.52,92.39999999999998,3.387,0.0,152,543721885,222293446,2025-03-13 14:56:23+00:00
1,0,153,61,90,0.0,6159.9,93.0,3.275,0.5,153,543721930,222296014,2025-03-13 14:56:28+00:00
1,0,156,61,90,0.0,6169.82,92.79999999999995,3.303,0.5,156,543721876,222297472,2025-03-13 14:56:31+00:00
1,0,159,61,89,0.0,6179.7,93.0,3.331,0.0,159,543721727,222299039,2025-03-13 14:56:34+00:00
1,0,160,61,90,0.0,6189.98,92.60000000000002,3.331,0.5,160,543721705,222300505,2025-03-13 14:56:37+00:00
1,0,161,61,91,0.0,6199.15,92.79999999999995,3.359,0.0,161,543721647,222302002,2025-03-13 14:56:40+00:00
1,0,163,61,91,0.0,6209.24,92.39999999999998,3.331,0.5,163,543721677,222303436,2025-03-13 14:56:43+00:00
1,0,165,61,92,0.0,6220.0,93.0,3.452,0.0,165,543721512,222305117,2025-03-13 14:56:46+00:00
1,0,167,61,92,0.0,6230.31,92.60000000000002,3.452,0.0,167,543721472,222306652,2025-03-13 14:56:49+00:00
1,1,169,61,92,0.0,6243.1,92.20000000000005,3.424,0.0,169,543721311,222308578,2025-03-13 14:56:53+00:00
1,1,170,61,90,0.0,6258.42,92.0,3.378,0.5,170,543721259,222310939,2025-03-13 14:56:58+00:00
1,1,172,61,90,0.0,6275.49,91.39999999999998,3.359,0.5,172,543721069,222313520,2025-03-13 14:57:03+00:00
1,1,173,61,90,0.0,6290.75,90.60000000000002,3.34,0.5,173,543721019,222315845,2025-03-13 14:57:08+00:00
1,1,173,61,90,0.0,6306.37,89.79999999999995,3.303,0.5,173,543721071,222318296,2025-03-13 14:57:13+00:00
1,1,174,61,90,0.0,6313.08,89.39999999999998,3.294,0.0,174,543721094,222319289,2025-03-13 14:57:15+00:00
1,1,174,61,89,0.0,6317.94,89.39999999999998,3.294,0.5,174,543721004,222319943,2025-03-13 14:57:17+00:00
1,1,175,61,0,0.0,6322.7,89.79999999999995,3.032,0.0,175,543720946,222320685,2025-03-13 14:57:23+00:00
1,1,175,61,50,0.0,6326.61,90.20000000000005,0.84,0.0,175,543720956,222321292,2025-03-13 14:57:28+00:00
1,1,172,61,0,0.0,6329.68,89.39999999999998,0.0,0.0,172,543720863,222321727,2025-03-13 14:57:33+00:00
1,1,172,61,0,0.0,6330.28,89.20000000000005,0.0,0.0,172,543720850,222321813,2025-03-13 14:57:34+00:00
1,1,169,61,0,0.0,6332.23,89.60000000000002,0.0,0.0,169,543720874,222322161,2025-03-13 14:57:39+00:00
1,1,169,61,0,0.0,6333.3,90.0,0.0,0.0,169,543720843,222322374,2025-03-13 14:57:41+00:00
1,1,167,61,0,0.0,6335.55,89.79999999999995,0.0,0.0,167,543720812,222322702,2025-03-13 14:57:47+00:00
1,1,164,61,0,0.0,6338.69,89.60000000000002,0.0,0.0,164,543720751,222323122,2025-03-13 14:57:51+00:00
1,1,162,61,0,0.0,6339.78,89.60000000000002,0.0,0.0,162,543720685,222323212,2025-03-13 14:57:53+00:00
1,1,160,60,0,0.0,6343.99,88.79999999999995,0.0,0.0,160,543720737,222323777,2025-03-13 14:58:00+00:00
1,2,157,60,0,0.0,6345.46,89.39999999999998,0.0,0.0,157,543720631,222323951,2025-03-13 14:58:04+00:00
1,1,155,60,0,0.0,6350.48,90.39999999999998,0.0,0.0,155,543720642,222324762,2025-03-13 14:58:06+00:00
1,1,153,60,90,0.0,6361.14,91.20000000000005,3.303,0.0,153,543720583,222326433,2025-03-13 14:58:09+00:00
1,0,152,60,90,0.0,6371.85,91.39999999999998,3.574,0.0,152,543720604,222328018,2025-03-13 14:58:12+00:00
1,0,152,60,91,0.0,6384.81,91.20000000000005,3.424,0.5,152,543720589,222329962,2025-03-13 14:58:16+00:00
1,0,155,60,90,0.0,6397.25,91.0,3.088,0.5,155,543720516,222331910,2025-03-13 14:58:20+00:00
1,0,156,60,90,0.0,6411.16,91.39999999999998,3.368,0.5,156,543720483,222334004,2025-03-13 14:58:24+00:00
1,0,159,60,90,0.0,6426.83,91.20000000000005,3.331,0.5,159,543720423,222336416,2025-03-13 14:58:29+00:00
1,0,159,60,90,0.0,6430.4,91.0,3.322,0.5,159,543720419,222336990,2025-03-13 14:58:30+00:00
1,0,161,60,91,0.0,6441.08,90.60000000000002,3.331,0.5,161,543720451,222338570,2025-03-13 14:58:33+00:00
1,0,164,60,93,0.0,6447.9,90.39999999999998,3.406,0.0,164,543720494,222339593,2025-03-13 14:58:35+00:00
1,0,165,60,93,0.0,6451.45,90.60000000000002,3.415,0.0,165,543720419,222340209,2025-03-13 14:58:36+00:00
1,0,167,60,93,0.0,6461.83,91.0,3.443,0.0,167,543720386,222341755,2025-03-13 14:58:39+00:00
1,0,169,60,94,0.0,6478.3,90.60000000000002,3.443,0.0,169,543720187,222344221,2025-03-13 14:58:44+00:00
1,1,171,60,92,0.0,6488.66,90.39999999999998,3.424,0.0,171,543720032,222345871,2025-03-13 14:58:47+00:00
1,1,172,60,91,0.0,6499.32,90.60000000000002,3.452,0.5,172,543719914,222347383,2025-03-13 14:58:50+00:00
1,1,173,60,93,0.0,6509.16,91.20000000000005,3.452,0.0,173,543719648,222348908,2025-03-13 14:58:53+00:00
1,1,174,60,93,0.0,6528.88,90.39999999999998,3.406,0.0,174,543719134,222351774,2025-03-13 14:58:59+00:00
1,1,174,60,93,0.0,6539.03,90.20000000000005,3.406,0.0,174,543718636,222353262,2025-03-13 14:59:02+00:00
1,1,175,60,90,0.0,6548.42,90.20000000000005,3.406,0.5,175,543718241,222354676,2025-03-13 14:59:05+00:00
1,1,174,60,90,0.0,6550.36,90.0,3.406,0.5,174,543718211,222354775,2025-03-13 14:59:06+00:00
1,1,175,60,0,0.0,6554.25,90.60000000000002,3.275,0.0,175,543718266,222355385,2025-03-13 14:59:10+00:00
1,1,174,60,0,0.0,6557.8,90.79999999999995,0.998,0.0,174,543718163,222355949,2025-03-13 14:59:15+00:00
1,1,173,60,47,0.0,6564.5,90.60000000000002,0.952,0.0,173,543717940,222356886,2025-03-13 14:59:22+00:00
1,1,170,60,0,0.0,6567.36,90.0,0.662,0.0,170,543717853,222357311,2025-03-13 14:59:27+00:00
1,1,170,60,45,0.0,6569.18,89.79999999999995,0.606,0.0,170,543717829,222357635,2025-03-13 14:59:30+00:00
1,1,168,60,0,0.0,6571.7,89.60000000000002,0.662,0.0,168,543717747,222357997,2025-03-13 14:59:34+00:00
1,1,167,60,0,0.0,6574.48,88.79999999999995,0.0,0.0,167,543717713,222358389,2025-03-13 14:59:41+00:00
1,0,164,60,0,0.0,6574.97,88.79999999999995,0.0,0.0,164,543717660,222358460,2025-03-13 14:59:44+00:00
1,0,161,60,0,0.0,6574.97,88.79999999999995,0.0,0.0,161,543717665,222358463,2025-03-13 14:59:47+00:00
1,1,159,60,0,0.0,6574.97,88.79999999999995,0.0,0.0,159,543717661,222358467,2025-03-13 14:59:50+00:00
1,1,156,60,0,0.0,6577.91,88.60000000000002,0.0,0.0,156,543717622,222358822,2025-03-13 14:59:54+00:00
1,1,156,60,0,0.0,6584.67,88.79999999999995,1.502,0.0,156,543717485,222359843,2025-03-13 14:59:56+00:00
1,1,156,60,86,0.0,6595.7,89.60000000000002,3.312,0.5,156,543717138,222361494,2025-03-13 14:59:59+00:00
1,1,155,60,89,0.0,6605.64,89.79999999999995,3.555,0.5,155,543716875,222362883,2025-03-13 15:00:02+00:00
1,1,155,60,92,0.0,6615.56,90.20000000000005,3.294,0.0,155,543716525,222364391,2025-03-13 15:00:05+00:00
1,0,157,60,92,0.0,6635.77,89.60000000000002,3.424,0.5,157,543716098,222367381,2025-03-13 15:00:11+00:00
1,0,158,60,93,0.0,6648.89,89.20000000000005,3.322,0.0,158,543716034,222369363,2025-03-13 15:00:15+00:00
1,0,160,60,93,0.0,6658.26,89.39999999999998,3.322,0.0,160,543715942,222370856,2025-03-13 15:00:18+00:00
1,0,162,60,91,0.0,6668.11,89.39999999999998,3.294,0.5,162,543715901,222372319,2025-03-13 15:00:21+00:00
1,0,165,60,92,0.0,6681.18,89.39999999999998,3.322,0.0,165,543715752,222374322,2025-03-13 15:00:25+00:00
1,0,166,60,91,0.0,6691.34,89.20000000000005,3.303,0.5,166,543715673,222375812,2025-03-13 15:00:28+00:00
1,0,168,60,92,0.0,6701.42,89.79999999999995,3.322,0.0,168,543715517,222377435,2025-03-13 15:00:31+00:00
1,0,169,60,92,0.0,6710.95,90.20000000000005,3.312,0.0,169,543715591,222378779,2025-03-13 15:00:34+00:00
1,0,170,60,92,0.0,6721.23,91.0,3.303,0.5,170,543715592,222380412,2025-03-13 15:00:37+00:00
1,0,171,60,93,0.0,6730.41,91.60000000000002,3.294,0.0,171,543715594,222381805,2025-03-13 15:00:40+00:00
1,0,172,60,91,0.0,6746.91,91.39999999999998,3.284,0.5,172,543715424,222384309,2025-03-13 15:00:45+00:00
1,0,173,60,91,0.0,6757.25,91.39999999999998,3.303,0.5,173,543715427,222385923,2025-03-13 15:00:48+00:00
1,0,174,60,93,0.0,6766.63,91.79999999999995,3.294,0.0,174,543715469,222387274,2025-03-13 15:00:51+00:00
1,0,174,60,90,0.0,6780.27,92.0,3.303,0.5,174,543715390,222389407,2025-03-13 15:00:55+00:00
1,1,175,59,92,0.0,6788.06,92.60000000000002,3.266,0.5,175,543715376,222390538,2025-03-13 15:01:00+00:00
1,1,174,59,0,0.0,6793.54,91.79999999999995,0.0,0.0,174,543715304,222391378,2025-03-13 15:01:09+00:00
1,2,173,59,0,0.0,6797.5,91.60000000000002,0.0,0.0,173,543715266,222391987,2025-03-13 15:01:16+00:00
1,1,171,59,0,0.0,6800.64,91.20000000000005,0.0,0.0,171,543715297,222392485,2025-03-13 15:01:23+00:00
1,1,168,59,70,0.0,6803.58,91.20000000000005,0.812,0.5,168,543715300,222392971,2025-03-13 15:01:28+00:00
1,1,165,59,0,0.0,6805.32,90.79999999999995,0.718,0.0,165,543715257,222393169,2025-03-13 15:01:31+00:00
1,1,162,59,0,0.0,6806.57,90.79999999999995,0.0,0.0,162,543715180,222393358,2025-03-13 15:01:35+00:00
1,1,159,59,0,0.0,6808.05,91.20000000000005,0.0,0.0,159,543715155,222393563,2025-03-13 15:01:38+00:00
1,2,157,59,0,0.0,6809.3,91.39999999999998,0.0,0.0,157,543715165,222393717,2025-03-13 15:01:40+00:00
1,2,155,59,0,0.0,6811.85,91.0,0.271,0.0,155,543715110,222394122,2025-03-13 15:01:44+00:00
1,2,155,59,0,0.0,6817.34,91.0,0.0,0.0,155,543715217,222395051,2025-03-13 15:01:46+00:00
1,2,155,59,0,0.0,6828.56,91.39999999999998,3.648,0.0,155,543715301,222396663,2025-03-13 15:01:49+00:00
1,1,154,59,92,0.0,6845.59,91.39999999999998,3.508,0.0,154,543715117,222399303,2025-03-13 15:01:54+00:00
1,0,156,59,91,2.88,6861.78,91.60000000000002,3.284,0.5,156,543714807,222401744,2025-03-13 15:01:59+00:00
1,0,160,59,91,0.0,6871.75,92.0,3.303,0.5,160,543714569,222403155,2025-03-13 15:02:02+00:00
1,0,161,59,94,2.66,6882.14,92.60000000000002,3.378,0.0,161,543714185,222404682,2025-03-13 15:02:05+00:00
1,0,164,59,92,290.17,6895.38,92.60000000000002,3.406,0.0,164,543713632,222406562,2025-03-13 15:02:09+00:00
1,0,166,59,91,0.0,6911.43,92.79999999999995,3.368,0.5,166,543712985,222408772,2025-03-13 15:02:14+00:00
1,0,168,59,91,0.0,6928.2,92.60000000000002,3.359,0.5,168,543712280,222411164,2025-03-13 15:02:19+00:00
1,0,168,59,92,0.0,6946.08,91.79999999999995,3.415,0.0,168,543711586,222413723,2025-03-13 15:02:24+00:00
1,0,169,59,90,0.0,6955.52,91.79999999999995,3.424,0.5,169,543711402,222415071,2025-03-13 15:02:27+00:00
1,1,170,59,92,0.0,6965.57,91.79999999999995,3.387,0.0,170,543710984,222416559,2025-03-13 15:02:30+00:00
1,1,170,59,90,0.0,6974.49,92.0,3.387,0.0,170,543710614,222417787,2025-03-13 15:02:33+00:00
1,1,172,59,91,0.0,6987.32,92.20000000000005,3.35,0.5,172,543710089,222419599,2025-03-13 15:02:37+00:00
1,1,172,59,91,0.0,6997.59,92.20000000000005,3.34,0.0,172,543709637,222421077,2025-03-13 15:02:40+00:00
1,1,173,59,89,1.99,7010.88,92.79999999999995,3.331,0.5,173,543709104,222423003,2025-03-13 15:02:44+00:00
1,1,174,59,90,0.0,7014.41,92.60000000000002,3.34,0.5,174,543708966,222423477,2025-03-13 15:02:45+00:00
1,1,175,59,90,0.0,7019.22,92.39999999999998,3.294,0.5,175,543708831,222424104,2025-03-13 15:02:48+00:00
1,0,175,59,0,0.0,7020.83,91.20000000000005,0.0,0.0,175,543708931,222424051,2025-03-13 15:02:54+00:00
1,1,174,59,0,0.0,7025.47,91.0,0.0,0.0,174,543709005,222423224,2025-03-13 15:03:01+00:00
1,2,171,59,0,0.0,7030.43,91.60000000000002,0.793,0.0,171,543709135,222422646,2025-03-13 15:03:08+00:00
1,2,170,59,0,0.0,7031.49,92.20000000000005,0.0,0.0,170,543709204,222422399,2025-03-13 15:03:10+00:00
1,2,167,59,0,0.0,7038.02,92.39999999999998,0.0,0.0,167,543709138,222421480,2025-03-13 15:03:18+00:00
1,2,164,59,0,0.0,7039.56,92.60000000000002,0.774,0.0,164,543709036,222421592,2025-03-13 15:03:22+00:00
1,2,161,59,0,0.0,7039.56,92.60000000000002,0.0,0.0,161,543709040,222421616,2025-03-13 15:03:25+00:00
1,1,158,59,0,0.0,7039.56,92.79999999999995,0.0,0.0,158,543709041,222421634,2025-03-13 15:03:28+00:00
1,1,157,59,0,0.0,7046.08,92.60000000000002,1.801,0.0,157,543708905,222422357,2025-03-13 15:03:32+00:00
1,2,156,59,0,0.0,7048.35,92.39999999999998,1.054,0.0,156,543708907,222422657,2025-03-13 15:03:34+00:00
1,2,155,59,61,0.0,7057.89,92.39999999999998,2.529,0.0,155,543708648,222424057,2025-03-13 15:03:37+00:00
1,2,154,59,88,0.0,7070.71,92.79999999999995,3.266,0.0,154,543708197,222425898,2025-03-13 15:03:41+00:00
1,0,155,59,90,0.0,7090.05,93.0,3.303,0.5,155,543707412,222428673,2025-03-13 15:03:47+00:00
1,0,158,59,90,0.0,7102.99,91.60000000000002,3.247,0.5,158,543706984,222430539,2025-03-13 15:03:51+00:00
1,0,159,59,90,0.0,7112.52,91.20000000000005,3.266,0.5,159,543706660,222431896,2025-03-13 15:03:54+00:00
1,0,160,59,90,0.0,7124.99,90.79999999999995,3.266,0.0,160,543706246,222433716,2025-03-13 15:03:58+00:00
1,0,163,59,90,0.0,7141.58,90.20000000000005,3.238,0.5,163,543705462,222436047,2025-03-13 15:04:03+00:00
1,0,165,59,91,0.0,7154.92,90.0,3.35,0.0,165,543705000,222437954,2025-03-13 15:04:07+00:00
1,0,167,59,92,0.0,7169.13,90.79999999999995,3.387,0.0,167,543704407,222439980,2025-03-13 15:04:11+00:00
1,0,168,59,92,0.0,7178.77,91.39999999999998,3.424,0.0,168,543704104,222441316,2025-03-13 15:04:14+00:00
1,0,169,59,91,0.0,7189.14,92.0,3.406,0.5,169,543703526,222442748,2025-03-13 15:04:17+00:00
1,1,171,59,92,0.0,7209.24,90.60000000000002,3.415,0.0,171,543702711,222445552,2025-03-13 15:04:23+00:00
1,2,172,59,93,0.0,7222.24,90.79999999999995,3.396,0.5,172,543702248,222447369,2025-03-13 15:04:27+00:00
1,1,173,59,91,0.0,7232.2,91.39999999999998,3.396,0.5,173,543701828,222448865,2025-03-13 15:04:30+00:00
1,1,175,59,90,0.0,7244.91,91.60000000000002,3.396,0.5,175,543701340,222450667,2025-03-13 15:04:34+00:00
1,1,176,59,90,0.0,7251.39,91.60000000000002,3.378,0.5,176,543701042,222451603,2025-03-13 15:04:36+00:00
1,1,176,59,86,0.0,7255.51,91.20000000000005,3.368,0.5,176,543700889,222452182,2025-03-13 15:04:38+00:00
1,1,176,59,86,0.0,7256.26,90.60000000000002,3.34,0.5,176,543701033,222452160,2025-03-13 15:04:40+00:00
1,1,176,59,86,0.0,7256.26,90.60000000000002,3.294,0.5,176,543701040,222452079,2025-03-13 15:04:42+00:00
1,1,174,59,45,0.0,7264.48,88.60000000000002,1.017,0.0,174,543701180,222450806,2025-03-13 15:04:51+00:00
1,1,173,58,0,0.0,7270.9,89.0,0.746,0.0,173,543701353,222449853,2025-03-13 15:05:00+00:00
1,1,170,58,0,0.0,7273.11,88.79999999999995,0.756,0.0,170,543701451,222449507,2025-03-13 15:05:03+00:00
1,1,169,58,0,0.0,7277.31,87.79999999999995,0.793,0.0,169,543701635,222448985,2025-03-13 15:05:08+00:00
1,2,166,58,41,0.0,7280.59,88.0,0.746,0.0,166,543701792,222448505,2025-03-13 15:05:13+00:00
1,1,163,58,0,0.0,7282.66,87.79999999999995,0.765,0.0,163,543701919,222448233,2025-03-13 15:05:16+00:00
1,1,160,58,0,0.0,7283.88,88.60000000000002,0.737,0.0,160,543701936,222448022,2025-03-13 15:05:19+00:00
1,2,158,58,0,0.0,7284.21,88.60000000000002,0.579,0.0,158,543701884,222447991,2025-03-13 15:05:21+00:00
1,2,155,58,0,0.0,7285.21,88.79999999999995,0.485,0.0,155,543701771,222448174,2025-03-13 15:05:24+00:00
1,2,154,58,0,20.69,7286.82,88.60000000000002,0.485,0.0,154,543701681,222448419,2025-03-13 15:05:25+00:00
1,2,153,58,0,30.45,7291.67,88.39999999999998,0.541,0.0,153,543701584,222449178,2025-03-13 15:05:27+00:00
1,1,154,58,91,0.0,7308.72,89.0,3.34,0.0,154,543701058,222451626,2025-03-13 15:05:32+00:00
1,1,153,58,92,0.0,7319.59,88.79999999999995,3.424,0.0,153,543700664,222453205,2025-03-13 15:05:35+00:00
1,1,155,58,91,0.0,7328.98,89.60000000000002,3.49,0.5,155,543700431,222454559,2025-03-13 15:05:38+00:00
1,1,157,58,91,0.0,7339.25,90.39999999999998,3.303,0.0,157,543699958,222456046,2025-03-13 15:05:41+00:00
1,1,159,58,90,0.0,7348.86,91.0,3.387,0.5,159,543699714,222457376,2025-03-13 15:05:44+00:00
1,0,160,58,90,0.0,7358.64,92.0,3.34,0.5,160,543699178,222458817,2025-03-13 15:05:47+00:00
1,0,162,58,91,0.0,7368.58,92.0,3.322,0.5,162,543698847,222460151,2025-03-13 15:05:50+00:00
1,0,165,58,92,0.0,7378.42,92.20000000000005,3.331,0.5,165,543698341,222461465,2025-03-13 15:05:53+00:00
1,0,165,58,92,0.0,7381.44,92.20000000000005,3.322,0.0,165,543698197,222461930,2025-03-13 15:05:54+00:00
1,1,168,58,91,0.0,7398.52,91.0,3.368,0.5,168,543697555,222464338,2025-03-13 15:05:59+00:00
1,1,168,58,91,0.0,7402.06,90.60000000000002,3.368,0.5,168,543697434,222464868,2025-03-13 15:06:00+00:00
1,1,168,58,93,0.0,7412.02,90.60000000000002,3.387,0.0,168,543697088,222466280,2025-03-13 15:06:03+00:00
1,1,170,58,93,0.0,7425.79,91.0,3.378,0.0,170,543696555,222468245,2025-03-13 15:06:07+00:00
1,1,171,58,91,0.0,7439.15,91.20000000000005,3.378,0.5,171,543695948,222470126,2025-03-13 15:06:11+00:00
1,1,174,58,91,9.53,7455.74,90.79999999999995,3.368,0.5,174,543695309,222472420,2025-03-13 15:06:16+00:00
1,1,175,58,93,9.53,7466.16,91.0,3.378,0.5,175,543694896,222473964,2025-03-13 15:06:19+00:00
1,1,175,58,93,9.53,7475.72,91.20000000000005,3.378,0.0,175,543694529,222475263,2025-03-13 15:06:22+00:00
1,1,176,58,91,21.06,7489.03,91.60000000000002,3.378,0.5,176,543693927,222477120,2025-03-13 15:06:26+00:00
1,1,176,58,91,26.08,7491.82,91.39999999999998,3.378,0.5,176,543693787,222477426,2025-03-13 15:06:27+00:00
1,2,177,58,91,0.0,7497.55,91.0,3.238,0.5,177,543693620,222478357,2025-03-13 15:06:33+00:00
1,1,177,58,52,0.0,7502.93,90.79999999999995,2.93,0.0,177,543693467,222479134,2025-03-13 15:06:38+00:00
1,1,176,58,0,0.0,7505.19,91.0,2.697,0.0,176,543693467,222479423,2025-03-13 15:06:41+00:00
1,1,175,58,50,0.0,7506.78,91.0,2.435,0.0,175,543693421,222479693,2025-03-13 15:06:43+00:00
1,1,174,58,0,0.0,7509.4,91.0,0.998,0.0,174,543693229,222480030,2025-03-13 15:06:46+00:00
1,1,171,58,46,0.0,7511.73,91.0,0.998,0.0,171,543693140,222480390,2025-03-13 15:06:49+00:00
1,1,171,58,0,0.0,7512.56,91.0,0.952,0.0,171,543693192,222480543,2025-03-13 15:06:50+00:00
1,1,170,58,0,0.0,7515.11,91.0,0.877,0.0,170,543692992,222480805,2025-03-13 15:06:53+00:00
1,1,167,58,0,0.0,7517.65,90.39999999999998,0.877,0.0,167,543692891,222481176,2025-03-13 15:06:56+00:00
1,1,165,58,46,0.0,7520.16,89.79999999999995,0.812,0.0,165,543692801,222481569,2025-03-13 15:07:00+00:00
1,1,163,58,0,0.0,7525.0,89.60000000000002,0.746,0.0,163,543692732,222482272,2025-03-13 15:07:07+00:00
1,1,160,58,0,0.0,7528.54,89.79999999999995,0.868,0.0,160,543692578,222482736,2025-03-13 15:07:12+00:00
1,1,160,58,0,0.0,7529.8,90.20000000000005,0.868,0.0,160,543692483,222482942,2025-03-13 15:07:13+00:00
1,1,158,58,0,0.0,7531.3,90.60000000000002,0.83,0.0,158,543692455,222483151,2025-03-13 15:07:15+00:00
1,1,159,58,0,0.0,7533.95,90.39999999999998,0.849,0.0,159,543692530,222483522,2025-03-13 15:07:17+00:00
1,1,159,58,0,0.0,7541.6,90.79999999999995,2.193,0.0,159,543692226,222484667,2025-03-13 15:07:20+00:00
1,4,156,58,83,0.0,7549.38,91.0,2.594,0.5,156,543692007,222485831,2025-03-13 15:07:23+00:00
1,4,156,58,83,0.0,7551.81,91.0,2.594,0.5,156,543691985,222486155,2025-03-13 15:07:24+00:00
1,3,155,58,85,0.0,7562.63,91.0,2.65,0.0,155,543691666,222487778,2025-03-13 15:07:28+00:00
1,3,155,58,84,0.0,7570.22,91.39999999999998,2.613,0.5,155,543691575,222488892,2025-03-13 15:07:31+00:00
1,1,156,58,84,0.0,7581.29,91.0,2.725,0.0,156,543691396,222490598,2025-03-13 15:07:35+00:00
1,1,156,58,87,0.0,7588.79,91.39999999999998,2.697,0.0,156,543691347,222491694,2025-03-13 15:07:38+00:00
1,1,157,58,85,0.0,7601.91,92.39999999999998,2.697,0.5,157,543691141,222493660,2025-03-13 15:07:43+00:00
1,1,157,58,85,0.0,7609.61,92.20000000000005,2.603,0.0,157,543691028,222494870,2025-03-13 15:07:46+00:00
1,0,160,58,85,0.0,7618.29,92.79999999999995,2.715,0.5,160,543690851,222496214,2025-03-13 15:07:49+00:00
1,0,161,58,85,0.0,7620.99,93.0,2.715,0.5,161,543690866,222496529,2025-03-13 15:07:50+00:00
1,0,161,58,85,0.0,7628.87,92.39999999999998,2.734,0.0,161,543690704,222497765,2025-03-13 15:07:53+00:00
1,1,162,58,86,0.0,7639.21,93.39999999999998,2.725,0.0,162,543690479,222499273,2025-03-13 15:07:57+00:00
1,1,163,58,86,0.0,7649.78,93.20000000000005,2.687,0.0,163,543690301,222500874,2025-03-13 15:08:01+00:00
1,1,163,58,87,0.0,7660.5,93.0,2.669,0.0,163,543690100,222502517,2025-03-13 15:08:05+00:00
1,1,165,58,85,0.0,7671.14,92.79999999999995,2.687,0.5,165,543689990,222504064,2025-03-13 15:08:09+00:00
1,1,165,58,85,0.0,7679.76,92.60000000000002,2.687,0.0,165,543689671,222505336,2025-03-13 15:08:12+00:00
1,1,167,58,85,0.0,7692.53,93.0,2.687,0.5,167,543689311,222507252,2025-03-13 15:08:17+00:00
1,1,168,58,84,0.0,7703.41,93.60000000000002,2.678,0.0,168,543689164,222508844,2025-03-13 15:08:21+00:00
1,1,169,58,86,0.0,7711.64,94.0,2.678,0.5,169,543688940,222510091,2025-03-13 15:08:24+00:00
1,1,169,58,85,0.0,7724.65,94.20000000000005,2.697,0.0,169,543688588,222512006,2025-03-13 15:08:29+00:00
1,1,170,58,86,0.0,7731.87,94.0,2.659,0.5,170,543688459,222513073,2025-03-13 15:08:32+00:00
1,1,170,58,85,0.0,7745.36,93.79999999999995,2.659,0.0,170,543688190,222515069,2025-03-13 15:08:37+00:00
1,2,170,58,86,0.0,7755.9,94.39999999999998,2.659,0.0,170,543687863,222516664,2025-03-13 15:08:41+00:00
1,2,170,58,86,0.0,7763.76,94.60000000000002,2.659,0.0,170,543687719,222517797,2025-03-13 15:08:44+00:00
1,2,170,58,86,0.0,7775.21,93.79999999999995,2.659,0.0,170,543687444,222519511,2025-03-13 15:08:48+00:00
1,2,170,58,87,0.0,7782.57,94.39999999999998,2.669,0.0,170,543687262,222520552,2025-03-13 15:08:51+00:00
1,1,170,58,86,0.0,7790.81,94.0,2.669,0.0,170,543687065,222521844,2025-03-13 15:08:54+00:00
1,1,171,58,88,0.0,7800.65,93.79999999999995,2.659,0.0,171,543686756,222523215,2025-03-13 15:08:58+00:00
1,1,170,58,87,0.0,7808.35,93.79999999999995,2.65,0.0,170,543686606,222524456,2025-03-13 15:09:01+00:00
1,1,171,58,86,0.0,7815.94,93.79999999999995,2.641,0.0,171,543686493,222525572,2025-03-13 15:09:04+00:00
1,1,171,58,86,0.0,7827.11,94.60000000000002,2.641,0.0,171,543686225,222527275,2025-03-13 15:09:08+00:00
1,1,171,58,86,0.0,7835.16,94.39999999999998,2.65,0.0,171,543685984,222528382,2025-03-13 15:09:11+00:00
1,1,171,58,87,0.0,7848.28,95.0,2.659,0.5,171,543685516,222530253,2025-03-13 15:09:16+00:00
1,1,171,58,87,0.0,7859.49,94.79999999999995,2.659,0.0,171,543685155,222531905,2025-03-13 15:09:20+00:00
1,1,172,58,87,0.0,7871.03,94.0,2.678,0.5,172,543684668,222533519,2025-03-13 15:09:24+00:00
1,1,172,58,87,0.0,7887.34,94.0,2.697,0.0,172,543683708,222535612,2025-03-13 15:09:30+00:00
1,1,172,58,87,0.0,7895.43,93.60000000000002,2.706,0.5,172,543683261,222536615,2025-03-13 15:09:33+00:00
1,1,172,58,87,0.0,7908.56,92.79999999999995,2.697,0.0,172,543682291,222538080,2025-03-13 15:09:38+00:00
1,1,172,58,86,0.0,7917.88,92.39999999999998,2.715,0.5,172,543681607,222539152,2025-03-13 15:09:41+00:00
1,1,172,58,87,0.0,7929.04,91.60000000000002,2.743,0.0,172,543680892,222540430,2025-03-13 15:09:45+00:00
1,1,173,58,87,0.0,7939.87,91.79999999999995,2.743,0.0,173,543680173,222541725,2025-03-13 15:09:49+00:00
1,1,173,58,87,0.0,7950.69,91.20000000000005,2.753,0.5,173,543679460,222543112,2025-03-13 15:09:53+00:00
1,2,173,58,87,0.0,7964.83,91.79999999999995,2.762,0.0,173,543678508,222544677,2025-03-13 15:09:58+00:00
1,1,174,58,88,0.0,7976.1,92.0,2.771,0.0,174,543677765,222546076,2025-03-13 15:10:02+00:00
1,1,173,58,87,0.0,7989.3,92.0,2.771,0.0,173,543676939,222547714,2025-03-13 15:10:07+00:00
1,1,173,58,88,0.0,7999.94,92.39999999999998,2.762,0.0,173,543676225,222548972,2025-03-13 15:10:11+00:00
1,1,173,58,87,0.0,8012.42,92.0,2.743,0.0,173,543675534,222550560,2025-03-13 15:10:16+00:00
1,1,174,58,86,0.0,8014.96,92.0,2.743,0.5,174,543675284,222550837,2025-03-13 15:10:17+00:00
1,1,174,58,87,0.0,8023.11,91.79999999999995,2.725,0.0,174,543674791,222551833,2025-03-13 15:10:20+00:00
1,2,174,58,87,0.0,8033.47,91.39999999999998,2.725,0.0,174,543674107,222553121,2025-03-13 15:10:24+00:00
1,2,174,58,87,0.0,8047.25,92.0,2.715,0.5,174,543673189,222554689,2025-03-13 15:10:29+00:00
1,5,175,58,87,0.0,8055.48,91.79999999999995,2.706,0.0,175,543672662,222555703,2025-03-13 15:10:32+00:00
1,2,175,58,87,0.0,8068.74,92.20000000000005,2.706,0.0,175,543671699,222557212,2025-03-13 15:10:37+00:00
1,2,175,58,88,0.0,8080.53,93.20000000000005,2.715,0.0,175,543670869,222558615,2025-03-13 15:10:41+00:00
1,5,175,58,87,0.0,8088.73,93.60000000000002,2.725,0.0,175,543670380,222559628,2025-03-13 15:10:44+00:00
1,6,174,58,88,0.0,8102.51,93.79999999999995,2.743,0.0,174,543669615,222561304,2025-03-13 15:10:49+00:00
1,6,174,58,86,0.0,8112.83,93.20000000000005,2.725,0.0,174,543668911,222562602,2025-03-13 15:10:53+00:00
1,10,173,58,85,0.0,8123.37,93.60000000000002,2.725,0.5,173,543668186,222563837,2025-03-13 15:10:57+00:00
1,8,173,57,85,0.0,8130.72,93.0,2.715,0.5,173,543667891,222564873,2025-03-13 15:11:00+00:00
1,8,173,57,86,0.0,8140.86,93.20000000000005,2.687,0.0,173,543667302,222566199,2025-03-13 15:11:04+00:00
1,8,173,57,86,0.0,8148.87,93.20000000000005,2.678,0.0,173,543667013,222567310,2025-03-13 15:11:07+00:00
1,8,173,57,86,0.0,8161.63,93.60000000000002,2.678,0.5,173,543666431,222569026,2025-03-13 15:11:12+00:00
1,6,173,57,87,0.0,8169.93,93.39999999999998,2.669,0.0,173,543665984,222570170,2025-03-13 15:11:15+00:00
1,11,172,57,86,0.0,8180.37,93.0,2.659,0.0,172,543665640,222571650,2025-03-13 15:11:19+00:00
1,13,172,57,87,0.0,8188.97,93.20000000000005,2.669,0.0,172,543665145,222572770,2025-03-13 15:11:22+00:00
1,15,172,57,87,0.0,8196.65,93.39999999999998,2.669,0.0,172,543664886,222573871,2025-03-13 15:11:25+00:00
1,17,173,57,87,0.0,8212.55,93.0,2.659,0.0,173,543664125,222576101,2025-03-13 15:11:31+00:00
1,7,174,57,87,0.0,8223.65,92.60000000000002,2.678,0.0,174,543663676,222577617,2025-03-13 15:11:35+00:00
1,6,173,57,86,0.0,8236.59,92.60000000000002,2.659,0.0,173,543663061,222579406,2025-03-13 15:11:40+00:00
1,9,173,57,87,0.0,8247.93,92.79999999999995,2.669,0.0,173,543662649,222580956,2025-03-13 15:11:44+00:00
1,15,173,57,87,0.0,8263.81,92.60000000000002,2.659,0.0,173,543661976,222583187,2025-03-13 15:11:50+00:00
1,17,174,57,87,0.0,8272.35,92.39999999999998,2.669,0.0,174,543661553,222584375,2025-03-13 15:11:53+00:00
1,22,173,57,86,0.0,8282.89,91.60000000000002,2.687,0.0,173,543661074,222585801,2025-03-13 15:11:57+00:00
1,23,174,57,88,0.0,8293.54,92.0,2.687,0.0,174,543660618,222587273,2025-03-13 15:12:01+00:00
1,23,173,57,87,0.0,8301.95,91.39999999999998,2.687,0.0,173,543660307,222588493,2025-03-13 15:12:04+00:00
1,23,173,57,88,0.0,8318.01,92.20000000000005,2.697,0.0,173,543659573,222590680,2025-03-13 15:12:10+00:00
1,23,173,57,87,0.0,8326.54,91.79999999999995,2.706,0.0,173,543659173,222591907,2025-03-13 15:12:13+00:00
1,23,173,57,87,0.0,8336.78,91.39999999999998,2.706,0.0,173,543658708,222593316,2025-03-13 15:12:17+00:00
1,32,173,57,87,0.0,8347.74,91.79999999999995,2.697,0.0,173,543658192,222594767,2025-03-13 15:12:21+00:00
1,32,173,57,86,0.0,8356.68,91.20000000000005,2.706,0.5,173,543657871,222596090,2025-03-13 15:12:24+00:00
1,32,173,57,87,0.0,8369.89,91.79999999999995,2.725,0.0,173,543657240,222597901,2025-03-13 15:12:29+00:00
1,40,174,57,86,0.0,8378.08,91.79999999999995,2.715,0.0,174,543656942,222599040,2025-03-13 15:12:32+00:00
1,42,174,57,88,0.0,8389.09,92.20000000000005,2.715,0.5,174,543656492,222600638,2025-03-13 15:12:36+00:00
1,19,175,57,87,0.0,8403.48,93.20000000000005,2.753,0.0,175,543655903,222602604,2025-03-13 15:12:41+00:00
1,18,175,57,88,0.0,8415.35,93.0,2.781,0.5,175,543655292,222604196,2025-03-13 15:12:45+00:00
1,15,174,57,88,0.0,8423.17,92.20000000000005,2.799,0.0,174,543654984,222605307,2025-03-13 15:12:48+00:00
1,4,175,57,87,0.0,8435.98,91.60000000000002,2.753,0.5,175,543654396,222607157,2025-03-13 15:12:53+00:00
1,4,175,57,88,0.0,8443.93,91.79999999999995,2.743,0.0,175,543654118,222608226,2025-03-13 15:12:56+00:00
1,4,175,57,87,0.0,8455.78,91.79999999999995,2.753,0.0,175,543653670,222609921,2025-03-13 15:13:00+00:00
1,4,175,57,89,0.0,8470.57,92.20000000000005,2.781,0.0,175,543652979,222611936,2025-03-13 15:13:05+00:00
1,12,175,57,88,0.0,8479.77,92.39999999999998,2.809,0.0,175,543652414,222613131,2025-03-13 15:13:08+00:00
1,12,175,57,87,0.0,8487.9,92.20000000000005,2.818,0.5,175,543652153,222614245,2025-03-13 15:13:11+00:00
1,4,177,57,88,0.0,8496.14,92.20000000000005,2.818,0.5,177,543651790,222615436,2025-03-13 15:13:14+00:00
1,4,177,57,86,0.0,8509.22,92.60000000000002,2.79,0.5,177,543651209,222617264,2025-03-13 15:13:19+00:00
1,7,177,57,88,0.0,8520.59,93.39999999999998,2.799,0.0,177,543650670,222618820,2025-03-13 15:13:23+00:00
1,10,178,57,88,0.0,8529.55,93.0,2.79,0.0,178,543650341,222620057,2025-03-13 15:13:26+00:00
1,11,177,57,87,0.0,8535.25,92.60000000000002,2.809,0.5,177,543650033,222620846,2025-03-13 15:13:28+00:00
1,11,177,57,87,0.0,8540.93,92.60000000000002,2.818,0.5,177,543649824,222621664,2025-03-13 15:13:30+00:00
1,8,176,57,88,0.0,8555.11,92.39999999999998,2.837,0.0,176,543649194,222623588,2025-03-13 15:13:35+00:00
1,8,176,57,86,0.0,8563.14,91.79999999999995,2.827,0.5,176,543648879,222624781,2025-03-13 15:13:38+00:00
1,8,174,57,87,0.0,8573.73,91.39999999999998,2.809,0.0,174,543648422,222626269,2025-03-13 15:13:42+00:00
1,4,175,57,87,0.0,8585.5,92.0,2.818,0.0,175,543647882,222627811,2025-03-13 15:13:46+00:00
1,5,174,57,87,0.0,8596.37,92.0,2.809,0.0,174,543647344,222629346,2025-03-13 15:13:50+00:00
1,6,173,57,86,0.0,8607.83,92.39999999999998,2.809,0.0,173,543646768,222630923,2025-03-13 15:13:54+00:00
1,6,173,57,87,0.0,8616.66,92.20000000000005,2.818,0.5,173,543646443,222632134,2025-03-13 15:13:57+00:00
1,14,173,56,88,0.0,8631.44,91.79999999999995,2.846,0.0,173,543645780,222634119,2025-03-13 15:14:02+00:00
1,17,173,56,87,0.0,8642.6,91.60000000000002,2.846,0.0,173,543644921,222635351,2025-03-13 15:14:06+00:00
1,19,174,56,85,0.0,8655.99,90.79999999999995,2.827,0.5,174,543643894,222636791,2025-03-13 15:14:11+00:00
1,14,175,56,85,0.0,8667.18,89.79999999999995,2.827,0.0,175,543643024,222637940,2025-03-13 15:14:15+00:00
1,5,176,56,85,0.0,8675.05,89.39999999999998,2.809,0.0,176,543642495,222638941,2025-03-13 15:14:18+00:00
1,3,175,56,85,0.0,8689.86,89.60000000000002,2.809,0.0,175,543641318,222640322,2025-03-13 15:14:23+00:00
1,3,175,56,87,0.0,8698.86,89.39999999999998,2.837,0.0,175,543640562,222641234,2025-03-13 15:14:26+00:00
1,3,175,56,87,0.0,8709.31,89.20000000000005,2.837,0.0,175,543639727,222642307,2025-03-13 15:14:30+00:00
1,3,175,56,87,0.0,8720.6,89.39999999999998,2.827,0.0,175,543638824,222643416,2025-03-13 15:14:34+00:00
1,3,175,56,86,0.0,8732.98,89.0,2.837,0.0,175,543637499,222644952,2025-03-13 15:14:38+00:00
1,3,175,56,86,0.0,8736.19,89.20000000000005,2.846,0.0,175,543637211,222645249,2025-03-13 15:14:39+00:00
1,3,175,56,86,0.0,8739.24,89.39999999999998,2.855,0.0,175,543636999,222645417,2025-03-13 15:14:40+00:00
