107,135,136,143,cadence,cycle_length16,distance,enhanced_altitude,enhanced_speed,fractional_cadence,heart_rate,position_lat,position_long,timestamp
0,17,114,67,0,0.01,0.58,95.60000000000002,0.0,0.0,114,543645623,222633936,2025-03-15 09:55:05+00:00
1,6,115,67,0,,3.49,95.0,0.0,0.0,115,543645795,222633532,2025-03-15 09:55:06+00:00
1,10,114,67,0,0.0,8.97,94.79999999999995,2.575,0.0,114,543646064,222632804,2025-03-15 09:55:08+00:00
1,25,115,67,82,0.01,20.09,94.79999999999995,2.641,0.0,115,543646585,222631202,2025-03-15 09:55:12+00:00
1,35,115,67,83,0.01,30.68,94.79999999999995,2.687,0.0,115,543647021,222629817,2025-03-15 09:55:16+00:00
1,31,118,67,83,0.01,41.07,94.60000000000002,2.659,0.5,118,543647620,222628451,2025-03-15 09:55:20+00:00
1,20,121,67,83,0.01,43.56,94.60000000000002,2.641,0.5,121,543647717,222628141,2025-03-15 09:55:21+00:00
1,16,124,67,82,0.02,45.92,94.20000000000005,2.631,0.5,124,543647859,222627790,2025-03-15 09:55:22+00:00
1,8,128,67,82,0.01,50.48,93.79999999999995,2.603,0.5,128,543648012,222627165,2025-03-15 09:55:24+00:00
1,9,129,67,83,0.01,53.11,94.0,2.585,0.5,129,543648140,222626723,2025-03-15 09:55:25+00:00
1,10,133,67,82,0.0,60.61,94.0,2.566,0.0,133,543648408,222625634,2025-03-15 09:55:28+00:00
1,10,134,67,82,0.0,63.38,93.79999999999995,2.557,0.5,134,543648478,222625314,2025-03-15 09:55:29+00:00
1,6,136,67,84,655.34,72.95,93.20000000000005,2.547,0.5,136,543648882,222623937,2025-03-15 09:55:33+00:00
1,2,136,67,83,0.01,85.13,93.39999999999998,2.501,0.5,136,543649514,222622339,2025-03-15 09:55:38+00:00
1,1,139,67,84,0.01,95.54,92.39999999999998,2.482,0.0,139,543649955,222620891,2025-03-15 09:55:42+00:00
1,4,141,67,84,0.01,108.6,91.79999999999995,2.538,0.5,141,543650526,222619113,2025-03-15 09:55:47+00:00
1,6,142,67,84,0.01,118.24,92.20000000000005,2.519,0.5,142,543650959,222617743,2025-03-15 09:55:51+00:00
1,1,141,67,84,0.01,128.31,92.20000000000005,2.529,0.0,141,543651427,222616316,2025-03-15 09:55:55+00:00
1,2,144,67,83,0.01,135.7,92.60000000000002,2.519,0.5,144,543651755,222615309,2025-03-15 09:55:58+00:00
1,2,144,67,83,0.01,137.85,92.79999999999995,2.519,0.5,144,543651775,222615012,2025-03-15 09:55:59+00:00
1,3,145,67,84,0.01,145.6,92.20000000000005,2.51,0.5,145,543652173,222613956,2025-03-15 09:56:02+00:00
1,3,146,67,84,0.01,155.81,92.79999999999995,2.501,0.0,146,543652621,222612544,2025-03-15 09:56:06+00:00
1,3,146,67,85,0.01,166.95,93.0,2.519,0.0,146,543653168,222611021,2025-03-15 09:56:10+00:00
1,7,147,67,85,0.01,177.37,92.79999999999995,2.538,0.5,147,543653569,222609555,2025-03-15 09:56:14+00:00
1,7,147,67,84,0.01,188.16,93.0,2.566,0.0,147,543654126,222608116,2025-03-15 09:56:18+00:00
1,7,148,67,86,0.01,201.13,92.79999999999995,2.575,0.0,148,543654641,222606362,2025-03-15 09:56:23+00:00
1,9,149,67,85,0.01,211.1,93.20000000000005,2.566,0.5,149,543655096,222604897,2025-03-15 09:56:27+00:00
1,12,150,67,84,0.01,218.48,93.39999999999998,2.566,0.5,150,543655310,222603835,2025-03-15 09:56:30+00:00
1,12,150,67,85,0.01,229.56,93.20000000000005,2.566,0.0,150,543655851,222602280,2025-03-15 09:56:34+00:00
1,17,151,67,85,0.01,237.51,92.60000000000002,2.585,0.5,151,543656178,222601203,2025-03-15 09:56:37+00:00
1,18,152,67,85,0.01,248.2,93.20000000000005,2.585,0.5,152,543656544,222599627,2025-03-15 09:56:41+00:00
1,18,152,67,86,0.01,258.61,93.39999999999998,2.613,0.0,152,543656987,222598235,2025-03-15 09:56:45+00:00
1,22,153,67,86,0.01,266.76,93.79999999999995,2.603,0.0,153,543657413,222597063,2025-03-15 09:56:48+00:00
1,24,153,67,84,0.01,277.41,94.0,2.613,0.5,153,543657808,222595622,2025-03-15 09:56:52+00:00
1,23,153,67,84,0.01,285.76,94.20000000000005,2.622,0.5,153,543658199,222594427,2025-03-15 09:56:55+00:00
1,23,153,67,85,0.01,296.26,94.79999999999995,2.641,0.0,153,543658703,222593041,2025-03-15 09:56:59+00:00
1,26,154,67,84,0.01,307.0,94.60000000000002,2.631,0.5,154,543659245,222591606,2025-03-15 09:57:03+00:00
1,26,154,67,85,0.01,316.75,93.79999999999995,2.622,0.5,154,543659593,222590219,2025-03-15 09:57:07+00:00
1,26,154,67,85,0.01,326.34,94.20000000000005,2.622,0.5,154,543659997,222588839,2025-03-15 09:57:11+00:00
1,31,155,67,85,0.01,337.78,94.20000000000005,2.622,0.0,155,543660577,222587289,2025-03-15 09:57:15+00:00
1,31,155,67,84,0.01,345.44,93.79999999999995,2.622,0.5,155,543660883,222586196,2025-03-15 09:57:18+00:00
1,24,156,67,85,0.01,361.14,93.39999999999998,2.613,0.5,156,543661641,222584057,2025-03-15 09:57:24+00:00
1,26,157,67,86,0.01,370.74,93.39999999999998,2.613,0.0,157,543661973,222582749,2025-03-15 09:57:28+00:00
1,26,157,67,86,0.01,379.22,93.60000000000002,2.603,0.0,157,543662378,222581540,2025-03-15 09:57:31+00:00
1,28,158,67,85,0.01,391.59,93.60000000000002,2.613,0.5,158,543662867,222579748,2025-03-15 09:57:36+00:00
1,32,157,67,85,0.01,401.39,93.0,2.594,0.5,157,543663257,222578407,2025-03-15 09:57:40+00:00
1,33,158,67,86,0.01,411.8,93.20000000000005,2.585,0.5,158,543663724,222576907,2025-03-15 09:57:44+00:00
1,31,158,67,84,0.01,424.65,93.39999999999998,2.594,0.5,158,543664181,222575020,2025-03-15 09:57:49+00:00
1,35,158,67,84,0.01,435.95,93.39999999999998,2.594,0.5,158,543664685,222573455,2025-03-15 09:57:53+00:00
1,37,158,67,85,0.01,447.04,93.0,2.603,0.0,158,543665135,222571942,2025-03-15 09:57:57+00:00
1,37,158,66,86,0.01,460.09,93.60000000000002,2.631,0.0,158,543665700,222570120,2025-03-15 09:58:02+00:00
1,45,159,66,84,0.01,473.04,94.0,2.613,0.5,159,543666258,222568284,2025-03-15 09:58:07+00:00
1,45,159,66,85,0.0,486.52,93.79999999999995,2.631,0.5,159,543666953,222566492,2025-03-15 09:58:12+00:00
1,45,159,66,86,0.0,500.26,94.0,2.631,0.0,159,543667665,222564625,2025-03-15 09:58:17+00:00
1,39,159,66,86,0.0,510.97,94.0,2.65,0.0,159,543668246,222563253,2025-03-15 09:58:21+00:00
1,31,160,66,86,0.0,524.99,94.20000000000005,2.659,0.5,160,543669044,222561431,2025-03-15 09:58:26+00:00
1,32,159,66,85,0.0,534.69,94.60000000000002,2.659,0.5,159,543669622,222560239,2025-03-15 09:58:30+00:00
1,31,160,66,86,0.0,546.02,95.39999999999998,2.659,0.0,160,543670257,222558756,2025-03-15 09:58:34+00:00
1,31,160,66,85,0.0,558.03,95.79999999999995,2.678,0.0,160,543671046,222557260,2025-03-15 09:58:38+00:00
1,26,161,66,86,0.0,568.99,95.60000000000002,2.697,0.5,161,543671736,222555943,2025-03-15 09:58:42+00:00
1,25,160,66,86,0.0,583.19,95.60000000000002,2.734,0.0,160,543672659,222554230,2025-03-15 09:58:47+00:00
1,23,161,66,86,0.0,593.55,96.0,2.715,0.5,161,543673291,222553005,2025-03-15 09:58:51+00:00
1,14,162,66,85,0.0,603.96,96.79999999999995,2.725,0.0,162,543673962,222551712,2025-03-15 09:58:55+00:00
1,6,163,66,86,0.0,615.03,96.39999999999998,2.818,0.5,163,543674805,222550483,2025-03-15 09:58:59+00:00
1,10,163,66,85,0.0,625.98,96.39999999999998,2.771,0.5,163,543675511,222549133,2025-03-15 09:59:03+00:00
1,10,163,66,86,0.0,639.61,96.60000000000002,2.697,0.5,163,543676464,222547536,2025-03-15 09:59:08+00:00
1,10,163,66,85,0.0,650.55,96.39999999999998,2.725,0.0,163,543677224,222546280,2025-03-15 09:59:12+00:00
1,8,162,66,86,0.0,664.49,97.0,2.734,0.5,162,543678204,222544654,2025-03-15 09:59:17+00:00
1,8,162,66,85,0.0,672.41,96.60000000000002,2.734,0.5,162,543678695,222543753,2025-03-15 09:59:20+00:00
1,8,162,66,85,0.0,683.12,96.39999999999998,2.715,0.5,162,543679354,222542388,2025-03-15 09:59:24+00:00
1,12,163,66,85,0.0,693.19,96.0,2.725,0.0,163,543680006,222541273,2025-03-15 09:59:28+00:00
1,16,163,66,83,0.0,700.89,95.39999999999998,2.697,0.5,163,543680518,222540272,2025-03-15 09:59:31+00:00
1,18,163,66,85,0.0,711.16,96.0,2.687,0.5,163,543681155,222539039,2025-03-15 09:59:35+00:00
1,16,163,66,85,0.0,722.02,95.60000000000002,2.687,0.5,163,543681968,222537862,2025-03-15 09:59:39+00:00
1,16,163,66,85,0.0,731.9,96.20000000000005,2.641,0.5,163,543682744,222536720,2025-03-15 09:59:43+00:00
1,8,163,66,87,0.0,742.69,95.79999999999995,2.641,0.0,163,543683439,222535435,2025-03-15 09:59:47+00:00
1,8,163,66,86,0.0,752.85,95.0,2.65,0.0,163,543684066,222534180,2025-03-15 09:59:51+00:00
1,4,163,66,85,0.0,763.05,94.60000000000002,2.622,0.5,163,543684507,222532702,2025-03-15 09:59:55+00:00
1,6,162,66,85,0.0,773.64,94.0,2.622,0.5,162,543684877,222531264,2025-03-15 09:59:59+00:00
1,9,162,66,85,0.0,781.31,94.0,2.622,0.5,162,543685211,222530150,2025-03-15 10:00:02+00:00
1,9,162,66,86,0.0,795.01,93.60000000000002,2.631,0.5,162,543685565,222528045,2025-03-15 10:00:07+00:00
1,9,162,66,87,0.0,805.8,93.39999999999998,2.641,0.0,162,543685827,222526505,2025-03-15 10:00:11+00:00
1,8,161,66,85,0.0,819.04,93.0,2.631,0.5,161,543686193,222524560,2025-03-15 10:00:16+00:00
1,2,161,66,86,0.0,828.89,92.79999999999995,2.622,0.5,161,543686522,222523154,2025-03-15 10:00:20+00:00
1,2,161,66,85,0.0,836.38,92.79999999999995,2.622,0.5,161,543686804,222521979,2025-03-15 10:00:23+00:00
1,2,161,66,85,0.0,847.1,93.0,2.613,0.0,161,543687053,222520488,2025-03-15 10:00:27+00:00
1,2,161,66,86,0.0,855.43,93.20000000000005,2.613,0.0,161,543687292,222519211,2025-03-15 10:00:30+00:00
1,2,161,66,86,0.0,864.87,93.20000000000005,2.613,0.0,161,543687454,222517831,2025-03-15 10:00:34+00:00
1,1,161,66,85,0.0,875.29,93.60000000000002,2.603,0.5,161,543687579,222516235,2025-03-15 10:00:38+00:00
1,1,161,66,85,0.0,888.93,94.0,2.613,0.5,161,543688011,222514253,2025-03-15 10:00:43+00:00
1,2,161,66,85,0.0,903.05,94.39999999999998,2.622,0.0,161,543688337,222512184,2025-03-15 10:00:48+00:00
1,2,162,66,87,0.0,914.22,93.79999999999995,2.631,0.0,162,543688544,222510508,2025-03-15 10:00:52+00:00
1,2,162,66,86,0.0,926.06,94.0,2.641,0.0,162,543688670,222508707,2025-03-15 10:00:57+00:00
1,3,163,66,85,0.0,936.69,94.39999999999998,2.631,0.5,163,543689046,222507070,2025-03-15 10:01:01+00:00
1,1,164,66,85,0.0,947.49,94.60000000000002,2.641,0.5,164,543689286,222505534,2025-03-15 10:01:05+00:00
1,1,164,66,85,0.0,958.76,94.60000000000002,2.65,0.5,164,543689558,222503860,2025-03-15 10:01:09+00:00
1,1,164,66,86,0.0,971.89,94.20000000000005,2.659,0.0,164,543689792,222501914,2025-03-15 10:01:14+00:00
1,1,164,66,84,0.0,982.55,93.79999999999995,2.65,0.5,164,543690012,222500294,2025-03-15 10:01:18+00:00
1,2,164,66,85,0.0,993.44,94.0,2.65,0.5,164,543690234,222498627,2025-03-15 10:01:22+00:00
1,2,164,66,85,0.0,1000.62,93.79999999999995,2.631,0.5,164,543690409,222497629,2025-03-15 10:01:25+00:00
1,2,164,66,85,3.58,1003.18,93.60000000000002,2.631,0.5,164,543690483,222497249,2025-03-15 10:01:26+00:00
1,2,164,66,86,3.58,1011.36,93.79999999999995,2.631,0.5,164,543690660,222495978,2025-03-15 10:01:29+00:00
1,2,164,66,85,29.51,1021.06,93.0,2.631,0.0,164,543690831,222494558,2025-03-15 10:01:33+00:00
1,2,164,66,86,29.51,1029.55,93.60000000000002,2.631,0.0,164,543691031,222493254,2025-03-15 10:01:36+00:00
1,2,164,66,85,29.51,1039.79,93.60000000000002,2.631,0.0,164,543691141,222491745,2025-03-15 10:01:40+00:00
1,2,164,66,85,29.51,1048.47,93.79999999999995,2.641,0.5,164,543691292,222490405,2025-03-15 10:01:43+00:00
1,2,164,66,85,29.51,1059.3,94.20000000000005,2.65,0.5,164,543691375,222488800,2025-03-15 10:01:47+00:00
1,1,165,66,85,29.51,1067.62,93.60000000000002,2.669,0.5,165,543691554,222487543,2025-03-15 10:01:50+00:00
1,1,165,66,85,29.51,1078.64,93.60000000000002,2.669,0.5,165,543691689,222485948,2025-03-15 10:01:54+00:00
1,1,165,66,86,29.51,1086.56,93.39999999999998,2.669,0.0,165,543691954,222484702,2025-03-15 10:01:57+00:00
1,2,164,66,87,29.51,1100.64,93.60000000000002,2.678,0.0,164,543692403,222482618,2025-03-15 10:02:02+00:00
1,2,164,66,86,29.51,1108.72,93.39999999999998,2.687,0.0,164,543692578,222481457,2025-03-15 10:02:05+00:00
1,2,164,66,85,29.51,1119.64,94.60000000000002,2.687,0.5,164,543692895,222479843,2025-03-15 10:02:09+00:00
1,2,164,66,85,29.51,1129.98,95.0,2.678,0.5,164,543693217,222478416,2025-03-15 10:02:13+00:00
1,2,164,66,85,29.51,1137.57,95.20000000000005,2.678,0.5,164,543693553,222477262,2025-03-15 10:02:16+00:00
1,2,164,66,85,29.51,1149.31,96.20000000000005,2.687,0.0,164,543693984,222475685,2025-03-15 10:02:20+00:00
1,2,164,66,86,29.51,1159.86,95.79999999999995,2.687,0.5,164,543694442,222474202,2025-03-15 10:02:24+00:00
1,2,165,66,85,0.0,1170.02,96.0,2.678,0.0,165,543694895,222472669,2025-03-15 10:02:28+00:00
1,2,164,66,85,0.0,1180.19,96.20000000000005,2.678,0.5,164,543695257,222471331,2025-03-15 10:02:32+00:00
1,2,164,66,85,0.0,1188.48,96.60000000000002,2.669,0.5,164,543695687,222470115,2025-03-15 10:02:35+00:00
1,1,165,66,85,0.0,1196.67,95.79999999999995,2.669,0.5,165,543696040,222469012,2025-03-15 10:02:38+00:00
1,1,164,66,86,0.0,1208.3,95.60000000000002,2.678,0.0,164,543696522,222467374,2025-03-15 10:02:42+00:00
1,1,164,66,86,0.0,1216.17,95.39999999999998,2.697,0.5,164,543696791,222466289,2025-03-15 10:02:45+00:00
1,1,165,66,86,0.0,1230.52,95.39999999999998,2.697,0.0,165,543697407,222464318,2025-03-15 10:02:50+00:00
1,2,166,66,85,0.0,1241.19,95.0,2.706,0.5,166,543697843,222462738,2025-03-15 10:02:54+00:00
1,2,166,66,85,0.0,1248.9,95.20000000000005,2.715,0.5,166,543698056,222461700,2025-03-15 10:02:57+00:00
1,2,166,66,85,0.0,1262.6,95.60000000000002,2.706,0.5,166,543698485,222459634,2025-03-15 10:03:02+00:00
1,2,166,66,85,0.0,1270.34,95.0,2.734,0.5,166,543698729,222458488,2025-03-15 10:03:05+00:00
1,1,166,66,86,0.0,1281.81,95.39999999999998,2.734,0.0,166,543699120,222456951,2025-03-15 10:03:09+00:00
1,1,166,66,85,0.0,1291.26,95.60000000000002,2.725,0.0,166,543699651,222455555,2025-03-15 10:03:13+00:00
1,4,166,66,85,0.0,1301.64,95.79999999999995,2.715,0.0,166,543700082,222454173,2025-03-15 10:03:17+00:00
1,1,165,66,85,0.0,1314.25,95.20000000000005,2.687,0.5,165,543700571,222452310,2025-03-15 10:03:22+00:00
1,1,166,66,85,0.0,1327.79,95.0,2.659,0.5,166,543701134,222450417,2025-03-15 10:03:27+00:00
1,2,166,66,85,0.0,1335.9,94.79999999999995,2.669,0.5,166,543701393,222449306,2025-03-15 10:03:30+00:00
1,2,165,66,85,0.0,1347.07,95.0,2.669,0.0,165,543701845,222447611,2025-03-15 10:03:34+00:00
1,2,165,66,86,0.0,1354.68,95.0,2.678,0.0,165,543702159,222446640,2025-03-15 10:03:37+00:00
1,2,165,66,85,0.0,1364.55,95.20000000000005,2.669,0.0,165,543702503,222445182,2025-03-15 10:03:41+00:00
1,3,166,66,85,0.0,1378.34,94.39999999999998,2.65,0.5,166,543703016,222443159,2025-03-15 10:03:46+00:00
1,3,166,66,86,0.0,1387.39,94.20000000000005,2.659,0.5,166,543703331,222441984,2025-03-15 10:03:49+00:00
1,3,165,66,85,0.0,1398.2,94.39999999999998,2.678,0.5,165,543703857,222440415,2025-03-15 10:03:53+00:00
1,1,166,66,85,0.0,1406.33,94.60000000000002,2.678,0.5,166,543704174,222439337,2025-03-15 10:03:56+00:00
1,2,165,66,84,0.0,1416.79,94.79999999999995,2.669,0.0,165,543704613,222437802,2025-03-15 10:04:00+00:00
1,2,166,65,85,0.0,1427.9,94.60000000000002,2.687,0.0,166,543705110,222436315,2025-03-15 10:04:04+00:00
1,2,165,65,85,0.0,1436.07,94.79999999999995,2.687,0.0,165,543705393,222435154,2025-03-15 10:04:07+00:00
1,2,166,65,86,0.0,1443.23,94.0,2.669,0.0,166,543705620,222434091,2025-03-15 10:04:10+00:00
1,2,165,65,85,0.0,1457.05,94.0,2.678,0.5,165,543706099,222432109,2025-03-15 10:04:15+00:00
1,3,166,65,86,0.0,1471.19,94.20000000000005,2.687,0.5,166,543706620,222430106,2025-03-15 10:04:20+00:00
1,2,166,65,85,0.0,1482.27,94.39999999999998,2.697,0.5,166,543707041,222428534,2025-03-15 10:04:24+00:00
1,2,167,65,85,0.0,1492.39,94.39999999999998,2.687,0.5,167,543707481,222427024,2025-03-15 10:04:28+00:00
1,2,167,65,86,0.0,1500.57,93.79999999999995,2.687,0.5,167,543707747,222425906,2025-03-15 10:04:31+00:00
1,2,167,65,86,0.0,1513.88,93.79999999999995,2.678,0.0,167,543708301,222424086,2025-03-15 10:04:36+00:00
1,2,167,65,85,0.0,1527.42,93.39999999999998,2.687,0.5,167,543708749,222422115,2025-03-15 10:04:41+00:00
1,3,168,65,86,0.0,1538.22,92.79999999999995,2.687,0.0,168,543709204,222420584,2025-03-15 10:04:45+00:00
1,3,167,65,86,0.0,1551.45,93.20000000000005,2.678,0.0,167,543709723,222418756,2025-03-15 10:04:50+00:00
1,2,167,65,87,0.0,1559.91,93.60000000000002,2.687,0.0,167,543710038,222417467,2025-03-15 10:04:53+00:00
1,2,168,65,86,0.0,1570.9,94.20000000000005,2.687,0.5,168,543710429,222416004,2025-03-15 10:04:57+00:00
1,2,168,65,86,0.0,1578.92,94.79999999999995,2.687,0.5,168,543710797,222414811,2025-03-15 10:05:00+00:00
1,2,168,65,87,0.0,1589.62,94.60000000000002,2.687,0.0,168,543711169,222413351,2025-03-15 10:05:04+00:00
1,2,168,65,85,0.0,1597.8,95.0,2.697,0.0,168,543711575,222412169,2025-03-15 10:05:07+00:00
1,2,167,65,86,0.0,1611.34,95.20000000000005,2.697,0.0,167,543712073,222410235,2025-03-15 10:05:12+00:00
1,2,167,65,86,0.0,1618.66,95.79999999999995,2.687,0.5,167,543712294,222409184,2025-03-15 10:05:15+00:00
1,2,167,65,86,0.0,1630.26,95.20000000000005,2.687,0.5,167,543712822,222407535,2025-03-15 10:05:19+00:00
1,2,168,65,86,0.0,1637.86,95.0,2.697,0.5,168,543713040,222406492,2025-03-15 10:05:22+00:00
1,3,167,65,86,0.0,1647.42,94.79999999999995,2.678,0.0,167,543713492,222405062,2025-03-15 10:05:26+00:00
1,5,167,65,86,0.0,1655.88,94.79999999999995,2.669,0.0,167,543713770,222403910,2025-03-15 10:05:29+00:00
1,5,167,65,86,0.0,1666.36,94.79999999999995,2.659,0.0,167,543714215,222402407,2025-03-15 10:05:33+00:00
1,2,168,65,86,0.0,1676.71,94.60000000000002,2.659,0.0,168,543714455,222400883,2025-03-15 10:05:37+00:00
1,2,168,65,85,0.0,1689.05,94.79999999999995,2.641,0.5,168,543714695,222399016,2025-03-15 10:05:42+00:00
1,1,167,65,87,0.0,1703.04,95.20000000000005,2.603,0.0,167,543714853,222396947,2025-03-15 10:05:48+00:00
1,1,167,65,86,0.0,1710.59,95.39999999999998,2.585,0.5,167,543714894,222395681,2025-03-15 10:05:51+00:00
1,1,167,65,87,0.0,1727.9,96.39999999999998,2.715,0.0,167,543714861,222393135,2025-03-15 10:05:57+00:00
1,1,168,65,85,0.0,1737.67,96.39999999999998,2.585,0.0,168,543714855,222391631,2025-03-15 10:06:01+00:00
1,1,167,65,85,0.0,1751.81,96.0,2.603,0.5,167,543714905,222389515,2025-03-15 10:06:06+00:00
1,2,168,65,84,0.0,1764.93,97.39999999999998,2.641,0.5,168,543714911,222387518,2025-03-15 10:06:11+00:00
1,2,168,65,85,0.0,1775.36,98.0,2.585,0.5,168,543714978,222385922,2025-03-15 10:06:15+00:00
1,1,169,65,86,0.0,1788.52,97.0,2.594,0.5,169,543714901,222383949,2025-03-15 10:06:20+00:00
1,1,169,65,86,0.0,1796.98,97.0,2.594,0.0,169,543714883,222382552,2025-03-15 10:06:23+00:00
1,1,169,65,87,0.0,1807.25,96.0,2.631,0.0,169,543714886,222381066,2025-03-15 10:06:27+00:00
1,1,169,65,86,0.0,1815.85,96.60000000000002,2.641,0.0,169,543714901,222379746,2025-03-15 10:06:30+00:00
1,1,169,65,85,0.0,1831.73,97.0,2.622,0.5,169,543715031,222377354,2025-03-15 10:06:36+00:00
1,1,169,65,86,0.0,1844.78,96.0,2.631,0.0,169,543715128,222375346,2025-03-15 10:06:41+00:00
1,1,169,65,86,0.0,1856.36,95.79999999999995,2.65,0.0,169,543715218,222373662,2025-03-15 10:06:45+00:00
1,1,168,65,86,0.0,1868.14,95.60000000000002,2.659,0.0,168,543715290,222371892,2025-03-15 10:06:50+00:00
1,1,169,65,84,0.0,1876.36,96.39999999999998,2.641,0.5,169,543715436,222370579,2025-03-15 10:06:53+00:00
1,1,169,65,85,0.0,1878.68,96.39999999999998,2.641,0.0,169,543715334,222370268,2025-03-15 10:06:54+00:00
1,1,168,65,86,0.0,1884.07,96.39999999999998,2.641,0.0,168,543715447,222369442,2025-03-15 10:06:56+00:00
1,1,169,65,86,0.0,1894.85,96.0,2.631,0.5,169,543715623,222367758,2025-03-15 10:07:00+00:00
1,1,169,65,85,0.0,1905.18,96.0,2.65,0.5,169,543715716,222366265,2025-03-15 10:07:04+00:00
1,1,168,65,85,0.0,1917.51,95.60000000000002,2.641,0.5,168,543716195,222364478,2025-03-15 10:07:08+00:00
1,1,169,65,86,0.0,1928.98,96.0,2.669,0.0,169,543716561,222362798,2025-03-15 10:07:12+00:00
1,1,168,65,86,0.0,1937.09,95.60000000000002,2.687,0.0,168,543716835,222361711,2025-03-15 10:07:15+00:00
1,1,168,65,85,0.0,1946.93,95.79999999999995,2.613,0.0,168,543717190,222360239,2025-03-15 10:07:19+00:00
1,1,168,65,86,0.0,1954.25,95.39999999999998,2.65,0.0,168,543717384,222359201,2025-03-15 10:07:22+00:00
1,2,169,65,85,0.0,1966.85,95.60000000000002,2.585,0.5,169,543717656,222357335,2025-03-15 10:07:27+00:00
1,4,168,65,86,0.0,1977.58,95.39999999999998,2.631,0.5,168,543718060,222355763,2025-03-15 10:07:31+00:00
1,3,169,65,85,0.0,1988.17,95.39999999999998,2.622,0.5,169,543718412,222354079,2025-03-15 10:07:35+00:00
1,3,170,65,86,0.0,2003.43,95.0,2.641,0.5,170,543718893,222351963,2025-03-15 10:07:40+00:00
1,2,169,65,86,0.0,2008.71,95.39999999999998,2.715,0.0,169,543719008,222351214,2025-03-15 10:07:42+00:00
1,2,170,65,85,0.0,2017.47,96.39999999999998,2.603,0.0,170,543719204,222349926,2025-03-15 10:07:46+00:00
1,2,170,65,85,0.0,2030.84,96.60000000000002,2.622,0.0,170,543719572,222347994,2025-03-15 10:07:51+00:00
1,2,170,65,88,0.0,2040.41,96.60000000000002,2.519,0.0,170,543719689,222346526,2025-03-15 10:07:55+00:00
1,2,170,65,86,0.0,2048.16,96.79999999999995,2.566,0.0,170,543719803,222345326,2025-03-15 10:07:58+00:00
1,1,169,64,86,0.0,2061.28,96.60000000000002,2.594,0.5,169,543719928,222343306,2025-03-15 10:08:03+00:00
1,1,168,64,86,0.0,2070.51,96.20000000000005,2.585,0.0,168,543720005,222341921,2025-03-15 10:08:07+00:00
1,1,168,64,86,0.0,2082.23,96.39999999999998,2.529,0.0,168,543720056,222340123,2025-03-15 10:08:11+00:00
1,1,169,64,84,0.0,2095.36,96.79999999999995,2.585,0.5,169,543720063,222338134,2025-03-15 10:08:16+00:00
1,1,169,64,86,0.0,2103.5,96.39999999999998,2.594,0.0,169,543720205,222336848,2025-03-15 10:08:19+00:00
1,1,168,64,86,0.0,2113.88,96.60000000000002,2.603,0.0,168,543720093,222335354,2025-03-15 10:08:23+00:00
1,1,167,64,86,0.0,2121.59,96.60000000000002,2.603,0.5,167,543720097,222334129,2025-03-15 10:08:26+00:00
1,1,167,64,87,0.0,2134.71,96.79999999999995,2.594,0.0,167,543720188,222332183,2025-03-15 10:08:31+00:00
1,1,167,64,87,0.0,2145.0,96.60000000000002,2.594,0.0,167,543720167,222330584,2025-03-15 10:08:35+00:00
1,2,168,64,86,0.0,2161.2,96.20000000000005,2.603,0.0,168,543720255,222328161,2025-03-15 10:08:41+00:00
1,2,168,64,87,0.0,2169.41,96.20000000000005,2.613,0.0,168,543720379,222326852,2025-03-15 10:08:44+00:00
1,1,170,64,85,0.0,2180.14,96.60000000000002,2.631,0.5,170,543720400,222325250,2025-03-15 10:08:48+00:00
1,1,170,64,86,0.0,2190.59,96.20000000000005,2.631,0.5,170,543720444,222323692,2025-03-15 10:08:52+00:00
1,1,169,64,86,0.0,2203.02,96.39999999999998,2.613,0.0,169,543720275,222321763,2025-03-15 10:08:57+00:00
1,1,169,64,85,0.0,2213.91,96.60000000000002,2.622,0.5,169,543720442,222320137,2025-03-15 10:09:01+00:00
1,1,170,64,86,0.0,2224.01,97.0,2.613,0.0,170,543720485,222318514,2025-03-15 10:09:05+00:00
1,1,170,64,86,0.0,2235.0,97.0,2.622,0.0,170,543720506,222316897,2025-03-15 10:09:09+00:00
1,1,170,64,86,0.0,2244.22,97.20000000000005,2.622,0.0,170,543720628,222315498,2025-03-15 10:09:12+00:00
1,1,170,64,86,0.0,2254.83,97.0,2.641,0.0,170,543720724,222313935,2025-03-15 10:09:16+00:00
1,1,170,64,87,0.0,2269.15,96.79999999999995,2.659,0.0,170,543720809,222311701,2025-03-15 10:09:21+00:00
1,1,170,64,86,0.0,2276.65,96.20000000000005,2.678,0.0,170,543720873,222310617,2025-03-15 10:09:24+00:00
1,1,171,64,86,0.0,2284.22,96.79999999999995,2.678,0.0,171,543720722,222309551,2025-03-15 10:09:27+00:00
1,1,170,64,87,0.0,2286.62,96.60000000000002,2.678,0.0,170,543720735,222309109,2025-03-15 10:09:28+00:00
1,0,168,64,85,0.0,2296.35,96.39999999999998,2.659,0.5,168,543720790,222307700,2025-03-15 10:09:32+00:00
1,0,168,64,85,0.0,2303.91,96.79999999999995,2.65,0.5,168,543720940,222306452,2025-03-15 10:09:35+00:00
1,0,168,64,85,0.0,2314.77,96.79999999999995,2.631,0.0,168,543720915,222304854,2025-03-15 10:09:39+00:00
1,1,169,64,86,0.0,2326.26,97.0,2.641,0.5,169,543720986,222303141,2025-03-15 10:09:43+00:00
1,1,169,64,87,0.0,2337.29,97.20000000000005,2.641,0.0,169,543721050,222301456,2025-03-15 10:09:48+00:00
1,1,170,64,85,0.0,2350.52,97.39999999999998,2.622,0.5,170,543721083,222299357,2025-03-15 10:09:53+00:00
1,1,170,64,86,0.0,2362.52,97.79999999999995,2.631,0.5,170,543721151,222297560,2025-03-15 10:09:57+00:00
1,1,170,64,85,0.0,2376.88,97.60000000000002,2.697,0.5,170,543721310,222295441,2025-03-15 10:10:02+00:00
1,1,170,64,87,0.0,2387.84,97.60000000000002,2.669,0.5,170,543721379,222293756,2025-03-15 10:10:06+00:00
1,1,171,64,86,0.0,2401.15,98.60000000000002,2.715,0.0,171,543721371,222291773,2025-03-15 10:10:11+00:00
1,1,170,64,86,0.0,2411.46,98.20000000000005,2.641,0.0,170,543721495,222290145,2025-03-15 10:10:15+00:00
1,2,171,64,85,0.0,2421.6,98.0,2.65,0.5,171,543721546,222288578,2025-03-15 10:10:19+00:00
1,2,171,64,86,0.0,2431.7,97.39999999999998,2.603,0.5,171,543721534,222287107,2025-03-15 10:10:23+00:00
1,1,171,64,85,0.0,2441.72,97.0,2.575,0.5,171,543721615,222285577,2025-03-15 10:10:27+00:00
1,1,170,64,86,0.0,2454.11,97.0,2.566,0.0,170,543721746,222283650,2025-03-15 10:10:32+00:00
1,1,170,64,85,0.0,2465.95,96.20000000000005,2.566,0.0,170,543721826,222281860,2025-03-15 10:10:36+00:00
1,1,170,64,86,0.0,2476.88,96.39999999999998,2.613,0.0,170,543721966,222280145,2025-03-15 10:10:40+00:00
1,1,170,64,86,0.0,2487.53,95.60000000000002,2.622,0.0,170,543722005,222278566,2025-03-15 10:10:44+00:00
1,1,170,64,86,0.0,2498.53,96.0,2.706,0.0,170,543722125,222276895,2025-03-15 10:10:48+00:00
1,1,170,64,86,0.0,2509.62,95.20000000000005,2.743,0.5,170,543722239,222275167,2025-03-15 10:10:52+00:00
1,1,170,64,86,0.0,2519.94,95.20000000000005,2.659,0.5,170,543722324,222273590,2025-03-15 10:10:56+00:00
1,2,170,63,86,43.89,2533.64,94.39999999999998,2.65,0.0,170,543722442,222271564,2025-03-15 10:11:01+00:00
1,2,171,63,86,43.89,2541.56,94.60000000000002,2.706,0.0,171,543722472,222270440,2025-03-15 10:11:04+00:00
1,2,171,63,86,43.89,2551.17,94.60000000000002,2.669,0.0,171,543722471,222268902,2025-03-15 10:11:08+00:00
1,3,170,63,87,43.89,2562.25,95.0,2.603,0.0,170,543722584,222267190,2025-03-15 10:11:12+00:00
1,2,171,63,86,43.89,2574.75,95.20000000000005,2.631,0.0,171,543722703,222265338,2025-03-15 10:11:17+00:00
1,2,170,63,85,43.89,2588.11,95.20000000000005,2.613,0.0,170,543722863,222263319,2025-03-15 10:11:22+00:00
1,2,170,63,86,43.89,2598.11,95.20000000000005,2.613,0.0,170,543722977,222261757,2025-03-15 10:11:26+00:00
1,2,170,63,86,0.0,2611.23,95.39999999999998,2.613,0.5,170,543723079,222259755,2025-03-15 10:11:31+00:00
1,2,170,63,86,0.0,2622.06,96.0,2.603,0.5,170,543723226,222258153,2025-03-15 10:11:35+00:00
1,2,170,63,86,0.0,2635.6,96.79999999999995,2.622,0.0,170,543723531,222256138,2025-03-15 10:11:40+00:00
1,2,170,63,86,0.0,2643.32,96.79999999999995,2.613,0.0,170,543723678,222255031,2025-03-15 10:11:43+00:00
1,3,171,63,86,0.0,2657.01,97.39999999999998,2.622,0.0,171,543724000,222253034,2025-03-15 10:11:48+00:00
1,3,171,63,87,0.0,2664.65,97.20000000000005,2.641,0.0,171,543724223,222251884,2025-03-15 10:11:51+00:00
1,5,170,63,86,0.0,2678.23,97.0,2.631,0.0,170,543724511,222249851,2025-03-15 10:11:56+00:00
1,5,171,63,85,0.0,2685.63,96.79999999999995,2.641,0.5,171,543724676,222248782,2025-03-15 10:11:59+00:00
1,2,171,63,86,0.0,2696.16,97.79999999999995,2.631,0.5,171,543724956,222247112,2025-03-15 10:12:03+00:00
1,1,171,63,87,0.0,2704.49,98.20000000000005,2.641,0.0,171,543725092,222245898,2025-03-15 10:12:06+00:00
1,2,172,63,86,0.0,2718.35,98.0,2.659,0.0,172,543725422,222243885,2025-03-15 10:12:11+00:00
1,2,171,63,85,0.0,2726.51,98.20000000000005,2.669,0.5,171,543725596,222242649,2025-03-15 10:12:14+00:00
1,2,171,63,87,0.0,2739.74,98.0,2.659,0.0,171,543725980,222240679,2025-03-15 10:12:19+00:00
1,2,171,63,86,0.0,2748.45,97.79999999999995,2.669,0.0,171,543726092,222239414,2025-03-15 10:12:22+00:00
1,2,171,63,87,0.0,2761.26,97.60000000000002,2.678,0.0,171,543726362,222237527,2025-03-15 10:12:27+00:00
1,3,171,63,86,0.0,2769.24,98.0,2.687,0.0,171,543726516,222236281,2025-03-15 10:12:30+00:00
1,5,171,63,86,0.0,2777.16,98.60000000000002,2.678,0.0,171,543726727,222235119,2025-03-15 10:12:33+00:00
1,5,171,63,85,0.0,2779.21,98.79999999999995,2.678,0.5,171,543726738,222234858,2025-03-15 10:12:34+00:00
1,6,172,63,86,0.0,2787.03,98.79999999999995,2.669,0.5,172,543727034,222233687,2025-03-15 10:12:37+00:00
1,4,171,63,85,0.0,2800.81,99.20000000000005,2.669,0.5,171,543727482,222231629,2025-03-15 10:12:42+00:00
1,4,171,63,86,0.0,2808.75,98.60000000000002,2.669,0.0,171,543727633,222230461,2025-03-15 10:12:45+00:00
1,4,171,63,86,0.0,2819.27,99.0,2.678,0.5,171,543727879,222228862,2025-03-15 10:12:49+00:00
1,8,171,63,86,0.0,2827.54,98.60000000000002,2.669,0.0,171,543728022,222227718,2025-03-15 10:12:52+00:00
1,12,171,63,86,0.0,2838.67,99.39999999999998,2.65,0.0,171,543728238,222226033,2025-03-15 10:12:57+00:00
1,17,171,63,87,0.0,2846.2,99.60000000000002,2.631,0.0,171,543728475,222224870,2025-03-15 10:13:00+00:00
1,17,171,63,86,0.0,2860.15,100.0,2.613,0.0,171,543728893,222222776,2025-03-15 10:13:05+00:00
1,17,171,63,86,0.0,2870.17,99.60000000000002,2.622,0.0,171,543729158,222221450,2025-03-15 10:13:08+00:00
1,24,171,63,87,0.0,2882.55,99.0,2.65,0.5,171,543729462,222219585,2025-03-15 10:13:13+00:00
1,25,172,63,87,0.0,2891.34,98.79999999999995,2.678,0.0,172,543729710,222218191,2025-03-15 10:13:16+00:00
1,28,172,63,87,0.0,2899.6,98.60000000000002,2.753,0.0,172,543729889,222217029,2025-03-15 10:13:19+00:00
1,32,171,63,86,0.0,2909.81,99.0,2.603,0.0,171,543730160,222215469,2025-03-15 10:13:23+00:00
1,31,172,63,86,0.0,2917.73,99.20000000000005,2.669,0.0,172,543730280,222214373,2025-03-15 10:13:26+00:00
1,31,172,63,86,0.0,2928.59,99.0,2.641,0.0,172,543730642,222212719,2025-03-15 10:13:30+00:00
1,22,173,63,86,0.0,2937.66,99.0,2.771,0.5,173,543730786,222211396,2025-03-15 10:13:33+00:00
1,14,174,63,87,0.0,2946.13,98.60000000000002,2.865,0.0,174,543731046,222210150,2025-03-15 10:13:36+00:00
1,14,174,63,86,0.0,2958.62,98.20000000000005,2.725,0.0,174,543731486,222208270,2025-03-15 10:13:41+00:00
1,17,174,63,86,0.0,2968.3,97.20000000000005,2.697,0.5,174,543731738,222206920,2025-03-15 10:13:45+00:00
1,18,175,63,85,0.0,2979.55,97.20000000000005,2.659,0.5,175,543732075,222205283,2025-03-15 10:13:49+00:00
1,18,175,63,86,0.0,2990.2,97.0,2.678,0.0,175,543732409,222203684,2025-03-15 10:13:53+00:00
1,14,176,63,86,0.0,3001.8,98.0,2.687,0.5,176,543732546,222201905,2025-03-15 10:13:57+00:00
1,15,175,63,87,655.14,3005.01,98.0,2.697,0.0,175,543732661,222201479,2025-03-15 10:13:58+00:00
1,16,175,62,86,0.0,3016.05,97.39999999999998,2.725,0.0,175,543733015,222199867,2025-03-15 10:14:02+00:00
1,13,174,62,86,0.0,3024.53,96.79999999999995,2.725,0.0,174,543733211,222198661,2025-03-15 10:14:05+00:00
1,18,175,62,85,0.0,3037.01,96.79999999999995,2.715,0.5,175,543733396,222196746,2025-03-15 10:14:10+00:00
1,18,174,62,85,0.0,3040.25,97.0,2.706,0.5,174,543733606,222196234,2025-03-15 10:14:11+00:00
1,18,174,62,85,0.0,3045.51,96.60000000000002,2.706,0.5,174,543733761,222195550,2025-03-15 10:14:13+00:00
1,20,173,62,86,0.0,3058.17,97.20000000000005,2.687,0.0,173,543734121,222193609,2025-03-15 10:14:18+00:00
1,20,173,62,87,0.0,3066.4,97.20000000000005,2.687,0.0,173,543734302,222192417,2025-03-15 10:14:21+00:00
1,21,172,62,86,0.0,3080.2,97.39999999999998,2.697,0.0,172,543734527,222190347,2025-03-15 10:14:26+00:00
1,23,173,62,86,0.0,3088.85,97.0,2.697,0.0,173,543734693,222189036,2025-03-15 10:14:29+00:00
1,26,173,62,87,0.0,3103.2,97.20000000000005,2.715,0.0,173,543735106,222186908,2025-03-15 10:14:34+00:00
1,28,173,62,86,0.0,3110.74,97.0,2.734,0.0,173,543735258,222185845,2025-03-15 10:14:37+00:00
1,30,172,62,87,0.0,3123.85,97.20000000000005,2.715,0.5,172,543735588,222183900,2025-03-15 10:14:42+00:00
1,30,173,62,87,0.0,3131.97,97.0,2.715,0.0,173,543735819,222182671,2025-03-15 10:14:45+00:00
1,31,173,62,85,0.0,3145.61,97.60000000000002,2.697,0.5,173,543736208,222180633,2025-03-15 10:14:50+00:00
1,35,174,62,86,0.0,3154.84,96.79999999999995,2.706,0.5,174,543736455,222179386,2025-03-15 10:14:53+00:00
1,17,174,62,86,0.0,3167.91,97.60000000000002,2.715,0.5,174,543736771,222177459,2025-03-15 10:14:58+00:00
1,11,173,62,86,0.0,3175.33,97.39999999999998,2.715,0.0,173,543737025,222176359,2025-03-15 10:15:01+00:00
1,11,173,62,87,0.0,3188.94,97.79999999999995,2.706,0.0,173,543737333,222174278,2025-03-15 10:15:06+00:00
1,4,173,62,86,0.0,3196.39,97.60000000000002,2.697,0.0,173,543737525,222173168,2025-03-15 10:15:09+00:00
1,9,173,62,87,0.0,3210.02,97.20000000000005,2.697,0.0,173,543737926,222171253,2025-03-15 10:15:14+00:00
1,11,174,62,86,0.0,3220.63,96.60000000000002,2.678,0.0,174,543738218,222169670,2025-03-15 10:15:18+00:00
1,11,174,62,86,0.0,3230.32,96.39999999999998,2.669,0.0,174,543738533,222168183,2025-03-15 10:15:22+00:00
1,5,174,62,86,0.0,3243.99,96.79999999999995,2.659,0.0,174,543738887,222166208,2025-03-15 10:15:27+00:00
1,5,174,62,86,0.0,3253.91,96.60000000000002,2.659,0.0,174,543739118,222164672,2025-03-15 10:15:31+00:00
1,10,174,62,86,0.0,3267.81,95.60000000000002,2.65,0.0,174,543739409,222162615,2025-03-15 10:15:36+00:00
1,10,174,62,86,0.0,3275.78,95.39999999999998,2.659,0.5,174,543739526,222161476,2025-03-15 10:15:39+00:00
1,16,174,62,85,0.0,3289.96,95.60000000000002,2.65,0.0,174,543739957,222159388,2025-03-15 10:15:44+00:00
1,18,173,62,86,0.0,3298.86,95.39999999999998,2.687,0.0,173,543740321,222158118,2025-03-15 10:15:47+00:00
1,8,173,62,87,0.0,3312.43,96.0,2.697,0.0,173,543740735,222156138,2025-03-15 10:15:52+00:00
1,9,172,62,86,0.0,3323.11,96.60000000000002,2.697,0.0,172,543740948,222154568,2025-03-15 10:15:56+00:00
1,14,173,62,85,0.0,3338.55,96.39999999999998,2.678,0.5,173,543741276,222152287,2025-03-15 10:16:02+00:00
1,14,173,62,86,0.0,3346.52,96.39999999999998,2.631,0.5,173,543741533,222151051,2025-03-15 10:16:05+00:00
1,14,173,62,86,0.0,3360.22,97.0,2.65,0.0,173,543741876,222149069,2025-03-15 10:16:10+00:00
1,14,173,62,86,0.0,3368.08,97.60000000000002,2.687,0.0,173,543742033,222147961,2025-03-15 10:16:13+00:00
1,25,174,62,87,0.0,3375.78,97.20000000000005,2.659,0.0,174,543742303,222146749,2025-03-15 10:16:16+00:00
1,26,173,62,87,0.0,3386.97,97.79999999999995,2.687,0.0,173,543742581,222145120,2025-03-15 10:16:20+00:00
1,28,172,62,86,0.0,3395.92,97.0,2.687,0.0,172,543742927,222143888,2025-03-15 10:16:23+00:00
1,31,173,62,86,0.0,3409.04,97.0,2.687,0.0,173,543743200,222141910,2025-03-15 10:16:28+00:00
1,31,173,62,87,0.0,3419.65,97.0,2.687,0.0,173,543743476,222140293,2025-03-15 10:16:32+00:00
1,37,173,62,88,0.0,3430.22,97.0,2.687,0.0,173,543743672,222138803,2025-03-15 10:16:36+00:00
1,37,173,62,87,0.0,3441.31,97.79999999999995,2.687,0.0,173,543743940,222137183,2025-03-15 10:16:40+00:00
1,37,173,62,88,0.0,3448.8,97.60000000000002,2.687,0.0,173,543744180,222135987,2025-03-15 10:16:43+00:00
1,37,173,62,88,0.0,3459.47,97.60000000000002,2.678,0.5,173,543744481,222134420,2025-03-15 10:16:47+00:00
1,16,174,62,87,0.0,3471.18,97.60000000000002,2.678,0.0,174,543744603,222132711,2025-03-15 10:16:51+00:00
1,7,175,62,87,0.0,3479.26,97.20000000000005,2.697,0.0,175,543744942,222131467,2025-03-15 10:16:54+00:00
1,13,175,62,86,0.0,3493.96,96.79999999999995,2.715,0.0,175,543745429,222129415,2025-03-15 10:16:59+00:00
1,13,175,62,86,0.0,3501.96,96.79999999999995,2.725,0.0,175,543745589,222128231,2025-03-15 10:17:02+00:00
1,9,175,62,87,0.0,3512.5,96.79999999999995,2.725,0.5,175,543745866,222126635,2025-03-15 10:17:06+00:00
1,10,175,62,87,0.0,3522.14,96.79999999999995,2.706,0.0,175,543745837,222125079,2025-03-15 10:17:10+00:00
1,13,175,62,86,0.0,3533.14,95.79999999999995,2.697,0.0,175,543745818,222123463,2025-03-15 10:17:14+00:00
1,17,174,62,86,0.0,3544.33,95.20000000000005,2.697,0.0,174,543745596,222121819,2025-03-15 10:17:18+00:00
1,20,174,62,86,0.0,3555.7,94.20000000000005,2.706,0.0,174,543745432,222120100,2025-03-15 10:17:22+00:00
1,24,174,62,86,0.0,3570.1,95.20000000000005,2.734,0.0,174,543744952,222118128,2025-03-15 10:17:27+00:00
1,27,174,62,86,0.0,3579.47,95.20000000000005,2.725,0.0,174,543744429,222116799,2025-03-15 10:17:31+00:00
1,27,174,62,86,0.0,3590.35,95.60000000000002,2.697,0.0,174,543743717,222115417,2025-03-15 10:17:35+00:00
1,34,174,62,87,0.0,3600.15,95.20000000000005,2.631,0.0,174,543743171,222114151,2025-03-15 10:17:39+00:00
1,34,174,62,87,0.0,3613.7,96.20000000000005,2.631,0.5,174,543742460,222112275,2025-03-15 10:17:44+00:00
1,36,174,62,87,0.0,3624.48,96.39999999999998,2.79,0.5,174,543741751,222111030,2025-03-15 10:17:48+00:00
1,6,174,62,87,0.0,3638.06,96.79999999999995,2.603,0.0,174,543741024,222109175,2025-03-15 10:17:53+00:00
1,6,174,62,87,0.0,3646.78,96.79999999999995,2.753,0.0,174,543740542,222108127,2025-03-15 10:17:56+00:00
1,8,174,62,87,0.0,3657.5,96.20000000000005,2.725,0.0,174,543739916,222106774,2025-03-15 10:18:00+00:00
1,10,173,62,87,0.0,3670.38,96.0,2.697,0.5,173,543739123,222105166,2025-03-15 10:18:05+00:00
1,16,173,62,87,0.0,3678.82,96.79999999999995,2.697,0.5,173,543738580,222104040,2025-03-15 10:18:08+00:00
1,16,173,62,88,0.0,3686.82,97.0,2.697,0.0,173,543738210,222102957,2025-03-15 10:18:11+00:00
1,21,173,62,86,0.0,3697.22,97.60000000000002,2.687,0.0,173,543737632,222101597,2025-03-15 10:18:15+00:00
1,21,173,62,87,0.0,3704.34,97.39999999999998,2.669,0.0,173,543737116,222100801,2025-03-15 10:18:18+00:00
1,21,173,62,86,0.0,3718.22,97.39999999999998,2.678,0.5,173,543736291,222099057,2025-03-15 10:18:23+00:00
1,21,173,62,87,0.0,3726.77,97.20000000000005,2.678,0.5,173,543735759,222097953,2025-03-15 10:18:26+00:00
1,24,173,62,87,0.0,3737.0,97.0,2.669,0.0,173,543735191,222096643,2025-03-15 10:18:30+00:00
1,24,174,62,87,0.0,3747.09,97.20000000000005,2.659,0.0,174,543734556,222095434,2025-03-15 10:18:34+00:00
1,24,174,62,86,0.0,3755.61,97.0,2.659,0.0,174,543733945,222094393,2025-03-15 10:18:37+00:00
1,24,175,62,86,0.0,3769.03,97.0,2.669,0.5,175,543733144,222092692,2025-03-15 10:18:42+00:00
1,24,174,62,87,0.0,3777.23,96.79999999999995,2.669,0.5,174,543732597,222091780,2025-03-15 10:18:45+00:00
1,28,175,62,87,0.0,3785.32,96.60000000000002,2.678,0.0,175,543731994,222090809,2025-03-15 10:18:48+00:00
1,29,175,62,87,0.0,3799.32,96.39999999999998,2.678,0.0,175,543731122,222089066,2025-03-15 10:18:53+00:00
1,32,175,62,87,0.0,3807.4,96.39999999999998,2.697,0.0,175,543730536,222088199,2025-03-15 10:18:56+00:00
1,32,175,62,86,0.0,3816.7,96.0,2.697,0.0,175,543729912,222087099,2025-03-15 10:18:59+00:00
1,38,175,62,87,0.0,3830.81,96.60000000000002,2.706,0.5,175,543728918,222085478,2025-03-15 10:19:04+00:00
1,38,175,62,87,0.0,3838.85,96.39999999999998,2.753,0.0,175,543728320,222084695,2025-03-15 10:19:07+00:00
1,38,175,62,88,0.0,3846.35,96.20000000000005,2.743,0.0,175,543727706,222083849,2025-03-15 10:19:10+00:00
1,38,175,62,87,0.0,3859.46,96.60000000000002,2.725,0.0,175,543726720,222082402,2025-03-15 10:19:15+00:00
1,44,175,62,86,0.0,3867.37,96.60000000000002,2.715,0.5,175,543726061,222081649,2025-03-15 10:19:18+00:00
1,44,175,62,87,0.0,3878.53,96.20000000000005,2.706,0.5,175,543724969,222080852,2025-03-15 10:19:22+00:00
1,47,174,62,87,0.0,3889.54,96.0,2.725,0.0,174,543723863,222080150,2025-03-15 10:19:26+00:00
1,49,174,62,87,0.0,3896.72,95.39999999999998,2.715,0.0,174,543723118,222079918,2025-03-15 10:19:29+00:00
1,49,174,62,87,0.0,3910.33,95.0,2.706,0.0,174,543721740,222079631,2025-03-15 10:19:34+00:00
1,50,175,62,87,0.0,3918.3,94.79999999999995,2.697,0.5,175,543720863,222079306,2025-03-15 10:19:37+00:00
1,51,174,62,87,0.0,3928.7,94.39999999999998,2.687,0.5,174,543719748,222079225,2025-03-15 10:19:41+00:00
1,52,174,62,87,0.0,3939.98,94.20000000000005,2.687,0.0,174,543718601,222078923,2025-03-15 10:19:45+00:00
1,51,175,62,87,0.0,3948.35,94.20000000000005,2.687,0.0,175,543717684,222078631,2025-03-15 10:19:48+00:00
1,51,175,62,88,0.0,3956.32,94.20000000000005,2.697,0.0,175,543716895,222078510,2025-03-15 10:19:51+00:00
1,49,175,62,88,0.0,3967.25,94.0,2.697,0.5,175,543715710,222078226,2025-03-15 10:19:55+00:00
1,4,174,62,88,0.0,3980.78,95.0,2.706,0.0,174,543714291,222077900,2025-03-15 10:20:00+00:00
1,3,175,62,87,0.0,3989.06,95.0,2.706,0.0,175,543713375,222077742,2025-03-15 10:20:03+00:00
1,3,175,62,87,29.35,4003.01,95.0,2.706,0.0,175,543711888,222077196,2025-03-15 10:20:08+00:00
1,3,175,62,87,0.0,4005.61,95.20000000000005,2.706,0.0,175,543711614,222077074,2025-03-15 10:20:09+00:00
1,3,175,62,86,0.0,4007.65,95.20000000000005,2.706,0.0,175,543711381,222076972,2025-03-15 10:20:10+00:00
1,2,155,62,0,24.3,4008.63,93.20000000000005,0.0,0.0,155,543710504,222076830,2025-03-15 10:20:58+00:00
1,2,155,62,70,0.0,4010.65,92.79999999999995,0.0,0.0,155,543710687,222076698,2025-03-15 10:20:59+00:00
1,2,153,61,86,0.0,4022.81,93.20000000000005,3.107,0.5,153,543711965,222076567,2025-03-15 10:21:03+00:00
1,2,153,61,86,0.0,4034.61,93.60000000000002,2.883,0.0,153,543713177,222076713,2025-03-15 10:21:07+00:00
1,0,153,61,85,23.39,4050.43,94.20000000000005,2.585,0.5,153,543714850,222077040,2025-03-15 10:21:13+00:00
1,0,154,61,85,23.52,4061.14,94.39999999999998,2.734,0.5,154,543715938,222077512,2025-03-15 10:21:17+00:00
1,0,156,61,86,22.04,4074.3,94.79999999999995,2.697,0.0,156,543717335,222077864,2025-03-15 10:21:22+00:00
1,0,159,61,86,22.65,4087.81,95.0,2.678,0.0,159,543718748,222078299,2025-03-15 10:21:27+00:00
1,0,159,61,86,8.83,4090.71,95.0,2.697,0.0,159,543719096,222078428,2025-03-15 10:21:28+00:00
1,1,161,61,87,655.14,4105.51,95.0,2.809,0.0,161,543720617,222078886,2025-03-15 10:21:33+00:00
1,1,163,61,86,0.0,4118.81,95.0,2.771,0.5,163,543722030,222079235,2025-03-15 10:21:38+00:00
1,1,164,61,86,25.72,4131.14,94.79999999999995,2.762,0.0,164,543723322,222079685,2025-03-15 10:21:42+00:00
1,1,166,61,87,0.0,4145.02,95.0,2.799,0.0,166,543724793,222080189,2025-03-15 10:21:47+00:00
1,1,166,61,87,0.0,4153.92,95.20000000000005,2.818,0.0,166,543725698,222080743,2025-03-15 10:21:50+00:00
1,1,168,61,87,0.0,4167.28,94.79999999999995,2.827,0.5,168,543726794,222081837,2025-03-15 10:21:54+00:00
1,1,170,61,87,0.0,4178.35,95.20000000000005,2.846,0.0,170,543727614,222083050,2025-03-15 10:21:58+00:00
1,1,169,61,87,0.0,4187.6,94.20000000000005,2.855,0.0,169,543728381,222084137,2025-03-15 10:22:01+00:00
1,1,170,61,87,0.0,4197.24,93.79999999999995,2.893,0.0,170,543729018,222085140,2025-03-15 10:22:04+00:00
1,1,172,61,86,24.6,4214.11,95.0,2.911,0.5,172,543730237,222087069,2025-03-15 10:22:10+00:00
1,1,172,61,88,24.6,4222.85,94.79999999999995,2.911,0.0,172,543730825,222087987,2025-03-15 10:22:13+00:00
1,1,172,61,87,24.6,4234.9,95.0,2.921,0.0,172,543731617,222089497,2025-03-15 10:22:17+00:00
1,1,173,61,87,24.6,4242.92,94.79999999999995,2.921,0.0,173,543732247,222090273,2025-03-15 10:22:20+00:00
1,1,173,61,86,24.6,4251.03,94.20000000000005,2.911,0.5,173,543732830,222091281,2025-03-15 10:22:23+00:00
1,1,172,61,87,24.6,4264.81,94.0,2.883,0.0,172,543733726,222093031,2025-03-15 10:22:28+00:00
1,1,173,61,87,24.6,4273.43,94.20000000000005,2.883,0.0,173,543734240,222093988,2025-03-15 10:22:31+00:00
1,1,173,61,87,24.6,4284.24,93.60000000000002,2.874,0.0,173,543734923,222095437,2025-03-15 10:22:35+00:00
1,1,173,61,87,24.6,4296.16,93.79999999999995,2.874,0.5,173,543735662,222096969,2025-03-15 10:22:39+00:00
1,1,174,61,88,24.6,4305.3,94.20000000000005,2.883,0.5,174,543736236,222097953,2025-03-15 10:22:42+00:00
1,1,175,61,88,24.6,4314.17,93.79999999999995,2.893,0.5,175,543736783,222099084,2025-03-15 10:22:45+00:00
1,4,176,61,88,24.6,4330.86,93.79999999999995,2.883,0.0,176,543737811,222101164,2025-03-15 10:22:51+00:00
1,8,175,61,87,24.6,4342.45,93.60000000000002,2.893,0.0,175,543738512,222102617,2025-03-15 10:22:55+00:00
1,9,176,61,89,24.6,4353.55,93.20000000000005,2.874,0.5,176,543739146,222104078,2025-03-15 10:22:59+00:00
1,6,177,61,89,24.6,4370.74,92.79999999999995,2.883,0.0,177,543740135,222106304,2025-03-15 10:23:05+00:00
1,6,177,61,88,24.6,4381.84,93.20000000000005,2.865,0.0,177,543740765,222107736,2025-03-15 10:23:09+00:00
1,6,178,61,86,24.6,4389.6,93.20000000000005,2.855,0.5,178,543741215,222108615,2025-03-15 10:23:12+00:00
1,11,178,61,87,24.6,4402.87,93.20000000000005,2.818,0.5,178,543742021,222110341,2025-03-15 10:23:17+00:00
1,11,178,61,87,24.6,4411.99,93.39999999999998,2.818,0.0,178,543742642,222111468,2025-03-15 10:23:20+00:00
1,11,178,61,87,24.6,4419.96,92.60000000000002,2.827,0.0,178,543743098,222112436,2025-03-15 10:23:23+00:00
1,6,177,61,87,24.6,4433.27,92.0,2.818,0.5,177,543743773,222114248,2025-03-15 10:23:28+00:00
1,6,177,61,88,24.63,4445.57,93.0,2.809,0.0,177,543744400,222115867,2025-03-15 10:23:32+00:00
1,1,176,61,88,21.59,4454.71,93.20000000000005,2.837,0.0,176,543744881,222117128,2025-03-15 10:23:35+00:00
1,1,176,61,87,24.92,4465.52,93.79999999999995,2.837,0.0,176,543745367,222118616,2025-03-15 10:23:39+00:00
1,6,176,61,86,26.16,4476.71,93.79999999999995,2.837,0.5,176,543745755,222120186,2025-03-15 10:23:43+00:00
1,6,176,61,87,25.72,4485.45,93.60000000000002,2.827,0.5,176,543745893,222121588,2025-03-15 10:23:46+00:00
1,10,176,61,88,31.38,4500.19,93.39999999999998,2.846,0.0,176,543745924,222123811,2025-03-15 10:23:51+00:00
1,4,176,61,88,25.4,4511.63,93.79999999999995,2.846,0.0,176,543745982,222125585,2025-03-15 10:23:55+00:00
1,4,177,61,87,25.16,4520.5,93.60000000000002,2.846,0.5,177,543746005,222126848,2025-03-15 10:23:58+00:00
1,3,176,61,88,655.14,4532.54,94.0,2.855,0.0,176,543745841,222128701,2025-03-15 10:24:02+00:00
1,3,176,61,87,655.14,4543.81,94.39999999999998,2.874,0.0,176,543745534,222130377,2025-03-15 10:24:06+00:00
1,3,175,61,86,655.14,4551.75,94.60000000000002,2.865,0.0,175,543745441,222131526,2025-03-15 10:24:09+00:00
1,7,174,61,87,655.14,4562.98,95.20000000000005,2.855,0.5,174,543745151,222133225,2025-03-15 10:24:13+00:00
1,7,174,61,88,655.14,4579.23,95.39999999999998,2.837,0.0,174,543744654,222135584,2025-03-15 10:24:19+00:00
1,7,174,61,88,655.14,4590.91,95.60000000000002,2.818,0.0,174,543744306,222137329,2025-03-15 10:24:23+00:00
1,7,174,61,87,655.14,4605.69,96.0,2.837,0.5,174,543743906,222139544,2025-03-15 10:24:28+00:00
1,7,174,61,88,655.14,4613.89,96.20000000000005,2.846,0.0,174,543743802,222140710,2025-03-15 10:24:31+00:00
1,21,174,61,87,655.14,4625.77,95.20000000000005,2.846,0.0,174,543743514,222142530,2025-03-15 10:24:35+00:00
1,25,173,61,87,655.14,4640.9,96.0,2.865,0.0,173,543743185,222144707,2025-03-15 10:24:40+00:00
1,28,174,61,88,655.14,4655.03,95.39999999999998,2.874,0.0,174,543742799,222146842,2025-03-15 10:24:45+00:00
1,31,173,61,87,655.14,4668.78,95.60000000000002,2.874,0.0,173,543742341,222148870,2025-03-15 10:24:50+00:00
1,32,174,61,86,655.14,4677.25,96.20000000000005,2.865,0.5,174,543742158,222150071,2025-03-15 10:24:53+00:00
1,32,174,61,87,655.14,4685.99,95.60000000000002,2.865,0.5,174,543741898,222151402,2025-03-15 10:24:56+00:00
1,26,176,60,87,655.14,4707.11,95.60000000000002,2.883,0.0,176,543741381,222154570,2025-03-15 10:25:03+00:00
1,27,175,60,87,655.14,4715.45,95.79999999999995,2.883,0.5,175,543741209,222155731,2025-03-15 10:25:06+00:00
1,29,175,60,87,655.14,4724.75,95.79999999999995,2.883,0.5,175,543740960,222157159,2025-03-15 10:25:09+00:00
1,29,175,60,88,655.14,4732.91,95.0,2.893,0.5,175,543740871,222158371,2025-03-15 10:25:12+00:00
1,4,175,60,89,655.14,4745.34,95.39999999999998,2.902,0.0,175,543740450,222160192,2025-03-15 10:25:16+00:00
1,4,177,60,88,655.14,4762.35,95.79999999999995,2.902,0.5,177,543739993,222162747,2025-03-15 10:25:22+00:00
1,4,177,60,88,655.14,4770.84,96.0,2.902,0.5,177,543739803,222163917,2025-03-15 10:25:25+00:00
1,8,178,60,88,655.14,4780.06,95.79999999999995,2.902,0.0,178,543739505,222165278,2025-03-15 10:25:28+00:00
1,2,177,60,86,655.14,4793.79,95.20000000000005,2.893,0.5,177,543739111,222167397,2025-03-15 10:25:33+00:00
1,2,177,60,87,655.14,4802.24,95.0,2.893,0.5,177,543738943,222168585,2025-03-15 10:25:36+00:00
1,2,176,60,87,655.14,4814.54,95.39999999999998,2.902,0.0,176,543738561,222170399,2025-03-15 10:25:40+00:00
1,2,177,60,87,655.14,4825.18,96.39999999999998,2.902,0.0,177,543738336,222172011,2025-03-15 10:25:44+00:00
1,3,177,60,86,655.14,4833.98,96.39999999999998,2.883,0.0,177,543738133,222173289,2025-03-15 10:25:47+00:00
1,2,177,60,87,655.14,4856.74,96.39999999999998,2.883,0.0,177,543737521,222176697,2025-03-15 10:25:55+00:00
1,2,178,60,87,655.14,4865.97,96.60000000000002,2.874,0.0,178,543737350,222178000,2025-03-15 10:25:58+00:00
1,1,177,60,87,655.14,4877.89,96.0,2.902,0.5,177,543737002,222179760,2025-03-15 10:26:02+00:00
1,1,178,60,88,655.14,4891.16,96.20000000000005,2.883,0.0,178,543736651,222181691,2025-03-15 10:26:07+00:00
1,2,178,60,87,655.14,4899.86,96.0,2.874,0.0,178,543736401,222183018,2025-03-15 10:26:10+00:00
1,2,177,60,88,655.14,4910.98,95.39999999999998,2.827,0.5,177,543736085,222184648,2025-03-15 10:26:14+00:00
1,2,178,60,87,655.14,4925.26,96.20000000000005,2.846,0.0,178,543735679,222186803,2025-03-15 10:26:19+00:00
1,2,178,60,87,655.14,4933.91,96.20000000000005,2.874,0.0,178,543735501,222188017,2025-03-15 10:26:22+00:00
1,2,178,60,87,655.14,4947.06,97.0,2.837,0.0,178,543735150,222190018,2025-03-15 10:26:27+00:00
1,2,179,60,88,655.14,4958.68,97.79999999999995,2.818,0.0,179,543734827,222191661,2025-03-15 10:26:31+00:00
1,2,179,60,88,655.14,4966.98,97.39999999999998,2.818,0.0,179,543734647,222192975,2025-03-15 10:26:34+00:00
1,2,179,60,87,655.14,4979.66,97.39999999999998,2.855,0.5,179,543734414,222194844,2025-03-15 10:26:38+00:00
1,2,179,60,88,655.14,4992.98,98.20000000000005,2.874,0.0,179,543734028,222196755,2025-03-15 10:26:43+00:00
1,2,179,60,87,0.0,5003.95,97.39999999999998,2.827,0.0,179,543733730,222198397,2025-03-15 10:26:47+00:00
1,1,178,60,87,0.0,5020.27,97.0,2.818,0.5,178,543733304,222200800,2025-03-15 10:26:53+00:00
1,1,177,60,86,0.0,5032.27,96.39999999999998,2.809,0.0,177,543733032,222202585,2025-03-15 10:26:57+00:00
1,2,178,60,87,0.0,5043.59,96.0,2.827,0.0,178,543732727,222204317,2025-03-15 10:27:01+00:00
1,2,178,60,87,0.0,5052.75,96.39999999999998,2.818,0.0,178,543732480,222205568,2025-03-15 10:27:04+00:00
1,1,178,60,87,0.0,5061.33,96.39999999999998,2.837,0.0,178,543732154,222206854,2025-03-15 10:27:07+00:00
1,2,177,60,88,26.07,5073.24,96.20000000000005,2.837,0.0,177,543731862,222208596,2025-03-15 10:27:11+00:00
1,1,177,60,87,25.19,5084.84,96.79999999999995,2.855,0.0,177,543731501,222210266,2025-03-15 10:27:15+00:00
1,1,177,60,88,25.16,5096.28,96.20000000000005,2.855,0.0,177,543731266,222211970,2025-03-15 10:27:19+00:00
1,1,179,60,88,30.28,5110.3,95.60000000000002,2.855,0.0,179,543731003,222214118,2025-03-15 10:27:24+00:00
1,1,179,60,86,26.69,5122.3,95.79999999999995,2.865,0.5,179,543730730,222215880,2025-03-15 10:27:28+00:00
1,1,179,60,88,26.03,5131.72,95.39999999999998,2.865,0.0,179,543730394,222217284,2025-03-15 10:27:31+00:00
1,1,179,60,88,24.71,5139.95,95.20000000000005,2.883,0.0,179,543730120,222218425,2025-03-15 10:27:34+00:00
1,1,179,60,87,26.37,5152.97,95.39999999999998,2.855,0.0,179,543729911,222220402,2025-03-15 10:27:39+00:00
1,1,179,60,88,25.56,5162.34,96.0,2.855,0.5,179,543729689,222221852,2025-03-15 10:27:42+00:00
1,1,179,60,88,27.45,5171.74,95.39999999999998,2.865,0.0,179,543729364,222223092,2025-03-15 10:27:45+00:00
1,1,180,60,88,24.23,5183.3,96.39999999999998,2.874,0.0,180,543729039,222224887,2025-03-15 10:27:49+00:00
1,1,179,60,87,24.19,5198.18,96.79999999999995,2.883,0.5,179,543728676,222227057,2025-03-15 10:27:54+00:00
1,1,179,60,87,25.36,5210.85,96.60000000000002,2.911,0.0,179,543728334,222228910,2025-03-15 10:27:58+00:00
1,1,179,60,87,27.94,5225.22,96.60000000000002,2.921,0.5,179,543728015,222231043,2025-03-15 10:28:03+00:00
1,1,180,60,88,25.43,5236.77,96.79999999999995,2.93,0.5,180,543727761,222232770,2025-03-15 10:28:07+00:00
1,1,179,60,88,23.64,5247.98,96.39999999999998,2.921,0.0,179,543727502,222234427,2025-03-15 10:28:11+00:00
1,1,180,60,88,25.13,5259.47,96.79999999999995,2.921,0.0,180,543727136,222236170,2025-03-15 10:28:15+00:00
1,1,179,60,88,25.43,5279.03,96.39999999999998,2.948,0.0,179,543726723,222239084,2025-03-15 10:28:21+00:00
1,1,180,60,88,25.26,5287.3,96.20000000000005,2.958,0.0,180,543726593,222240305,2025-03-15 10:28:24+00:00
1,1,180,60,87,24.45,5298.57,96.20000000000005,2.958,0.5,180,543726218,222241922,2025-03-15 10:28:28+00:00
1,1,180,60,88,23.43,5310.07,95.60000000000002,2.939,0.5,180,543725848,222243601,2025-03-15 10:28:32+00:00
1,2,180,60,88,23.43,5321.72,95.0,2.939,0.0,180,543725525,222245350,2025-03-15 10:28:36+00:00
1,1,180,60,87,24.63,5332.94,95.60000000000002,2.93,0.5,180,543725340,222247104,2025-03-15 10:28:40+00:00
1,1,180,60,88,26.07,5341.75,95.20000000000005,2.93,0.0,180,543725209,222248373,2025-03-15 10:28:43+00:00
1,1,180,60,88,29.18,5355.66,95.20000000000005,2.921,0.0,180,543724798,222250391,2025-03-15 10:28:48+00:00
1,2,179,60,88,24.63,5366.32,96.39999999999998,2.902,0.0,179,543724642,222251996,2025-03-15 10:28:52+00:00
1,2,179,60,88,26.11,5375.28,96.60000000000002,2.883,0.5,179,543724386,222253385,2025-03-15 10:28:55+00:00
1,2,179,60,88,34.96,5384.12,96.60000000000002,2.893,0.5,179,543724230,222254668,2025-03-15 10:28:58+00:00
1,1,180,59,86,36.03,5401.14,97.20000000000005,2.893,0.5,180,543723808,222257223,2025-03-15 10:29:04+00:00
1,1,180,59,88,36.03,5412.31,98.20000000000005,2.883,0.5,180,543723570,222258862,2025-03-15 10:29:08+00:00
1,1,179,59,88,36.03,5421.05,97.79999999999995,2.874,0.0,179,543723486,222260150,2025-03-15 10:29:11+00:00
1,2,180,59,87,38.95,5432.79,97.0,2.883,0.0,180,543723282,222261963,2025-03-15 10:29:15+00:00
1,1,180,59,88,37.14,5450.65,96.60000000000002,2.883,0.5,180,543723044,222264702,2025-03-15 10:29:21+00:00
1,1,180,59,89,37.43,5458.98,96.79999999999995,2.883,0.0,180,543723063,222265902,2025-03-15 10:29:24+00:00
1,1,179,59,87,34.91,5467.63,96.60000000000002,2.883,0.5,179,543722856,222267229,2025-03-15 10:29:27+00:00
1,1,179,59,88,34.58,5483.3,96.20000000000005,2.893,0.5,179,543722733,222269629,2025-03-15 10:29:32+00:00
1,1,179,59,88,33.87,5496.61,96.79999999999995,2.893,0.0,179,543722627,222271568,2025-03-15 10:29:37+00:00
1,1,179,59,88,36.81,5505.35,96.60000000000002,2.883,0.5,179,543722474,222272985,2025-03-15 10:29:40+00:00
1,1,179,59,87,34.53,5516.01,96.0,2.874,0.0,179,543722498,222274593,2025-03-15 10:29:44+00:00
1,1,179,59,87,36.41,5529.77,96.0,2.846,0.0,179,543722344,222276775,2025-03-15 10:29:49+00:00
1,1,179,59,88,37.59,5542.3,96.60000000000002,2.865,0.5,179,543722328,222278640,2025-03-15 10:29:53+00:00
1,1,179,59,88,35.86,5550.92,96.20000000000005,2.865,0.5,179,543722308,222279910,2025-03-15 10:29:56+00:00
1,1,180,59,88,35.54,5563.01,96.79999999999995,2.893,0.0,180,543722314,222281761,2025-03-15 10:30:00+00:00
1,1,179,59,88,32.68,5577.24,97.60000000000002,2.874,0.5,179,543722277,222283943,2025-03-15 10:30:05+00:00
1,1,179,59,88,36.34,5589.33,97.20000000000005,2.967,0.0,179,543722186,222285762,2025-03-15 10:30:09+00:00
1,1,179,59,86,35.5,5601.43,96.0,2.939,0.5,179,543722092,222287598,2025-03-15 10:30:13+00:00
1,1,180,59,88,27.53,5613.36,96.79999999999995,2.734,0.0,180,543721989,222289455,2025-03-15 10:30:18+00:00
1,1,179,59,86,36.34,5628.05,97.0,2.809,0.0,179,543721963,222291716,2025-03-15 10:30:23+00:00
1,1,179,59,87,34.9,5643.03,97.39999999999998,2.837,0.5,179,543721771,222293980,2025-03-15 10:30:28+00:00
1,1,179,59,87,37.48,5654.26,97.39999999999998,2.837,0.0,179,543721831,222295645,2025-03-15 10:30:32+00:00
1,1,179,59,86,38.02,5667.71,97.60000000000002,2.827,0.5,179,543721754,222297662,2025-03-15 10:30:37+00:00
1,1,179,59,87,34.87,5675.6,97.39999999999998,2.809,0.5,179,543721734,222298830,2025-03-15 10:30:40+00:00
1,1,179,59,87,37.0,5686.95,97.20000000000005,2.799,0.0,179,543721696,222300626,2025-03-15 10:30:44+00:00
1,1,179,59,87,34.75,5701.61,97.60000000000002,2.809,0.5,179,543721554,222302845,2025-03-15 10:30:49+00:00
1,1,179,59,88,31.44,5714.06,97.79999999999995,2.827,0.5,179,543721576,222304682,2025-03-15 10:30:53+00:00
1,1,179,59,88,36.5,5723.15,97.0,2.855,0.0,179,543721435,222306093,2025-03-15 10:30:56+00:00
1,1,179,59,87,32.16,5738.11,96.79999999999995,2.865,0.0,179,543721282,222308421,2025-03-15 10:31:01+00:00
1,1,180,59,87,32.16,5747.1,96.39999999999998,2.883,0.5,180,543721265,222309693,2025-03-15 10:31:04+00:00
1,1,180,59,87,32.16,5756.47,95.39999999999998,2.902,0.0,180,543721276,222311182,2025-03-15 10:31:07+00:00
1,1,180,59,88,33.59,5768.05,95.20000000000005,2.921,0.0,180,543721238,222312922,2025-03-15 10:31:11+00:00
1,1,181,59,88,30.24,5782.38,96.0,2.911,0.5,181,543721075,222315141,2025-03-15 10:31:16+00:00
1,1,180,59,88,35.53,5790.44,95.60000000000002,2.911,0.0,180,543721166,222316334,2025-03-15 10:31:19+00:00
1,1,179,59,86,32.87,5805.5,95.39999999999998,2.902,0.5,179,543721070,222318639,2025-03-15 10:31:24+00:00
1,1,180,59,87,29.97,5817.36,95.39999999999998,2.921,0.5,180,543721029,222320434,2025-03-15 10:31:28+00:00
1,1,181,59,88,36.61,5825.71,95.60000000000002,2.921,0.0,181,543720896,222321753,2025-03-15 10:31:31+00:00
1,1,180,59,88,35.75,5834.14,95.39999999999998,2.911,0.0,180,543720912,222322968,2025-03-15 10:31:34+00:00
1,1,181,59,87,35.11,5845.61,95.39999999999998,2.902,0.5,181,543720847,222324741,2025-03-15 10:31:38+00:00
1,2,181,59,87,36.99,5857.14,96.39999999999998,2.893,0.0,181,543720753,222326536,2025-03-15 10:31:42+00:00
1,1,180,59,87,37.0,5868.96,96.60000000000002,2.893,0.5,180,543720694,222328331,2025-03-15 10:31:46+00:00
1,1,180,59,88,35.72,5877.77,96.60000000000002,2.902,0.5,180,543720740,222329589,2025-03-15 10:31:49+00:00
1,1,180,59,88,36.81,5886.96,96.20000000000005,2.911,0.5,180,543720688,222331030,2025-03-15 10:31:52+00:00
1,1,180,59,88,32.79,5897.7,96.39999999999998,2.921,0.0,180,543720635,222332630,2025-03-15 10:31:56+00:00
1,1,181,59,88,33.8,5908.68,96.79999999999995,2.902,0.5,181,543720593,222334319,2025-03-15 10:32:00+00:00
1,1,181,58,88,38.81,5917.31,96.60000000000002,2.893,0.5,181,543720532,222335650,2025-03-15 10:32:03+00:00
1,1,181,58,87,37.29,5925.25,95.60000000000002,2.883,0.0,181,543720475,222336846,2025-03-15 10:32:06+00:00
1,1,181,58,86,35.08,5940.37,95.79999999999995,2.874,0.5,181,543720458,222339149,2025-03-15 10:32:11+00:00
1,1,181,58,88,36.58,5952.02,96.20000000000005,2.883,0.5,181,543720324,222340910,2025-03-15 10:32:15+00:00
1,1,180,58,88,26.64,5960.95,95.39999999999998,2.893,0.0,180,543720237,222342311,2025-03-15 10:32:18+00:00
1,1,181,58,86,36.97,5975.85,95.60000000000002,2.893,0.5,181,543720025,222344561,2025-03-15 10:32:23+00:00
1,1,180,58,88,38.38,5987.72,96.0,2.902,0.5,180,543719858,222346340,2025-03-15 10:32:27+00:00
1,1,180,58,87,33.29,5996.5,95.20000000000005,2.921,0.0,180,543719820,222347643,2025-03-15 10:32:30+00:00
1,1,180,58,86,20.84,6004.77,95.39999999999998,2.911,0.0,180,543719557,222348912,2025-03-15 10:32:33+00:00
1,1,180,58,86,0.0,6007.06,95.39999999999998,2.911,0.0,180,543719493,222349224,2025-03-15 10:32:34+00:00
1,1,159,58,0,0.0,6008.15,95.60000000000002,0.0,0.0,159,543719198,222349633,2025-03-15 10:33:28+00:00
1,1,159,58,0,29.34,6010.42,95.79999999999995,0.0,0.0,159,543719109,222350046,2025-03-15 10:33:29+00:00
1,0,158,58,0,22.17,6015.43,96.0,2.025,0.0,158,543718990,222350796,2025-03-15 10:33:31+00:00
1,1,158,58,86,655.14,6032.75,95.39999999999998,2.818,0.0,158,543718475,222353385,2025-03-15 10:33:37+00:00
1,4,160,58,85,6.78,6045.73,94.79999999999995,2.902,0.5,160,543718066,222355160,2025-03-15 10:33:41+00:00
1,1,161,58,85,25.5,6055.72,95.20000000000005,2.865,0.0,161,543717863,222356705,2025-03-15 10:33:45+00:00
1,1,161,58,87,32.16,6067.04,95.0,2.781,0.0,161,543717657,222358369,2025-03-15 10:33:49+00:00
1,0,161,58,86,22.73,6081.26,95.20000000000005,2.837,0.0,161,543717305,222360505,2025-03-15 10:33:54+00:00
1,0,162,58,86,267.52,6089.84,94.79999999999995,2.79,0.5,162,543717115,222361747,2025-03-15 10:33:57+00:00
1,1,166,58,87,655.14,6102.04,94.60000000000002,2.818,0.5,166,543716708,222363523,2025-03-15 10:34:01+00:00
1,2,169,58,88,27.72,6115.49,94.39999999999998,2.837,0.0,169,543716319,222365434,2025-03-15 10:34:06+00:00
1,2,170,58,87,33.53,6124.44,94.20000000000005,2.827,0.0,170,543716066,222366854,2025-03-15 10:34:09+00:00
1,2,171,58,88,30.75,6138.17,95.0,2.818,0.0,171,543715880,222368939,2025-03-15 10:34:14+00:00
1,2,171,58,87,38.27,6149.86,95.39999999999998,2.827,0.0,171,543715770,222370721,2025-03-15 10:34:18+00:00
1,2,172,58,87,36.21,6158.24,95.20000000000005,2.827,0.5,172,543715722,222371958,2025-03-15 10:34:21+00:00
1,1,173,58,87,35.2,6171.85,95.60000000000002,2.818,0.0,173,543715713,222374000,2025-03-15 10:34:26+00:00
1,2,172,58,87,35.46,6180.63,95.79999999999995,2.818,0.0,172,543715585,222375350,2025-03-15 10:34:29+00:00
1,2,172,58,86,35.95,6194.54,96.0,2.827,0.0,172,543715421,222377478,2025-03-15 10:34:34+00:00
1,2,174,58,87,38.78,6206.15,95.39999999999998,2.818,0.5,174,543715467,222379240,2025-03-15 10:34:38+00:00
1,2,176,58,88,,6214.49,94.79999999999995,2.818,0.0,176,543715380,222380441,2025-03-15 10:34:41+00:00
1,2,178,58,88,37.93,6223.46,94.79999999999995,2.818,0.0,178,543715287,222381839,2025-03-15 10:34:44+00:00
1,2,177,58,88,26.84,6240.07,94.60000000000002,2.837,0.5,177,543715310,222384381,2025-03-15 10:34:50+00:00
1,2,178,58,88,30.82,6249.28,94.79999999999995,2.827,0.0,178,543715284,222385821,2025-03-15 10:34:53+00:00
1,2,178,58,87,34.49,6257.55,94.39999999999998,2.837,0.0,178,543715295,222387028,2025-03-15 10:34:56+00:00
1,2,178,58,87,29.34,6271.36,94.39999999999998,2.837,0.5,178,543715358,222389144,2025-03-15 10:35:01+00:00
1,4,177,58,87,0.0,6282.71,94.39999999999998,2.827,0.0,177,543715368,222390846,2025-03-15 10:35:05+00:00
1,7,178,58,88,30.07,6291.93,93.79999999999995,2.827,0.0,178,543715332,222392268,2025-03-15 10:35:08+00:00
1,10,178,58,87,29.24,6305.5,94.20000000000005,2.827,0.5,178,543715293,222394411,2025-03-15 10:35:13+00:00
1,10,178,58,88,,6317.04,94.79999999999995,2.827,0.0,178,543715233,222396169,2025-03-15 10:35:17+00:00
1,10,178,58,87,0.0,6325.21,94.60000000000002,2.827,0.0,178,543715240,222397323,2025-03-15 10:35:20+00:00
1,10,178,58,88,29.5,6334.09,95.0,2.818,0.0,178,543715198,222398716,2025-03-15 10:35:23+00:00
1,22,178,58,88,32.68,6348.2,95.39999999999998,2.818,0.5,178,543714828,222400804,2025-03-15 10:35:28+00:00
1,23,179,58,87,33.22,6356.89,95.60000000000002,2.818,0.0,179,543714663,222402041,2025-03-15 10:35:31+00:00
1,25,178,58,87,29.54,6366.06,94.60000000000002,2.837,0.0,178,543714355,222403408,2025-03-15 10:35:34+00:00
1,31,179,58,88,28.92,6382.45,95.0,2.837,0.0,179,543713871,222405783,2025-03-15 10:35:40+00:00
1,34,178,58,88,35.38,6391.22,95.0,2.837,0.0,178,543713431,222407036,2025-03-15 10:35:43+00:00
1,35,179,58,88,29.56,6400.08,95.39999999999998,2.837,0.0,179,543713076,222408201,2025-03-15 10:35:46+00:00
1,35,179,58,87,29.56,6411.59,95.20000000000005,2.855,0.5,179,543712577,222409848,2025-03-15 10:35:50+00:00
1,45,180,58,88,28.5,6422.77,95.60000000000002,2.846,0.0,180,543712138,222411535,2025-03-15 10:35:54+00:00
1,45,180,58,87,32.54,6432.42,95.60000000000002,2.874,0.0,180,543711849,222412813,2025-03-15 10:35:57+00:00
1,48,180,58,88,31.6,6441.3,95.60000000000002,2.883,0.0,180,543711420,222414055,2025-03-15 10:36:00+00:00
1,48,180,57,88,32.74,6457.29,96.79999999999995,2.865,0.0,180,543710864,222416322,2025-03-15 10:36:06+00:00
1,48,180,57,87,34.37,6466.25,97.0,2.855,0.0,180,543710450,222417643,2025-03-15 10:36:09+00:00
1,37,179,57,88,28.5,6475.38,96.39999999999998,2.855,0.0,179,543710238,222418965,2025-03-15 10:36:12+00:00
1,13,178,57,88,31.85,6491.99,97.0,2.874,0.0,178,543709544,222421303,2025-03-15 10:36:18+00:00
1,13,178,57,88,32.93,6503.34,96.60000000000002,2.855,0.0,178,543709048,222422935,2025-03-15 10:36:22+00:00
1,1,178,57,88,26.51,6512.72,96.39999999999998,2.865,0.0,178,543708683,222424170,2025-03-15 10:36:25+00:00
1,1,179,57,87,28.5,6526.52,96.39999999999998,2.874,0.5,179,543708212,222426141,2025-03-15 10:36:30+00:00
1,1,179,57,87,30.56,6534.9,96.60000000000002,2.865,0.0,179,543707796,222427365,2025-03-15 10:36:33+00:00
1,1,179,57,87,29.11,6543.71,96.39999999999998,2.865,0.0,179,543707580,222428599,2025-03-15 10:36:36+00:00
1,1,179,57,88,0.0,6560.03,96.39999999999998,2.837,0.5,179,543706785,222430864,2025-03-15 10:36:42+00:00
1,1,179,57,88,,6571.25,96.39999999999998,2.837,0.0,179,543706313,222432459,2025-03-15 10:36:46+00:00
1,1,179,57,87,25.86,6580.16,96.0,2.837,0.0,179,543705983,222433700,2025-03-15 10:36:49+00:00
1,1,179,57,88,26.51,6596.75,97.0,2.837,0.5,179,543705247,222435977,2025-03-15 10:36:55+00:00
1,1,179,57,87,85.84,6604.24,96.60000000000002,2.827,0.0,179,543705120,222437068,2025-03-15 10:36:58+00:00
1,1,179,57,86,27.87,6612.31,96.20000000000005,2.818,0.0,179,543704758,222438243,2025-03-15 10:37:01+00:00
1,1,179,57,87,29.64,6626.02,96.0,2.79,0.5,179,543704238,222440258,2025-03-15 10:37:06+00:00
1,1,179,57,88,30.34,6635.12,96.60000000000002,2.79,0.0,179,543703912,222441531,2025-03-15 10:37:09+00:00
1,1,179,57,86,23.8,6647.44,97.0,2.818,0.0,179,543703295,222443200,2025-03-15 10:37:13+00:00
1,1,179,57,86,29.11,6658.95,97.79999999999995,2.827,0.5,179,543702876,222444849,2025-03-15 10:37:17+00:00
1,1,179,57,87,27.03,6667.42,97.39999999999998,2.818,0.0,179,543702620,222446032,2025-03-15 10:37:20+00:00
1,2,179,57,88,29.54,6679.04,96.79999999999995,2.855,0.0,179,543702169,222447728,2025-03-15 10:37:24+00:00
1,2,179,57,87,29.93,6689.88,97.39999999999998,2.837,0.0,179,543701727,222449271,2025-03-15 10:37:28+00:00
1,2,179,57,86,26.87,6698.51,96.79999999999995,2.809,0.5,179,543701464,222450504,2025-03-15 10:37:31+00:00
1,1,180,57,87,25.42,6711.98,96.79999999999995,2.715,0.0,180,543700899,222452413,2025-03-15 10:37:36+00:00
1,1,180,57,87,29.42,6722.28,96.79999999999995,2.799,0.0,180,543700441,222453874,2025-03-15 10:37:39+00:00
1,1,180,57,87,30.91,6733.39,96.60000000000002,2.893,0.5,180,543700054,222455420,2025-03-15 10:37:43+00:00
1,1,180,57,87,27.42,6744.31,97.0,2.79,0.5,180,543699605,222456925,2025-03-15 10:37:47+00:00
1,1,180,57,87,28.98,6753.7,97.0,2.893,0.0,180,543699221,222458276,2025-03-15 10:37:50+00:00
1,1,180,57,86,27.24,6767.1,97.20000000000005,2.827,0.5,180,543698681,222460187,2025-03-15 10:37:55+00:00
1,1,180,57,87,29.07,6778.33,97.79999999999995,2.818,0.5,180,543698217,222461754,2025-03-15 10:37:59+00:00
1,1,180,57,88,25.58,6786.89,98.0,2.818,0.0,180,543697912,222462940,2025-03-15 10:38:02+00:00
1,1,179,57,88,0.0,6795.34,97.39999999999998,2.818,0.0,179,543697537,222464156,2025-03-15 10:38:05+00:00
1,1,179,57,88,28.92,6809.79,96.79999999999995,2.846,0.5,179,543696946,222466236,2025-03-15 10:38:10+00:00
1,1,179,57,87,23.52,6821.22,97.20000000000005,2.837,0.0,179,543696495,222467851,2025-03-15 10:38:14+00:00
1,7,180,57,88,24.25,6830.56,96.79999999999995,2.865,0.0,180,543696224,222469173,2025-03-15 10:38:17+00:00
1,1,178,57,88,31.92,6846.58,97.0,2.837,0.5,178,543695550,222471481,2025-03-15 10:38:23+00:00
1,2,179,57,88,27.6,6858.62,97.79999999999995,2.837,0.0,179,543695087,222473172,2025-03-15 10:38:27+00:00
1,2,179,57,87,29.36,6867.48,97.60000000000002,2.846,0.0,179,543694769,222474395,2025-03-15 10:38:30+00:00
1,1,179,57,87,32.53,6881.85,97.39999999999998,2.865,0.5,179,543694216,222476493,2025-03-15 10:38:35+00:00
1,1,180,57,89,23.32,6897.12,97.79999999999995,2.874,0.0,180,543693614,222478662,2025-03-15 10:38:40+00:00
1,2,181,57,89,25.83,6908.99,98.39999999999998,2.883,0.0,181,543693172,222480360,2025-03-15 10:38:44+00:00
1,2,181,57,89,27.24,6917.33,98.39999999999998,2.893,0.0,181,543692981,222481519,2025-03-15 10:38:47+00:00
1,1,180,57,88,30.45,6926.61,98.39999999999998,2.893,0.0,180,543692568,222482885,2025-03-15 10:38:50+00:00
1,1,181,57,88,27.77,6935.57,98.20000000000005,2.902,0.0,181,543692351,222484208,2025-03-15 10:38:53+00:00
1,1,180,57,88,28.27,6950.85,98.0,2.93,0.5,180,543691992,222486499,2025-03-15 10:38:58+00:00
1,1,180,57,87,28.61,6961.84,97.79999999999995,2.883,0.0,180,543691687,222488062,2025-03-15 10:39:02+00:00
1,1,180,57,88,27.77,6970.14,97.20000000000005,2.855,0.0,180,543691501,222489358,2025-03-15 10:39:05+00:00
1,1,181,57,87,25.73,6984.1,97.0,2.883,0.5,181,543691293,222491479,2025-03-15 10:39:10+00:00
1,1,181,57,87,29.58,6995.8,97.20000000000005,2.827,0.0,181,543691059,222493247,2025-03-15 10:39:14+00:00
1,2,181,57,88,2.88,7004.66,97.0,2.883,0.0,181,543690836,222494584,2025-03-15 10:39:17+00:00
1,2,181,57,88,0.0,7006.21,96.60000000000002,2.883,0.0,181,543690947,222494762,2025-03-15 10:39:18+00:00
1,1,155,56,0,0.0,7007.28,94.60000000000002,0.0,0.0,155,543690706,222496026,2025-03-15 10:40:17+00:00
1,1,155,56,62,0.0,7010.16,94.39999999999998,0.0,0.5,155,543690691,222496440,2025-03-15 10:40:18+00:00
1,1,154,56,0,0.0,7015.55,94.79999999999995,0.0,0.0,154,543690592,222497229,2025-03-15 10:40:20+00:00
1,7,155,56,83,0.0,7024.65,95.0,2.837,0.5,155,543690445,222498578,2025-03-15 10:40:23+00:00
1,4,157,56,85,0.0,7037.48,95.60000000000002,2.529,0.0,157,543690150,222500546,2025-03-15 10:40:28+00:00
1,0,156,56,86,0.0,7047.66,96.0,2.641,0.0,156,543689990,222502076,2025-03-15 10:40:32+00:00
1,0,158,56,86,27.6,7062.69,97.39999999999998,2.753,0.0,158,543689675,222504312,2025-03-15 10:40:37+00:00
1,0,160,56,86,27.6,7072.12,96.79999999999995,2.809,0.0,160,543689502,222505707,2025-03-15 10:40:40+00:00
1,1,162,56,86,27.6,7082.79,97.0,2.846,0.5,162,543689334,222507346,2025-03-15 10:40:44+00:00
1,1,162,56,87,27.6,7090.24,97.0,2.818,0.5,162,543689183,222508398,2025-03-15 10:40:47+00:00
1,1,163,56,87,27.6,7099.45,96.60000000000002,2.818,0.0,163,543688982,222509851,2025-03-15 10:40:50+00:00
1,1,166,56,86,27.6,7113.82,97.0,2.902,0.5,166,543688723,222511991,2025-03-15 10:40:55+00:00
1,1,166,56,86,27.6,7116.23,97.20000000000005,2.893,0.5,166,543688744,222512327,2025-03-15 10:40:56+00:00
1,1,168,56,87,27.6,7125.37,97.79999999999995,2.855,0.5,168,543688504,222513724,2025-03-15 10:40:59+00:00
1,2,169,56,88,27.6,7139.99,98.20000000000005,2.874,0.0,169,543688032,222515855,2025-03-15 10:41:04+00:00
1,1,170,56,87,27.6,7151.21,98.39999999999998,2.874,0.5,170,543687722,222517510,2025-03-15 10:41:08+00:00
1,1,171,56,88,0.0,7159.84,98.20000000000005,2.865,0.5,171,543687527,222518755,2025-03-15 10:41:11+00:00
1,1,172,56,88,0.0,7173.97,98.0,2.865,0.0,172,543687132,222520825,2025-03-15 10:41:16+00:00
1,1,172,56,87,34.58,7184.75,98.39999999999998,2.855,0.5,172,543686868,222522401,2025-03-15 10:41:20+00:00
1,2,173,56,87,34.58,7197.17,98.20000000000005,2.855,0.5,173,543686433,222524256,2025-03-15 10:41:24+00:00
1,2,174,56,87,34.58,7209.7,98.60000000000002,2.855,0.0,174,543686161,222526080,2025-03-15 10:41:29+00:00
1,2,174,56,87,35.22,7219.08,98.79999999999995,2.837,0.0,174,543685836,222527469,2025-03-15 10:41:32+00:00
1,2,174,56,87,35.22,7230.22,97.60000000000002,2.846,0.0,174,543685512,222529075,2025-03-15 10:41:36+00:00
1,1,174,56,87,35.22,7245.7,96.60000000000002,2.818,0.0,174,543685068,222531348,2025-03-15 10:41:42+00:00
1,1,174,56,87,35.22,7254.03,96.0,2.799,0.0,174,543684662,222532606,2025-03-15 10:41:45+00:00
1,4,174,56,87,36.22,7266.9,95.20000000000005,2.818,0.5,174,543684155,222534374,2025-03-15 10:41:49+00:00
1,6,175,56,88,36.22,7280.82,95.60000000000002,2.837,0.0,175,543683262,222536048,2025-03-15 10:41:54+00:00
1,2,177,56,89,36.22,7291.15,96.20000000000005,2.827,0.0,177,543682584,222537287,2025-03-15 10:41:58+00:00
1,2,177,56,88,1.6,7301.82,95.0,2.818,0.5,177,543681888,222538583,2025-03-15 10:42:02+00:00
1,3,177,56,88,1.6,7320.07,96.60000000000002,2.818,0.0,177,543680741,222540766,2025-03-15 10:42:08+00:00
1,3,177,56,87,,7331.91,96.39999999999998,2.827,0.5,177,543679937,222542183,2025-03-15 10:42:12+00:00
1,15,178,56,87,,7348.68,96.20000000000005,2.818,0.0,178,543678796,222544213,2025-03-15 10:42:18+00:00
1,15,178,56,87,,7359.74,96.0,2.818,0.0,178,543678047,222545527,2025-03-15 10:42:22+00:00
1,15,178,56,87,,7371.47,96.39999999999998,2.883,0.5,178,543677269,222546898,2025-03-15 10:42:26+00:00
1,26,178,56,88,,7388.75,97.0,2.883,0.0,178,543676238,222549065,2025-03-15 10:42:32+00:00
1,28,179,56,88,,7400.07,97.60000000000002,2.846,0.0,179,543675456,222550413,2025-03-15 10:42:36+00:00
1,31,179,56,87,,7409.28,98.39999999999998,2.846,0.5,179,543674790,222551485,2025-03-15 10:42:39+00:00
1,33,179,56,88,,7420.76,98.39999999999998,2.883,0.0,179,543674097,222552875,2025-03-15 10:42:43+00:00
1,30,178,56,87,,7435.18,98.79999999999995,2.874,0.0,178,543673123,222554633,2025-03-15 10:42:48+00:00
1,3,178,56,87,,7443.85,98.79999999999995,2.874,0.5,178,543672621,222555663,2025-03-15 10:42:51+00:00
1,3,178,56,88,,7455.47,99.0,2.874,0.5,178,543671784,222557000,2025-03-15 10:42:55+00:00
1,2,180,56,88,,7469.88,99.20000000000005,2.874,0.0,180,543670895,222558807,2025-03-15 10:43:00+00:00
1,1,179,56,88,,7481.16,99.39999999999998,2.874,0.5,179,543670145,222560151,2025-03-15 10:43:04+00:00
1,1,180,56,87,,7490.33,99.20000000000005,2.874,0.5,180,543669517,222561248,2025-03-15 10:43:07+00:00
1,1,180,56,88,,7502.4,99.0,2.883,0.0,180,543668752,222562708,2025-03-15 10:43:11+00:00
1,2,181,56,87,,7516.06,99.39999999999998,2.893,0.5,181,543667918,222564492,2025-03-15 10:43:16+00:00
1,1,180,56,88,,7527.09,99.20000000000005,2.874,0.5,180,543667309,222565972,2025-03-15 10:43:20+00:00
1,2,180,56,88,,7539.26,98.79999999999995,2.939,0.0,180,543666754,222567602,2025-03-15 10:43:24+00:00
1,2,180,56,87,,7549.96,97.79999999999995,2.93,0.0,180,543666270,222569078,2025-03-15 10:43:28+00:00
1,2,180,56,88,,7564.93,97.79999999999995,2.902,0.0,180,543665609,222571194,2025-03-15 10:43:33+00:00
1,2,181,56,88,,7572.86,98.20000000000005,2.846,0.0,181,543665274,222572246,2025-03-15 10:43:36+00:00
1,2,180,56,87,,7582.26,98.20000000000005,2.846,0.0,180,543664808,222573549,2025-03-15 10:43:39+00:00
1,2,181,56,88,,7599.7,97.20000000000005,2.921,0.5,181,543664079,222575991,2025-03-15 10:43:45+00:00
1,3,181,56,88,,7611.18,97.39999999999998,2.921,0.0,181,543663583,222577568,2025-03-15 10:43:49+00:00
1,3,181,56,88,,7620.12,97.20000000000005,2.911,0.0,181,543663139,222578835,2025-03-15 10:43:52+00:00
1,2,181,56,88,,7632.12,97.0,2.921,0.5,181,543662747,222580523,2025-03-15 10:43:56+00:00
1,2,180,56,88,,7648.44,98.20000000000005,2.902,0.0,180,543662072,222582821,2025-03-15 10:44:02+00:00
1,2,181,56,87,,7657.9,98.0,2.893,0.5,181,543661622,222584129,2025-03-15 10:44:05+00:00
1,1,180,56,87,29.38,7669.93,98.0,2.911,0.5,180,543661055,222585769,2025-03-15 10:44:09+00:00
1,1,181,56,88,27.85,7686.56,97.79999999999995,2.921,0.0,181,543660379,222588131,2025-03-15 10:44:15+00:00
1,1,181,56,88,27.85,7695.85,97.79999999999995,2.921,0.5,181,543659849,222589378,2025-03-15 10:44:18+00:00
1,1,180,56,88,24.68,7705.18,97.79999999999995,2.921,0.5,180,543659496,222590637,2025-03-15 10:44:21+00:00
1,1,180,56,88,30.27,7716.2,97.39999999999998,2.939,0.0,180,543658982,222592190,2025-03-15 10:44:25+00:00
1,1,180,56,88,,7733.23,97.39999999999998,2.921,0.5,180,543658299,222594618,2025-03-15 10:44:31+00:00
1,1,180,56,88,26.84,7744.38,97.60000000000002,2.911,0.0,180,543657782,222596153,2025-03-15 10:44:35+00:00
1,1,181,56,88,26.56,7752.69,96.79999999999995,2.902,0.0,181,543657426,222597242,2025-03-15 10:44:38+00:00
1,1,181,56,87,29.64,7763.85,96.60000000000002,2.893,0.5,181,543656939,222598880,2025-03-15 10:44:42+00:00
1,1,181,56,87,27.16,7778.54,97.39999999999998,2.883,0.0,181,543656385,222600892,2025-03-15 10:44:47+00:00
1,1,181,56,88,27.16,7789.68,97.60000000000002,2.883,0.0,181,543655838,222602412,2025-03-15 10:44:51+00:00
1,1,181,56,87,27.16,7798.98,98.0,2.883,0.5,181,543655396,222603722,2025-03-15 10:44:54+00:00
1,1,180,56,88,30.6,7813.27,97.20000000000005,2.883,0.0,180,543654819,222605752,2025-03-15 10:44:59+00:00
1,1,181,56,87,25.42,7827.57,97.60000000000002,2.883,0.5,181,543654180,222607707,2025-03-15 10:45:04+00:00
1,1,182,56,89,26.92,7839.23,96.79999999999995,2.874,0.5,182,543653656,222609296,2025-03-15 10:45:08+00:00
1,1,181,56,89,29.4,7854.38,97.0,2.883,0.0,181,543652972,222611412,2025-03-15 10:45:13+00:00
1,2,182,56,89,25.67,7871.4,96.39999999999998,2.893,0.5,182,543652252,222613778,2025-03-15 10:45:19+00:00
1,1,182,56,89,29.89,7888.3,96.0,2.883,0.0,182,543651497,222616174,2025-03-15 10:45:25+00:00
1,1,182,56,89,29.8,7899.85,96.60000000000002,2.874,0.5,182,543650974,222617702,2025-03-15 10:45:29+00:00
1,1,182,56,89,29.6,7911.7,97.0,2.874,0.5,182,543650499,222619389,2025-03-15 10:45:33+00:00
1,1,182,56,88,29.6,7920.88,97.0,2.893,0.0,182,543650056,222620718,2025-03-15 10:45:36+00:00
1,1,182,56,88,29.6,7930.24,97.0,2.893,0.0,182,543649736,222622024,2025-03-15 10:45:39+00:00
1,1,182,56,88,24.79,7945.26,97.39999999999998,2.911,0.5,182,543649099,222624163,2025-03-15 10:45:44+00:00
1,1,182,56,89,29.36,7958.78,97.39999999999998,2.93,0.0,182,543648525,222626053,2025-03-15 10:45:49+00:00
1,1,182,56,89,29.91,7979.37,97.79999999999995,2.893,0.0,182,543647575,222628871,2025-03-15 10:45:56+00:00
1,1,181,56,88,30.29,7991.42,98.20000000000005,2.902,0.0,181,543646941,222630489,2025-03-15 10:46:00+00:00
1,1,181,56,87,2.67,8003.89,97.60000000000002,2.939,0.5,181,543646269,222632217,2025-03-15 10:46:04+00:00
1,1,182,56,88,25.95,8006.48,97.60000000000002,2.939,0.0,182,543646273,222632579,2025-03-15 10:46:06+00:00
1,2,155,56,0,25.42,8007.46,93.60000000000002,0.0,0.0,155,543646359,222632855,2025-03-15 10:47:25+00:00
1,2,155,56,0,0.0,8008.33,93.79999999999995,0.0,0.0,155,543646373,222633010,2025-03-15 10:47:26+00:00
1,3,156,56,0,0.0,8017.32,94.0,0.0,0.0,156,543645908,222634215,2025-03-15 10:47:29+00:00
1,9,159,56,84,0.0,8028.36,95.0,2.855,0.5,159,543645198,222635559,2025-03-15 10:47:33+00:00
1,4,158,56,83,0.0,8041.75,94.79999999999995,2.594,0.5,158,543644161,222636930,2025-03-15 10:47:38+00:00
1,1,155,56,83,0.0,8043.93,95.0,2.706,0.5,155,543644025,222637178,2025-03-15 10:47:39+00:00
1,3,155,56,83,10.06,8051.33,94.60000000000002,2.585,0.5,155,543643518,222638075,2025-03-15 10:47:42+00:00
1,3,154,56,84,10.06,8061.72,94.39999999999998,2.594,0.0,154,543642672,222639076,2025-03-15 10:47:46+00:00
1,1,153,56,84,10.06,8074.57,94.60000000000002,2.585,0.5,153,543641648,222640355,2025-03-15 10:47:51+00:00
1,3,153,56,83,10.06,8087.17,95.20000000000005,2.594,0.0,153,543640607,222641640,2025-03-15 10:47:56+00:00
1,4,155,55,84,10.06,8099.9,95.79999999999995,2.566,0.5,155,543639598,222642785,2025-03-15 10:48:01+00:00
1,3,158,55,84,10.06,8104.58,96.60000000000002,2.557,0.5,158,543639197,222643263,2025-03-15 10:48:03+00:00
1,3,158,55,85,10.06,8111.12,96.20000000000005,2.491,0.0,158,543638648,222643942,2025-03-15 10:48:06+00:00
1,3,159,55,86,10.06,8120.89,95.79999999999995,2.482,0.0,159,543637848,222644965,2025-03-15 10:48:10+00:00
1,1,161,55,85,10.06,8135.8,94.60000000000002,2.463,0.5,161,543636558,222646387,2025-03-15 10:48:16+00:00
1,1,162,55,86,10.06,8143.75,94.39999999999998,2.482,0.0,162,543635932,222647149,2025-03-15 10:48:19+00:00
1,1,164,55,85,10.06,8159.76,95.60000000000002,2.491,0.5,164,543634709,222648905,2025-03-15 10:48:25+00:00
1,1,165,55,86,10.06,8173.46,96.0,2.538,0.0,165,543633696,222650291,2025-03-15 10:48:30+00:00
1,1,165,55,87,10.06,8183.75,95.0,2.538,0.0,165,543632775,222651292,2025-03-15 10:48:34+00:00
1,1,166,55,87,10.06,8194.89,93.60000000000002,2.547,0.0,166,543632018,222652530,2025-03-15 10:48:38+00:00
1,1,167,55,86,10.06,8205.26,94.20000000000005,2.557,0.0,167,543631152,222653624,2025-03-15 10:48:42+00:00
1,1,168,55,86,0.0,8223.45,95.39999999999998,2.575,0.0,168,543629703,222655441,2025-03-15 10:48:49+00:00
1,1,169,55,86,0.0,8234.67,95.0,2.585,0.5,169,543628780,222656519,2025-03-15 10:48:53+00:00
1,1,169,55,88,0.0,8247.32,94.60000000000002,2.603,0.0,169,543627817,222657778,2025-03-15 10:48:58+00:00
1,1,171,55,86,0.0,8257.34,94.20000000000005,2.585,0.5,171,543626932,222658762,2025-03-15 10:49:02+00:00
1,1,171,55,86,0.0,8267.47,94.20000000000005,2.585,0.0,171,543626124,222659752,2025-03-15 10:49:06+00:00
1,1,170,55,86,0.0,8277.21,93.20000000000005,2.566,0.5,170,543625388,222660809,2025-03-15 10:49:10+00:00
1,1,170,55,86,0.0,8287.51,93.79999999999995,2.575,0.0,170,543624514,222661767,2025-03-15 10:49:14+00:00
1,1,171,55,87,0.0,8300.18,93.79999999999995,2.566,0.0,171,543623468,222663006,2025-03-15 10:49:19+00:00
1,1,171,55,86,0.0,8310.53,93.20000000000005,2.566,0.0,171,543622572,222664061,2025-03-15 10:49:23+00:00
1,5,172,55,86,0.0,8320.68,93.39999999999998,2.547,0.0,172,543622383,222665480,2025-03-15 10:49:28+00:00
1,3,173,55,85,0.0,8327.55,93.0,2.51,0.5,173,543622988,222666194,2025-03-15 10:49:31+00:00
1,3,174,55,86,0.0,8338.66,93.79999999999995,2.426,0.0,174,543623976,222667229,2025-03-15 10:49:36+00:00
1,5,174,55,87,24.79,8351.71,93.20000000000005,2.407,0.0,174,543625071,222668488,2025-03-15 10:49:41+00:00
1,8,174,55,87,22.94,8363.11,93.0,2.547,0.5,174,543626094,222669432,2025-03-15 10:49:45+00:00
1,8,174,55,86,3.58,8376.04,92.79999999999995,2.557,0.0,174,543627112,222670808,2025-03-15 10:49:50+00:00
1,8,174,55,85,29.32,8384.07,92.79999999999995,2.529,0.5,174,543627770,222671555,2025-03-15 10:49:53+00:00
1,17,175,55,85,22.18,8394.72,93.39999999999998,2.547,0.0,175,543628693,222672476,2025-03-15 10:49:57+00:00
1,18,176,55,86,23.28,8405.44,93.39999999999998,2.557,0.0,176,543629628,222673346,2025-03-15 10:50:01+00:00
1,18,177,55,87,24.25,8414.76,94.39999999999998,2.566,0.0,177,543630405,222674245,2025-03-15 10:50:05+00:00
1,18,177,55,87,20.82,8422.68,94.60000000000002,2.547,0.0,177,543631073,222675100,2025-03-15 10:50:08+00:00
1,6,176,55,86,25.67,8432.21,94.60000000000002,2.538,0.0,176,543631713,222676131,2025-03-15 10:50:12+00:00
1,6,176,55,83,24.72,8441.75,94.60000000000002,2.519,0.5,176,543632470,222677169,2025-03-15 10:50:16+00:00
1,6,176,55,83,25.42,8450.55,95.39999999999998,2.454,0.0,176,543633054,222678163,2025-03-15 10:50:20+00:00
1,2,174,55,84,19.84,8460.15,96.20000000000005,2.417,0.5,174,543633777,222679276,2025-03-15 10:50:24+00:00
1,2,174,55,85,19.65,8464.99,96.79999999999995,2.407,0.5,174,543634118,222679833,2025-03-15 10:50:26+00:00
1,3,175,55,84,27.6,8469.76,97.20000000000005,2.379,0.5,175,543634516,222680329,2025-03-15 10:50:28+00:00
1,2,176,55,84,30.63,8477.15,96.79999999999995,2.407,0.5,176,543634751,222681408,2025-03-15 10:50:31+00:00
1,2,176,55,85,28.75,8479.66,97.0,2.407,0.0,176,543634814,222681726,2025-03-15 10:50:32+00:00
1,2,176,55,85,26.39,8482.63,97.0,2.454,0.0,176,543634660,222682214,2025-03-15 10:50:33+00:00
1,2,176,55,87,25.22,8487.8,96.79999999999995,2.454,0.0,176,543634480,222682949,2025-03-15 10:50:35+00:00
1,2,177,55,84,27.8,8498.44,97.0,2.566,0.5,177,543634001,222684367,2025-03-15 10:50:39+00:00
1,1,176,55,85,29.7,8509.93,96.60000000000002,2.622,0.0,176,543633409,222685879,2025-03-15 10:50:43+00:00
1,1,176,55,86,33.4,8516.45,96.60000000000002,2.519,0.0,176,543633133,222686808,2025-03-15 10:50:46+00:00
1,1,176,55,84,32.5,8529.68,97.20000000000005,2.529,0.5,176,543632457,222688570,2025-03-15 10:50:51+00:00
1,1,176,55,85,24.14,8537.1,97.20000000000005,2.557,0.5,176,543632242,222689572,2025-03-15 10:50:54+00:00
1,1,176,55,85,0.0,8540.81,96.79999999999995,2.491,0.0,176,543632212,222690195,2025-03-15 10:50:56+00:00
1,1,176,55,82,32.37,8551.71,96.20000000000005,2.463,0.5,176,543631777,222691754,2025-03-15 10:51:00+00:00
1,1,176,55,85,29.26,8561.67,96.0,2.445,0.0,176,543631429,222693204,2025-03-15 10:51:04+00:00
1,1,175,55,86,2.63,8571.98,96.20000000000005,2.519,0.0,175,543631002,222694616,2025-03-15 10:51:08+00:00
1,1,175,55,86,2.57,8580.11,95.79999999999995,2.519,0.0,175,543630684,222695823,2025-03-15 10:51:11+00:00
1,2,175,55,85,2.54,8592.94,95.79999999999995,2.538,0.0,175,543630233,222697671,2025-03-15 10:51:16+00:00
1,2,175,55,87,0.0,8600.53,96.0,2.547,0.0,175,543629978,222698696,2025-03-15 10:51:19+00:00
1,2,176,55,87,27.64,8610.69,96.39999999999998,2.547,0.0,176,543629609,222700196,2025-03-15 10:51:23+00:00
1,2,175,55,86,,8620.78,97.0,2.538,0.0,175,543629285,222701647,2025-03-15 10:51:27+00:00
1,2,175,55,87,,8630.95,96.79999999999995,2.529,0.5,175,543628914,222703092,2025-03-15 10:51:31+00:00
1,2,175,55,87,,8644.09,97.20000000000005,2.529,0.0,175,543628361,222704968,2025-03-15 10:51:36+00:00
1,7,175,55,86,2.58,8657.37,96.60000000000002,2.547,0.0,175,543627827,222706873,2025-03-15 10:51:41+00:00
1,12,174,55,87,2.57,8668.81,96.79999999999995,2.566,0.0,174,543627446,222708512,2025-03-15 10:51:45+00:00
1,13,175,55,87,2.64,8676.46,96.0,2.585,0.0,175,543627159,222709594,2025-03-15 10:51:48+00:00
1,13,175,55,86,2.54,8686.63,96.39999999999998,2.585,0.0,175,543626751,222711065,2025-03-15 10:51:52+00:00
1,18,174,55,87,2.85,8694.32,96.60000000000002,2.594,0.5,174,543626485,222712100,2025-03-15 10:51:55+00:00
1,18,174,55,86,2.54,8706.17,97.60000000000002,2.585,0.0,174,543626054,222713815,2025-03-15 10:52:00+00:00
1,23,173,54,86,2.6,8714.98,97.60000000000002,2.575,0.0,173,543625632,222715033,2025-03-15 10:52:03+00:00
1,27,173,54,86,2.66,8725.25,97.0,2.594,0.0,173,543625275,222716495,2025-03-15 10:52:07+00:00
1,29,174,54,85,2.59,8733.77,96.60000000000002,2.603,0.5,174,543624956,222717744,2025-03-15 10:52:10+00:00
1,31,173,54,86,0.0,8743.79,96.39999999999998,2.603,0.0,173,543624581,222719135,2025-03-15 10:52:14+00:00
1,31,174,54,87,2.7,8753.77,96.79999999999995,2.594,0.0,174,543624157,222720536,2025-03-15 10:52:18+00:00
1,29,174,54,87,2.57,8770.04,96.0,2.613,0.5,174,543623412,222722771,2025-03-15 10:52:24+00:00
1,14,175,54,88,2.84,8779.91,96.0,2.594,0.5,175,543622998,222724188,2025-03-15 10:52:28+00:00
1,14,175,54,88,2.55,8790.54,95.60000000000002,2.594,0.0,175,543622817,222725770,2025-03-15 10:52:32+00:00
1,14,175,54,86,0.0,8803.25,95.0,2.594,0.0,175,543622805,222727776,2025-03-15 10:52:37+00:00
1,14,175,54,88,0.0,8814.24,94.0,2.594,0.0,175,543622773,222729417,2025-03-15 10:52:41+00:00
1,5,176,54,87,2.52,8827.35,94.0,2.613,0.0,176,543622542,222731448,2025-03-15 10:52:46+00:00
1,1,176,54,87,2.7,8834.96,94.60000000000002,2.622,0.5,176,543622490,222732517,2025-03-15 10:52:49+00:00
1,1,176,54,87,2.66,8842.67,94.60000000000002,2.613,0.0,176,543622337,222733730,2025-03-15 10:52:52+00:00
1,1,176,54,86,2.55,8856.61,95.20000000000005,2.613,0.0,176,543622038,222735827,2025-03-15 10:52:57+00:00
1,1,176,54,88,0.0,8867.46,95.0,2.641,0.0,176,543621740,222737400,2025-03-15 10:53:01+00:00
1,1,176,54,86,2.65,8880.6,95.0,2.641,0.0,176,543621503,222739392,2025-03-15 10:53:06+00:00
1,1,176,54,86,2.66,8888.17,96.0,2.641,0.0,176,543621515,222740495,2025-03-15 10:53:09+00:00
1,14,177,54,86,2.63,8896.53,95.39999999999998,2.65,0.5,177,543621049,222741552,2025-03-15 10:53:12+00:00
1,14,177,54,87,2.66,8899.27,95.39999999999998,2.65,0.0,177,543620741,222741621,2025-03-15 10:53:13+00:00
1,4,176,54,86,0.0,8903.93,95.79999999999995,2.65,0.0,176,543620342,222742096,2025-03-15 10:53:15+00:00
1,1,176,54,85,2.65,8914.4,96.0,2.641,0.5,176,543619659,222743315,2025-03-15 10:53:19+00:00
1,1,176,54,86,2.58,8925.58,96.0,2.641,0.0,176,543619011,222744680,2025-03-15 10:53:23+00:00
1,2,177,54,87,0.0,8933.13,95.79999999999995,2.641,0.0,177,543618668,222745757,2025-03-15 10:53:26+00:00
1,2,177,54,87,16.36,8942.9,96.60000000000002,2.631,0.0,177,543618212,222747101,2025-03-15 10:53:30+00:00
1,1,176,54,86,2.41,8951.2,96.79999999999995,2.641,0.0,176,543617836,222748255,2025-03-15 10:53:33+00:00
1,1,176,54,87,2.46,8963.36,97.39999999999998,2.631,0.0,176,543617229,222749963,2025-03-15 10:53:38+00:00
1,1,177,54,86,2.55,8971.8,96.79999999999995,2.613,0.0,177,543616916,222751149,2025-03-15 10:53:41+00:00
1,1,176,54,87,2.55,8985.23,97.20000000000005,2.631,0.0,176,543616305,222752941,2025-03-15 10:53:46+00:00
1,1,176,54,86,2.49,8993.8,96.79999999999995,2.641,0.0,176,543615886,222754140,2025-03-15 10:53:49+00:00
1,1,176,54,86,2.58,9003.99,96.39999999999998,2.65,0.0,176,543615401,222755514,2025-03-15 10:53:53+00:00
1,1,176,54,86,2.64,9009.01,96.39999999999998,2.65,0.5,176,543615190,222756178,2025-03-15 10:53:55+00:00
1,1,176,54,85,0.0,9016.4,96.20000000000005,2.631,0.5,176,543614866,222757271,2025-03-15 10:53:58+00:00
1,2,177,54,86,0.0,9029.13,96.39999999999998,2.631,0.0,177,543614293,222759067,2025-03-15 10:54:03+00:00
1,2,176,54,86,0.0,9037.21,96.20000000000005,2.613,0.5,176,543614024,222760232,2025-03-15 10:54:06+00:00
1,4,177,54,87,0.0,9051.5,96.60000000000002,2.631,0.0,177,543613468,222762207,2025-03-15 10:54:11+00:00
1,4,177,54,86,0.0,9059.81,96.39999999999998,2.65,0.0,177,543613118,222763403,2025-03-15 10:54:14+00:00
1,4,176,54,87,31.02,9073.44,95.79999999999995,2.678,0.0,176,543612502,222765285,2025-03-15 10:54:19+00:00
1,2,177,54,87,13.11,9083.63,96.20000000000005,2.669,0.0,177,543612071,222766711,2025-03-15 10:54:23+00:00
1,2,177,54,86,2.51,9094.13,96.0,2.659,0.5,177,543611657,222768198,2025-03-15 10:54:27+00:00
1,1,176,54,88,2.47,9107.88,95.79999999999995,2.659,0.5,176,543611083,222770136,2025-03-15 10:54:32+00:00
1,1,176,54,88,2.66,9115.62,96.60000000000002,2.678,0.0,176,543610848,222771206,2025-03-15 10:54:35+00:00
1,3,176,54,86,2.57,9125.71,96.39999999999998,2.669,0.5,176,543610447,222772703,2025-03-15 10:54:39+00:00
1,3,176,54,87,0.0,9133.63,97.20000000000005,2.659,0.0,176,543610156,222773812,2025-03-15 10:54:43+00:00
1,3,176,54,86,2.5,9150.81,96.60000000000002,2.669,0.0,176,543609433,222776242,2025-03-15 10:54:48+00:00
1,3,176,54,87,0.0,9167.07,97.0,2.687,0.5,176,543608704,222778475,2025-03-15 10:54:54+00:00
1,2,177,54,85,0.0,9182.49,96.60000000000002,2.678,0.5,177,543608096,222780649,2025-03-15 10:55:00+00:00
1,3,178,54,86,0.0,9193.27,96.20000000000005,2.697,0.5,178,543607618,222782140,2025-03-15 10:55:04+00:00
1,6,177,54,86,0.0,9209.16,96.60000000000002,2.669,0.0,177,543606973,222784454,2025-03-15 10:55:10+00:00
1,6,177,54,86,0.0,9217.68,96.60000000000002,2.687,0.0,177,543606790,222785633,2025-03-15 10:55:13+00:00
1,7,177,54,86,0.0,9225.98,95.79999999999995,2.706,0.5,177,543606438,222786857,2025-03-15 10:55:16+00:00
1,6,178,54,86,16.18,9239.9,96.39999999999998,2.715,0.0,178,543605788,222788805,2025-03-15 10:55:21+00:00
1,5,177,54,86,15.7,9247.81,96.0,2.725,0.0,177,543605582,222789918,2025-03-15 10:55:24+00:00
1,1,177,54,87,13.24,9260.62,95.60000000000002,2.715,0.5,177,543605054,222791718,2025-03-15 10:55:29+00:00
1,1,177,54,88,17.45,9268.75,95.60000000000002,2.697,0.0,177,543604578,222792826,2025-03-15 10:55:32+00:00
1,2,177,54,88,18.0,9277.0,95.20000000000005,2.706,0.0,177,543604239,222793946,2025-03-15 10:55:35+00:00
1,2,178,54,87,16.95,9292.87,95.79999999999995,2.706,0.0,178,543603668,222796304,2025-03-15 10:55:41+00:00
1,1,178,54,87,19.19,9301.07,95.60000000000002,2.706,0.0,178,543603424,222797408,2025-03-15 10:55:44+00:00
1,1,178,54,87,16.26,9312.05,95.39999999999998,2.706,0.5,178,543603002,222799007,2025-03-15 10:55:48+00:00
1,1,179,54,87,17.6,9325.41,96.20000000000005,2.706,0.5,179,543602612,222800925,2025-03-15 10:55:53+00:00
1,1,179,54,86,14.28,9333.62,95.60000000000002,2.715,0.0,179,543602330,222802150,2025-03-15 10:55:56+00:00
1,1,179,53,87,15.36,9347.21,96.20000000000005,2.715,0.5,179,543601795,222804104,2025-03-15 10:56:01+00:00
1,1,179,53,88,15.36,9355.49,96.39999999999998,2.715,0.0,179,543601521,222805226,2025-03-15 10:56:04+00:00
1,2,179,53,87,15.36,9363.48,95.39999999999998,2.715,0.0,179,543601224,222806413,2025-03-15 10:56:07+00:00
1,1,179,53,87,15.36,9377.36,95.20000000000005,2.715,0.0,179,543600687,222808410,2025-03-15 10:56:12+00:00
1,2,178,53,88,15.36,9385.84,95.0,2.725,0.0,178,543600421,222809609,2025-03-15 10:56:15+00:00
1,2,178,53,87,15.36,9396.86,94.20000000000005,2.734,0.0,178,543599991,222811176,2025-03-15 10:56:19+00:00
1,2,178,53,87,17.39,9407.55,95.0,2.715,0.5,178,543599580,222812744,2025-03-15 10:56:23+00:00
1,2,178,53,88,,9415.67,94.60000000000002,2.725,0.0,178,543599324,222813876,2025-03-15 10:56:26+00:00
1,2,178,53,87,0.0,9427.41,93.79999999999995,2.734,0.0,178,543598858,222815530,2025-03-15 10:56:30+00:00
1,1,178,53,87,36.9,9437.3,94.0,2.734,0.5,178,543598489,222816993,2025-03-15 10:56:34+00:00
1,1,178,53,87,29.95,9445.0,93.20000000000005,2.734,0.0,178,543598249,222818095,2025-03-15 10:56:37+00:00
1,1,178,53,86,35.16,9459.53,93.60000000000002,2.734,0.0,178,543597766,222820141,2025-03-15 10:56:42+00:00
1,1,178,53,87,37.41,9468.23,93.60000000000002,2.734,0.0,178,543597383,222821423,2025-03-15 10:56:45+00:00
1,1,179,53,88,30.21,9476.13,93.20000000000005,2.743,0.0,179,543597165,222822546,2025-03-15 10:56:48+00:00
1,1,179,53,87,35.27,9489.39,93.20000000000005,2.734,0.0,179,543596756,222824470,2025-03-15 10:56:53+00:00
1,1,179,53,87,35.27,9497.93,93.0,2.725,0.0,179,543596482,222825736,2025-03-15 10:56:56+00:00
1,1,179,53,87,38.14,9514.0,93.60000000000002,2.743,0.0,179,543596095,222828115,2025-03-15 10:57:02+00:00
1,1,179,53,87,20.12,9519.63,94.0,2.743,0.0,179,543595886,222828916,2025-03-15 10:57:04+00:00
1,0,160,53,0,17.21,9521.14,94.20000000000005,0.0,0.0,160,543595892,222828858,2025-03-15 10:58:01+00:00
1,0,160,53,0,32.66,9523.11,94.0,0.0,0.0,160,543595911,222828526,2025-03-15 10:58:02+00:00
1,1,157,53,83,18.21,9536.04,94.39999999999998,2.948,0.5,157,543596104,222826606,2025-03-15 10:58:06+00:00
1,1,159,53,84,20.0,9548.73,95.20000000000005,2.687,0.5,159,543596484,222824767,2025-03-15 10:58:11+00:00
1,1,158,53,84,18.15,9555.95,95.39999999999998,2.491,0.0,158,543596585,222823661,2025-03-15 10:58:14+00:00
1,2,159,53,85,19.19,9566.09,96.0,2.547,0.0,159,543596821,222822218,2025-03-15 10:58:18+00:00
1,2,159,53,85,19.19,9580.22,96.0,2.454,0.5,159,543597335,222820199,2025-03-15 10:58:24+00:00
1,1,160,53,86,27.74,9587.63,95.60000000000002,2.445,0.0,160,543597696,222819165,2025-03-15 10:58:27+00:00
1,1,162,53,86,20.12,9599.54,96.20000000000005,2.398,0.0,162,543598155,222817430,2025-03-15 10:58:32+00:00
1,1,164,53,86,21.62,9606.24,96.60000000000002,2.426,0.5,164,543598405,222816509,2025-03-15 10:58:35+00:00
1,1,165,53,86,32.09,9617.95,96.79999999999995,2.351,0.0,165,543598825,222814831,2025-03-15 10:58:40+00:00
1,2,165,53,87,34.18,9628.18,96.39999999999998,2.389,0.0,165,543599168,222813326,2025-03-15 10:58:44+00:00
1,3,166,53,85,18.21,9635.03,96.60000000000002,2.398,0.5,166,543599310,222812348,2025-03-15 10:58:47+00:00
1,3,166,53,85,20.24,9645.09,96.39999999999998,2.389,0.0,166,543599742,222810833,2025-03-15 10:58:51+00:00
1,2,166,53,87,20.8,9655.49,96.39999999999998,2.417,0.0,166,543600069,222809387,2025-03-15 10:58:55+00:00
1,1,168,53,85,18.58,9665.08,95.39999999999998,2.407,0.5,168,543600404,222808038,2025-03-15 10:58:59+00:00
1,1,168,53,86,0.0,9674.89,94.60000000000002,2.407,0.0,168,543600722,222806585,2025-03-15 10:59:03+00:00
1,1,170,53,87,0.0,9686.36,94.79999999999995,2.407,0.0,170,543601071,222804905,2025-03-15 10:59:08+00:00
1,2,170,53,85,0.0,9696.51,95.20000000000005,2.417,0.5,170,543601444,222803428,2025-03-15 10:59:12+00:00
1,2,169,53,86,0.0,9706.15,95.39999999999998,2.407,0.0,169,543601728,222802031,2025-03-15 10:59:16+00:00
1,2,171,53,86,0.0,9715.92,95.0,2.417,0.0,171,543602112,222800687,2025-03-15 10:59:20+00:00
1,2,171,53,86,0.0,9725.76,95.20000000000005,2.417,0.0,171,543602411,222799282,2025-03-15 10:59:24+00:00
1,7,172,53,86,17.93,9734.23,95.0,2.417,0.0,172,543602808,222798005,2025-03-15 10:59:28+00:00
1,7,172,53,87,19.82,9744.75,95.60000000000002,2.407,0.0,172,543603168,222796546,2025-03-15 10:59:32+00:00
1,7,172,53,86,19.51,9753.78,94.60000000000002,2.407,0.0,172,543603484,222795244,2025-03-15 10:59:36+00:00
1,19,172,53,86,18.58,9764.64,94.79999999999995,2.398,0.0,172,543603941,222793739,2025-03-15 10:59:40+00:00
1,22,172,53,86,27.32,9776.01,93.39999999999998,2.407,0.5,172,543604406,222792186,2025-03-15 10:59:45+00:00
1,23,173,53,86,31.18,9785.31,93.20000000000005,2.398,0.0,173,543604864,222790865,2025-03-15 10:59:49+00:00
1,23,173,53,87,19.32,9795.63,93.39999999999998,2.407,0.0,173,543605341,222789402,2025-03-15 10:59:53+00:00
1,31,173,53,85,25.37,9805.24,94.20000000000005,2.407,0.5,173,543605668,222788008,2025-03-15 10:59:57+00:00
1,33,174,52,86,19.51,9815.56,94.60000000000002,2.417,0.0,174,543606031,222786560,2025-03-15 11:00:01+00:00
1,15,174,52,86,20.85,9826.0,95.39999999999998,2.435,0.0,174,543606402,222785079,2025-03-15 11:00:05+00:00
1,3,173,52,86,2.78,9841.12,94.39999999999998,2.445,0.0,173,543607059,222782928,2025-03-15 11:00:11+00:00
1,3,172,52,87,22.38,9851.49,94.39999999999998,2.454,0.0,172,543607532,222781552,2025-03-15 11:00:15+00:00
1,3,172,52,88,18.29,9863.46,94.79999999999995,2.463,0.0,172,543608028,222779830,2025-03-15 11:00:20+00:00
1,12,173,52,88,20.35,9870.63,95.0,2.463,0.0,173,543608162,222778778,2025-03-15 11:00:23+00:00
1,16,172,52,87,20.35,9880.44,95.0,2.463,0.0,172,543608604,222777350,2025-03-15 11:00:27+00:00
1,17,173,52,87,22.01,9891.31,95.60000000000002,2.473,0.0,173,543608966,222775810,2025-03-15 11:00:31+00:00
1,17,173,52,87,19.7,9901.54,96.0,2.491,0.0,173,543609438,222774476,2025-03-15 11:00:35+00:00
1,24,172,52,86,20.41,9911.05,96.0,2.482,0.5,172,543609880,222773170,2025-03-15 11:00:39+00:00
1,21,172,52,87,28.67,9923.36,95.39999999999998,2.482,0.0,172,543610332,222771413,2025-03-15 11:00:44+00:00
1,21,172,52,86,,9933.26,96.20000000000005,2.473,0.0,172,543610751,222769997,2025-03-15 11:00:48+00:00
1,17,173,52,87,16.29,9941.12,96.20000000000005,2.482,0.0,173,543611115,222768905,2025-03-15 11:00:51+00:00
1,17,173,52,87,26.46,9954.29,95.0,2.501,0.0,173,543611564,222766990,2025-03-15 11:00:56+00:00
1,17,173,52,86,31.41,9964.58,94.60000000000002,2.51,0.0,173,543611977,222765565,2025-03-15 11:01:00+00:00
1,17,173,52,87,20.29,9975.46,95.39999999999998,2.501,0.0,173,543612356,222763956,2025-03-15 11:01:05+00:00
1,30,174,52,86,19.87,9985.5,95.39999999999998,2.482,0.5,174,543612760,222762571,2025-03-15 11:01:09+00:00
1,31,174,52,86,0.0,9998.39,95.0,2.482,0.0,174,543613281,222760687,2025-03-15 11:01:14+00:00
1,31,174,52,86,3.11,10004.08,95.0,2.491,0.0,174,543613430,222759919,2025-03-15 11:01:16+00:00
1,31,174,52,86,3.0,10006.25,95.0,2.501,0.0,174,543613536,222759650,2025-03-15 11:01:17+00:00
1,31,174,52,86,29.16,10016.19,94.79999999999995,2.501,0.0,174,543613991,222758189,2025-03-15 11:01:21+00:00
1,31,174,52,85,20.41,10024.33,95.0,2.501,0.5,174,543614273,222757068,2025-03-15 11:01:24+00:00
1,31,174,52,87,25.37,10036.93,95.39999999999998,2.519,0.0,174,543614890,222755427,2025-03-15 11:01:29+00:00
1,39,174,52,87,18.21,10047.18,95.39999999999998,2.519,0.0,174,543615272,222753971,2025-03-15 11:01:33+00:00
1,44,174,52,86,19.7,10058.88,94.79999999999995,2.51,0.0,174,543615809,222752344,2025-03-15 11:01:38+00:00
1,45,174,52,87,20.85,10069.03,95.20000000000005,2.501,0.0,174,543616342,222750994,2025-03-15 11:01:42+00:00
1,44,174,52,85,19.76,10079.62,94.60000000000002,2.501,0.5,174,543616771,222749422,2025-03-15 11:01:46+00:00
1,44,174,52,86,18.99,10087.06,94.39999999999998,2.519,0.5,174,543617087,222748453,2025-03-15 11:01:49+00:00
1,18,175,52,85,27.69,10098.65,94.0,2.519,0.5,175,543617750,222746940,2025-03-15 11:01:54+00:00
1,15,174,52,86,21.22,10109.3,94.60000000000002,2.51,0.0,174,543618406,222745627,2025-03-15 11:01:58+00:00
1,16,174,52,85,21.77,10121.57,95.39999999999998,2.51,0.5,174,543618945,222743948,2025-03-15 11:02:03+00:00
1,21,175,52,86,22.73,10132.34,95.39999999999998,2.51,0.5,175,543619775,222742688,2025-03-15 11:02:07+00:00
1,23,175,52,86,22.95,10139.9,95.39999999999998,2.519,0.0,175,543620372,222742018,2025-03-15 11:02:10+00:00
1,26,175,52,86,19.87,10152.22,95.0,2.51,0.0,175,543621328,222740798,2025-03-15 11:02:15+00:00
1,26,175,52,85,25.99,10159.73,95.0,2.51,0.0,175,543621481,222739610,2025-03-15 11:02:18+00:00
1,31,174,52,86,26.82,10170.14,95.39999999999998,2.51,0.0,174,543621535,222738070,2025-03-15 11:02:22+00:00
1,35,174,52,86,29.2,10179.94,95.39999999999998,2.519,0.0,174,543621769,222736596,2025-03-15 11:02:26+00:00
1,36,175,52,87,20.0,10190.01,94.60000000000002,2.529,0.5,175,543622114,222735154,2025-03-15 11:02:30+00:00
1,39,175,52,86,23.16,10200.25,94.39999999999998,2.519,0.0,175,543622229,222733627,2025-03-15 11:02:34+00:00
1,44,175,52,86,24.91,10212.86,94.79999999999995,2.519,0.5,175,543622424,222731664,2025-03-15 11:02:39+00:00
1,47,175,52,86,28.58,10220.45,94.79999999999995,2.519,0.0,175,543622433,222730567,2025-03-15 11:02:42+00:00
1,49,174,52,87,38.0,10230.63,94.79999999999995,2.529,0.5,174,543622635,222729017,2025-03-15 11:02:46+00:00
1,51,175,52,87,25.66,10240.76,95.0,2.519,0.0,175,543622638,222727384,2025-03-15 11:02:50+00:00
1,54,175,52,87,27.34,10248.81,94.79999999999995,2.519,0.0,175,543622573,222726222,2025-03-15 11:02:53+00:00
1,54,175,52,86,32.48,10260.01,95.20000000000005,2.547,0.5,175,543622637,222724473,2025-03-15 11:02:57+00:00
1,54,175,52,85,26.46,10265.3,95.0,2.557,0.5,175,543622777,222723774,2025-03-15 11:02:59+00:00
1,54,175,52,85,14.44,10267.58,94.79999999999995,2.566,0.5,175,543622824,222723460,2025-03-15 11:03:00+00:00
1,54,175,52,87,14.44,10280.1,94.79999999999995,2.538,0.0,175,543623179,222721609,2025-03-15 11:03:05+00:00
1,54,175,52,86,14.44,10290.27,94.60000000000002,2.557,0.5,175,543623581,222720157,2025-03-15 11:03:09+00:00
1,50,176,52,86,14.44,10300.33,95.20000000000005,2.51,0.0,176,543623926,222718668,2025-03-15 11:03:13+00:00
1,50,176,52,86,14.44,10307.39,95.0,2.557,0.0,176,543624168,222717668,2025-03-15 11:03:16+00:00
1,23,178,52,87,14.44,10319.08,95.0,2.482,0.0,178,543624647,222716009,2025-03-15 11:03:21+00:00
1,20,179,52,85,14.44,10330.66,95.0,2.482,0.5,179,543625141,222714372,2025-03-15 11:03:25+00:00
1,20,179,52,86,14.44,10340.76,95.20000000000005,2.575,0.5,179,543625489,222712951,2025-03-15 11:03:29+00:00
1,25,180,52,85,14.44,10353.96,95.0,2.566,0.0,180,543625946,222711020,2025-03-15 11:03:34+00:00
1,25,180,52,86,14.44,10361.1,95.20000000000005,2.575,0.0,180,543626253,222710036,2025-03-15 11:03:37+00:00
1,30,180,52,85,14.44,10371.28,95.39999999999998,2.557,0.5,180,543626739,222708629,2025-03-15 11:03:41+00:00
1,34,180,52,85,14.44,10381.69,95.0,2.557,0.5,180,543627076,222707207,2025-03-15 11:03:45+00:00
1,37,180,52,85,27.82,10389.56,94.79999999999995,2.557,0.0,180,543627462,222706084,2025-03-15 11:03:48+00:00
1,37,180,52,86,27.82,10399.79,94.39999999999998,2.566,0.5,180,543627880,222704685,2025-03-15 11:03:52+00:00
1,37,180,52,86,27.82,10409.86,94.39999999999998,2.566,0.0,180,543628276,222703239,2025-03-15 11:03:56+00:00
1,44,180,51,86,25.15,10423.12,94.39999999999998,2.566,0.0,180,543628808,222701350,2025-03-15 11:04:01+00:00
1,44,180,51,87,26.6,10434.04,94.60000000000002,2.585,0.5,180,543629227,222699823,2025-03-15 11:04:05+00:00
1,44,180,51,87,19.76,10444.17,94.60000000000002,2.585,0.5,180,543629635,222698319,2025-03-15 11:04:09+00:00
1,44,180,51,86,21.22,10455.03,94.79999999999995,2.594,0.0,180,543630034,222696794,2025-03-15 11:04:13+00:00
1,44,180,51,86,20.63,10462.5,95.0,2.603,0.0,180,543630288,222695733,2025-03-15 11:04:16+00:00
1,34,177,51,86,23.16,10470.42,95.20000000000005,2.603,0.0,177,543630542,222694610,2025-03-15 11:04:19+00:00
1,15,175,51,86,24.53,10475.53,95.39999999999998,2.603,0.0,175,543630698,222693876,2025-03-15 11:04:21+00:00
1,15,175,51,86,23.76,10483.14,95.39999999999998,2.603,0.0,175,543631040,222692766,2025-03-15 11:04:24+00:00
1,2,175,51,86,21.47,10495.63,95.79999999999995,2.594,0.0,175,543631498,222690933,2025-03-15 11:04:29+00:00
1,3,174,51,85,17.93,10503.73,95.79999999999995,2.585,0.5,174,543631885,222689872,2025-03-15 11:04:32+00:00
1,8,175,51,86,23.48,10517.15,96.79999999999995,2.594,0.0,175,543632344,222687971,2025-03-15 11:04:37+00:00
1,10,175,51,86,26.74,10525.02,96.20000000000005,2.603,0.5,175,543632739,222686898,2025-03-15 11:04:40+00:00
1,13,175,51,86,23.36,10537.96,96.20000000000005,2.594,0.0,175,543633217,222684984,2025-03-15 11:04:45+00:00
1,17,175,51,86,23.12,10545.72,96.0,2.613,0.0,175,543633594,222683961,2025-03-15 11:04:48+00:00
1,19,176,51,85,21.87,10555.13,96.20000000000005,2.603,0.5,176,543634094,222682727,2025-03-15 11:04:52+00:00
1,19,176,51,83,23.87,10565.34,95.60000000000002,2.585,0.0,176,543634359,222681187,2025-03-15 11:04:56+00:00
1,19,176,51,83,33.04,10567.31,95.20000000000005,2.585,0.0,176,543634221,222680835,2025-03-15 11:04:57+00:00
1,19,176,51,84,37.79,10572.0,94.79999999999995,2.575,0.0,176,543633859,222680300,2025-03-15 11:04:59+00:00
1,19,176,51,85,27.77,10583.09,94.39999999999998,2.575,0.5,176,543633034,222679134,2025-03-15 11:05:03+00:00
1,28,177,51,85,31.3,10594.41,94.60000000000002,2.585,0.5,177,543632089,222678002,2025-03-15 11:05:07+00:00
1,10,175,51,84,28.56,10604.2,95.0,2.585,0.5,175,543631395,222676900,2025-03-15 11:05:11+00:00
1,4,174,51,84,28.22,10614.09,94.39999999999998,2.575,0.0,174,543630669,222675796,2025-03-15 11:05:15+00:00
1,4,174,51,83,26.62,10620.26,93.79999999999995,2.566,0.5,174,543630113,222675202,2025-03-15 11:05:18+00:00
1,6,175,51,84,30.98,10631.16,93.20000000000005,2.547,0.5,175,543629174,222674213,2025-03-15 11:05:22+00:00
1,4,176,51,84,33.57,10641.42,93.0,2.557,0.5,176,543628303,222673339,2025-03-15 11:05:26+00:00
1,4,176,51,85,34.11,10649.83,93.39999999999998,2.557,0.5,176,543627638,222672375,2025-03-15 11:05:29+00:00
1,4,176,51,86,31.25,10661.3,92.79999999999995,2.585,0.0,176,543626818,222671197,2025-03-15 11:05:33+00:00
1,7,176,51,85,33.75,10669.3,92.60000000000002,2.594,0.0,176,543626164,222670367,2025-03-15 11:05:36+00:00
1,6,175,51,85,29.87,10682.35,92.79999999999995,2.631,0.5,175,543625039,222669128,2025-03-15 11:05:41+00:00
1,3,175,51,86,20.41,10690.06,92.60000000000002,2.631,0.5,175,543624374,222668392,2025-03-15 11:05:44+00:00
1,3,175,51,86,26.65,10703.42,92.60000000000002,2.678,0.0,175,543623331,222667049,2025-03-15 11:05:49+00:00
1,6,175,51,84,30.64,10714.02,92.39999999999998,2.659,0.5,175,543622431,222665977,2025-03-15 11:05:53+00:00
1,6,175,51,84,20.85,10718.26,92.20000000000005,2.622,0.5,175,543622105,222665712,2025-03-15 11:05:55+00:00
1,4,166,51,0,0.0,10719.12,91.39999999999998,0.0,0.0,166,543622477,222663818,2025-03-15 11:06:35+00:00
1,4,166,51,0,0.0,10720.54,91.39999999999998,0.0,0.0,166,543622615,222663584,2025-03-15 11:06:36+00:00
1,1,166,51,0,0.0,10728.11,91.39999999999998,1.652,0.0,166,543623220,222662811,2025-03-15 11:06:39+00:00
1,2,168,51,83,0.0,10741.4,91.20000000000005,2.771,0.5,168,543624208,222661425,2025-03-15 11:06:44+00:00
1,2,169,51,84,0.0,10753.1,91.60000000000002,2.398,0.5,169,543625118,222660220,2025-03-15 11:06:49+00:00
1,2,169,51,84,0.0,10760.16,91.39999999999998,2.342,0.5,169,543625801,222659583,2025-03-15 11:06:52+00:00
1,7,165,51,85,0.0,10764.93,91.39999999999998,2.361,0.0,165,543626144,222659104,2025-03-15 11:06:54+00:00
1,6,163,51,85,0.0,10772.52,91.79999999999995,2.37,0.0,163,543626752,222658322,2025-03-15 11:06:57+00:00
1,6,161,51,84,0.0,10784.21,91.39999999999998,2.398,0.5,161,543627622,222657018,2025-03-15 11:07:02+00:00
1,6,161,51,85,0.0,10794.41,91.20000000000005,2.407,0.5,161,543628449,222656030,2025-03-15 11:07:06+00:00
1,2,162,51,85,0.0,10804.19,91.60000000000002,2.463,0.0,162,543629250,222655089,2025-03-15 11:07:10+00:00
1,2,164,51,85,0.0,10816.46,91.79999999999995,2.454,0.0,164,543630217,222653832,2025-03-15 11:07:15+00:00
1,2,165,51,84,0.0,10828.78,91.79999999999995,2.454,0.5,165,543631169,222652591,2025-03-15 11:07:20+00:00
1,2,165,51,85,0.0,10836.67,91.20000000000005,2.454,0.5,165,543631870,222651886,2025-03-15 11:07:23+00:00
1,2,166,51,86,0.0,10845.79,91.60000000000002,2.445,0.0,166,543632556,222650923,2025-03-15 11:07:27+00:00
1,1,167,51,85,0.0,10855.66,91.0,2.426,0.0,167,543633413,222649929,2025-03-15 11:07:31+00:00
1,1,167,51,85,0.0,10862.95,91.39999999999998,2.435,0.5,167,543633915,222649153,2025-03-15 11:07:34+00:00
1,2,168,51,86,0.0,10872.16,91.39999999999998,2.426,0.0,168,543634690,222648219,2025-03-15 11:07:38+00:00
1,2,168,51,86,0.0,10874.36,91.60000000000002,2.426,0.0,168,543634774,222647902,2025-03-15 11:07:39+00:00
1,2,168,51,86,0.0,10879.17,91.60000000000002,2.417,0.0,168,543635125,222647393,2025-03-15 11:07:41+00:00
1,6,169,51,86,0.0,10889.42,91.60000000000002,2.417,0.0,169,543636044,222646415,2025-03-15 11:07:45+00:00
1,4,170,51,85,0.0,10899.81,92.0,2.426,0.5,170,543636894,222645407,2025-03-15 11:07:49+00:00
1,5,171,51,85,0.0,10912.3,92.79999999999995,2.445,0.5,171,543637871,222644127,2025-03-15 11:07:54+00:00
1,9,170,51,85,0.0,10921.88,92.60000000000002,2.454,0.0,170,543638626,222643144,2025-03-15 11:07:58+00:00
1,10,171,51,86,0.0,10932.7,92.60000000000002,2.463,0.0,171,543639355,222641997,2025-03-15 11:08:02+00:00
1,10,171,51,86,27.16,10942.09,92.20000000000005,2.473,0.5,171,543640151,222641046,2025-03-15 11:08:06+00:00
1,13,172,51,85,27.16,10951.95,91.79999999999995,2.454,0.5,172,543640947,222640067,2025-03-15 11:08:10+00:00
1,8,173,51,85,27.16,10961.48,92.0,2.454,0.5,173,543641697,222639104,2025-03-15 11:08:14+00:00
1,8,173,51,85,27.16,10969.0,91.79999999999995,2.454,0.0,173,543642318,222638394,2025-03-15 11:08:17+00:00
1,5,173,51,84,27.16,10978.17,91.60000000000002,2.454,0.5,173,543643069,222637486,2025-03-15 11:08:21+00:00
1,11,173,51,84,27.16,10988.47,91.39999999999998,2.445,0.5,173,543644051,222636644,2025-03-15 11:08:25+00:00
1,11,173,51,85,27.16,10994.56,91.39999999999998,2.445,0.5,173,543644479,222635986,2025-03-15 11:08:28+00:00
1,10,172,51,84,0.0,11002.42,91.39999999999998,2.398,0.0,172,543645048,222635028,2025-03-15 11:08:32+00:00
1,5,172,51,85,33.64,11011.57,91.79999999999995,2.379,0.0,172,543645596,222633974,2025-03-15 11:08:36+00:00
1,4,173,51,85,34.78,11018.85,92.39999999999998,2.37,0.0,173,543646047,222633040,2025-03-15 11:08:39+00:00
1,4,174,51,84,30.01,11028.36,92.79999999999995,2.361,0.5,174,543646552,222631755,2025-03-15 11:08:43+00:00
1,4,174,51,84,31.91,11038.4,93.39999999999998,2.37,0.5,174,543646972,222630325,2025-03-15 11:08:47+00:00
1,4,174,51,85,20.18,11045.09,94.20000000000005,2.37,0.0,174,543647270,222629429,2025-03-15 11:08:50+00:00
1,8,175,51,86,18.21,11055.58,94.20000000000005,2.361,0.0,175,543647824,222627961,2025-03-15 11:08:54+00:00
1,8,175,51,86,20.58,11063.17,94.60000000000002,2.389,0.0,175,543648084,222626953,2025-03-15 11:08:57+00:00
1,8,175,51,86,20.24,11071.18,94.0,2.407,0.0,175,543648443,222625831,2025-03-15 11:09:00+00:00
1,8,175,51,87,20.18,11083.62,94.39999999999998,2.454,0.0,175,543648922,222624026,2025-03-15 11:09:05+00:00
1,13,175,51,87,20.12,11088.7,94.39999999999998,2.463,0.0,175,543649136,222623313,2025-03-15 11:09:07+00:00
1,13,175,51,86,22.51,11091.06,94.20000000000005,2.501,0.5,175,543649235,222623016,2025-03-15 11:09:08+00:00
1,17,175,51,87,19.26,11102.23,94.60000000000002,2.594,0.5,175,543649704,222621464,2025-03-15 11:09:12+00:00
1,20,176,51,87,19.32,11112.41,95.20000000000005,2.491,0.0,176,543650141,222619998,2025-03-15 11:09:16+00:00
1,24,176,51,88,18.21,11120.17,95.0,2.491,0.0,176,543650458,222618942,2025-03-15 11:09:19+00:00
1,29,175,51,87,18.37,11132.98,95.20000000000005,2.594,0.0,175,543651028,222617232,2025-03-15 11:09:24+00:00
1,29,176,51,86,18.99,11140.9,94.79999999999995,2.557,0.5,176,543651330,222616056,2025-03-15 11:09:27+00:00
1,29,176,51,87,17.21,11150.72,94.0,2.547,0.5,176,543651847,222614780,2025-03-15 11:09:31+00:00
1,31,176,51,86,21.77,11160.6,94.20000000000005,2.547,0.0,176,543652293,222613397,2025-03-15 11:09:35+00:00
1,31,176,51,86,19.94,11169.21,93.60000000000002,2.538,0.0,176,543652748,222612249,2025-03-15 11:09:38+00:00
1,31,176,51,86,19.37,11182.95,93.39999999999998,2.557,0.0,176,543653385,222610342,2025-03-15 11:09:43+00:00
1,31,176,51,86,17.93,11190.11,93.20000000000005,2.585,0.5,176,543653641,222609387,2025-03-15 11:09:46+00:00
1,31,176,51,86,19.64,11203.32,92.39999999999998,2.585,0.0,176,543654170,222607493,2025-03-15 11:09:51+00:00
1,31,176,51,86,20.12,11211.2,91.39999999999998,2.585,0.0,176,543654577,222606404,2025-03-15 11:09:54+00:00
1,31,176,51,86,19.32,11224.21,91.79999999999995,2.585,0.0,176,543655213,222604598,2025-03-15 11:09:59+00:00
1,31,176,51,87,20.63,11235.68,91.79999999999995,2.594,0.0,176,543655679,222603032,2025-03-15 11:10:03+00:00
1,4,175,51,86,3.18,11248.12,92.60000000000002,2.613,0.5,175,543656229,222601264,2025-03-15 11:10:08+00:00
1,2,166,51,0,26.05,11248.81,91.20000000000005,0.0,0.0,166,543656702,222599408,2025-03-15 11:10:44+00:00
1,3,165,51,0,0.0,11259.24,91.79999999999995,2.053,0.0,165,543656290,222600881,2025-03-15 11:10:48+00:00
1,1,168,51,84,0.0,11273.1,92.79999999999995,2.603,0.5,168,543655706,222602840,2025-03-15 11:10:53+00:00
1,1,168,51,85,0.0,11280.97,92.79999999999995,2.874,0.5,168,543655428,222603948,2025-03-15 11:10:56+00:00
1,6,167,50,85,0.0,11293.43,92.79999999999995,2.547,0.5,167,543654915,222605662,2025-03-15 11:11:01+00:00
1,7,164,50,85,0.0,11303.51,93.0,2.501,0.5,164,543654362,222607054,2025-03-15 11:11:05+00:00
1,7,164,50,86,0.0,11311.11,93.79999999999995,2.519,0.0,164,543654037,222608030,2025-03-15 11:11:08+00:00
1,7,163,50,85,0.0,11323.63,94.60000000000002,2.482,0.0,163,543653508,222609755,2025-03-15 11:11:13+00:00
1,4,164,50,85,35.41,11331.29,94.60000000000002,2.585,0.0,164,543653177,222610878,2025-03-15 11:11:16+00:00
1,5,164,50,85,30.45,11341.21,94.60000000000002,2.529,0.5,164,543652789,222612242,2025-03-15 11:11:20+00:00
1,3,166,50,86,33.07,11351.74,94.20000000000005,2.529,0.5,166,543652297,222613771,2025-03-15 11:11:24+00:00
1,3,166,50,86,33.18,11361.98,94.79999999999995,2.538,0.0,166,543651833,222615133,2025-03-15 11:11:28+00:00
1,4,167,50,86,31.71,11371.59,94.79999999999995,2.519,0.0,167,543651426,222616449,2025-03-15 11:11:32+00:00
1,3,168,50,85,31.23,11379.63,94.39999999999998,2.538,0.0,168,543651001,222617553,2025-03-15 11:11:35+00:00
1,3,168,50,86,30.1,11389.52,94.39999999999998,2.529,0.5,168,543650600,222618911,2025-03-15 11:11:39+00:00
1,2,169,50,85,36.06,11397.5,94.20000000000005,2.538,0.5,169,543650200,222620037,2025-03-15 11:11:42+00:00
1,2,169,50,86,2.77,11407.05,94.0,2.547,0.5,169,543649885,222621342,2025-03-15 11:11:46+00:00
1,2,169,50,86,34.36,11414.69,94.20000000000005,2.529,0.0,169,543649560,222622475,2025-03-15 11:11:49+00:00
1,2,170,50,85,33.52,11428.36,93.60000000000002,2.547,0.0,170,543648953,222624366,2025-03-15 11:11:54+00:00
1,4,171,50,86,31.13,11435.52,93.0,2.547,0.0,171,543648684,222625397,2025-03-15 11:11:57+00:00
1,5,170,50,85,31.17,11445.88,93.39999999999998,2.547,0.5,170,543648212,222626850,2025-03-15 11:12:01+00:00
1,4,171,50,85,34.41,11456.94,93.0,2.557,0.5,171,543647747,222628367,2025-03-15 11:12:05+00:00
1,5,171,50,86,32.25,11467.17,93.79999999999995,2.566,0.5,171,543647322,222629762,2025-03-15 11:12:09+00:00
1,5,171,50,87,30.75,11475.17,93.79999999999995,2.585,0.5,171,543646912,222630818,2025-03-15 11:12:12+00:00
1,9,172,50,87,30.43,11484.76,93.0,2.566,0.0,172,543646582,222632221,2025-03-15 11:12:16+00:00
1,8,172,50,86,28.45,11495.09,93.0,2.557,0.0,172,543645995,222633555,2025-03-15 11:12:20+00:00
1,8,172,50,86,33.99,11505.09,92.79999999999995,2.575,0.0,172,543645367,222634789,2025-03-15 11:12:24+00:00
1,2,172,50,86,30.01,11516.96,92.79999999999995,2.547,0.0,172,543644420,222636072,2025-03-15 11:12:29+00:00
1,2,170,50,85,0.0,11534.18,92.60000000000002,2.538,0.0,170,543643063,222637825,2025-03-15 11:12:36+00:00
1,2,170,50,84,0.0,11544.8,91.79999999999995,2.538,0.5,170,543642270,222638923,2025-03-15 11:12:40+00:00
1,3,171,50,84,2.18,11555.56,91.39999999999998,2.538,0.5,171,543641378,222639974,2025-03-15 11:12:44+00:00
1,5,171,50,86,2.18,11568.4,91.39999999999998,2.547,0.0,171,543640365,222641308,2025-03-15 11:12:49+00:00
1,9,171,50,85,2.18,11578.94,91.20000000000005,2.557,0.0,171,543639536,222642442,2025-03-15 11:12:53+00:00
1,12,171,50,85,2.18,11594.23,91.79999999999995,2.557,0.5,171,543638355,222644035,2025-03-15 11:12:59+00:00
1,13,170,50,86,2.18,11610.53,91.79999999999995,2.585,0.5,170,543636992,222645597,2025-03-15 11:13:05+00:00
1,13,171,50,87,0.0,11621.08,91.39999999999998,2.594,0.0,171,543636130,222646631,2025-03-15 11:13:09+00:00
1,13,171,50,85,0.0,11633.7,91.20000000000005,2.594,0.5,171,543635160,222647915,2025-03-15 11:13:14+00:00
1,13,171,50,85,0.0,11643.91,91.0,2.575,0.5,171,543634290,222648987,2025-03-15 11:13:18+00:00
1,13,172,50,85,0.0,11654.85,90.79999999999995,2.594,0.5,172,543633425,222650097,2025-03-15 11:13:22+00:00
1,15,171,50,86,0.0,11667.86,90.60000000000002,2.594,0.0,171,543632396,222651456,2025-03-15 11:13:27+00:00
1,19,171,50,85,0.0,11678.49,90.79999999999995,2.603,0.5,171,543631600,222652529,2025-03-15 11:13:31+00:00
1,20,172,50,86,0.0,11691.41,91.0,2.603,0.0,172,543630504,222653772,2025-03-15 11:13:36+00:00
1,20,172,50,86,0.0,11703.73,91.20000000000005,2.603,0.0,172,543629529,222655095,2025-03-15 11:13:41+00:00
1,27,173,50,87,0.0,11714.6,90.79999999999995,2.594,0.0,173,543628697,222656173,2025-03-15 11:13:45+00:00
1,24,173,50,86,0.0,11727.01,91.20000000000005,2.603,0.5,173,543627642,222657429,2025-03-15 11:13:50+00:00
1,24,173,50,85,0.0,11737.58,91.39999999999998,2.603,0.5,173,543626910,222658597,2025-03-15 11:13:54+00:00
1,24,173,50,84,0.0,11748.62,91.60000000000002,2.603,0.5,173,543625995,222659759,2025-03-15 11:13:58+00:00
1,36,174,50,87,0.0,11762.13,92.0,2.622,0.0,174,543624900,222661009,2025-03-15 11:14:03+00:00
1,39,173,50,85,0.0,11772.66,91.79999999999995,2.631,0.5,173,543624068,222662153,2025-03-15 11:14:07+00:00
1,42,173,50,86,0.0,11785.84,91.20000000000005,2.631,0.0,173,543622986,222663370,2025-03-15 11:14:12+00:00
1,41,174,50,86,0.0,11798.96,90.79999999999995,2.641,0.5,174,543621895,222664545,2025-03-15 11:14:17+00:00
1,31,173,50,87,0.0,11808.32,91.0,2.622,0.0,173,543621016,222665298,2025-03-15 11:14:21+00:00
1,25,172,50,86,0.0,11820.32,91.39999999999998,2.603,0.0,172,543619802,222665921,2025-03-15 11:14:26+00:00
1,25,172,50,86,0.0,11827.41,90.79999999999995,2.594,0.0,172,543619017,222666173,2025-03-15 11:14:29+00:00
1,18,172,50,86,0.0,11839.33,90.60000000000002,2.566,0.0,172,543617793,222666587,2025-03-15 11:14:34+00:00
1,18,172,50,87,0.0,11849.07,90.20000000000005,2.538,0.5,172,543616745,222667017,2025-03-15 11:14:38+00:00
1,18,172,50,87,0.0,11862.22,89.60000000000002,2.538,0.0,172,543615362,222667259,2025-03-15 11:14:43+00:00
1,21,171,50,86,0.0,11872.21,88.39999999999998,2.529,0.0,171,543614350,222667734,2025-03-15 11:14:47+00:00
1,21,171,50,86,0.0,11885.02,89.20000000000005,2.529,0.5,171,543613024,222668324,2025-03-15 11:14:52+00:00
1,26,170,50,87,0.0,11894.95,89.20000000000005,2.519,0.0,170,543611996,222668826,2025-03-15 11:14:56+00:00
1,28,170,50,86,0.0,11904.74,89.0,2.519,0.0,170,543611064,222668340,2025-03-15 11:15:00+00:00
1,30,169,50,85,0.0,11918.56,89.0,2.529,0.5,169,543610316,222666533,2025-03-15 11:15:05+00:00
1,11,172,50,86,0.0,11932.41,89.39999999999998,2.557,0.0,172,543609828,222664598,2025-03-15 11:15:10+00:00
1,6,173,50,85,0.0,11942.57,89.39999999999998,2.566,0.0,173,543609481,222663100,2025-03-15 11:15:14+00:00
1,4,174,50,86,0.0,11953.25,90.0,2.566,0.0,174,543609160,222661488,2025-03-15 11:15:18+00:00
1,3,175,50,87,3.58,11966.25,90.60000000000002,2.566,0.0,175,543608841,222659574,2025-03-15 11:15:23+00:00
1,3,175,50,87,3.58,11976.27,91.0,2.566,0.5,175,543608604,222658043,2025-03-15 11:15:27+00:00
1,3,175,50,87,3.58,11990.76,90.60000000000002,2.585,0.0,175,543608384,222655872,2025-03-15 11:15:32+00:00
1,3,175,50,87,3.58,12001.57,90.60000000000002,2.603,0.0,175,543608057,222653826,2025-03-15 11:15:36+00:00
1,3,175,50,87,0.0,12004.38,90.79999999999995,2.603,0.0,175,543607936,222653481,2025-03-15 11:15:37+00:00
1,3,175,50,87,0.0,12008.74,91.39999999999998,2.613,0.0,175,543607805,222653012,2025-03-15 11:15:39+00:00
